CASE_ID,ACCIDENT_YEAR,PROC_DATE,JURIS,COLLISION_DATE,COLLISION_TIME,OFFICER_ID,REPORTING_DISTRICT,DAY_OF_WEEK,CHP_SHIFT,POPULATION,CNTY_CITY_LOC,SPECIAL_COND,BEAT_TYPE,CHP_BEAT_TYPE,CITY_DIVISION_LAPD,CHP_BEAT_CLASS,BEAT_NUMBER,PRIMARY_RD,SECONDARY_RD,DISTANCE,DIRECTION,INTERSECTION,WEATHER_1,WEATHER_2,STATE_HWY_IND,CALTRANS_COUNTY,CALTRANS_DISTRICT,STATE_ROUTE,ROUTE_SUFFIX,POSTMILE_PREFIX,POSTMILE,LOCATION_TYPE,RAMP_INTERSECTION,SIDE_OF_HWY,TOW_AWAY,COLLISION_SEVERITY,NUMBER_KILLED,NUMBER_INJURED,PARTY_COUNT,PRIMARY_COLL_FACTOR,PCF_CODE_OF_VIOL,PCF_VIOL_CATEGORY,PCF_VIOLATION,PCF_VIOL_SUBSECTION,HIT_AND_RUN,TYPE_OF_COLLISION,MVIW,PED_ACTION,ROAD_SURFACE,ROAD_COND_1,ROAD_COND_2,LIGHTING,CONTROL_DEVICE,CHP_ROAD_TYPE,PEDESTRIAN_ACCIDENT,BICYCLE_ACCIDENT,MOTORCYCLE_ACCIDENT,TRUCK_ACCIDENT,NOT_PRIVATE_PROPERTY,ALCOHOL_INVOLVED,STWD_VEHTYPE_AT_FAULT,CHP_VEHTYPE_AT_FAULT,COUNT_SEVERE_INJ,COUNT_VISIBLE_INJ,COUNT_COMPLAINT_PAIN,COUNT_PED_KILLED,COUNT_PED_INJURED,COUNT_BICYCLIST_KILLED,COUNT_BICYCLIST_INJURED,COUNT_MC_KILLED,COUNT_MC_INJURED,PRIMARY_RAMP,SECONDARY_RAMP,LATITUDE,LONGITUDE,COUNTY,CITY,POINT_X,POINT_Y
9195867,2020,2021-02-01,3600,2020-11-28,1907,E2055,HE325,6,5,5,3619,0,0,0,NA,0,HE3,CALIENTE RD,JENNY ST,403,N,N,A,-,N,NA,NA,NA,NA,NA,NA,NA,NA,NA,Y,3,0,2,2,D,-,00,NA,NA,N,A,C,A,A,-,-,D,D,0,NA,NA,NA,NA,Y,NA,-,-,0,1,1,0,0,0,0,0,0,-,-,NA,NA,SAN BERNARDINO,HESPERIA,NA,NA
91965838,2022,2023-01-11,9855,2022-12-31,1404,023027,NA,6,2,6,3607,0,1,1,NA,2,103,I-10 E/B (SAN BERNARDINO FWY),6TH ST.,640,E,N,C,-,Y,SBD,NA,10,NA,NA,4.427,H,NA,R,Y,4,0,1,3,A,-,03,22350,NA,N,C,C,A,B,D,-,A,D,0,NA,NA,NA,NA,Y,NA,A,01,0,0,1,0,0,0,0,0,0,-,-,34.084381103515625,-117.63538360595705,SAN BERNARDINO,ONTARIO,-117.63534545898438,34.08441925048828
9196637,2020,2021-02-05,3600,2020-11-12,1735,G7670,AP021,4,5,5,3621,0,0,0,NA,0,AP04,BEAR VALLEY RD,PICOS RD,427,E,N,A,-,N,NA,NA,NA,NA,NA,NA,NA,NA,NA,Y,3,0,1,4,A,-,03,22350,NA,N,C,C,A,A,H,-,E,D,0,NA,NA,NA,NA,Y,NA,A,07,0,1,0,0,0,0,0,0,0,-,-,NA,NA,SAN BERNARDINO,APPLE VALLEY,-117.20233154296876,34.47145462036133
91967871,2023,2023-01-13,9855,2023-01-01,228,022510,NA,7,3,6,3607,0,1,1,NA,2,103,I-10 E/B (SAN BERNARDINO FWY),CAMPUS AVE,528,E,N,B,C,Y,SBD,NA,10,NA,NA,4.176,H,NA,R,Y,4,0,1,2,A,-,03,22350,NA,N,C,C,A,B,D,-,D,A,0,NA,NA,NA,NA,Y,Y,A,01,0,0,1,0,0,0,0,0,0,-,-,34.086151123046875,-117.63909912109376,SAN BERNARDINO,ONTARIO,-117.63907623291016,34.08620071411133
91971018,2023,2023-01-18,9850,2023-01-07,920,023055,NA,6,1,5,3612,0,1,1,NA,2,083,I-15 S/B,PALMDALE RD,1584,S,N,A,-,Y,SBD,NA,15,NA,NA,40.132,H,NA,L,N,3,0,2,1,A,-,08,22107,NA,N,E,J,A,A,H,-,A,D,0,NA,NA,NA,NA,Y,NA,A,01,0,1,1,0,0,0,0,0,0,-,-,34.50236129760742,-117.3247528076172,SAN BERNARDINO,VICTORVILLE,-117.32488250732422,34.50241470336914
91990088,2023,2023-02-08,9850,2023-01-09,728,019278,NA,1,1,9,3600,0,2,4,NA,2,067,SHEEP CREEK ROAD,PHELAN ROAD,102,S,N,B,C,N,NA,NA,NA,NA,NA,NA,NA,NA,NA,Y,1,1,1,3,A,-,03,22350,NA,N,C,C,A,B,H,-,A,A,0,NA,NA,NA,Y,Y,NA,A,07,0,0,1,0,0,0,0,0,0,-,-,34.42591857910156,-117.57251739501952,SAN BERNARDINO,UNINCORPORATED,-117.5725555419922,34.426029205322266
92003682,2023,2023-02-27,9860,2023-02-19,813,020654,NA,7,1,4,3603,0,1,1,NA,2,103,I-10 E/B,PEPPER AVE,300,E,N,A,-,Y,SBD,NA,10,NA,NA,21.016,H,NA,R,Y,3,0,1,1,A,-,08,22107,NA,N,F,A,A,A,H,-,A,D,0,NA,NA,NA,NA,Y,NA,D,22,0,1,0,0,0,0,0,0,0,-,-,34.06875991821289,-117.35211181640624,SAN BERNARDINO,COLTON,-117.35210418701172,34.06887435913086
92029271,2023,2023-03-27,9865,2023-03-15,1600,021587,NA,3,2,9,3600,0,1,3,NA,2,012,SR-18,LAKE GREGORY DR,75,N,N,E,-,Y,SBD,NA,18,NA,NA,20.631,H,NA,R,N,4,0,1,2,A,-,03,22350,NA,N,C,C,A,B,H,-,A,A,0,NA,NA,NA,NA,Y,NA,D,22,0,0,1,0,0,0,0,0,0,-,-,34.22829055786133,-117.25089263916016,SAN BERNARDINO,UNINCORPORATED,-117.25087738037108,34.22834777832031
92060045,2023,2024-05-15,9850,2023-04-24,1310,021675,NA,1,1,5,3619,0,1,1,NA,2,082,I-15 S/B,US-395,600,N,N,A,-,Y,SBD,NA,15,NA,NA,31.939,H,NA,L,N,4,0,1,2,D,-,00,NA,NA,N,B,C,A,A,D,-,A,D,0,NA,NA,NA,Y,Y,NA,-,-,0,0,1,0,0,0,0,0,0,-,-,34.40166091918945,-117.40016174316406,SAN BERNARDINO,HESPERIA,-117.40013122558594,34.401641845703125
92061465,2023,2023-05-04,9835,2023-05-01,555,023107,NA,1,3,9,3600,0,1,1,NA,2,073,INTERSTATE 15 SOUTHBOUND,HARVARD ROAD,5280,S,N,A,-,Y,SBD,NA,15,NA,R,95.404,H,NA,L,Y,3,0,1,2,A,-,03,22350,NA,N,C,C,A,A,H,-,B,D,0,NA,NA,NA,Y,Y,NA,A,07,0,1,0,0,0,0,0,0,0,-,-,34.9570198059082,-116.66036987304688,SAN BERNARDINO,UNINCORPORATED,-116.66038513183594,34.9570426940918
92063547,2023,2023-05-08,9850,2023-05-01,30,021562,NA,1,3,5,3619,0,1,1,NA,2,081,I-15 SB,US-395,5280,S,N,A,-,Y,SBD,NA,15,NA,NA,30.86,H,NA,R,N,4,0,2,2,A,-,03,22350,NA,F,C,C,A,A,D,-,D,D,0,NA,NA,NA,NA,Y,NA,-,99,0,0,2,0,0,0,0,0,0,-,-,34.38856887817383,-117.41062927246094,SAN BERNARDINO,HESPERIA,-117.41064453125,34.388580322265625
92089632,2023,2023-06-26,9860,2023-06-04,1101,020654,NA,7,1,3,3615,0,1,1,NA,2,104,I-10 E/B,RICHARDSON ST.,850,W,N,A,-,Y,SBD,NA,10,NA,NA,26.638,H,NA,R,Y,4,0,1,2,A,-,08,22107,NA,N,C,E,A,A,H,-,A,D,0,NA,NA,NA,NA,Y,NA,D,22,0,0,1,0,0,0,0,0,0,-,-,34.065608978271484,-117.25527191162108,SAN BERNARDINO,LOMA LINDA,-117.25529479980467,34.065673828125
92090975,2023,2023-06-12,9860,2023-06-08,2215,022582,NA,4,3,6,3610,0,1,1,NA,2,216,I-215 S/B,UNIVERSITY PARKWAY,4963,N,N,A,-,Y,SBD,NA,215,NA,NA,12.581,H,NA,L,Y,3,0,1,2,A,-,03,22350,NA,F,B,C,A,A,H,-,C,D,0,NA,NA,Y,NA,Y,NA,C,02,0,1,0,0,0,0,0,0,1,-,-,34.175479888916016,-117.3429718017578,SAN BERNARDINO,SAN BERNARDINO,-117.34296417236328,34.17548370361328
92117091,2023,2023-07-14,9835,2023-07-12,140,020389,NA,3,3,9,3600,0,1,1,NA,2,072,INTERSTATE 15 SOUTHBOUND,GHOST TOWN ROAD,1000,S,N,A,-,Y,SBD,NA,15,NA,R,81.643,H,NA,L,Y,3,0,2,2,A,-,03,22350,NA,F,C,C,A,A,H,-,C,D,0,NA,NA,NA,NA,Y,NA,A,01,0,2,0,0,0,0,0,0,0,-,-,34.90216064453125,-116.89025115966795,SAN BERNARDINO,UNINCORPORATED,-116.89026641845705,34.90225601196289
92121276,2023,2023-07-19,9855,2023-07-17,1640,023027,NA,1,2,6,3607,0,1,1,NA,2,152,I-15 S/B (ONTARIO FWY),JURUPA ST,1000,N,N,A,-,Y,SBD,NA,15,NA,NA,1.242,H,NA,L,Y,3,0,1,2,A,-,03,22350,NA,N,C,C,A,A,H,-,A,D,0,NA,NA,NA,NA,Y,NA,A,01,0,1,0,0,0,0,0,0,0,-,-,34.051239013671875,-117.54891967773438,SAN BERNARDINO,ONTARIO,-117.54897308349608,34.0512580871582
92123642,2023,2023-07-24,9860,2023-07-20,1400,022875,NA,4,2,6,3610,0,1,1,NA,2,104,I-10 W/B,TIPPIECANOE AVE,1000,W,N,A,-,Y,SBD,NA,10,NA,NA,26.094,H,NA,L,Y,3,0,2,4,A,-,03,22350,NA,N,C,C,A,A,H,-,A,D,0,NA,NA,NA,NA,Y,NA,A,01,0,1,1,0,0,0,0,0,0,-,-,34.064170837402344,-117.26458740234376,SAN BERNARDINO,SAN BERNARDINO,-117.26458740234376,34.06410598754883
92191288,2023,2023-10-05,9860,2023-10-03,1743,020387,NA,2,2,9,3600,0,1,3,NA,1,380,SR-38 (MENTONE BLVD),OPAL AVE.,0,NA,Y,A,-,N,NA,NA,NA,NA,NA,NA,NA,NA,NA,N,4,0,1,2,A,-,09,21802,A,N,D,C,A,A,H,-,A,A,0,NA,NA,NA,NA,Y,NA,A,01,0,0,1,0,0,0,0,0,0,-,-,34.070098876953125,-117.13382720947266,SAN BERNARDINO,UNINCORPORATED,-117.13381958007813,34.0700569152832
92193357,2023,2023-10-06,9860,2023-10-01,113,022347,NA,7,3,4,3603,0,1,1,NA,2,214,I-215 S/B,IOWA AVE,1160,N,N,A,-,Y,SBD,NA,215,NA,NA,0.635,H,NA,L,Y,3,0,1,2,A,-,08,22107,NA,N,E,I,A,A,H,-,D,D,0,NA,NA,NA,NA,Y,NA,A,07,0,1,0,0,0,0,0,0,0,-,-,34.026798248291016,-117.33302307128906,SAN BERNARDINO,COLTON,-117.33300018310548,34.02678680419922
92239374,2023,2023-11-17,9835,2023-10-30,855,017111,NA,1,1,9,3600,0,1,1,NA,2,047,I-40 W/B,CRUCERO RD,52800,E,N,A,-,Y,SBD,NA,40,NA,R,59.966,H,NA,R,Y,1,1,0,1,A,-,08,22107,NA,N,F,A,A,A,H,-,A,D,0,NA,NA,NA,NA,Y,NA,D,22,0,0,0,0,0,0,0,0,0,-,-,34.72100067138672,-115.99310302734376,SAN BERNARDINO,UNINCORPORATED,-115.99308776855467,34.72102355957031
92282943,2024,2024-01-09,9865,2024-01-02,1615,017808,NA,2,2,9,3600,0,1,3,NA,2,017,SR-173,NORTH BAY RD,0,NA,Y,A,-,Y,SBD,NA,173,NA,NA,17.208,H,NA,R,Y,3,0,2,2,A,-,12,22450,A,N,D,2,A,A,H,-,B,A,0,NA,NA,NA,NA,Y,NA,A,07,0,1,1,0,0,0,0,0,0,-,-,34.27111053466797,-117.18441009521484,SAN BERNARDINO,UNINCORPORATED,-117.18446350097656,34.27110290527344
92288229,2024,2024-01-16,9835,2024-01-11,617,019989,NA,4,1,9,3600,0,1,1,NA,2,075,I-15 S/B,15 SBD 153.00,3696,N,N,B,D,Y,SBD,NA,15,NA,NA,153.486,H,NA,L,Y,3,0,1,1,A,-,03,22350,NA,N,F,J,A,C,H,-,B,D,0,NA,NA,NA,NA,Y,NA,D,22,0,1,0,0,0,0,0,0,0,-,-,35.39413070678711,-115.82675170898438,SAN BERNARDINO,UNINCORPORATED,-115.82676696777344,35.3941764831543
92291964,2024,2024-01-19,9850,2024-01-12,1340,021878,NA,5,1,9,3600,0,1,3,NA,2,060,RT 138,OASIS ROAD,139,E,N,A,-,Y,SBD,NA,138,NA,NA,1.268,H,NA,R,Y,3,0,3,3,A,-,03,22350,NA,N,C,C,A,A,H,-,A,D,0,NA,NA,NA,Y,Y,NA,F,26,0,1,2,0,0,0,0,0,0,-,-,34.439849853515625,-117.64177703857422,SAN BERNARDINO,UNINCORPORATED,-117.64175415039063,34.439876556396484
92321702,2024,2024-02-23,9850,2024-02-14,2355,022734,NA,3,3,5,3619,0,1,1,NA,2,081,I-15 S/B,OAK HILL RD,1673.55,N,N,G,-,Y,SBD,NA,15,NA,R,28.938,H,NA,L,Y,3,0,1,2,A,-,08,22107,NA,N,B,C,A,A,D,-,D,D,0,NA,NA,NA,NA,Y,NA,A,01,0,1,0,0,0,0,0,0,0,-,-,34.36594009399414,-117.4299774169922,SAN BERNARDINO,HESPERIA,-117.43009185791016,34.36601257324219
92322499,2024,2024-02-26,9860,2024-02-20,731,016536,NA,2,1,5,3608,0,1,1,NA,2,104,I-10 WESTBOUND,NEVADA ST.,310,W,N,B,C,Y,SBD,NA,10,NA,NA,28.738,H,NA,L,Y,4,0,1,3,C,-,18,NA,NA,N,C,C,A,B,H,-,A,D,0,NA,NA,NA,NA,Y,NA,-,-,0,0,1,0,0,0,0,0,0,-,-,34.0666618347168,-117.21881103515624,SAN BERNARDINO,REDLANDS,-117.21881103515624,34.06675338745117
9233773,2021,2021-03-25,3610,2021-01-30,0034,50700,NA,6,5,6,3610,0,0,0,NA,0,ADAM,WEST HIGHLAND AV,MACY ST,0,NA,Y,A,-,N,NA,NA,NA,NA,NA,NA,NA,NA,NA,Y,3,0,1,2,A,-,12,21453,A,F,D,C,A,B,H,-,C,A,0,NA,NA,NA,NA,Y,NA,D,22,0,1,0,0,0,0,0,0,0,-,-,34.136070251464844,-117.3398208618164,SAN BERNARDINO,SAN BERNARDINO,-117.33984375,34.13604736328125
92367905,2024,2024-04-18,9860,2024-04-08,1015,019495,NA,1,1,6,3610,0,1,1,NA,2,214,I-215 N/B,ORANGE SHOW RD,634,S,N,A,-,Y,SBD,NA,215,NA,NA,4.895,H,NA,R,N,4,0,1,2,D,-,00,NA,NA,N,B,C,A,A,C,-,A,D,0,NA,NA,NA,NA,Y,Y,-,-,0,0,1,0,0,0,0,0,0,-,-,34.076358795166016,-117.29563903808594,SAN BERNARDINO,SAN BERNARDINO,-117.29561614990234,34.07636260986328
92384271,2024,2024-05-07,9855,2024-05-02,140,022998,NA,4,3,9,3600,0,3,5,NA,2,004,MISSION BLVD. (1600 BLOCK),ROSWELL AVE.,100,W,N,A,-,N,NA,NA,NA,NA,NA,NA,NA,NA,NA,Y,3,0,2,1,A,-,08,22107,NA,N,E,8,A,A,H,-,C,D,0,NA,NA,NA,NA,Y,NA,A,01,0,2,0,0,0,0,0,0,0,-,-,34.05574035644531,-117.7206802368164,SAN BERNARDINO,UNINCORPORATED,-117.7202606201172,34.055789947509766
92384965,2024,2024-08-14,9855,2024-04-29,1216,015461,NA,1,1,6,3607,0,1,1,NA,2,101,I-10 E/B (SAN BERNARDINO FWY),I-15 N/B (ONTARIO FWY),2444,E,N,A,-,Y,SBD,NA,10,NA,NA,10.414,H,NA,R,Y,4,0,1,2,A,-,08,22107,NA,N,B,C,A,A,H,-,A,D,0,NA,NA,NA,Y,Y,NA,-,-,0,0,1,0,0,0,0,0,0,-,-,34.06718826293945,-117.53661346435548,SAN BERNARDINO,ONTARIO,-117.53660583496094,34.06727600097656
9239006,2021,2021-04-05,3600,2021-02-11,1139,F5234,HI01,4,5,4,3618,0,0,0,NA,0,HI1,BASELINE ST,MCKINLEY ST,65,W,N,A,-,N,NA,NA,NA,NA,NA,NA,NA,NA,NA,N,4,0,2,2,A,-,09,21804,A,N,D,C,A,A,H,-,A,D,0,NA,NA,NA,NA,Y,NA,A,01,0,0,2,0,0,0,0,0,0,-,-,34.121368408203125,-117.23782348632813,SAN BERNARDINO,HIGHLAND,-117.2376708984375,34.121299743652344
92403218,2024,2024-05-31,9850,2024-05-20,1605,017377,NA,1,2,9,3600,0,3,5,NA,2,004,JOSHUA ROAD,CHEROKEE ROAD,100,N,N,A,-,N,NA,NA,NA,NA,NA,NA,NA,NA,NA,Y,4,0,1,1,A,-,08,22107,NA,N,E,I,A,A,H,-,A,D,0,NA,NA,NA,NA,Y,NA,A,01,0,0,1,0,0,0,0,0,0,-,-,34.504791259765625,-117.15518951416016,SAN BERNARDINO,UNINCORPORATED,-116.65345001220705,34.95207977294922
92404284,2024,2024-06-03,9870,2024-05-29,247,023080,NA,3,3,9,3600,0,2,4,NA,2,042,AMBOY ROAD,STEEG ROAD,50,E,N,A,-,N,NA,NA,NA,NA,NA,NA,NA,NA,NA,Y,3,0,1,2,C,-,18,NA,NA,N,C,C,A,A,H,-,D,D,0,NA,NA,NA,NA,Y,NA,-,-,0,1,0,0,0,0,0,0,0,-,-,34.16556930541992,-115.91358184814452,SAN BERNARDINO,UNINCORPORATED,-115.91372680664063,34.1655387878418
92433782,2024,2024-07-09,9855,2024-06-29,1235,021978,NA,6,1,5,3611,0,1,1,NA,2,103,I-10 W/B (SAN BERNARDINO FWY),EUCLID AVENUE,165,W,N,A,-,Y,SBD,NA,10,NA,NA,3.423,H,NA,L,Y,4,0,2,2,A,-,03,22350,NA,N,C,C,A,A,H,-,A,D,0,NA,NA,NA,NA,Y,NA,A,08,0,0,2,0,0,0,0,0,0,-,-,34.08750915527344,-117.65190887451172,SAN BERNARDINO,UPLAND,-117.65190887451172,34.08742904663086
92438887,2024,2024-07-15,9855,2024-06-30,1740,022895,NA,7,2,6,3604,0,1,1,NA,2,201,SR-210 W/B,BEECH AVENUE,800,W,N,A,-,Y,SBD,NA,210,NA,NA,12.768,H,NA,L,Y,4,0,1,1,C,-,18,NA,NA,N,E,I,A,A,H,-,A,D,0,NA,NA,NA,NA,Y,NA,-,-,0,0,1,0,0,0,0,0,0,-,-,34.1368408203125,-117.47380065917967,SAN BERNARDINO,FONTANA,-117.47380065917967,34.13671112060547
9249993,2021,2021-04-27,3600,2021-03-30,1144,F8247,HE112,2,5,5,3619,0,0,0,NA,0,HE1,MAPLE AV,EDISON POWER POLE #4796193E,53,N,N,A,-,N,NA,NA,NA,NA,NA,NA,NA,NA,NA,N,4,0,1,2,A,-,03,22350,NA,N,C,C,A,A,H,-,A,D,0,NA,NA,NA,NA,Y,NA,A,01,0,0,1,0,0,0,0,0,0,-,-,NA,NA,SAN BERNARDINO,HESPERIA,NA,NA
9250752,2021,2021-05-28,3609,2021-04-01,1844,3198,R1173,4,5,5,3609,0,0,0,NA,0,004,SAN BERNARDINO AV,RIVERSIDE AV,478,E,N,A,-,N,NA,NA,NA,NA,NA,NA,NA,NA,NA,Y,4,0,2,4,A,-,03,22350,NA,N,C,C,A,A,H,-,A,D,0,NA,NA,NA,NA,Y,NA,A,01,0,0,2,0,0,0,0,0,0,-,-,34.07775115966797,-117.36862182617188,SAN BERNARDINO,RIALTO,-117.37030029296876,34.077728271484375
9278874,2021,2021-06-29,3600,2021-05-29,0358,G8565,HI010,6,5,4,3618,0,0,0,NA,0,HI2,VICTORIA AV,HIGHLAND AV,0,NA,Y,A,-,N,NA,NA,NA,NA,NA,NA,NA,NA,NA,Y,4,0,2,2,A,-,03,22350,NA,M,C,C,A,A,H,-,C,A,0,NA,NA,NA,NA,Y,NA,D,22,0,0,2,0,0,0,0,0,0,-,-,NA,NA,SAN BERNARDINO,HIGHLAND,-117.22620391845705,34.13582992553711
9300928,2021,2021-08-10,3610,2021-05-31,2040,51108,NA,1,5,6,3610,0,0,0,NA,0,BAKER,N E ST,W 28TH ST,150,S,N,A,-,N,NA,NA,NA,NA,NA,NA,NA,NA,NA,N,4,0,1,2,A,-,08,22107,NA,N,B,C,A,A,H,-,C,D,0,NA,NA,NA,NA,Y,NA,A,07,0,0,1,0,0,0,0,0,0,-,-,34.14146041870117,-117.29376220703124,SAN BERNARDINO,SAN BERNARDINO,-117.29412841796876,34.1419677734375
9315855,2021,2021-09-04,3600,2021-04-08,1839,F7786,RC073,4,5,6,3616,0,0,0,NA,0,005,4TH ST,EMPIRE CT,0,NA,Y,A,-,N,NA,NA,NA,NA,NA,NA,NA,NA,NA,N,4,0,1,2,A,-,10,21950,A,N,G,B,B,A,H,-,A,A,0,Y,NA,NA,NA,Y,NA,A,08,0,0,1,0,1,0,0,0,0,-,-,NA,NA,SAN BERNARDINO,RANCHO CUCAMONGA,-117.56271362304688,34.07738494873047
9320951,2022,2022-08-22,3604,2022-06-02,0443,718,NA,4,5,6,3604,0,0,0,NA,0,NA,RT 66,JUNIPER AV,0,NA,Y,A,-,N,NA,NA,NA,NA,NA,NA,NA,NA,NA,Y,1,2,0,2,A,-,12,21453,A,N,B,C,A,A,H,-,C,A,0,NA,NA,NA,NA,Y,NA,A,01,0,0,0,0,0,0,0,0,0,-,-,NA,NA,SAN BERNARDINO,FONTANA,-117.44019317626952,34.106605529785156
9322791,2021,2021-10-05,3600,2021-08-26,2208,H9017,TWO03,4,5,3,3617,0,0,0,NA,0,TW1,29 PALMS HWY,ENCELIA AV,0,NA,Y,A,-,Y,SBD,8,62,-,-,30.695,I,5,W,N,2,0,1,2,A,-,03,22350,NA,N,G,B,B,A,H,-,C,A,0,Y,NA,NA,NA,Y,NA,N,60,1,0,0,0,1,0,0,0,0,-,-,34.1198616027832,-116.40926361083984,SAN BERNARDINO,TWENTYNINE PALMS,-116.09822082519533,34.13539505004883
9325553,2021,2021-10-15,3600,2021-09-19,2136,D3381,VC025,7,5,5,3612,0,0,0,NA,0,VC3,NISQUALLI RD,9TH AV,0,NA,Y,A,-,N,NA,NA,NA,NA,NA,NA,NA,NA,NA,Y,4,0,1,2,A,-,01,23152,A,N,D,C,A,A,H,-,C,A,0,NA,NA,NA,NA,Y,Y,A,07,0,0,1,0,0,0,0,0,0,-,-,34.4852294921875,-117.32119750976563,SAN BERNARDINO,VICTORVILLE,-117.32122039794922,34.48523712158203
9337218,2021,2021-10-21,3600,2021-09-13,0141,G7670,AP021,1,5,5,3621,0,0,0,NA,0,AP04,BEAR VALLEY RD,MORNING STAR RD,87,W,N,A,-,N,NA,NA,NA,NA,NA,NA,NA,NA,NA,Y,2,0,1,2,A,-,03,22350,NA,F,C,C,A,A,H,-,C,D,0,NA,NA,Y,NA,Y,Y,A,01,1,0,0,0,0,0,0,0,1,-,-,NA,NA,SAN BERNARDINO,APPLE VALLEY,-117.1928482055664,34.47130584716797
9339428,2021,2021-10-25,3600,2021-06-15,2059,I2289,AD201,2,5,3,3613,0,0,0,NA,0,AD1,RT 395,DESERT FLOWER RD,0,NA,Y,A,-,Y,SBD,8,395,-,-,21.088,I,5,N,N,4,0,2,3,A,-,09,21804,A,N,D,C,A,A,H,-,D,A,0,NA,NA,NA,NA,Y,NA,A,01,0,0,2,0,0,0,0,0,0,-,-,NA,NA,SAN BERNARDINO,ADELANTO,-117.43511962890624,34.64656066894531
9341146,2021,2021-10-18,3610,2021-08-29,0002,51330,NA,7,5,6,3610,0,0,0,NA,0,BAKER,N G ST,28TH ST,150,N,N,A,-,N,NA,NA,NA,NA,NA,NA,NA,NA,NA,Y,3,0,1,2,A,-,08,22107,NA,N,C,E,A,-,H,-,C,A,0,NA,NA,NA,NA,Y,NA,A,01,0,1,0,0,0,0,0,0,0,-,-,34.143009185791016,-117.29898071289063,SAN BERNARDINO,SAN BERNARDINO,-117.29861450195313,34.14282989501953
9365148,2021,2022-01-04,3610,2021-11-17,1243,51344,NA,3,5,6,3610,0,0,0,NA,0,POLICE,N DEL ROSA AV,E PUMALO ST,0,NA,Y,A,-,N,NA,NA,NA,NA,NA,NA,NA,NA,NA,N,3,0,1,2,A,-,11,21956,NA,N,G,B,B,A,H,-,A,A,0,Y,NA,NA,NA,Y,NA,N,60,0,1,0,0,1,0,0,0,0,-,-,34.138580322265625,-117.25238800048828,SAN BERNARDINO,SAN BERNARDINO,-117.25241088867188,34.13855743408203
9373887,2021,2021-12-30,3600,2021-11-17,0648,H9304,VC046,3,5,5,3612,0,0,0,NA,0,VC6,VILLAGE DR,AIR EXPRESS WY,34,N,N,A,-,N,NA,NA,NA,NA,NA,NA,NA,NA,NA,Y,3,0,1,2,A,-,12,21453,A,N,D,C,A,A,H,-,A,A,0,NA,NA,NA,NA,Y,NA,A,07,0,1,0,0,0,0,0,0,0,-,-,34.56576156616211,-117.34034729003906,SAN BERNARDINO,VICTORVILLE,-117.34030151367188,34.56575012207031
9376609,2021,2022-01-05,3604,2021-11-09,1808,11549,NA,2,5,6,3604,0,0,0,NA,0,NA,PALMETTO AV,IVY AV,180,N,N,A,-,N,NA,NA,NA,NA,NA,NA,NA,NA,NA,N,4,0,1,2,A,-,09,21804,A,N,D,G,A,A,H,-,C,A,0,NA,Y,NA,NA,Y,NA,A,07,0,0,1,0,0,0,1,0,0,-,-,NA,NA,SAN BERNARDINO,FONTANA,-117.42709350585938,34.10484313964844
9378660,2021,2021-12-22,3600,2021-11-30,0751,I3330,AP023,2,5,5,3621,0,0,0,NA,0,AP1,RT 18,RANCHERIAS RD,50,W,N,A,-,Y,SBD,8,18,-,-,91.55,H,-,N,N,4,0,1,2,A,-,03,22350,NA,N,C,C,A,A,H,-,A,A,0,NA,NA,NA,NA,Y,NA,A,01,0,0,1,0,0,0,0,0,0,-,-,NA,NA,SAN BERNARDINO,APPLE VALLEY,-117.22541046142578,34.52925491333008
9381333,2022,2022-01-27,3603,2022-01-04,0655,4974,CPD,2,5,4,3603,0,0,0,NA,0,004,S MEADOW LN,E WASHINGTON ST,100,S,N,A,-,N,NA,NA,NA,NA,NA,NA,NA,NA,NA,Y,4,0,1,2,A,-,09,21803,A,N,B,C,A,A,H,-,A,D,0,NA,NA,NA,NA,Y,NA,A,01,0,0,1,0,0,0,0,0,0,-,-,34.04841995239258,-117.29940795898438,SAN BERNARDINO,COLTON,-117.2994384765625,34.04813766479492
9388549,2021,2022-01-28,3604,2021-11-26,2005,1302,NA,5,5,6,3604,0,0,0,NA,0,NA,MULBERRY AV,CHERRY AV,0,NA,Y,B,-,N,NA,NA,NA,NA,NA,NA,NA,NA,NA,Y,4,0,1,2,A,-,09,21800,D,N,D,C,A,A,H,-,D,B,0,NA,NA,NA,NA,Y,NA,A,01,0,0,1,0,0,0,0,0,0,-,-,NA,NA,SAN BERNARDINO,FONTANA,-117.50697326660156,34.03547286987305