CASE_ID,ACCIDENT_YEAR,PROC_DATE,JURIS,COLLISION_DATE,COLLISION_TIME,OFFICER_ID,REPORTING_DISTRICT,DAY_OF_WEEK,CHP_SHIFT,POPULATION,CNTY_CITY_LOC,SPECIAL_COND,BEAT_TYPE,CHP_BEAT_TYPE,CITY_DIVISION_LAPD,CHP_BEAT_CLASS,BEAT_NUMBER,PRIMARY_RD,SECONDARY_RD,DISTANCE,DIRECTION,INTERSECTION,WEATHER_1,WEATHER_2,STATE_HWY_IND,CALTRANS_COUNTY,CALTRANS_DISTRICT,STATE_ROUTE,ROUTE_SUFFIX,POSTMILE_PREFIX,POSTMILE,LOCATION_TYPE,RAMP_INTERSECTION,SIDE_OF_HWY,TOW_AWAY,COLLISION_SEVERITY,NUMBER_KILLED,NUMBER_INJURED,PARTY_COUNT,PRIMARY_COLL_FACTOR,PCF_CODE_OF_VIOL,PCF_VIOL_CATEGORY,PCF_VIOLATION,PCF_VIOL_SUBSECTION,HIT_AND_RUN,TYPE_OF_COLLISION,MVIW,PED_ACTION,ROAD_SURFACE,ROAD_COND_1,ROAD_COND_2,LIGHTING,CONTROL_DEVICE,CHP_ROAD_TYPE,PEDESTRIAN_ACCIDENT,BICYCLE_ACCIDENT,MOTORCYCLE_ACCIDENT,TRUCK_ACCIDENT,NOT_PRIVATE_PROPERTY,ALCOHOL_INVOLVED,STWD_VEHTYPE_AT_FAULT,CHP_VEHTYPE_AT_FAULT,COUNT_SEVERE_INJ,COUNT_VISIBLE_INJ,COUNT_COMPLAINT_PAIN,COUNT_PED_KILLED,COUNT_PED_INJURED,COUNT_BICYCLIST_KILLED,COUNT_BICYCLIST_INJURED,COUNT_MC_KILLED,COUNT_MC_INJURED,PRIMARY_RAMP,SECONDARY_RAMP,LATITUDE,LONGITUDE,COUNTY,CITY,POINT_X,POINT_Y
8543434,2017,2018-07-06,3600,2017-12-04,2054,D6904,AP003,1,5,5,3621,0,0,0,NA,0,AP1,RT 18,MONDAMON RD,0,NA,-,A,-,Y,SBD,8,18,-,-,93.64,H,-,S,N,3,0,1,3,A,-,11,21954,A,N,B,B,D,A,H,-,D,D,0,Y,NA,NA,NA,Y,Y,-,-,0,1,0,0,1,0,0,0,0,-,-,NA,NA,SAN BERNARDINO,APPLE VALLEY,-117.25944472,34.53909566
8554453,2018,2018-08-08,3600,2018-02-28,1958,G5386,HE301,3,5,5,3619,0,0,0,NA,0,HE3,RT 395,SMOKE TREE RD,587,N,N,A,-,Y,SBD,8,395,-,-,6.077,H,-,S,N,4,0,1,2,D,-,00,NA,NA,F,G,B,F,A,H,-,D,D,0,Y,NA,NA,NA,Y,NA,-,-,0,0,1,0,1,0,0,0,0,-,-,NA,NA,SAN BERNARDINO,HESPERIA,-117.39955139160156,34.43326950073242
8571432,2018,2018-03-13,3600,2018-02-13,1451,G8526,HE402,2,5,5,3619,0,0,0,NA,0,HE4,C AV,POWER POLE 4136336E,13,N,N,B,-,N,NA,NA,NA,NA,NA,NA,NA,NA,NA,N,4,0,1,2,A,-,03,22350,NA,N,C,C,A,A,H,-,A,A,0,NA,NA,NA,NA,Y,NA,-,NA,0,0,1,0,0,0,0,0,0,-,-,NA,NA,SAN BERNARDINO,HESPERIA,NA,NA
8582239,2018,2018-04-05,3610,2018-03-19,1041,50569,NA,1,5,6,3610,0,0,0,NA,0,POLICE,E RIALTO AV,LENA RD,1056,E,N,A,-,N,NA,NA,NA,NA,NA,NA,NA,NA,NA,Y,4,0,1,2,C,-,18,NA,NA,N,A,E,A,A,H,-,A,D,0,NA,NA,NA,NA,Y,NA,-,-,0,0,1,0,0,0,0,0,0,-,-,NA,NA,SAN BERNARDINO,SAN BERNARDINO,-117.264404296875,34.1014404296875
8618552,2018,2018-06-04,3600,2018-05-01,2004,S3378,YC101,2,5,4,3640,0,0,0,NA,0,001,SAND CANYON RD,CAMPUS DR,0,NA,Y,C,-,N,NA,NA,NA,NA,NA,NA,NA,NA,NA,Y,3,0,2,2,A,-,12,21453,A,N,D,C,A,B,H,-,C,A,0,NA,NA,NA,NA,Y,NA,A,01,0,1,1,0,0,0,0,0,0,-,-,NA,NA,SAN BERNARDINO,YUCAIPA,-117.1066436767578,34.040321350097656
8619438,2018,2018-05-22,3611,2018-02-23,1825,3088,3611,5,5,5,3611,0,0,0,NA,0,001,16TH ST,CARMEL CIR EAST,132,W,N,A,-,N,NA,NA,NA,NA,NA,NA,NA,NA,NA,Y,4,0,1,2,A,-,03,22350,NA,N,C,C,A,A,H,-,C,A,0,NA,NA,NA,NA,Y,NA,A,01,0,0,1,0,0,0,0,0,0,-,-,NA,NA,SAN BERNARDINO,UPLAND,-117.67273712158205,34.12152099609375
8621389,2018,2018-05-23,3608,2018-04-26,2025,4759,NA,4,5,5,3608,0,0,0,NA,0,901,W OLIVE AV,S 4TH ST,0,NA,Y,A,-,N,NA,NA,NA,NA,NA,NA,NA,NA,NA,Y,3,0,3,2,A,-,09,21802,A,N,D,D,A,A,H,-,C,A,0,NA,NA,NA,NA,Y,NA,A,08,0,1,2,0,0,0,0,0,0,-,-,NA,NA,SAN BERNARDINO,REDLANDS,-117.18222808837892,34.05289840698242
8622245,2018,2018-05-29,3600,2018-04-25,0717,C2440,GT008,3,5,3,3690,0,0,0,NA,0,001,E GRAND TERRACE RD,MOUNT VERNON AV,10,E,N,A,-,N,NA,NA,NA,NA,NA,NA,NA,NA,NA,N,4,0,1,2,A,-,12,22450,NA,N,G,B,B,A,H,-,A,D,0,Y,NA,NA,NA,Y,NA,A,01,0,0,1,0,1,0,0,0,0,-,-,NA,NA,SAN BERNARDINO,GRAND TERRACE,-117.31298065185548,34.041866302490234
8624618,2018,2018-08-01,3604,2018-05-04,2242,1154,NA,5,5,6,3604,0,0,0,NA,0,NA,FOOTHILL BL,OLEANDER AV,0,NA,Y,A,-,N,NA,NA,NA,NA,NA,NA,NA,NA,NA,Y,4,0,1,2,A,-,09,21801,A,N,D,C,A,A,H,-,C,D,0,NA,NA,NA,NA,Y,NA,A,01,0,0,1,0,0,0,0,0,0,-,-,NA,NA,SAN BERNARDINO,FONTANA,-117.44886779785156,34.1065788269043
8626414,2018,2018-06-06,3609,2018-05-18,0433,1604,193,5,5,5,3609,0,0,0,NA,0,004,RIVERSIDE AV,SLOVER AV,20,N,N,A,-,N,NA,NA,NA,NA,NA,NA,NA,NA,NA,Y,4,0,1,2,B,-,22,NA,NA,N,-,C,A,A,H,-,C,A,0,NA,NA,NA,NA,Y,NA,D,22,0,0,1,0,0,0,0,0,0,-,-,34.0629997253418,-117.37000274658205,SAN BERNARDINO,RIALTO,-117.3702392578125,34.063236236572266
8630505,2018,2018-06-01,3602,2018-03-23,0701,2894,NA,5,5,5,3602,0,0,0,NA,0,004,MOUNTAIN AV,SCHAEFER AV,138,N,N,C,-,N,NA,NA,NA,NA,NA,NA,NA,NA,NA,N,4,0,2,3,A,-,03,22350,NA,N,C,C,A,B,H,-,A,D,0,NA,NA,NA,NA,Y,NA,A,01,0,0,2,0,0,0,0,0,0,-,-,NA,NA,SAN BERNARDINO,CHINO,-117.66739654541016,34.00503921508789
8633111,2018,2018-06-14,3610,2018-04-20,1843,50986,NA,5,5,6,3610,0,0,0,NA,0,NA,E SAN BERNARDINO AV,S RICHARDSON ST,0,NA,Y,A,-,N,NA,NA,NA,NA,NA,NA,NA,NA,NA,Y,2,0,1,2,A,-,12,21453,A,F,D,C,A,A,H,-,A,A,0,NA,NA,Y,NA,Y,NA,A,01,1,0,0,0,0,0,0,0,1,-,-,NA,NA,SAN BERNARDINO,SAN BERNARDINO,-117.25244140625,34.07754898071289
8643247,2018,2018-07-02,3604,2018-05-02,0802,497,3604,3,5,6,3604,0,0,0,NA,0,002,MILLER AV,TAMARIND AV,0,NA,Y,B,C,N,NA,NA,NA,NA,NA,NA,NA,NA,NA,Y,3,0,3,3,A,-,01,23153,A,N,D,C,A,B,H,-,A,A,0,NA,NA,NA,NA,Y,Y,A,01,0,3,0,0,0,0,0,0,0,-,-,NA,NA,SAN BERNARDINO,FONTANA,-117.42276763916016,34.11396026611328
8648227,2018,2020-05-26,3600,2018-07-06,2100,C4462,VC016,5,5,5,3612,0,0,0,NA,0,VC2,7TH ST,E SAGE ST,0,NA,Y,A,-,N,NA,NA,NA,NA,NA,NA,NA,NA,NA,N,1,1,0,2,A,-,11,21954,A,F,G,B,D,A,H,-,C,D,0,Y,NA,NA,NA,Y,Y,N,60,0,0,0,1,0,0,0,0,0,-,-,NA,NA,SAN BERNARDINO,VICTORVILLE,-117.31854248046876,34.511051177978516
8648413,2018,2020-05-26,3604,2018-09-23,1923,744,NA,7,5,6,3604,0,0,0,NA,0,NA,RT 66,LAUREL AV,110,W,N,A,-,N,NA,NA,NA,NA,NA,NA,NA,NA,NA,Y,1,1,0,2,A,-,11,21954,A,N,G,B,E,A,H,-,C,A,0,Y,NA,NA,NA,Y,Y,N,60,0,0,0,1,0,0,0,0,0,-,-,NA,NA,SAN BERNARDINO,FONTANA,-117.4143524169922,34.106689453125
8666842,2018,2018-08-14,3600,2018-04-23,0417,G3236,VC066,1,5,5,3612,0,0,0,NA,0,VC4,RT 395,GREASEWOOD LN,200,S,N,A,-,Y,SBD,8,395,-,-,7.97,H,-,N,Y,3,0,2,2,A,-,05,21460,A,N,A,C,A,A,H,-,B,A,0,NA,NA,NA,NA,Y,NA,A,01,0,1,1,0,0,0,0,0,0,-,-,NA,NA,SAN BERNARDINO,VICTORVILLE,-117.39955139160156,34.460811614990234
8668285,2018,2018-08-20,3600,2018-06-22,1126,H6500,VC023,5,5,5,3612,0,0,0,NA,0,VC3,7TH AV,BEAR VALLEY RD,22,S,N,A,-,N,NA,NA,NA,NA,NA,NA,NA,NA,NA,Y,4,0,1,2,A,-,12,21453,A,N,D,C,A,A,H,-,A,A,0,NA,NA,NA,NA,Y,NA,A,07,0,0,1,0,0,0,0,0,0,-,-,NA,NA,SAN BERNARDINO,VICTORVILLE,-117.31237030029295,34.47066116333008
8669532,2018,2018-08-15,3610,2018-07-07,1800,51141,NA,6,5,6,3610,0,0,0,NA,0,POLICE,NORTH WATERMAN AV,RIALTO AV,25,S,N,A,-,N,NA,NA,NA,NA,NA,NA,NA,NA,NA,N,4,0,1,2,A,-,08,22107,NA,M,A,C,A,A,H,-,-,A,0,NA,NA,NA,NA,Y,NA,A,01,0,0,1,0,0,0,0,0,0,-,-,34.10084915161133,-117.27877044677734,SAN BERNARDINO,SAN BERNARDINO,-117.2787628173828,34.100860595703125
8671163,2018,2018-10-10,3604,2018-07-18,0335,473,NA,3,5,6,3604,0,0,0,NA,0,NA,JUNIPER AV,ORANGE AV,0,NA,Y,A,-,N,NA,NA,NA,NA,NA,NA,NA,NA,NA,Y,4,0,1,2,A,-,12,21453,A,N,D,C,A,A,D,-,A,A,0,NA,NA,NA,NA,Y,NA,A,07,0,0,1,0,0,0,0,0,0,-,-,NA,NA,SAN BERNARDINO,FONTANA,-117.44011688232422,34.09584045410156
8677035,2018,2018-10-24,3600,2018-07-26,1441,F9856,BL102,4,5,2,3680,0,0,0,NA,0,BL1,RT 18,MODOC DR,0,NA,Y,A,-,Y,SBD,8,18,-,-,48.423,I,5,N,N,3,0,2,2,A,-,03,22350,NA,N,C,C,A,A,H,-,A,A,0,NA,NA,NA,NA,Y,NA,A,08,0,2,0,0,0,0,0,0,0,-,-,NA,NA,SAN BERNARDINO,BIG BEAR LAKE,-116.91851043701172,34.24148941040039
8687218,2018,2018-10-05,3604,2018-08-13,0806,D181,126G2,1,5,6,3604,0,0,0,NA,0,NA,MANGO AV,SAN BERNARDINO AV,30,S,N,A,-,N,NA,NA,NA,NA,NA,NA,NA,NA,NA,N,3,0,1,2,D,-,00,NA,NA,F,G,B,D,A,H,-,A,A,0,Y,NA,NA,NA,Y,NA,-,-,0,1,0,0,1,0,0,0,0,-,-,NA,NA,SAN BERNARDINO,FONTANA,-117.43132781982422,34.07749938964844
8688346,2018,2018-09-28,3603,2018-08-16,1134,CL4251,COLTO,4,5,4,3603,0,0,0,NA,0,003,RANCHO AV,LA CADENA DR,250,N,N,A,-,N,NA,NA,NA,NA,NA,NA,NA,NA,NA,Y,4,0,1,2,A,-,09,21801,A,N,D,C,A,A,H,-,A,A,0,NA,NA,NA,Y,Y,NA,G,25,0,0,1,0,0,0,0,0,0,-,-,NA,NA,SAN BERNARDINO,COLTON,-117.3306884765625,34.05012130737305
8693438,2018,2018-09-14,3604,2018-08-16,2234,1286,NA,4,5,6,3604,0,0,0,NA,0,NA,SIERRA AV,S HIGHLAND AV,0,NA,Y,A,-,N,NA,NA,NA,NA,NA,NA,NA,NA,NA,Y,3,0,1,2,A,-,12,21453,A,N,D,C,A,A,H,-,C,A,0,NA,NA,NA,NA,Y,NA,A,01,0,1,0,0,0,0,0,0,0,-,-,NA,NA,SAN BERNARDINO,FONTANA,-117.43614959716795,34.13357162475586
8694381,2018,2018-09-17,3600,2018-08-28,0812,A7108,CH013,2,5,5,3630,0,0,0,NA,0,CH2,BIRD FARM RD,WALLACE AV,0,NA,Y,A,-,N,NA,NA,NA,NA,NA,NA,NA,NA,NA,N,3,0,1,2,A,-,11,21954,A,N,G,B,D,A,H,-,A,D,0,Y,NA,NA,NA,Y,NA,N,60,0,1,0,0,1,0,0,0,0,-,-,NA,NA,SAN BERNARDINO,CHINO HILLS,-117.69979858398438,33.97542953491211
8705890,2018,2018-11-06,3601,2018-05-04,2305,P87,3601,5,5,3,3601,0,0,0,NA,0,PATROL,EAST VIRGINIA WY,HELEN RUNYON,91,E,N,A,-,N,NA,NA,NA,NA,NA,NA,NA,NA,NA,N,3,0,1,2,A,-,09,21804,A,F,D,C,A,A,H,-,C,D,0,NA,NA,NA,NA,Y,NA,D,23,0,1,0,0,0,0,0,0,0,-,-,NA,NA,SAN BERNARDINO,BARSTOW,-117.01848602294922,34.88813400268555
8716689,2018,2018-10-22,3609,2018-08-24,0754,5403,RI103,5,5,5,3609,0,0,0,NA,0,002,PEPPER AV,BASELINE RD,0,NA,Y,A,-,N,NA,NA,NA,NA,NA,NA,NA,NA,NA,Y,4,0,1,2,A,-,09,21801,A,F,D,C,A,A,H,-,A,A,0,NA,NA,NA,NA,Y,NA,A,01,0,0,1,0,0,0,0,0,0,-,-,34.121421813964844,-117.35279083251952,SAN BERNARDINO,RIALTO,-117.35295867919922,34.121368408203125
8723071,2018,2018-11-01,3600,2018-10-02,1532,D2561,VC055,2,5,5,3612,0,0,0,NA,0,VC5,ROY ROGERS DR,CIVIC DR,594,W,N,A,-,N,NA,NA,NA,NA,NA,NA,NA,NA,NA,Y,4,0,1,2,A,-,09,21804,A,N,D,C,A,A,H,-,A,A,0,NA,NA,NA,NA,Y,NA,A,07,0,0,1,0,0,0,0,0,0,-,-,NA,NA,SAN BERNARDINO,VICTORVILLE,-117.32576751708984,34.52149200439453
8726823,2018,2018-11-16,3602,2018-09-19,1421,3060,NA,3,5,5,3602,0,0,0,NA,0,003,PIPELINE AV,SPECTRUM SOUTH,30,S,N,A,-,N,NA,NA,NA,NA,NA,NA,NA,NA,NA,Y,4,0,1,2,A,-,03,22350,NA,N,C,C,A,A,H,-,A,A,0,NA,NA,NA,Y,Y,NA,F,26,0,0,1,0,0,0,0,0,0,-,-,NA,NA,SAN BERNARDINO,CHINO,-117.71527099609376,34.00061798095703
8729491,2018,2018-11-28,3610,2018-10-29,2500,51055,NA,1,5,6,3610,0,0,0,NA,0,POLICE,N MT VERNON,W VINE ST,0,NA,Y,A,-,N,NA,NA,NA,NA,NA,NA,NA,NA,NA,N,4,0,1,2,A,-,09,21803,A,N,D,C,A,A,H,-,A,D,0,NA,NA,Y,NA,Y,NA,D,82,0,0,1,0,0,0,0,0,1,-,-,34.112998962402344,-117.3138427734375,SAN BERNARDINO,SAN BERNARDINO,-117.31385040283205,34.11299133300781
8739947,2018,2018-11-30,3600,2018-10-15,1830,F7817,YC209,1,5,4,3640,0,0,0,NA,0,NA,BRYANT ST,OAK GLEN RD,340,S,N,A,-,N,NA,NA,NA,NA,NA,NA,NA,NA,NA,Y,4,0,1,2,A,-,09,21804,A,N,D,C,A,A,H,-,B,D,0,NA,NA,NA,NA,Y,NA,D,22,0,0,1,0,0,0,0,0,0,-,-,NA,NA,SAN BERNARDINO,YUCAIPA,-117.03446197509766,34.047447204589844
8748860,2018,2019-01-24,3604,2018-11-27,1227,673,NA,2,5,6,3604,0,0,0,NA,0,NA,ALMERIA AV,FAIRVIEW DR,0,NA,Y,A,-,N,NA,NA,NA,NA,NA,NA,NA,NA,NA,Y,4,0,1,2,A,-,09,21802,A,N,D,C,A,A,H,-,A,A,0,NA,NA,NA,NA,Y,NA,A,01,0,0,1,0,0,0,0,0,0,-,-,NA,NA,SAN BERNARDINO,FONTANA,-117.46022033691406,34.11222839355469
8760088,2018,2019-01-24,3600,2018-11-21,1230,G4524,AP002,3,5,5,3621,0,0,0,NA,0,AP1,RT 18,KASOTA RD,0,NA,Y,A,-,Y,SBD,8,18,-,-,94.076,I,5,N,Y,2,0,1,2,A,-,12,21453,A,N,D,C,A,A,H,-,A,A,0,NA,NA,Y,NA,Y,NA,A,07,1,0,0,0,0,0,0,0,1,-,-,NA,NA,SAN BERNARDINO,APPLE VALLEY,-117.2668228149414,34.540672302246094
8760995,2018,2019-01-26,3600,2018-12-21,1647,B3951,HI022,5,5,4,3618,0,0,0,NA,0,HI3,MOUNTAIN AV,CLIFTON ST,0,NA,Y,A,-,N,NA,NA,NA,NA,NA,NA,NA,NA,NA,Y,4,0,1,2,A,-,09,21800,A,N,D,C,A,A,H,-,B,A,0,NA,NA,NA,NA,Y,NA,A,01,0,0,1,0,0,0,0,0,0,-,-,NA,NA,SAN BERNARDINO,HIGHLAND,-117.19471740722656,34.12704086303711
8762524,2018,2019-01-04,3604,2018-12-15,1445,1127,NA,6,5,6,3604,0,0,0,NA,0,NA,ALDER AV,MERRILL AV,312,N,N,A,-,N,NA,NA,NA,NA,NA,NA,NA,NA,NA,Y,3,0,1,2,A,-,01,23153,A,N,C,E,A,A,H,-,A,A,0,NA,NA,NA,NA,Y,Y,D,22,0,1,0,0,0,0,0,0,0,-,-,34.535518646240234,-117.25630950927734,SAN BERNARDINO,FONTANA,-117.41831970214844,34.09304428100586
8771567,2018,2019-01-07,3604,2018-12-10,1016,641,NA,1,5,6,3604,0,0,0,NA,0,NA,SANTA LUCIA ST,EAST LIBERTY PKWY,9,E,N,B,-,N,NA,NA,NA,NA,NA,NA,NA,NA,NA,N,3,0,1,2,A,-,12,22450,A,F,G,B,D,A,H,-,A,A,0,Y,NA,NA,NA,Y,NA,-,NA,0,1,0,0,1,0,0,0,0,-,-,NA,NA,SAN BERNARDINO,FONTANA,-117.49085998535156,34.115318298339844
8776583,2018,2019-01-17,3602,2018-12-10,1256,1127,NA,1,5,5,3602,0,0,0,NA,0,NA,EL PRADO RD,GATES ST,15,S,N,B,-,N,NA,NA,NA,NA,NA,NA,NA,NA,NA,Y,4,0,3,2,A,-,03,22350,NA,N,C,C,A,A,H,-,A,D,0,NA,NA,NA,NA,Y,NA,A,01,0,0,3,0,0,0,0,0,0,-,-,NA,NA,SAN BERNARDINO,CHINO,-117.68170928955078,33.96964645385742
8778447,2018,2019-02-14,3600,2018-10-24,0745,F5111,HE121,3,5,5,3619,0,0,0,NA,0,HE1,COTTONWOOD AV,MAUNA LOA ST,0,NA,Y,A,-,N,NA,NA,NA,NA,NA,NA,NA,NA,NA,Y,4,0,1,2,A,-,12,22450,A,N,-,C,A,A,H,-,A,A,0,NA,NA,NA,NA,Y,NA,A,01,0,0,1,0,0,0,0,0,0,-,-,NA,NA,SAN BERNARDINO,HESPERIA,-117.33849334716795,34.442691802978516
8799942,2018,2019-02-13,3611,2018-10-13,0853,2387,03611,6,5,5,3611,0,0,0,NA,0,002,EUCLID AV,7TH ST,9,S,N,C,-,N,NA,NA,NA,NA,NA,NA,NA,NA,NA,Y,4,0,2,2,A,-,03,22350,NA,N,D,C,A,B,H,-,A,A,0,NA,NA,NA,NA,Y,NA,A,01,0,0,2,0,0,0,0,0,0,-,-,NA,NA,SAN BERNARDINO,UPLAND,-117.65126800537108,34.08878707885742
8819400,2019,2019-05-08,3600,2019-01-27,1823,G9443,AD206,7,5,3,3613,0,0,0,NA,0,AD1,RT 395,AUBURN AV,0,NA,Y,A,-,Y,SBD,8,395,-,-,17.24,H,-,S,Y,4,0,1,2,A,-,09,21802,A,N,C,C,A,A,H,-,B,A,0,NA,NA,NA,NA,Y,NA,-,NA,0,0,1,0,0,0,0,0,0,-,-,NA,NA,SAN BERNARDINO,ADELANTO,-117.41690826416016,34.593414306640625
8824706,2019,2019-03-27,3603,2019-02-26,1311,4861,CPD,2,5,4,3603,0,0,0,NA,0,004,E COOLEY DR,ASHLEY WY,0,NA,Y,A,-,N,NA,NA,NA,NA,NA,NA,NA,NA,NA,Y,3,0,4,1,A,-,03,22350,NA,N,E,I,A,A,H,-,A,D,0,NA,NA,NA,NA,Y,NA,A,01,0,3,1,0,0,0,0,0,0,-,-,NA,NA,SAN BERNARDINO,COLTON,-117.30365753173828,34.05487823486328
8847155,2019,2019-05-20,3600,2019-04-08,1812,G8537,HE128,1,5,5,3619,0,0,0,NA,0,HE1,COTTONWOOD AV,WILLOW ST,0,NA,Y,A,-,N,NA,NA,NA,NA,NA,NA,NA,NA,NA,Y,4,0,2,2,A,-,03,22350,NA,N,-,C,A,A,H,-,A,D,0,NA,NA,NA,NA,Y,NA,D,22,0,0,2,0,0,0,0,0,0,-,-,NA,NA,SAN BERNARDINO,HESPERIA,-117.33846282958984,34.43476104736328
8848759,2019,2019-05-02,3604,2019-04-16,0319,1298,NA,2,5,6,3604,0,0,0,NA,0,NA,SIERRA AV,SAN BERNARDINO,0,NA,Y,A,-,N,NA,NA,NA,NA,NA,NA,NA,NA,NA,Y,3,0,1,2,A,-,03,22350,NA,N,C,C,A,A,H,-,C,A,0,NA,NA,NA,NA,Y,NA,D,22,0,1,0,0,0,0,0,0,0,-,-,NA,NA,SAN BERNARDINO,FONTANA,-117.43567657470705,34.077579498291016
8856321,2019,2019-05-17,3604,2019-04-07,2135,669,NA,7,5,6,3604,0,0,0,NA,0,002,SIERRA LAKES PKWY,CITRUS AV,0,NA,Y,A,-,N,NA,NA,NA,NA,NA,NA,NA,NA,NA,Y,3,0,1,2,A,-,12,21453,A,F,H,I,A,A,H,-,C,D,0,NA,NA,NA,NA,Y,NA,-,99,0,1,0,0,0,0,0,0,0,-,-,NA,NA,SAN BERNARDINO,FONTANA,-117.45362091064452,34.13917922973633
8859842,2019,2019-05-28,3610,2019-04-04,0045,51136,NA,4,5,6,3610,0,0,0,NA,0,BAKER,W BASELINE ST,N E ST,0,NA,Y,A,-,N,NA,NA,NA,NA,NA,NA,NA,NA,NA,Y,4,0,1,1,A,-,08,22107,NA,N,E,I,A,A,H,-,C,A,0,NA,NA,NA,NA,Y,NA,A,08,0,0,1,0,0,0,0,0,0,-,-,34.121341705322266,-117.294189453125,SAN BERNARDINO,SAN BERNARDINO,-117.29415893554688,34.1213493347168
8874293,2019,2019-06-13,3603,2019-04-09,0702,4861,CPD,2,5,4,3603,0,0,0,NA,0,004,S MT VERNON AV,E COOLEY DR,25,S,N,A,-,N,NA,NA,NA,NA,NA,NA,NA,NA,NA,Y,3,0,2,5,A,-,03,22350,NA,N,C,C,A,A,H,-,A,A,0,NA,NA,NA,NA,Y,NA,A,01,0,1,1,0,0,0,0,0,0,-,-,NA,NA,SAN BERNARDINO,COLTON,-117.30924987792967,34.054500579833984
8877626,2019,2019-06-14,3610,2019-05-03,1945,51019,NA,5,5,6,3610,0,0,0,NA,0,POLICE,N VALENCIA AV,E VAL MAR DR,0,NA,Y,A,-,N,NA,NA,NA,NA,NA,NA,NA,NA,NA,N,4,0,1,1,A,-,08,22107,NA,N,A,I,A,-,H,-,C,D,0,NA,NA,NA,NA,Y,NA,A,01,0,0,1,0,0,0,0,0,0,-,-,34.14894104003906,-117.27178955078124,SAN BERNARDINO,SAN BERNARDINO,-117.2725067138672,34.14873123168945
8877700,2019,2019-06-14,3603,2019-05-20,1359,4861,CPD,1,5,4,3603,0,0,0,NA,0,004,S RECHE CANYON RD,SHANE DR,1320,S,N,A,-,N,NA,NA,NA,NA,NA,NA,NA,NA,NA,Y,4,0,1,1,A,-,05,21650,NA,N,E,I,A,A,H,-,A,D,0,NA,NA,NA,NA,Y,NA,A,01,0,0,1,0,0,0,0,0,0,-,-,NA,NA,SAN BERNARDINO,COLTON,-117.27273559570313,34.021644592285156
8878200,2019,2019-06-17,3604,2019-05-24,1456,473,NA,5,5,6,3604,0,0,0,NA,0,NA,JURUPA AV,MULBERRY AV,488,W,N,A,-,N,NA,NA,NA,NA,NA,NA,NA,NA,NA,Y,3,0,3,3,C,-,18,NA,NA,N,C,C,A,A,H,-,A,A,0,NA,NA,NA,NA,Y,NA,-,-,0,3,0,0,0,0,0,0,0,-,-,NA,NA,SAN BERNARDINO,FONTANA,-117.50859832763672,34.04818344116211
8882887,2019,2019-07-08,3601,2019-05-09,1943,P85,BARST,4,5,3,3601,0,0,0,NA,0,PATROL,S FIRST AV,E FREDRICKS ST,0,NA,Y,A,-,N,NA,NA,NA,NA,NA,NA,NA,NA,NA,N,2,0,1,2,A,-,00,33450,A,N,D,G,A,A,H,-,C,A,0,NA,Y,NA,NA,Y,NA,L,04,1,0,0,0,0,0,1,0,0,-,-,NA,NA,SAN BERNARDINO,BARSTOW,-117.02770233154295,34.89665985107422
8895986,2019,2019-08-16,3604,2019-06-28,0142,1326,NA,5,5,6,3604,0,0,0,NA,0,NA,SIERRA AV,SLOVER AV,710,S,N,A,-,N,NA,NA,NA,NA,NA,NA,NA,NA,NA,Y,3,0,1,2,A,-,03,22350,NA,N,C,C,A,B,H,-,C,A,0,NA,NA,NA,Y,Y,NA,D,22,0,1,0,0,0,0,0,0,0,-,-,NA,NA,SAN BERNARDINO,FONTANA,-117.43565368652344,34.0611572265625
8911146,2020,2022-06-11,3608,2020-04-11,1649,4027,NA,6,5,5,3608,0,0,0,NA,0,NA,ORANGE ST,PIONEER AV,3590,N,N,A,-,N,NA,NA,NA,NA,NA,NA,NA,NA,NA,Y,1,1,1,3,A,-,05,21460,A,N,A,C,A,A,H,-,A,A,0,NA,NA,Y,NA,Y,NA,C,02,0,1,0,0,0,0,0,1,0,-,-,NA,NA,SAN BERNARDINO,REDLANDS,-117.1823959350586,34.090675354003906
8913332,2019,2019-09-05,3610,2019-07-21,1648,51141,NA,7,5,6,3610,0,0,0,NA,0,POLICE,E 9TH ST,BOBBETT DR,162,W,N,A,-,N,NA,NA,NA,NA,NA,NA,NA,NA,NA,N,3,0,1,2,A,-,05,21650,1,N,D,G,A,A,H,-,A,D,0,NA,Y,NA,NA,Y,NA,L,04,0,1,0,0,0,0,1,0,0,-,-,34.115821838378906,-117.27007293701172,SAN BERNARDINO,SAN BERNARDINO,-117.26866149902344,34.115760803222656
8916161,2019,2019-08-29,3601,2019-06-25,0725,P91,BARST,2,5,3,3601,0,0,0,NA,0,NA,BARSTOW RD,RIMROCK RD,0,NA,Y,A,-,N,NA,NA,NA,NA,NA,NA,NA,NA,NA,NA,3,0,1,2,A,-,09,21801,A,N,D,C,A,A,H,-,A,A,0,NA,NA,NA,NA,Y,NA,D,22,0,1,0,0,0,0,0,0,0,-,-,NA,NA,SAN BERNARDINO,BARSTOW,-117.02288818359376,34.87685012817383
8938061,2019,2019-10-04,3604,2019-08-19,0914,1127,NA,1,5,6,3604,0,0,0,NA,0,NA,SIERRA AV,MILLER AV,0,NA,Y,A,-,N,NA,NA,NA,NA,NA,NA,NA,NA,NA,Y,3,0,2,2,A,-,12,21453,A,N,D,C,A,A,H,-,A,A,0,NA,NA,NA,NA,Y,NA,-,-,0,2,0,0,0,0,0,0,0,-,-,34.650390625,-117.2693099975586,SAN BERNARDINO,FONTANA,-117.43585205078124,34.11391067504883
8948554,2019,2019-10-09,3604,2019-08-27,0910,925,NA,2,5,6,3604,0,0,0,NA,0,NA,CITRUS AV,WALNUT AV,0,NA,Y,A,-,N,NA,NA,NA,NA,NA,NA,NA,NA,NA,N,3,0,1,2,A,-,10,21950,A,N,G,B,B,A,H,-,A,A,0,Y,NA,NA,NA,Y,NA,I,19,0,1,0,0,1,0,0,0,0,-,-,NA,NA,SAN BERNARDINO,FONTANA,-117.45362854003906,34.12868881225586