CASE_ID,ACCIDENT_YEAR,PROC_DATE,JURIS,COLLISION_DATE,COLLISION_TIME,OFFICER_ID,REPORTING_DISTRICT,DAY_OF_WEEK,CHP_SHIFT,POPULATION,CNTY_CITY_LOC,SPECIAL_COND,BEAT_TYPE,CHP_BEAT_TYPE,CITY_DIVISION_LAPD,CHP_BEAT_CLASS,BEAT_NUMBER,PRIMARY_RD,SECONDARY_RD,DISTANCE,DIRECTION,INTERSECTION,WEATHER_1,WEATHER_2,STATE_HWY_IND,CALTRANS_COUNTY,CALTRANS_DISTRICT,STATE_ROUTE,ROUTE_SUFFIX,POSTMILE_PREFIX,POSTMILE,LOCATION_TYPE,RAMP_INTERSECTION,SIDE_OF_HWY,TOW_AWAY,COLLISION_SEVERITY,NUMBER_KILLED,NUMBER_INJURED,PARTY_COUNT,PRIMARY_COLL_FACTOR,PCF_CODE_OF_VIOL,PCF_VIOL_CATEGORY,PCF_VIOLATION,PCF_VIOL_SUBSECTION,HIT_AND_RUN,TYPE_OF_COLLISION,MVIW,PED_ACTION,ROAD_SURFACE,ROAD_COND_1,ROAD_COND_2,LIGHTING,CONTROL_DEVICE,CHP_ROAD_TYPE,PEDESTRIAN_ACCIDENT,BICYCLE_ACCIDENT,MOTORCYCLE_ACCIDENT,TRUCK_ACCIDENT,NOT_PRIVATE_PROPERTY,ALCOHOL_INVOLVED,STWD_VEHTYPE_AT_FAULT,CHP_VEHTYPE_AT_FAULT,COUNT_SEVERE_INJ,COUNT_VISIBLE_INJ,COUNT_COMPLAINT_PAIN,COUNT_PED_KILLED,COUNT_PED_INJURED,COUNT_BICYCLIST_KILLED,COUNT_BICYCLIST_INJURED,COUNT_MC_KILLED,COUNT_MC_INJURED,PRIMARY_RAMP,SECONDARY_RAMP,LATITUDE,LONGITUDE,COUNTY,CITY,POINT_X,POINT_Y
91776573,2022,2022-05-20,9855,2022-05-10,0826,014637,NA,2,1,6,3616,0,1,1,NA,2,203,SR-210 W/B (FOOTHILL FWY),BERYL ST,25,W,N,A,-,Y,SBD,NA,210,NA,NA,5.074,H,NA,L,Y,3,0,2,3,A,-,03,22350,NA,N,C,C,A,A,H,-,A,D,0,NA,NA,NA,NA,Y,NA,A,01,0,2,0,0,0,0,0,0,0,-,-,34.135009765625,-117.60794067382813,SAN BERNARDINO,RANCHO CUCAMONGA,-117.60794067382813,34.1351203918457
9177990,2020,2020-12-10,3609,2020-10-25,1703,02336,R1091,7,5,5,3609,0,0,0,NA,0,001,LINDEN AV,CASMALIA ST,0,NA,Y,A,-,N,NA,NA,NA,NA,NA,NA,NA,NA,NA,N,4,0,1,2,A,-,21,22106,NA,N,C,C,A,-,H,-,A,A,0,NA,NA,NA,NA,Y,NA,D,22,0,0,1,0,0,0,0,0,0,-,-,34.137428283691406,-117.40097808837892,SAN BERNARDINO,RIALTO,-117.4010009765625,34.13759994506836
91783096,2022,2022-05-27,9855,2022-05-18,1759,018727,NA,3,2,6,3604,0,1,1,NA,2,201,SR-210 W/B (FOOTHILL FWY),BEECH AVE.,2958,W,N,A,-,Y,NA,NA,NA,NA,NA,NA,NA,NA,NA,N,3,0,2,2,A,-,08,22107,NA,N,C,C,A,A,C,-,A,D,0,NA,NA,Y,NA,Y,NA,C,02,0,2,0,0,0,0,0,0,2,-,-,34.572669982910156,-117.19055938720705,SAN BERNARDINO,FONTANA,-117.48078918457033,34.13657760620117
91805007,2022,2022-06-28,9870,2022-06-20,0948,016935,NA,1,1,9,3600,0,1,3,NA,1,031,STATE ROUTE 62 (TWENTYNINE PALMS HIGHWAY),EL REPOSO STREET,25,E,N,A,-,Y,SBD,NA,62,NA,NA,18.398,H,NA,R,Y,3,0,2,4,A,-,07,21658,A,N,C,C,A,A,H,-,A,D,0,NA,NA,NA,NA,Y,NA,A,01,0,1,1,0,0,0,0,0,0,-,-,34.13499069213867,-116.31291198730467,SAN BERNARDINO,UNINCORPORATED,-116.31291198730467,34.13490295410156
91813729,2022,2022-07-11,9860,2022-07-03,0945,019706,NA,7,1,9,3600,0,3,5,NA,2,003,AGATE AVE.,NICE AVE.,16,S,N,A,-,N,NA,NA,NA,NA,NA,NA,NA,NA,NA,Y,2,0,1,3,A,-,08,22107,NA,N,E,I,A,A,H,-,A,A,0,NA,NA,NA,NA,Y,NA,A,01,1,0,0,0,0,0,0,0,0,-,-,34.066280364990234,-117.12581634521484,SAN BERNARDINO,UNINCORPORATED,-117.12572479248048,34.066314697265625
9181582,2020,2020-12-11,3609,2020-10-27,1131,8510,R1073,2,5,5,3609,0,0,0,NA,0,001,RENAISSANCE PKWY,MARKETPLACE WEST,0,NA,Y,A,-,N,NA,NA,NA,NA,NA,NA,NA,NA,NA,N,4,0,1,2,A,-,12,21453,A,N,D,C,A,A,H,-,A,A,0,NA,NA,NA,NA,Y,NA,A,01,0,0,1,0,0,0,0,0,0,-,-,34.13479995727539,-117.39669799804688,SAN BERNARDINO,RIALTO,-117.396713,34.134872
91823713,2022,2022-07-25,9860,2022-07-21,1216,019495,NA,4,1,6,3610,0,3,5,NA,2,002,KENDALL DR,YUCCA AVE,528,N,N,A,-,N,NA,NA,NA,NA,NA,NA,NA,NA,NA,Y,4,0,4,2,A,-,03,22350,NA,N,B,C,A,A,H,-,A,D,0,NA,NA,NA,Y,Y,NA,G,25,0,0,4,0,0,0,0,0,0,-,-,34.204010009765625,-117.38114166259766,SAN BERNARDINO,SAN BERNARDINO,-117.3809051513672,34.20378875732422
91843420,2022,2022-09-23,9855,2022-08-05,1735,019183,NA,5,2,5,3611,0,1,1,NA,2,204,SR-210 E/B (FOOTHILL FWY),CAMPUS AVE.,1500,E,N,A,-,Y,SBD,NA,210,NA,NA,3.774,H,NA,R,Y,2,0,1,2,A,-,07,21658,A,N,B,C,A,A,H,-,A,D,0,NA,NA,Y,NA,Y,NA,A,07,1,0,0,0,0,0,0,0,1,-,-,34.134769439697266,-117.63059997558594,SAN BERNARDINO,UPLAND,-117.63059997558594,34.13475036621094
91855016,2022,2022-09-01,9860,2022-08-18,1410,022723,NA,4,2,9,3600,0,1,1,NA,2,152,I-15 N/B,SR-138,10032,N,N,A,-,Y,SBD,NA,15,NA,R,23.437,H,NA,R,Y,2,0,1,1,A,-,08,22107,NA,N,E,I,A,A,H,-,A,D,0,NA,NA,NA,NA,Y,NA,A,01,1,0,0,0,0,0,0,0,0,-,-,34.33890151977539,-117.47810363769533,SAN BERNARDINO,UNINCORPORATED,-117.4780044555664,34.33879852294922
91859967,2022,2022-09-08,9860,2022-08-30,0535,018275,NA,2,3,6,3610,0,1,1,NA,2,216,I-215 N/B,UNIVERSITY PKWY,1584,N,N,A,-,Y,SBD,NA,215,NA,NA,12.335,H,NA,R,Y,4,0,3,3,A,-,03,22350,NA,N,C,C,A,A,H,-,B,D,0,NA,NA,NA,NA,Y,NA,D,22,0,0,3,0,0,0,0,0,0,-,-,34.17266082763672,-117.34027099609376,SAN BERNARDINO,SAN BERNARDINO,-117.34023284912108,34.17267990112305
91861016,2022,2022-09-09,9850,2022-09-02,1055,017377,NA,5,1,9,3600,0,1,3,NA,2,060,STATE ROUTE 138,STATE ROUTE 2,1478,E,N,A,-,Y,SBD,NA,138,NA,NA,6.952,H,NA,R,Y,3,0,1,2,A,-,03,22350,NA,N,C,C,A,A,H,-,A,D,0,NA,NA,NA,Y,Y,NA,A,01,0,1,0,0,0,0,0,0,0,-,-,34.38713836669922,-117.5739288330078,SAN BERNARDINO,UNINCORPORATED,-117.5740966796875,34.387088775634766
91865043,2022,2022-09-15,9860,2022-09-06,1430,021980,NA,2,2,9,3600,0,3,5,NA,2,002,TIPPECANOE AVE.,6TH ST,0,NA,Y,A,-,N,NA,NA,NA,NA,NA,NA,NA,NA,NA,Y,4,0,1,2,A,-,09,21801,A,F,D,C,A,A,H,-,A,A,0,NA,NA,NA,NA,Y,NA,A,01,0,0,1,0,0,0,0,0,0,-,-,34.1102294921875,-117.26110076904295,SAN BERNARDINO,UNINCORPORATED,-117.26101684570313,34.11018753051758
91868990,2022,2022-09-20,9855,2022-08-23,1150,023010,NA,2,1,6,3607,0,1,1,NA,2,101,I-10 E/B TO ETIWANDA AVENUE,ETIWANDA AVE.,1696,W,N,A,-,Y,SBD,NA,10,NA,NA,10.797,H,NA,R,Y,3,0,1,3,A,-,03,22350,NA,N,E,I,A,A,H,-,A,D,0,NA,NA,NA,Y,Y,NA,F,27,0,1,0,0,0,0,0,0,0,-,-,34.067100524902344,-117.5299072265625,SAN BERNARDINO,ONTARIO,-117.52991485595705,34.06728744506836
91875826,2022,2022-09-28,9860,2022-09-19,0735,018275,NA,1,1,5,3608,0,1,1,NA,2,104,I-10 E/B,ALABAMA STREET,1056,W,N,A,-,Y,SBD,NA,10,NA,NA,29.086,H,NA,R,Y,4,0,2,2,A,-,03,22350,NA,N,C,C,A,A,H,-,A,D,0,NA,NA,NA,NA,Y,NA,A,07,0,0,2,0,0,0,0,0,0,-,-,34.066429138183594,-117.21270751953124,SAN BERNARDINO,REDLANDS,-117.21270751953124,34.06648254394531
91878295,2022,2022-09-30,9860,2022-09-22,1603,020774,NA,4,2,9,3600,0,1,1,NA,2,152,I-15 S/B,SR-138,9504,N,N,A,-,Y,SBD,NA,15,NA,R,23.188,H,NA,L,Y,3,0,1,3,A,-,08,22107,NA,N,B,C,A,A,H,-,A,D,0,NA,NA,NA,Y,Y,NA,A,01,0,1,0,0,0,0,0,0,0,-,-,34.33620071411133,-117.48265075683594,SAN BERNARDINO,UNINCORPORATED,-117.48251342773438,34.33620071411133
91881432,2022,2022-10-04,9850,2022-09-27,1108,019278,NA,2,1,5,3619,0,1,1,NA,2,082,I-15 S/B,JOSHUA STREET,2300,N,N,A,-,Y,SBD,NA,15,NA,NA,32.762,H,NA,L,N,4,0,3,3,A,-,03,22350,NA,N,B,C,A,A,H,-,A,D,0,NA,NA,NA,NA,Y,NA,A,01,0,0,3,0,0,0,0,0,0,-,-,34.41162872314453,-117.3922882080078,SAN BERNARDINO,HESPERIA,-117.39232635498048,34.41164779663086
91882122,2022,2022-10-04,9835,2022-09-21,1400,022324,NA,3,2,9,3600,0,1,3,NA,1,013,SR-58 W/B,US-395,3168,W,N,A,-,Y,SBD,NA,58,NA,R,4.651,H,NA,L,Y,3,0,1,2,A,-,03,22350,NA,N,B,C,A,A,H,-,A,D,0,NA,NA,NA,Y,Y,NA,A,01,0,1,0,0,0,0,0,0,0,-,-,34.99618911743164,-117.55339813232422,SAN BERNARDINO,UNINCORPORATED,-117.55339813232422,34.9962158203125
9188557,2020,2020-12-10,3610,2020-09-21,1753,50532,NA,1,5,6,3610,0,0,0,NA,0,CHARLI,EAST HIGHLAND AV,N SEPULVEDA AV,0,NA,Y,A,-,N,NA,NA,NA,NA,NA,NA,NA,NA,NA,Y,3,0,2,2,A,-,09,21802,A,N,D,C,A,A,H,-,A,A,0,NA,NA,NA,NA,Y,NA,A,01,0,1,1,0,0,0,0,0,0,-,-,NA,NA,SAN BERNARDINO,SAN BERNARDINO,-117.28294372558594,34.135948181152344
91908824,2022,2022-11-03,9855,2022-08-10,1548,022021,NA,3,2,6,3607,0,1,3,NA,2,601,SR-60 E/B (POMONA FWY),HAVEN AVE,1584,E,N,A,-,Y,SBD,NA,60,NA,R,9.278,H,NA,R,N,4,0,1,2,A,-,03,22350,NA,F,C,C,A,A,H,-,A,D,0,NA,NA,NA,NA,Y,NA,-,99,0,0,1,0,0,0,0,0,0,-,-,34.027000427246094,-117.56961059570313,SAN BERNARDINO,ONTARIO,-117.56956481933594,34.02710723876953
91931813,2022,2022-12-01,9870,2022-11-25,2035,021288,NA,5,2,9,3600,0,3,5,NA,2,002,ABERDEEN DRIVE,AVALON AVE,15,W,N,A,-,N,NA,NA,NA,NA,NA,NA,NA,NA,NA,N,4,0,1,2,A,-,03,22350,NA,N,C,C,A,A,H,-,D,A,0,NA,NA,NA,NA,Y,NA,A,01,0,0,1,0,0,0,0,0,0,-,-,34.193050384521484,-116.3868408203125,SAN BERNARDINO,UNINCORPORATED,-116.38703155517578,34.19303894042969
91935133,2022,2022-12-06,9855,2022-11-23,1639,022865,NA,3,2,6,3616,0,1,1,NA,2,152,I-15 N/B (ONTARIO FWY),FOURTH STREET,600,N,N,A,-,Y,SBD,NA,15,NA,NA,3.409,H,NA,R,Y,4,0,1,2,A,-,03,22350,NA,N,C,C,A,A,H,-,A,D,0,NA,NA,Y,NA,Y,NA,C,02,0,0,1,0,0,0,0,0,1,-,-,34.08218002319336,-117.5447006225586,SAN BERNARDINO,RANCHO CUCAMONGA,-117.54470825195313,34.08218002319336
92013736,2023,2023-03-09,9860,2023-02-19,325,023041,NA,7,3,9,3600,0,3,5,NA,2,002,OGDEN ST,NOLAN ST,0,NA,Y,A,-,N,NA,NA,NA,NA,NA,NA,NA,NA,NA,Y,4,0,1,1,A,-,03,22350,NA,N,E,I,A,A,H,-,D,A,0,NA,NA,NA,NA,Y,Y,A,01,0,0,1,0,0,0,0,0,0,-,-,34.157798767089844,-117.33975219726563,SAN BERNARDINO,UNINCORPORATED,-117.33985137939452,34.15779113769531
92031015,2023,2023-03-28,9850,2023-03-21,2125,021384,NA,2,2,9,3600,0,1,1,NA,2,084,I-15 S/B,WILD WASH,3960,S,N,B,C,Y,SBD,NA,15,NA,NA,54.959,H,NA,L,Y,4,0,1,1,A,-,03,22350,NA,N,E,J,A,B,H,-,D,D,0,NA,NA,NA,NA,Y,NA,A,01,0,0,1,0,0,0,0,0,0,-,-,34.688201904296875,-117.21243286132813,SAN BERNARDINO,UNINCORPORATED,-117.21256256103516,34.688236236572266
9203186,2020,2021-01-06,3611,2020-07-30,2019,3190,3611,4,5,5,3611,0,0,0,NA,0,003,CAMPUS AV,19TH ST,175,S,N,A,-,NA,NA,NA,NA,NA,NA,NA,NA,NA,NA,NA,4,0,2,3,A,-,03,22350,NA,N,C,C,A,A,H,-,C,D,0,NA,NA,NA,NA,Y,NA,A,08,0,0,2,0,0,0,0,0,0,-,-,NA,NA,SAN BERNARDINO,UPLAND,-117.64218139648438,34.12993240356445
92039751,2023,2023-04-07,9860,2023-04-01,1203,021980,NA,6,1,9,3600,0,3,5,NA,2,004,LINDEN AVE,MALLORY DR,0,NA,Y,A,-,N,NA,NA,NA,NA,NA,NA,NA,NA,NA,Y,4,0,1,2,A,-,09,21802,A,N,D,C,A,A,H,-,A,A,0,NA,NA,NA,NA,Y,NA,A,01,0,0,1,0,0,0,0,0,0,-,-,34.075279235839844,-117.40078735351563,SAN BERNARDINO,UNINCORPORATED,-117.40080261230467,34.075252532958984
92066826,2023,2023-05-11,9855,2023-05-04,1444,023023,NA,4,2,5,3602,0,1,3,NA,2,603,SR-60 E/B (POMONA FWY),CENTRAL AVENUE,2000,W,N,B,-,Y,SBD,NA,60,NA,R,1.978,H,NA,R,N,4,0,2,3,A,-,03,22350,NA,N,C,C,A,A,H,-,A,D,0,NA,NA,NA,NA,Y,NA,A,08,0,0,2,0,0,0,0,0,0,-,-,34.03010940551758,-117.69621276855467,SAN BERNARDINO,CHINO,-117.69621276855467,34.030113220214844
92067859,2023,2023-05-12,9860,2023-04-30,645,019495,NA,7,1,9,3600,0,1,1,NA,2,102,I-10 E/B,CEDAR AVE.,2587,E,N,A,-,Y,SBD,NA,10,NA,R,18.99,H,NA,R,Y,3,0,2,2,A,-,07,21658,A,N,D,C,A,A,D,-,A,D,0,NA,NA,NA,NA,Y,Y,A,07,0,2,0,0,0,0,0,0,0,-,-,34.068119049072266,-117.38742065429688,SAN BERNARDINO,UNINCORPORATED,-117.38742065429688,34.06814956665039
92075059,2023,2023-05-23,9860,2023-04-23,2050,022906,NA,7,2,6,3604,0,1,1,NA,2,102,I-10 W/B,SIERRA AVE,3326,E,N,A,-,Y,SBD,NA,10,NA,NA,16.877,H,NA,L,Y,3,0,1,2,A,-,07,21658,A,F,B,C,A,A,H,-,C,D,0,NA,NA,NA,NA,Y,Y,A,01,0,1,0,0,0,0,0,0,0,-,-,34.06753921508789,-117.42434692382813,SAN BERNARDINO,FONTANA,-117.42434692382813,34.06751251220703
92084559,2023,2023-06-02,9855,2023-05-31,955,018313,NA,3,1,6,3607,0,1,3,NA,2,601,SR-60 W/B (POMONA FWY),ARCHIBALD AVE,100,E,N,B,-,Y,SBD,NA,60,NA,R,7.952,H,NA,L,N,4,0,1,2,A,-,03,22350,NA,N,C,C,A,A,H,-,A,D,0,NA,NA,NA,NA,Y,NA,D,22,0,0,1,0,0,0,0,0,0,-,-,34.03071975708008,-117.59207916259766,SAN BERNARDINO,ONTARIO,-117.59207916259766,34.030731201171875
9209027,2020,2021-02-17,3610,2020-12-16,1226,51055,NA,3,5,6,3610,0,0,0,NA,0,POLICE,EAST HIGHLAND AV,N WALL AV,96,E,N,A,-,N,NA,NA,NA,NA,NA,NA,NA,NA,NA,Y,3,0,2,2,A,-,08,22107,NA,N,D,C,A,A,H,-,A,D,0,NA,NA,NA,NA,Y,NA,A,01,0,1,1,0,0,0,0,0,0,-,-,34.135169982910156,-117.28102111816406,SAN BERNARDINO,SAN BERNARDINO,-117.28101348876952,34.13594055175781
92103192,2023,2023-06-27,9855,2023-06-20,615,018313,NA,2,1,6,3616,0,1,1,NA,2,153,I-15 S/B TO SR-210 W/B,I-15,700,W,N,B,-,Y,NA,NA,NA,NA,NA,NA,NA,NA,NA,Y,4,0,1,3,A,-,03,22350,NA,N,C,C,A,A,H,-,A,A,0,NA,NA,NA,NA,Y,NA,A,01,0,0,1,0,0,0,0,0,0,-,-,34.13780975341797,-117.49683380126952,SAN BERNARDINO,RANCHO CUCAMONGA,-117.49683380126952,34.13780975341797
92110176,2023,2023-08-23,9855,2023-07-03,2127,015919,NA,1,2,6,3604,0,1,1,NA,2,201,SR-210 W/B (FOOTHILL FWY),SIERRA AVENUE,200,W,N,A,-,Y,SBD,NA,210,NA,NA,14.859,H,NA,L,Y,4,0,3,3,A,-,03,22350,NA,N,C,2,A,A,G,-,C,D,0,NA,NA,NA,NA,Y,NA,A,01,0,0,3,0,0,0,0,0,0,-,-,34.13650131225586,-117.43730926513672,SAN BERNARDINO,FONTANA,-117.43730926513672,34.13648986816406
92112937,2023,2023-07-10,9855,2023-06-29,630,017781,NA,4,1,6,3616,0,1,1,NA,2,203,SR-210 W/B (FOOTHILL FWY),ARCHIBALD AVE.,900,W,N,A,-,Y,SBD,NA,210,NA,NA,5.719,H,NA,L,Y,4,0,1,4,A,-,04,21703,NA,M,C,C,A,A,H,-,A,D,0,NA,NA,NA,NA,Y,NA,A,01,0,0,1,0,0,0,0,0,0,-,-,34.13518142700195,-117.59668731689452,SAN BERNARDINO,RANCHO CUCAMONGA,-117.59668731689452,34.13517761230469
92113465,2023,2023-07-10,9835,2023-07-04,1012,021448,NA,2,1,9,3600,0,1,1,NA,2,043,I-40 W/B,40 SBD 27.5,528,E,N,A,-,Y,SBD,NA,40,NA,R,27.576,H,NA,L,Y,3,0,1,1,A,-,08,22107,NA,N,F,A,A,A,H,-,A,D,0,NA,NA,NA,NA,Y,NA,A,01,0,1,0,0,0,0,0,0,0,-,-,34.80345916748047,-116.53736114501952,SAN BERNARDINO,UNINCORPORATED,-116.537353515625,34.80349349975586
9211625,2020,2021-02-18,3610,2020-12-16,2019,50808,NA,3,5,6,3610,0,0,0,NA,0,DAVID,E 3RD ST,NORTH WATERMAN AV,0,NA,Y,A,-,N,NA,NA,NA,NA,NA,NA,NA,NA,NA,Y,1,1,3,4,A,-,01,23152,F,N,C,C,A,A,H,-,C,A,0,NA,NA,NA,Y,Y,NA,A,07,0,1,2,0,0,0,0,0,0,-,-,34.104591369628906,-117.27874755859376,SAN BERNARDINO,SAN BERNARDINO,-117.2787628173828,34.104591369628906
92119738,2023,2023-07-18,9865,2023-07-09,1650,021669,NA,7,2,9,3600,0,1,3,NA,1,030,SR-18,SR-38,2640,N,N,A,-,Y,SBD,NA,18,NA,NA,44.537,H,NA,R,Y,3,0,2,2,A,-,08,22107,NA,N,A,C,A,A,H,-,A,D,0,NA,NA,NA,NA,Y,NA,A,01,0,2,0,0,0,0,0,0,0,-,-,34.242061614990234,-116.97479248046876,SAN BERNARDINO,UNINCORPORATED,-116.97476959228516,34.24207305908203
92127770,2023,2023-07-27,9855,2023-07-26,2135,022584,NA,3,2,9,3600,0,3,5,NA,2,001,BEECH AVENUE,ARROW ROUTE,0,NA,Y,A,-,N,NA,NA,NA,NA,NA,NA,NA,NA,NA,Y,4,0,1,2,A,-,12,21453,A,N,D,C,A,A,H,-,C,A,0,NA,NA,NA,NA,Y,NA,-,-,0,0,1,0,0,0,0,0,0,-,-,34.09917068481445,-117.47126770019533,SAN BERNARDINO,UNINCORPORATED,-117.47122192382813,34.099281311035156
92134166,2023,2023-08-02,9855,2023-07-25,2304,021941,NA,2,3,6,3604,0,1,1,NA,2,153,I-15 S/B (ONTARIO FWY),SIERRA AVE.,6072,S,N,A,-,Y,SBD,NA,15,NA,NA,11.709,H,NA,L,Y,4,0,1,1,A,-,08,22107,NA,N,F,J,A,A,H,-,C,D,0,NA,NA,NA,NA,Y,NA,A,01,0,0,1,0,0,0,0,0,0,-,-,34.17176055908203,-117.45301055908205,SAN BERNARDINO,FONTANA,-117.4529266357422,34.171669006347656
92141869,2023,2023-08-11,9855,2023-08-04,1340,023027,NA,5,1,9,3600,0,3,5,NA,2,001,WHITTRAM AVE (15000 BLOCK),HEMLOCK AVE,0,NA,Y,A,-,N,NA,NA,NA,NA,NA,NA,NA,NA,NA,Y,4,0,4,3,A,-,09,21802,A,N,D,2,A,A,H,-,A,A,0,NA,NA,NA,NA,Y,NA,A,01,0,0,4,0,0,0,0,0,0,-,-,34.095760345458984,-117.47576904296876,SAN BERNARDINO,UNINCORPORATED,-117.47573089599608,34.09571838378906
92160910,2023,2023-09-01,9835,2023-08-26,549,022794,NA,6,3,9,3600,0,1,1,NA,2,074,NB I-15,BASIN ROAD,9768,N,N,A,-,Y,SBD,NA,15,NA,R,122.281,H,NA,R,Y,3,0,1,2,A,-,03,22350,NA,N,C,C,A,A,H,-,B,D,0,NA,NA,NA,NA,Y,NA,M,59,0,1,0,0,0,0,0,0,0,-,-,35.11663818359375,-116.23769378662108,SAN BERNARDINO,UNINCORPORATED,-116.23769378662108,35.116641998291016
92164463,2023,2023-09-07,9855,2023-08-25,2303,022510,NA,5,3,6,3604,0,1,1,NA,2,201,SR-210 W/B (FOOTHILL FWY),CHERRY AVE,1584,E,N,A,-,Y,SBD,NA,210,NA,NA,12.234,H,NA,L,Y,4,0,1,2,A,-,01,23152,A,N,B,C,A,A,H,-,D,D,0,NA,NA,NA,NA,Y,Y,A,01,0,0,1,0,0,0,0,0,0,-,-,34.1366081237793,-117.48307800292967,SAN BERNARDINO,FONTANA,-117.48307800292967,34.13657760620117
92164764,2023,2023-09-07,9870,2023-09-01,2040,021128,NA,5,2,9,3600,0,1,3,NA,1,041,SR-62 (TWENTYNINE PALMS HWY.),GOLD CROWN RD,2640,W,N,C,-,Y,SBD,NA,62,NA,NA,48.122,H,NA,R,N,3,0,1,1,A,-,08,22107,NA,N,F,A,A,B,H,-,D,D,0,NA,NA,NA,NA,Y,NA,A,07,0,1,0,0,0,0,0,0,0,-,-,34.122310638427734,-115.80156707763672,SAN BERNARDINO,UNINCORPORATED,-115.80156707763672,34.122276306152344
9217144,2021,2021-03-15,3600,2021-01-04,1452,C8664,AP023,1,5,5,3621,0,0,0,NA,0,AP1,BASS HILL RD,WEESTLUND WAY,0,NA,Y,A,-,N,NA,NA,NA,NA,NA,NA,NA,NA,NA,Y,4,0,3,2,A,-,09,21801,A,N,D,C,A,A,H,-,A,A,0,NA,NA,NA,NA,Y,NA,A,07,0,0,3,0,0,0,0,0,0,-,-,NA,NA,SAN BERNARDINO,APPLE VALLEY,-117.219669,34.52789
92172296,2023,2023-09-18,9855,2023-09-06,1914,015919,NA,3,2,5,3611,0,1,1,NA,2,203,SR-210 E/B (FOOTHILL FWY),MOUNTAIN AVENUE,900,E,N,A,-,Y,NA,NA,NA,NA,NA,NA,NA,NA,NA,Y,3,0,1,2,A,-,03,22350,NA,N,C,C,A,A,H,-,A,D,0,NA,NA,Y,NA,Y,NA,C,02,0,1,0,0,0,0,0,0,1,-,-,34.13412857055664,-117.67095947265624,SAN BERNARDINO,UPLAND,-117.67095947265624,34.13455581665039
92193407,2023,2023-10-06,9860,2023-10-05,1317,017098,NA,4,1,9,3600,0,1,1,NA,2,151,I-15 S/B,CLEGHORN ROAD,200,S,N,A,-,Y,SBD,NA,15,NA,R,19.963,H,NA,L,N,3,0,1,2,A,-,03,22350,NA,N,C,C,A,A,H,-,A,D,0,NA,NA,Y,NA,Y,NA,C,02,0,1,0,0,0,0,0,0,1,-,-,34.29811096191406,-117.45719146728516,SAN BERNARDINO,UNINCORPORATED,-117.45720672607422,34.298099517822266
92194817,2023,2023-10-10,9860,2023-09-29,725,018275,NA,5,1,9,3600,0,3,5,NA,2,004,MARYGOLD AVENUE,GRACE STREET,0,NA,Y,A,-,N,NA,NA,NA,NA,NA,NA,NA,NA,NA,N,4,0,2,2,A,-,09,21802,A,N,D,C,A,A,H,-,A,A,0,NA,NA,NA,NA,Y,NA,A,01,0,0,2,0,0,0,0,0,0,-,-,34.07405090332031,-117.41229248046876,SAN BERNARDINO,UNINCORPORATED,-117.41224670410156,34.07403564453125
9219489,2021,2021-03-19,3604,2021-01-22,1206,1302,FONTA,5,5,6,3604,0,0,0,NA,0,003,PALMETTO AV,PACIFIC ELECTRIC TRL,0,NA,Y,B,-,N,NA,NA,NA,NA,NA,NA,NA,NA,NA,N,3,0,1,2,A,-,03,22350,NA,N,H,G,A,A,H,-,A,A,0,NA,Y,NA,NA,Y,NA,A,01,0,1,0,0,0,0,1,0,0,-,-,NA,NA,SAN BERNARDINO,FONTANA,-117.42705535888672,34.1010627746582
92227247,2023,2023-11-03,9855,2023-10-19,700,017781,NA,4,1,6,3616,0,1,1,NA,2,201,SR-210 W/B (FOOTHILL FWY),HAVEN AVE.,1800,E,N,A,-,Y,SBD,NA,210,NA,NA,7.265,H,NA,L,Y,2,0,1,2,A,-,07,21658,A,N,C,C,A,A,H,-,A,D,0,NA,NA,Y,NA,Y,NA,A,01,1,0,0,0,0,0,0,0,1,-,-,34.13658142089844,-117.56974792480467,SAN BERNARDINO,RANCHO CUCAMONGA,-117.56974792480467,34.13658142089844
92241667,2023,2023-11-21,9855,2023-11-13,1635,023027,NA,1,2,4,3605,0,1,1,NA,2,103,I-10 W/B (SAN BERNARDINO FWY),MONTE VISTA AVE.,1500,E,N,A,-,Y,SBD,NA,10,NA,NA,0.985,H,NA,L,N,4,0,1,2,A,-,03,22350,NA,N,C,C,A,A,D,-,A,D,0,NA,NA,NA,NA,Y,NA,A,01,0,0,1,0,0,0,0,0,0,-,-,34.08380126953125,-117.69351959228516,SAN BERNARDINO,MONTCLAIR,-117.69357299804688,34.083885192871094