CASE_ID,ACCIDENT_YEAR,PROC_DATE,JURIS,COLLISION_DATE,COLLISION_TIME,OFFICER_ID,REPORTING_DISTRICT,DAY_OF_WEEK,CHP_SHIFT,POPULATION,CNTY_CITY_LOC,SPECIAL_COND,BEAT_TYPE,CHP_BEAT_TYPE,CITY_DIVISION_LAPD,CHP_BEAT_CLASS,BEAT_NUMBER,PRIMARY_RD,SECONDARY_RD,DISTANCE,DIRECTION,INTERSECTION,WEATHER_1,WEATHER_2,STATE_HWY_IND,CALTRANS_COUNTY,CALTRANS_DISTRICT,STATE_ROUTE,ROUTE_SUFFIX,POSTMILE_PREFIX,POSTMILE,LOCATION_TYPE,RAMP_INTERSECTION,SIDE_OF_HWY,TOW_AWAY,COLLISION_SEVERITY,NUMBER_KILLED,NUMBER_INJURED,PARTY_COUNT,PRIMARY_COLL_FACTOR,PCF_CODE_OF_VIOL,PCF_VIOL_CATEGORY,PCF_VIOLATION,PCF_VIOL_SUBSECTION,HIT_AND_RUN,TYPE_OF_COLLISION,MVIW,PED_ACTION,ROAD_SURFACE,ROAD_COND_1,ROAD_COND_2,LIGHTING,CONTROL_DEVICE,CHP_ROAD_TYPE,PEDESTRIAN_ACCIDENT,BICYCLE_ACCIDENT,MOTORCYCLE_ACCIDENT,TRUCK_ACCIDENT,NOT_PRIVATE_PROPERTY,ALCOHOL_INVOLVED,STWD_VEHTYPE_AT_FAULT,CHP_VEHTYPE_AT_FAULT,COUNT_SEVERE_INJ,COUNT_VISIBLE_INJ,COUNT_COMPLAINT_PAIN,COUNT_PED_KILLED,COUNT_PED_INJURED,COUNT_BICYCLIST_KILLED,COUNT_BICYCLIST_INJURED,COUNT_MC_KILLED,COUNT_MC_INJURED,PRIMARY_RAMP,SECONDARY_RAMP,LATITUDE,LONGITUDE,COUNTY,CITY,POINT_X,POINT_Y
6741731,2014,2015-01-21,9860,2014-11-22,1340,018905,NA,6,1,4,3603,0,1,1,NA,2,214,RT 215,BARTON RD,2112,S,N,A,-,Y,NA,NA,215,NA,NA,NA,NA,NA,NA,Y,3,0,1,1,A,-,08,22107,NA,N,E,I,A,A,D,-,A,D,0,NA,NA,NA,NA,Y,NA,D,22,0,1,0,0,0,0,0,0,0,-,-,34.02965,-117.32929,SAN BERNARDINO,COLTON,-117.32943502,34.02981238
6741983,2014,2016-04-30,9855,2014-08-23,1510,15299,NA,6,2,6,3607,0,1,1,NA,2,152,RT 10,MILLIKEN AV,100,E,N,A,-,Y,SBD,8,10,-,-,9.2,H,-,E,N,4,0,1,2,A,-,03,22350,NA,M,C,C,A,A,H,-,A,D,1,NA,NA,NA,NA,Y,NA,-,99,0,0,1,0,0,0,0,0,0,-,-,NA,NA,SAN BERNARDINO,ONTARIO,-117.55778399,34.0673779
6745038,2014,2015-01-26,9850,2014-11-24,1855,020848,NA,1,2,9,3600,0,3,5,NA,2,005,EL EVADO RD,CHOLAME RD,0,NA,Y,A,-,N,NA,NA,NA,NA,NA,NA,NA,NA,NA,Y,4,0,1,2,A,-,09,21802,A,N,D,C,A,A,H,-,D,A,0,NA,NA,NA,NA,Y,NA,A,07,0,0,1,0,0,0,0,0,0,-,-,34.50132,-117.34662,SAN BERNARDINO,UNINCORPORATED,-117.34674006,34.50130006
6746853,2014,2015-01-26,3608,2014-11-25,1533,3675,NA,2,5,5,3608,0,0,0,NA,0,NA,CHURCH ST,TULANE CT,0,NA,Y,A,-,N,NA,NA,NA,NA,NA,NA,NA,NA,NA,N,3,0,1,2,A,-,05,21650,NA,N,D,G,A,A,H,-,A,D,0,NA,Y,NA,NA,Y,NA,L,04,0,1,0,0,0,0,1,0,0,-,-,NA,NA,SAN BERNARDINO,REDLANDS,-117.17376709,34.06714296
6747971,2014,2015-01-26,9835,2014-11-27,1430,17724,NA,4,2,9,3600,0,3,5,NA,2,032,SANTA FE RD,HINKLEY RD,2.5,W,N,A,-,N,NA,NA,NA,NA,NA,NA,NA,NA,NA,Y,4,0,1,1,A,-,08,22107,NA,N,E,I,A,A,H,-,A,D,0,NA,NA,NA,NA,Y,NA,A,07,0,0,1,0,0,0,0,0,0,-,-,NA,NA,SAN BERNARDINO,UNINCORPORATED,-117.18896803,34.93328179
6755820,2014,2015-02-05,3608,2014-12-13,1801,3461,NA,6,5,5,3608,0,0,0,NA,0,NA,ALESSANDRO RD,CREEKSIDE AV,65,S,N,A,-,N,NA,NA,NA,NA,NA,NA,NA,NA,NA,Y,3,0,1,1,A,-,08,22107,NA,N,E,I,A,A,H,-,D,A,0,NA,NA,NA,NA,Y,NA,A,01,0,1,0,0,0,0,0,0,0,-,-,NA,NA,SAN BERNARDINO,REDLANDS,-117.17905679,34.01468482
6814274,2015,2015-03-11,3600,2015-01-26,1313,T1686,APO18,1,5,5,3621,0,0,0,NA,0,NA,NAVAJO RD,OTTAWA RD,35,N,N,A,-,N,NA,NA,NA,NA,NA,NA,NA,NA,NA,Y,4,0,1,2,A,-,08,22100,NA,N,B,C,A,A,H,-,A,A,0,NA,NA,NA,NA,Y,NA,J,41,0,0,1,0,0,0,0,0,0,-,-,NA,NA,SAN BERNARDINO,APPLE VALLEY,-117.19024257,34.49334403
6876379,2015,2016-10-24,9860,2015-03-04,0926,016575,NA,3,1,4,3603,0,1,1,NA,2,214,RT 215,IOWA AV,2640,N,N,A,-,Y,SBD,8,215,-,-,0.9,H,-,S,Y,4,0,3,3,A,-,03,22350,NA,N,C,C,A,A,D,-,A,D,1,NA,NA,NA,NA,Y,NA,D,22,0,0,3,0,0,0,0,0,0,-,-,34.02665,-117.33294,SAN BERNARDINO,COLTON,-117.32990016,34.02963198
6817727,2015,2015-03-09,3600,2015-02-05,0928,D6174,RC028,4,5,6,3616,0,0,0,NA,0,RC6,BASE LINE RD,HERMOSA AV,0,NA,Y,A,-,N,NA,NA,NA,NA,NA,NA,NA,NA,NA,Y,4,0,2,3,A,-,12,21453,A,N,D,C,A,A,H,-,A,A,0,NA,NA,NA,NA,Y,NA,A,01,0,0,2,0,0,0,0,0,0,-,-,NA,NA,SAN BERNARDINO,RANCHO CUCAMONGA,-117.58469007,34.12153006
6760589,2014,2015-01-23,9860,2014-11-12,2324,18131,NA,3,3,4,3603,0,1,1,NA,2,102,RT 10,PEPPER,600,W,N,A,-,Y,NA,NA,10,NA,NA,NA,NA,NA,NA,Y,3,0,1,2,A,-,03,22350,NA,N,C,C,A,A,H,-,D,D,0,NA,NA,NA,NA,Y,NA,A,01,0,1,0,0,0,0,0,0,0,-,-,34.06869,-117.35777,SAN BERNARDINO,COLTON,-117.35777116,34.06886224
6770026,2014,2015-02-05,9865,2014-12-20,1008,018392,NA,6,1,9,3600,0,1,3,NA,1,010,RT 18,MPM 18 SBD 15.21,15,N,N,B,-,Y,NA,NA,18,NA,NA,NA,NA,NA,NA,Y,3,0,1,2,A,-,07,21658,A,N,E,I,A,A,H,-,B,D,0,NA,NA,NA,NA,Y,NA,-,99,0,1,0,0,0,0,0,0,0,-,-,34.22602,-117.30361,SAN BERNARDINO,UNINCORPORATED,-117.30364669,34.22595401
6770674,2014,2015-02-06,9865,2014-12-03,1545,015271,NA,3,2,9,3600,0,3,5,NA,2,003,DIVISION DR,RT 38,0,NA,Y,B,C,Y,NA,NA,NA,NA,NA,NA,NA,NA,NA,N,4,0,1,2,A,-,21,22106,NA,N,C,C,A,B,H,-,A,A,0,NA,NA,NA,NA,Y,NA,A,01,0,0,1,0,0,0,0,0,0,-,-,34.26522,-116.86643,SAN BERNARDINO,UNINCORPORATED,NA,NA
6853632,2014,2015-03-20,9855,2014-10-18,1710,015498,NA,6,2,4,3605,0,1,1,NA,2,103,RT 10,CENTRAL AV,39,W,N,A,-,Y,NA,NA,10,NA,NA,NA,NA,NA,NA,Y,4,0,1,2,A,-,08,22107,NA,N,E,I,A,A,H,-,A,D,0,NA,NA,NA,NA,Y,NA,A,01,0,0,1,0,0,0,0,0,0,-,-,34.08505,-117.69005,SAN BERNARDINO,MONTCLAIR,-117.6901095,34.08518935
6902829,2015,2016-10-13,9855,2015-02-06,1555,15498,NA,5,2,6,3607,0,1,1,NA,2,103,RT 10,HOLT BL,1056,W,N,A,-,Y,SBD,8,10,-,-,6.29,H,-,W,Y,4,0,1,3,A,-,03,22350,NA,N,C,C,A,A,H,-,A,D,1,NA,NA,NA,NA,Y,NA,A,01,0,0,1,0,0,0,0,0,0,-,-,34.06833,-117.60138,SAN BERNARDINO,ONTARIO,-117.60807799,34.06949713
6777096,2014,2015-01-26,3602,2014-11-19,2114,3054,NA,3,5,5,3602,0,0,0,NA,0,NA,RAMONA AV,RIVERSIDE DR,565,S,N,A,-,N,NA,NA,NA,NA,NA,NA,NA,NA,NA,Y,3,0,1,1,A,-,08,22107,NA,N,B,I,A,A,H,-,C,A,0,NA,NA,NA,NA,Y,NA,A,01,0,1,0,0,0,0,0,0,0,-,-,NA,NA,SAN BERNARDINO,CHINO,-117.70674,34.01739181
6778066,2014,2015-01-29,3611,2014-10-11,0857,2365,14,6,5,5,3611,0,0,0,NA,0,001,MOUNTAIN AV,21ST ST,0,NA,Y,A,-,N,NA,NA,NA,NA,NA,NA,NA,NA,NA,Y,4,0,2,2,A,-,12,21453,A,N,D,C,A,A,H,-,A,A,0,NA,NA,NA,NA,Y,NA,A,01,0,0,2,0,0,0,0,0,0,-,-,NA,NA,SAN BERNARDINO,UPLAND,-117.67033012,34.1396801
6780771,2014,2016-04-30,9855,2014-09-03,0730,014688,NA,3,1,6,3604,0,1,1,NA,2,101,RT 10,SIERRA AV,528,W,N,A,-,Y,SBD,8,10,-,-,16.12,H,-,W,Y,4,0,1,2,A,-,03,22350,NA,N,C,C,A,A,H,-,A,D,1,NA,NA,NA,NA,Y,NA,A,01,0,0,1,0,0,0,0,0,0,-,-,NA,NA,SAN BERNARDINO,FONTANA,-117.4374324,34.06734005
6755288,2014,2015-02-06,3600,2014-12-03,1636,D3560,HE128,3,5,5,3619,0,0,0,NA,0,HE1,MAIN ST,HICKORY AV,0,NA,Y,C,-,N,NA,NA,NA,NA,NA,NA,NA,NA,NA,N,4,0,1,2,A,-,09,21801,A,N,D,C,A,B,H,-,B,A,0,NA,NA,NA,NA,Y,NA,A,01,0,0,1,0,0,0,0,0,0,-,-,NA,NA,SAN BERNARDINO,HESPERIA,-117.3270101,34.4258601
6783714,2015,2015-03-24,3600,2015-02-22,1738,S2984,YC102,7,5,4,3640,0,0,0,NA,0,YC1,OAK GLEN RD,5TH ST,8,W,N,B,-,N,NA,NA,NA,NA,NA,NA,NA,NA,NA,Y,4,0,1,2,A,-,09,21800,A,N,D,C,A,B,H,-,C,A,0,NA,NA,NA,NA,Y,NA,D,22,0,0,1,0,0,0,0,0,0,-,-,NA,NA,SAN BERNARDINO,YUCAIPA,-117.0550316,34.04437748
6790225,2015,2016-10-11,9834,2015-01-02,0836,16267,NA,5,1,9,3600,0,1,1,NA,2,042,RT 40,WATSON WASH,190,W,N,A,-,Y,SBD,8,40,-,R,105.8,H,-,E,Y,4,0,3,1,A,-,08,22107,NA,N,E,I,A,A,H,-,A,D,1,NA,NA,NA,NA,Y,NA,A,07,0,0,3,0,0,0,0,0,0,-,-,34.80445,-115.25601,SAN BERNARDINO,UNINCORPORATED,-115.21442907,34.80942534
6795836,2015,2015-02-23,3600,2015-01-08,1752,F6297,VC020,4,5,5,3612,0,0,0,NA,0,003,BALSAM AV,LITTLE BEAVER ST,0,NA,Y,A,-,N,NA,NA,NA,NA,NA,NA,NA,NA,NA,Y,3,0,3,2,A,-,03,22350,NA,N,C,C,A,A,H,-,D,-,0,NA,NA,NA,NA,Y,NA,A,01,0,1,2,0,0,0,0,0,0,-,-,NA,NA,SAN BERNARDINO,VICTORVILLE,-117.33001001,34.48273001
6797571,2014,2015-02-06,3610,2014-12-01,1445,50294,NA,1,5,6,3610,0,0,0,NA,0,NA,RIALTO AV,ARROWHEAD AV,0,NA,Y,B,-,N,NA,NA,NA,NA,NA,NA,NA,NA,NA,Y,4,0,3,3,A,-,-,NA,NA,N,-,C,A,A,H,-,A,A,0,NA,NA,NA,NA,Y,NA,A,01,0,0,3,0,0,0,0,0,0,-,-,NA,NA,SAN BERNARDINO,SAN BERNARDINO,-117.28965006,34.10085007
6805990,2014,2015-02-17,9855,2014-10-07,0710,012923,NA,2,1,6,3607,0,1,3,NA,2,601,RT 60,GROVE AV,395,W,N,A,-,Y,NA,NA,60,NA,NA,NA,NA,NA,NA,Y,4,0,2,5,A,-,03,22350,NA,N,C,C,A,A,H,-,A,D,0,NA,NA,NA,NA,Y,NA,A,07,0,0,2,0,0,0,0,0,0,-,-,34.03075,-117.63244,SAN BERNARDINO,ONTARIO,-117.63243925,34.03058111
6888457,2015,2016-11-14,9860,2015-04-03,2330,20739,NA,5,3,9,3600,0,1,1,NA,2,152,RT 138,SUMMIT VALLEY BL,5280,W,N,A,-,Y,SBD,8,138,-,-,19.91,H,-,E,Y,4,0,1,1,A,-,08,22107,NA,N,F,-,A,-,H,-,D,D,0,NA,NA,NA,NA,Y,NA,A,01,0,0,1,0,0,0,0,0,0,-,-,34.32506,-117.41449,SAN BERNARDINO,UNINCORPORATED,-117.41450613,34.32516826
6889094,2015,2016-10-17,9860,2015-03-27,1450,012530,NA,5,2,5,3608,0,1,1,NA,2,203,RT 210,SAN BERNARDINO AV,1306,W,N,A,-,Y,SBD,8,210,-,R,32.15,H,-,W,N,3,0,1,1,A,-,08,22107,NA,N,E,I,A,A,H,-,A,D,0,NA,NA,NA,NA,Y,NA,A,01,0,1,0,0,0,0,0,0,0,-,-,34.10855,-117.20057,SAN BERNARDINO,REDLANDS,-117.20054514,34.08034955
6818448,2015,2015-05-13,3610,2015-01-29,0205,50614,NA,4,5,6,3610,0,0,0,NA,0,NA,VALENCIA AV N,W MARSHALL BL,340,N,N,A,-,N,NA,NA,NA,NA,NA,NA,NA,NA,NA,Y,4,0,1,1,A,-,01,23152,A,N,E,I,A,A,-,-,D,D,0,NA,NA,NA,NA,Y,Y,A,01,0,0,1,0,0,0,0,0,0,-,-,NA,NA,SAN BERNARDINO,SAN BERNARDINO,-117.27251,34.15038142
6934050,2015,2015-06-04,3603,2015-04-26,0251,CL4693,COLTO,7,5,4,3603,0,0,0,NA,0,001,SAN BERNARDINO AV,PEPPER AV,140,W,N,B,-,N,NA,NA,NA,NA,NA,NA,NA,NA,NA,Y,4,0,1,1,A,-,05,21650,NA,N,E,I,A,B,H,-,C,A,0,NA,NA,NA,NA,Y,NA,A,07,0,0,1,0,0,0,0,0,0,-,-,NA,NA,SAN BERNARDINO,COLTON,-117.35338092,34.07775466
6891424,2015,2017-01-11,9834,2015-04-14,0435,016253,NA,2,3,9,3600,0,1,1,NA,2,042,RT 40,GOFFS RD,10560,W,N,A,-,Y,SBD,8,40,-,R,104.97,H,-,W,Y,3,0,2,1,A,-,08,22107,NA,N,E,I,A,A,H,-,D,D,1,NA,NA,NA,Y,Y,NA,G,25,0,2,0,0,0,0,0,0,0,-,-,34.808840000000004,-115.22834,SAN BERNARDINO,UNINCORPORATED,-115.22902027,34.80883069
6843443,2014,2015-03-11,3610,2014-12-02,1120,24925,NA,2,5,6,3610,0,0,0,NA,0,NA,HIGHLAND AV,ARROWHEAD DR,0,NA,Y,C,-,N,NA,NA,NA,NA,NA,NA,NA,NA,NA,N,4,0,1,2,A,-,03,22350,NA,N,C,C,A,B,-,-,A,A,0,NA,NA,NA,NA,Y,NA,A,01,0,0,1,0,0,0,0,0,0,-,-,NA,NA,SAN BERNARDINO,SAN BERNARDINO,-117.28965004,34.13597003
6894168,2015,2015-05-04,3607,2015-03-29,1418,80357,127,7,5,6,3607,0,0,0,NA,0,022,B ST,SULTANA AV,150,W,N,A,-,N,NA,NA,NA,NA,NA,NA,NA,NA,NA,Y,4,0,1,2,A,-,06,21750,NA,N,D,C,A,A,H,-,A,D,0,NA,NA,NA,NA,Y,NA,-,NA,0,0,1,0,0,0,0,0,0,-,-,NA,NA,SAN BERNARDINO,ONTARIO,-117.64655363,34.06457481
6894519,2015,2016-12-10,9850,2015-04-12,2135,020817,NA,7,2,5,3612,0,1,1,NA,2,083,RT 15,MOJAVE DR,17,N,N,A,-,Y,SBD,8,15,-,-,42.139,R,1,S,N,4,0,1,2,A,-,03,22350,NA,F,C,C,A,A,H,-,C,A,1,NA,NA,NA,NA,Y,NA,A,01,0,0,1,0,0,0,0,0,0,-,-,34.52915,-117.31666,SAN BERNARDINO,VICTORVILLE,-117.31508803,34.53053846
6849829,2015,2015-03-24,3607,2015-02-11,2029,15021,135,3,5,6,3607,0,0,0,NA,0,032,HOLT AV,GROVE AV,0,NA,Y,A,-,N,NA,NA,NA,NA,NA,NA,NA,NA,NA,N,4,0,1,2,A,-,09,21800,A,N,D,C,A,A,H,-,C,A,0,NA,NA,NA,NA,Y,NA,-,NA,0,0,1,0,0,0,0,0,0,-,-,NA,NA,SAN BERNARDINO,ONTARIO,-117.62850009,34.06342003
6945615,2015,2015-06-15,3610,2015-04-06,2045,50761,NA,1,5,6,3610,0,0,0,NA,0,NA,MT VERNON AV,8TH ST,0,NA,Y,A,-,N,NA,NA,NA,NA,NA,NA,NA,NA,NA,Y,2,0,3,2,A,-,09,21802,A,N,D,C,A,A,H,-,C,A,0,NA,NA,Y,NA,Y,NA,A,01,1,1,1,0,0,0,0,0,1,-,-,NA,NA,SAN BERNARDINO,SAN BERNARDINO,-117.31385003,34.11390002
6950448,2015,2015-06-26,3600,2015-05-05,0830,D2004,YV04,2,5,3,3631,0,0,0,NA,0,023,YUCCA TRL,HOPI TRL,155,E,N,A,-,N,NA,NA,NA,NA,NA,NA,NA,NA,NA,N,3,0,1,2,A,-,06,21755,NA,M,B,C,A,A,H,-,A,A,0,NA,NA,Y,NA,Y,NA,-,99,0,1,0,0,0,0,0,0,1,-,-,NA,NA,SAN BERNARDINO,YUCCA VALLEY,-116.45055999,34.12068
6851730,2015,2016-10-04,9855,2015-01-23,1620,014366,NA,5,2,5,3611,0,1,1,NA,2,203,RT 210,MOUNTAIN AV,2640,W,N,A,-,Y,SBD,8,210,-,-,1,H,-,E,Y,4,0,1,2,A,-,03,22350,NA,N,C,C,A,A,H,-,A,D,1,NA,NA,NA,NA,Y,NA,D,22,0,0,1,0,0,0,0,0,0,-,-,NA,NA,SAN BERNARDINO,UPLAND,-117.67881517,34.13321031
6853551,2015,2016-09-16,9855,2015-01-19,2055,19462,NA,1,2,6,3616,0,1,1,NA,2,201,RT 210 E,HAVEN AV,1000,E,N,A,-,Y,SBD,8,210,-,-,7.9,H,-,E,Y,4,0,1,2,A,-,01,23152,A,N,C,C,A,A,H,-,D,D,1,NA,NA,NA,NA,Y,Y,A,01,0,0,1,0,0,0,0,0,0,-,-,34.13645,-117.56893,SAN BERNARDINO,RANCHO CUCAMONGA,-117.55876922,34.13642727
6906204,2015,2015-05-20,3600,2015-04-03,0845,D2490,AP006,5,5,5,3621,0,0,0,NA,0,AP3,SHOSHONEE RD,RINCON RD,0,NA,Y,A,-,N,NA,NA,NA,NA,NA,NA,NA,NA,NA,Y,4,0,1,2,A,-,03,22350,NA,N,C,C,A,A,H,-,A,A,0,NA,NA,NA,NA,Y,NA,-,NA,0,0,1,0,0,0,0,0,0,-,-,NA,NA,SAN BERNARDINO,APPLE VALLEY,-117.22542012,34.50859004
6863513,2015,2015-04-03,9870,2015-02-26,2330,18236,NA,4,3,9,3600,0,2,4,NA,2,042,AMBOY RD,PIPE LINE RD,36960,E,N,A,-,N,NA,NA,NA,NA,NA,NA,NA,NA,NA,Y,3,0,2,1,A,-,08,22107,NA,N,E,I,A,A,H,-,D,D,0,NA,NA,NA,NA,Y,NA,A,01,0,1,1,0,0,0,0,0,0,-,-,34.32697,-115.69407,SAN BERNARDINO,UNINCORPORATED,-115.72025,34.20366
6868127,2015,2015-04-10,3600,2015-03-14,1508,A9113,RC046,6,5,6,3616,0,0,0,NA,0,001,BERYL ST,ALTA LOMA DR,0,NA,Y,A,-,N,NA,NA,NA,NA,NA,NA,NA,NA,NA,Y,4,0,1,2,A,-,09,21801,A,N,A,C,A,A,H,-,A,A,0,NA,NA,NA,NA,Y,NA,A,07,0,0,1,0,0,0,0,0,0,-,-,NA,NA,SAN BERNARDINO,RANCHO CUCAMONGA,-117.60728012,34.13677008
6869808,2015,2015-06-25,3602,2015-02-02,0816,1127,NA,1,5,5,3602,0,0,0,NA,0,001,PIPELINE AV,PHILADELPHIA ST,178,S,N,A,-,N,NA,NA,NA,NA,NA,NA,NA,NA,NA,N,3,0,1,1,A,-,-,NA,NA,N,H,J,A,A,H,-,A,D,0,NA,Y,NA,NA,Y,NA,L,04,0,1,0,0,0,0,1,0,0,-,-,NA,NA,SAN BERNARDINO,CHINO,-117.71559,34.03291212
6995352,2014,2015-08-10,9855,2014-12-10,0328,18335,NA,3,3,6,3607,0,1,1,NA,2,152,RT 15,RT 10,2112,S,N,A,-,Y,NA,NA,15,NA,NA,NA,NA,NA,NA,Y,3,0,1,2,A,-,07,21658,A,F,F,A,A,A,H,-,C,D,0,NA,NA,NA,NA,Y,NA,D,22,0,1,0,0,0,0,0,0,0,-,-,34.05733,-117.54548,SAN BERNARDINO,ONTARIO,-117.54563906,34.057394
6995409,2014,2015-07-31,9855,2014-12-10,0745,16729,NA,3,1,6,3607,0,1,1,NA,2,103,RT 10,ARCHIBALD AV,700,E,N,A,-,Y,NA,NA,NA,NA,NA,NA,NA,NA,NA,N,4,0,2,3,A,-,03,22350,NA,N,C,C,A,A,H,-,A,D,0,NA,NA,NA,NA,Y,NA,A,01,0,0,2,0,0,0,0,0,0,-,-,37.06739,-117.58609,SAN BERNARDINO,ONTARIO,-117.59118498,34.06769325
6871758,2015,2015-09-01,3600,2015-03-23,1308,B5098,YC105,1,5,4,3640,0,0,0,NA,0,YC1,YUCAIPA BL,7TH ST,0,NA,Y,A,-,N,NA,NA,NA,NA,NA,NA,NA,NA,NA,N,4,0,1,2,D,-,00,NA,NA,N,D,C,A,A,H,-,A,A,0,NA,NA,NA,NA,Y,NA,-,-,0,0,1,0,0,0,0,0,0,-,-,NA,NA,SAN BERNARDINO,YUCAIPA,-117.06494011,34.03402003
6806367,2014,2015-02-11,9855,2014-11-20,1840,12993,NA,4,2,5,3611,0,1,1,NA,2,203,RT 210,MOUNTAIN AV,528,E,N,A,-,Y,NA,NA,210,NA,NA,NA,NA,NA,NA,N,4,0,1,2,A,-,03,22350,NA,N,C,C,A,A,H,-,D,D,0,NA,NA,NA,NA,Y,NA,A,01,0,0,1,0,0,0,0,0,0,-,-,34.13442,-117.66884,SAN BERNARDINO,UPLAND,-117.66883985,34.13456532
6928847,2015,2016-11-28,9865,2015-05-08,0630,18336,NA,5,1,9,3600,0,1,3,NA,2,045,RT 38,JENKS LAKE RD W,6336,W,N,D,-,Y,SBD,8,38,-,-,24.44,H,-,W,Y,3,0,1,1,A,-,03,22350,NA,N,E,I,A,C,H,-,B,D,0,NA,NA,NA,NA,Y,NA,A,07,0,1,0,0,0,0,0,0,0,-,-,34.15992,-116.92561,SAN BERNARDINO,UNINCORPORATED,-116.92575836,34.15954903
6931388,2015,2015-06-11,3611,2015-03-12,0913,3025,2   4,4,5,5,3611,0,0,0,NA,0,002,ARROW RTE,MONTE VISTA AV,0,NA,Y,A,-,N,NA,NA,NA,NA,NA,NA,NA,NA,NA,N,4,0,1,2,A,-,03,22350,NA,N,C,C,A,A,H,-,A,A,0,NA,NA,NA,NA,Y,NA,A,01,0,0,1,0,0,0,0,0,0,-,-,NA,NA,SAN BERNARDINO,UPLAND,-117.69839006,34.09953002
6937133,2015,2015-06-10,3607,2015-03-31,1241,80313,240,2,5,6,3607,0,0,0,NA,0,071,FRANCIS ST,VINEYARD AV,0,NA,Y,A,-,N,NA,NA,NA,NA,NA,NA,NA,NA,NA,N,4,0,1,2,A,-,12,21453,A,N,D,C,A,A,H,-,A,A,0,NA,NA,NA,NA,Y,NA,-,NA,0,0,1,0,0,0,0,0,0,-,-,NA,NA,SAN BERNARDINO,ONTARIO,-117.61100013,34.04130008
6938644,2015,2015-06-08,3605,2015-05-21,1011,318,NA,4,5,4,3605,0,0,0,NA,0,NA,ORCHARD ST,CENTRAL AV,440,E,N,A,-,N,NA,NA,NA,NA,NA,NA,NA,NA,NA,Y,3,0,1,2,A,-,08,22103,NA,N,D,C,A,A,H,-,A,D,0,NA,NA,NA,NA,Y,NA,A,01,0,1,0,0,0,0,0,0,0,-,-,NA,NA,SAN BERNARDINO,MONTCLAIR,-117.68818116999999,34.07039771
6939567,2015,2015-06-01,3607,2015-04-25,1500,80479,123,6,5,6,3607,0,0,0,NA,0,012,HOLT BL,SAN ANTONIO AV,300,E,N,B,C,N,NA,NA,NA,NA,NA,NA,NA,NA,NA,N,4,0,3,2,A,-,03,22350,NA,N,C,C,A,B,H,-,A,D,0,NA,NA,NA,NA,Y,NA,-,NA,0,0,3,0,0,0,0,0,0,-,-,NA,NA,SAN BERNARDINO,ONTARIO,-117.65961222,34.06334457
6939593,2015,2015-06-01,3607,2015-04-20,0211,80447,48,1,5,6,3607,0,0,0,NA,0,021,GROVE AV,6TH ST,530,S,N,A,-,N,NA,NA,NA,NA,NA,NA,NA,NA,NA,Y,4,0,1,6,A,-,01,23152,A,N,B,E,A,A,H,-,E,D,0,NA,NA,NA,NA,Y,NA,-,NA,0,0,1,0,0,0,0,0,0,-,-,NA,NA,SAN BERNARDINO,ONTARIO,-117.62856781,34.0835967
6910071,2015,2016-11-22,9865,2015-04-19,1530,020007,NA,7,2,9,3600,0,1,3,NA,1,022,RT 18,GREEN VALLEY LAKE RD,6336,N,N,A,-,Y,SBD,8,18,-,-,35.76,H,-,S,Y,3,0,1,2,A,-,08,22107,NA,N,E,C,A,A,H,-,A,D,0,NA,NA,Y,NA,Y,NA,C,02,0,1,0,0,0,0,0,0,1,-,-,34.22526,-117.05588,SAN BERNARDINO,UNINCORPORATED,-117.05606536,34.22493492
6912205,2015,2015-05-14,9855,2015-02-10,0930,012923,NA,2,1,9,3600,0,3,5,NA,2,001,ARROW RT,REDWOOD AV,506,E,N,A,-,N,NA,NA,NA,NA,NA,NA,NA,NA,NA,Y,4,0,2,2,A,-,21,22106,NA,N,B,C,A,A,H,-,A,D,0,NA,NA,NA,NA,Y,NA,A,07,0,0,2,0,0,0,0,0,0,-,-,34.09935,-117.48268,SAN BERNARDINO,UNINCORPORATED,-117.48278332,34.09929243
6915299,2015,2015-06-10,3610,2015-04-20,1338,50942,NA,1,5,6,3610,0,0,0,NA,0,NA,WEST 2ND,NORTH ARROWHEAD AV,0,NA,Y,A,-,N,NA,NA,NA,NA,NA,NA,NA,NA,NA,Y,4,0,1,2,A,-,08,22107,NA,N,A,C,A,A,H,-,A,A,0,NA,NA,NA,NA,Y,NA,A,01,0,0,1,0,0,0,0,0,0,-,-,NA,NA,SAN BERNARDINO,SAN BERNARDINO,-117.28965001,34.10271008
6917320,2014,2015-05-28,9855,2014-11-30,1710,14980,NA,7,2,6,3607,0,1,1,NA,2,153,RT 15,FOOTHILL BL,100,S,N,C,-,Y,NA,NA,NA,NA,NA,NA,NA,NA,NA,Y,4,0,4,3,A,-,08,22107,NA,N,B,C,A,B,H,-,D,D,0,NA,NA,NA,NA,Y,NA,A,07,0,0,4,0,0,0,0,0,0,-,-,34.1061,-117.53198,SAN BERNARDINO,ONTARIO,-117.53265429,34.10606736
6919333,2015,2016-11-14,9855,2015-05-01,1342,16829,NA,5,1,6,3604,0,1,1,NA,2,101,RT 10,CHERRY AV,1024,W,N,A,-,Y,SBD,8,10,-,-,12.98,H,-,W,Y,4,0,1,3,A,-,03,22350,NA,N,C,C,A,A,H,-,A,D,1,NA,NA,NA,NA,Y,NA,A,07,0,0,1,0,0,0,0,0,0,-,-,34.09905,-117.40879,SAN BERNARDINO,FONTANA,-117.49212178,34.06594185
6920521,2015,2015-06-02,3600,2015-05-15,1900,B5040,RC034,5,5,6,3616,0,0,0,NA,0,RC3,HAVEN AV,7TH ST,307,S,N,A,-,N,NA,NA,NA,NA,NA,NA,NA,NA,NA,N,3,0,1,2,A,-,07,21658,A,M,E,G,A,A,H,-,A,A,0,NA,Y,NA,NA,Y,NA,-,NA,0,1,0,0,0,0,1,0,0,-,-,NA,NA,SAN BERNARDINO,RANCHO CUCAMONGA,-117.57586,34.08764868
7029712,2015,2015-08-29,3602,2015-07-10,1347,2798,NA,5,5,5,3602,0,0,0,NA,0,003,SCHAEFER AV,NORTON AV,178,E,N,A,-,N,NA,NA,NA,NA,NA,NA,NA,NA,NA,N,4,0,2,2,A,-,03,22350,NA,N,C,C,A,A,H,-,A,D,0,NA,NA,NA,NA,Y,NA,A,01,0,0,2,0,0,0,0,0,0,-,-,NA,NA,SAN BERNARDINO,CHINO,-117.71035424,34.00439569