CASE_ID,ACCIDENT_YEAR,PROC_DATE,JURIS,COLLISION_DATE,COLLISION_TIME,OFFICER_ID,REPORTING_DISTRICT,DAY_OF_WEEK,CHP_SHIFT,POPULATION,CNTY_CITY_LOC,SPECIAL_COND,BEAT_TYPE,CHP_BEAT_TYPE,CITY_DIVISION_LAPD,CHP_BEAT_CLASS,BEAT_NUMBER,PRIMARY_RD,SECONDARY_RD,DISTANCE,DIRECTION,INTERSECTION,WEATHER_1,WEATHER_2,STATE_HWY_IND,CALTRANS_COUNTY,CALTRANS_DISTRICT,STATE_ROUTE,ROUTE_SUFFIX,POSTMILE_PREFIX,POSTMILE,LOCATION_TYPE,RAMP_INTERSECTION,SIDE_OF_HWY,TOW_AWAY,COLLISION_SEVERITY,NUMBER_KILLED,NUMBER_INJURED,PARTY_COUNT,PRIMARY_COLL_FACTOR,PCF_CODE_OF_VIOL,PCF_VIOL_CATEGORY,PCF_VIOLATION,PCF_VIOL_SUBSECTION,HIT_AND_RUN,TYPE_OF_COLLISION,MVIW,PED_ACTION,ROAD_SURFACE,ROAD_COND_1,ROAD_COND_2,LIGHTING,CONTROL_DEVICE,CHP_ROAD_TYPE,PEDESTRIAN_ACCIDENT,BICYCLE_ACCIDENT,MOTORCYCLE_ACCIDENT,TRUCK_ACCIDENT,NOT_PRIVATE_PROPERTY,ALCOHOL_INVOLVED,STWD_VEHTYPE_AT_FAULT,CHP_VEHTYPE_AT_FAULT,COUNT_SEVERE_INJ,COUNT_VISIBLE_INJ,COUNT_COMPLAINT_PAIN,COUNT_PED_KILLED,COUNT_PED_INJURED,COUNT_BICYCLIST_KILLED,COUNT_BICYCLIST_INJURED,COUNT_MC_KILLED,COUNT_MC_INJURED,PRIMARY_RAMP,SECONDARY_RAMP,LATITUDE,LONGITUDE,COUNTY,CITY,POINT_X,POINT_Y
8611271,2018,2018-05-10,3600,2018-04-27,2232,F5110,HI005,5,5,4,3618,0,0,0,NA,0,NA,BASELINE ST,STERLING,0,NA,Y,A,-,N,NA,NA,NA,NA,NA,NA,NA,NA,NA,N,4,0,2,2,A,-,01,23152,A,M,D,C,A,A,H,-,C,A,0,NA,NA,NA,NA,Y,Y,A,01,0,0,2,0,0,0,0,0,0,-,-,NA,NA,SAN BERNARDINO,HIGHLAND,-117.24365997314452,34.12131118774414
8611441,2018,2018-04-23,3600,2018-04-10,1737,D4321,AP003,2,5,5,3621,0,0,0,NA,0,AP1,SERRANO RD,ZUNI RD,0,NA,Y,A,-,N,NA,NA,NA,NA,NA,NA,NA,NA,NA,Y,4,0,1,2,A,-,12,22450,A,N,D,C,A,A,H,-,A,A,0,NA,NA,NA,NA,Y,NA,A,01,0,0,1,0,0,0,0,0,0,-,-,NA,NA,SAN BERNARDINO,APPLE VALLEY,-117.2218017578125,34.53676986694336
8619146,2017,2018-05-25,3611,2017-12-07,1401,2488,3611,4,5,5,3611,0,0,0,NA,0,002,EUCLID AV,FOOTHILL BL,0,NA,Y,A,-,N,NA,NA,NA,NA,NA,NA,NA,NA,NA,N,4,0,1,2,A,-,11,21456,B,N,G,B,B,A,H,-,A,A,0,Y,NA,NA,NA,Y,NA,N,60,0,0,1,0,1,0,0,0,0,-,-,NA,NA,SAN BERNARDINO,UPLAND,-117.65171,34.10674009
8619406,2018,2018-07-09,3611,2018-02-05,1820,3153,3611,1,5,5,3611,0,0,0,NA,0,002,ARROW HWY,BENSON AV,336,W,N,A,-,N,NA,NA,NA,NA,NA,NA,NA,NA,NA,N,3,0,2,3,A,-,11,21954,A,N,G,B,D,A,G,-,C,D,0,Y,NA,NA,NA,Y,NA,N,60,0,2,0,0,2,0,0,0,0,-,-,NA,NA,SAN BERNARDINO,UPLAND,-117.68202972412108,34.099613189697266
8622930,2018,2018-05-31,3608,2018-04-26,1144,4761,NA,4,5,5,3608,0,0,0,NA,0,REDLAN,WEST REDLANDS BL,CALIFORNIA ST,526,E,N,A,-,N,NA,NA,NA,NA,NA,NA,NA,NA,NA,Y,3,0,1,1,A,-,08,22107,NA,N,E,I,A,A,H,-,A,D,0,NA,NA,NA,NA,Y,NA,A,01,0,1,0,0,0,0,0,0,0,-,-,NA,NA,SAN BERNARDINO,REDLANDS,-117.2244110107422,34.062984466552734
8625096,2018,2018-05-29,3600,2018-04-23,0758,C8720,AD315,1,5,3,3613,0,0,0,NA,0,002,ASTER RD,CELESTA ST,298,S,N,A,-,N,NA,NA,NA,NA,NA,NA,NA,NA,NA,N,3,0,3,2,A,-,06,21755,A,N,B,C,A,A,H,-,A,A,0,NA,NA,NA,NA,Y,NA,A,01,0,1,2,0,0,0,0,0,0,-,-,NA,NA,SAN BERNARDINO,ADELANTO,-117.43484497070313,34.510345458984375
8626639,2018,2018-06-05,3604,2018-01-08,1755,885,NA,1,5,6,3604,0,0,0,NA,0,002,SIERRA AV,FOOTHILL BL,0,NA,Y,C,-,N,NA,NA,NA,NA,NA,NA,NA,NA,NA,N,4,0,1,2,A,-,10,21950,A,N,G,B,B,B,H,-,C,A,0,Y,NA,NA,NA,Y,NA,A,01,0,0,1,0,1,0,0,0,0,-,-,NA,NA,SAN BERNARDINO,FONTANA,-117.435791015625,34.10662078857422
8636577,2018,2018-06-26,3610,2018-05-10,2056,51049,NA,4,5,6,3610,0,0,0,NA,0,NA,N UNIVERSITY PKWY,W KENDALL DR,0,NA,Y,A,-,N,NA,NA,NA,NA,NA,NA,NA,NA,NA,Y,4,0,3,5,A,-,03,22350,NA,F,C,C,A,A,H,-,C,A,0,NA,NA,NA,NA,Y,NA,A,01,0,0,3,0,0,0,0,0,0,-,-,34.176239013671875,-117.33103942871094,SAN BERNARDINO,SAN BERNARDINO,-117.33115386962892,34.17626953125
8639032,2018,2018-08-20,3610,2018-05-14,2325,51104,NA,1,5,6,3610,0,0,0,NA,0,POLICE,NORTH WATERMAN AV,E 30TH ST,0,NA,Y,A,-,Y,SBD,8,18,-,T,6.236,I,5,S,Y,4,0,1,2,A,-,03,22350,NA,N,B,C,A,-,H,-,C,A,0,NA,NA,NA,NA,Y,NA,A,01,0,0,1,0,0,0,0,0,0,-,-,34.14595031738281,-117.27867126464844,SAN BERNARDINO,SAN BERNARDINO,-117.27870178222656,34.14592742919922
8639235,2018,2018-08-22,3610,2018-04-24,1451,51114,NA,2,5,6,3610,0,0,0,NA,0,POLICE,NORTH WATERMAN AV,E MARSHALL BL,0,NA,Y,A,-,Y,SBD,8,18,-,T,6.478,I,5,S,Y,4,0,1,2,A,-,12,21453,A,N,D,C,A,A,H,-,A,A,0,NA,NA,NA,NA,Y,NA,A,01,0,0,1,0,0,0,0,0,0,-,-,34.149471282958984,-117.27863311767578,SAN BERNARDINO,SAN BERNARDINO,-117.27870178222656,34.14947509765625
8639604,2018,2018-06-26,3610,2018-05-31,0845,50992,NA,4,5,6,3610,0,0,0,NA,0,POLICE,W BASELINE ST,NORTH SIERRA WY,21,W,N,A,-,N,NA,NA,NA,NA,NA,NA,NA,NA,NA,N,4,0,1,2,A,-,03,22350,NA,N,C,C,A,A,H,-,A,A,0,NA,NA,NA,NA,Y,NA,A,01,0,0,1,0,0,0,0,0,0,-,-,34.1213493347168,-117.28511810302734,SAN BERNARDINO,SAN BERNARDINO,-117.28514862060548,34.121341705322266
8642778,2018,2018-06-28,3600,2018-05-17,1511,C9389,LL003,4,5,3,3615,0,0,0,NA,0,LL1,MOUNTAIN VIEW AV,VAN LEUVEN AV,0,NA,Y,A,-,N,NA,NA,NA,NA,NA,NA,NA,NA,NA,Y,3,0,3,2,A,-,01,23153,F,N,D,C,A,A,H,-,A,D,0,NA,NA,NA,NA,Y,Y,A,01,0,2,1,0,0,0,0,0,0,-,-,NA,NA,SAN BERNARDINO,LOMA LINDA,-117.24365234375,34.05570983886719
8646384,2018,2018-07-03,3604,2018-05-30,2133,1287,NA,3,5,6,3604,0,0,0,NA,0,NA,JURUPA AV,PACIFIC AV,1132,E,N,A,-,N,NA,NA,NA,NA,NA,NA,NA,NA,NA,Y,3,0,1,1,A,-,01,23152,A,N,E,I,A,A,H,-,C,D,0,NA,NA,NA,NA,Y,Y,A,01,0,1,0,0,0,0,0,0,0,-,-,NA,NA,SAN BERNARDINO,FONTANA,-117.5154266357422,34.048057556152344
8651715,2018,2018-10-26,3609,2018-09-14,0655,8510,RI124,5,5,5,3609,0,0,0,NA,0,003,FOOTHILL BL,LILAC AV,0,NA,Y,A,-,N,NA,NA,NA,NA,NA,NA,NA,NA,NA,Y,4,0,5,3,A,-,12,21453,A,N,D,C,A,A,H,-,A,A,0,NA,NA,NA,NA,Y,NA,A,07,0,0,5,0,0,0,0,0,0,-,-,34.106658935546875,-117.37911987304688,SAN BERNARDINO,RIALTO,-117.37909698486328,34.10675048828125
8654694,2018,2018-07-16,3600,2018-06-02,2050,D6180,HE102,6,5,5,3619,0,0,0,NA,0,HE1,SYCAMORE ST,OAKWOOD AV,0,NA,Y,A,-,N,NA,NA,NA,NA,NA,NA,NA,NA,NA,Y,3,0,3,2,A,-,12,22450,A,N,D,C,A,A,H,-,D,A,0,NA,NA,NA,NA,Y,NA,A,07,0,1,2,0,0,0,0,0,0,-,-,NA,NA,SAN BERNARDINO,HESPERIA,-117.34284210205078,34.46323013305664
8656637,2018,2018-10-15,3602,2018-05-26,0120,3837,NA,6,5,5,3602,0,0,0,NA,0,NA,CENTRAL AV,FRANCIS AV,85,N,N,A,-,N,NA,NA,NA,NA,NA,NA,NA,NA,NA,N,4,0,1,4,A,-,01,23152,A,N,C,C,A,A,H,-,C,A,0,NA,NA,NA,NA,Y,Y,A,07,0,0,1,0,0,0,0,0,0,-,-,NA,NA,SAN BERNARDINO,CHINO,-117.68961334228516,34.04106140136719
8660524,2018,2018-07-31,3604,2018-06-21,1910,1154,NA,4,5,6,3604,0,0,0,NA,0,NA,EAST AV,FOOTHILL BL,80,N,N,A,-,N,NA,NA,NA,NA,NA,NA,NA,NA,NA,Y,4,0,1,2,A,-,03,22350,NA,N,A,C,A,A,H,-,A,A,0,NA,NA,NA,NA,Y,NA,A,07,0,0,1,0,0,0,0,0,0,-,-,NA,NA,SAN BERNARDINO,FONTANA,-117.51461029052734,34.10663986206055
8662025,2018,2018-10-08,3610,2018-07-22,1110,50745,NA,7,5,6,3610,0,0,0,NA,0,POLICE,E 49TH ST,E 49TH ST 200 BLK,384,N,N,A,-,N,NA,NA,NA,NA,NA,NA,NA,NA,NA,N,2,0,1,1,A,-,08,22107,NA,N,E,I,A,A,B,-,-,D,0,NA,NA,Y,NA,Y,NA,C,02,1,0,0,0,0,0,0,0,1,-,-,34.17340087890625,-117.27957153320313,SAN BERNARDINO,SAN BERNARDINO,NA,NA
8666217,2018,2018-07-30,3610,2018-07-02,1729,51045,NA,1,5,6,3610,0,0,0,NA,0,POLICE,N MOUNTAIN VIEW AV,W MARSHALL BL,0,NA,Y,A,-,N,NA,NA,NA,NA,NA,NA,NA,NA,NA,Y,4,0,3,2,A,-,09,21803,A,N,D,C,A,A,H,-,A,D,0,NA,NA,NA,NA,Y,NA,A,01,0,0,3,0,0,0,0,0,0,-,-,34.149478912353516,-117.28707122802734,SAN BERNARDINO,SAN BERNARDINO,-117.28743743896484,34.149478912353516
8672538,2018,2018-09-04,3600,2018-06-12,1243,G7680,VC075,2,5,5,3612,0,0,0,NA,0,VC6,CIVIC CENTER,MIDTOWN DR,0,NA,Y,A,-,N,NA,NA,NA,NA,NA,NA,NA,NA,NA,Y,4,0,4,1,A,-,08,22107,NA,N,E,I,A,A,H,-,A,A,0,NA,NA,NA,NA,Y,NA,A,01,0,0,4,0,0,0,0,0,0,-,-,NA,NA,SAN BERNARDINO,VICTORVILLE,-117.32383728027344,34.52315902709961
8687235,2018,2018-10-08,3602,2018-08-04,1412,3687,NA,6,5,5,3602,0,0,0,NA,0,002,WALNUT AV,CYPRESS AV,0,NA,Y,A,-,N,NA,NA,NA,NA,NA,NA,NA,NA,NA,N,4,0,1,2,A,-,08,22107,NA,N,D,C,A,A,H,-,A,A,0,NA,NA,NA,NA,Y,NA,A,01,0,0,1,0,0,0,0,0,0,-,-,NA,NA,SAN BERNARDINO,CHINO,-117.66323852539063,34.02642059326172
8690534,2018,2018-09-20,3609,2018-08-25,0912,9222,RI130,6,5,5,3609,0,0,0,NA,0,004,FOOTHILL BL,EUCALYPTUS AV,0,NA,Y,B,-,N,NA,NA,NA,NA,NA,NA,NA,NA,NA,N,4,0,1,3,A,-,12,21453,A,N,D,C,A,A,H,-,A,A,0,NA,NA,NA,NA,Y,NA,A,01,0,0,1,0,0,0,0,0,0,-,-,34.10673904418945,-117.35720825195313,SAN BERNARDINO,RIALTO,-117.35727691650392,34.10676956176758
8696248,2018,2018-10-24,3609,2018-08-22,1433,0456,RI193,3,5,5,3609,0,0,0,NA,0,00R,RIVERSIDE AV,RT 10,0,NA,Y,A,-,Y,SBD,8,10,-,-,19.849,R,4,W,N,4,0,1,2,D,-,00,NA,NA,N,D,C,A,A,H,-,A,A,0,NA,NA,NA,NA,Y,NA,-,-,0,0,1,0,0,0,0,0,0,-,-,34.06890106201172,-117.37000274658205,SAN BERNARDINO,RIALTO,-117.3724365234375,34.06882095336914
8698588,2018,2018-09-21,3600,2018-08-21,0802,G8526,HE101,2,5,5,3619,0,0,0,NA,0,HE1,COTTONWOOD AV,SEQUOIA ST,6,E,N,A,-,N,NA,NA,NA,NA,NA,NA,NA,NA,NA,Y,4,0,1,3,A,-,09,21802,A,N,D,C,A,A,H,-,A,A,0,NA,NA,NA,NA,Y,NA,A,01,0,0,1,0,0,0,0,0,0,-,-,NA,NA,SAN BERNARDINO,HESPERIA,-117.33867645263672,34.468711853027344
8703789,2018,2018-09-28,3604,2018-09-21,1321,925,NA,5,5,6,3604,0,0,0,NA,0,NA,SAN BERNARDINO AV,SIERRA AV,205,E,N,A,-,N,NA,NA,NA,NA,NA,NA,NA,NA,NA,Y,4,0,1,2,A,-,08,22107,NA,N,D,C,A,A,H,-,A,A,0,NA,NA,NA,NA,Y,NA,A,01,0,0,1,0,0,0,0,0,0,-,-,NA,NA,SAN BERNARDINO,FONTANA,-117.43500518798828,34.07757568359375
8707918,2018,2019-01-02,3600,2018-09-11,2124,E9849,VC056,2,5,5,3612,0,0,0,NA,0,VC5,AMARGOSA RD,PALMDALE RD,0,NA,-,A,-,Y,SBD,8,18,-,-,97.001,I,5,N,Y,4,0,2,2,A,-,12,21453,A,N,D,C,A,A,H,-,C,A,0,NA,NA,NA,NA,Y,NA,-,-,0,0,2,0,0,0,0,0,0,-,-,NA,NA,SAN BERNARDINO,VICTORVILLE,-117.33013916015624,34.5069694519043
8711129,2018,2018-10-24,3603,2018-09-04,1555,4807,CPD,2,5,4,3603,0,0,0,NA,0,001,PEPPER AV,RANDALL AV,0,NA,Y,A,-,N,NA,NA,NA,NA,NA,NA,NA,NA,NA,N,3,0,1,2,A,-,10,21950,A,N,G,B,B,A,H,-,A,A,0,Y,NA,NA,NA,Y,NA,A,01,0,1,0,0,1,0,0,0,0,-,-,NA,NA,SAN BERNARDINO,COLTON,-117.35292053222656,34.084999084472656
8712742,2018,2018-11-15,3600,2018-10-01,0539,F5122,HE306,1,5,5,3619,0,0,0,NA,0,HE3,TOPAZ AV,MAIN ST,0,NA,Y,A,-,N,NA,NA,NA,NA,NA,NA,NA,NA,NA,Y,4,0,1,1,A,-,01,23152,A,N,A,I,A,A,H,-,C,A,0,NA,NA,NA,NA,Y,Y,A,01,0,0,1,0,0,0,0,0,0,-,-,NA,NA,SAN BERNARDINO,HESPERIA,-117.35539245605467,34.42673110961914
8714233,2018,2018-10-22,3608,2018-09-28,1704,4797,NA,5,5,5,3608,0,0,0,NA,0,NA,TERRACINA BL,LAUREL AV 09,184,N,N,A,-,N,NA,NA,NA,NA,NA,NA,NA,NA,NA,N,4,0,1,2,A,-,09,21804,A,N,D,G,A,A,H,-,A,A,0,NA,Y,NA,NA,Y,NA,A,01,0,0,1,0,0,0,1,0,0,-,-,NA,NA,SAN BERNARDINO,REDLANDS,-117.20545196533205,34.037757873535156
8715770,2018,2018-10-12,3600,2018-09-26,1353,H6896,CH003,3,5,5,3630,0,0,0,NA,0,CH1,BEVERLY GLEN RD,PEYTON DR,17,E,N,A,-,N,NA,NA,NA,NA,NA,NA,NA,NA,NA,Y,3,0,1,2,A,-,09,21802,A,N,H,A,A,A,H,-,A,A,0,NA,NA,Y,NA,Y,NA,-,NA,0,1,0,0,0,0,0,0,1,-,-,NA,NA,SAN BERNARDINO,CHINO HILLS,-117.7456512451172,34.01559066772461
8716682,2018,2018-10-23,3609,2018-09-26,1500,4247,RI078,3,5,5,3609,0,0,0,NA,0,002,RIVERSIDE AV,WALNUT AV,100,N,N,A,-,N,NA,NA,NA,NA,NA,NA,NA,NA,NA,Y,4,0,1,2,A,-,03,22350,NA,N,C,C,A,A,H,-,A,A,0,NA,NA,NA,NA,Y,NA,A,01,0,0,1,0,0,0,0,0,0,-,-,34.13019943237305,-117.37049865722656,SAN BERNARDINO,RIALTO,-117.37042236328124,34.128902435302734
8718962,2018,2018-11-19,3608,2018-09-17,1524,4279,CENTR,1,5,5,3608,0,0,0,NA,0,NA,CITRUS AV,UNIVERSITY ST,0,NA,Y,A,-,N,NA,NA,NA,NA,NA,NA,NA,NA,NA,N,3,0,1,2,A,-,08,22107,NA,N,G,B,A,A,H,-,A,A,0,NA,Y,NA,NA,Y,NA,D,22,0,1,0,0,0,0,1,0,0,-,-,NA,NA,SAN BERNARDINO,REDLANDS,-117.16683959960938,34.05554962158203
8723512,2018,2018-11-07,3611,2018-07-02,0933,1677,3611,1,5,5,3611,0,0,0,NA,0,003,FOOTHILL BL,CAMPUS AV,225,E,N,A,-,N,NA,NA,NA,NA,NA,NA,NA,NA,NA,N,4,0,2,2,A,-,03,22350,NA,N,C,C,A,A,H,-,A,D,0,NA,NA,NA,NA,Y,NA,A,01,0,0,2,0,0,0,0,0,0,-,-,NA,NA,SAN BERNARDINO,UPLAND,-117.640869140625,34.10696029663086
8725986,2018,2018-12-10,3609,2018-09-28,1240,8510,RI120,5,5,5,3609,0,0,0,NA,0,001,FOOTHILL BL,SHOPPING CIR,0,NA,Y,A,-,N,NA,NA,NA,NA,NA,NA,NA,NA,NA,Y,3,0,1,3,A,-,09,21801,A,N,A,C,A,A,H,-,A,A,0,NA,NA,NA,NA,Y,NA,A,01,0,1,0,0,0,0,0,0,0,-,-,34.10681915283203,-117.40088653564452,SAN BERNARDINO,RIALTO,-117.398701,34.106715
8734739,2018,2018-11-19,3603,2018-08-17,0801,4830,CPD,5,5,4,3603,0,0,0,NA,0,004,EAST WASHINGTON ST,R V CENTER DR,0,NA,Y,A,-,N,NA,NA,NA,NA,NA,NA,NA,NA,NA,N,3,0,1,2,A,-,12,22450,NA,N,D,D,A,A,H,-,A,D,0,NA,NA,NA,NA,Y,Y,A,01,0,1,0,0,0,0,0,0,0,-,-,34.04679870605469,-117.31757354736328,SAN BERNARDINO,COLTON,-117.31748962402344,34.04671096801758
8740968,2018,2018-11-20,3608,2018-10-26,1412,4523,3608,5,5,5,3608,0,0,0,NA,0,NA,DEARBORN AVE,SAN BERNARDINO AV,0,NA,Y,A,-,N,NA,NA,NA,NA,NA,NA,NA,NA,NA,N,4,0,1,2,A,-,12,22450,A,N,D,C,A,A,H,-,A,A,0,NA,NA,NA,NA,Y,NA,A,07,0,0,1,0,0,0,0,0,0,-,-,NA,NA,SAN BERNARDINO,REDLANDS,-117.1485595703125,34.07735061645508
8752467,2018,2018-12-11,3610,2018-11-04,1240,50965,NA,7,5,6,3610,0,0,0,NA,0,POLICE,E ORANGE SHOW RD,S TIPPECANOE AV,0,NA,Y,A,-,N,NA,NA,NA,NA,NA,NA,NA,NA,NA,Y,3,0,3,3,A,-,12,21453,A,N,D,C,A,A,H,-,A,A,0,NA,NA,NA,NA,Y,NA,A,01,0,1,2,0,0,0,0,0,0,-,-,34.07754898071289,-117.25972747802734,SAN BERNARDINO,SAN BERNARDINO,-117.25975036621094,34.07754135131836
8752955,2018,2018-12-24,3610,2018-11-24,1814,50953,NA,6,5,6,3610,0,0,0,NA,0,POLICE,E BASELINE ST,N CONEJO DR,0,NA,Y,A,-,N,NA,NA,NA,NA,NA,NA,NA,NA,NA,NA,3,0,3,2,A,-,01,23153,G,F,D,C,A,A,H,-,C,D,0,NA,NA,NA,NA,Y,Y,A,01,0,1,2,0,0,0,0,0,0,-,-,34.121368408203125,-117.25892639160156,SAN BERNARDINO,SAN BERNARDINO,-117.25892639160156,34.12131881713867
8755617,2018,2019-01-10,3603,2018-03-03,2129,4011,CPD,6,5,4,3603,0,0,0,NA,0,002,LA CADENA DR,VALLEY BL,0,NA,Y,A,-,N,NA,NA,NA,NA,NA,NA,NA,NA,NA,Y,4,0,1,2,A,-,09,21801,A,N,A,C,A,A,H,-,C,A,0,NA,NA,NA,NA,Y,NA,A,01,0,0,1,0,0,0,0,0,0,-,-,NA,NA,SAN BERNARDINO,COLTON,-117.32433319091795,34.066871643066406
8757772,2018,2018-12-18,3603,2018-09-19,1324,CL4251,COLT,3,5,4,3603,0,0,0,NA,0,002,VALLEY BL,7TH ST,0,NA,Y,A,-,N,NA,NA,NA,NA,NA,NA,NA,NA,NA,N,3,0,1,2,A,-,10,21950,A,N,G,B,B,A,H,-,A,A,0,Y,NA,NA,NA,Y,NA,A,01,0,1,0,0,1,0,0,0,0,-,-,NA,NA,SAN BERNARDINO,COLTON,-117.32589721679688,34.067100524902344
8765065,2018,2019-01-18,3600,2018-11-20,0700,C4462,VC053,2,5,5,3612,0,0,0,NA,0,VC5,PALMDALE RD,PARK AV,0,NA,Y,A,-,Y,SBD,8,18,-,-,96.77,I,5,S,N,4,0,1,2,A,-,10,21950,A,N,G,B,B,A,H,-,B,A,0,Y,NA,NA,NA,Y,NA,D,23,0,0,1,0,1,0,0,0,0,-,-,NA,NA,SAN BERNARDINO,VICTORVILLE,-117.32611846923828,34.507041931152344
8766803,2018,2019-02-14,3609,2018-12-17,0927,4247,RI220,1,5,5,3609,0,0,0,NA,0,004,RIVERSIDE AV,RESOURCE DR,0,NA,Y,A,-,N,NA,NA,NA,NA,NA,NA,NA,NA,NA,Y,4,0,1,2,A,-,12,21453,A,N,-,C,A,A,H,-,A,A,0,NA,NA,NA,NA,Y,NA,-,-,0,0,1,0,0,0,0,0,0,-,-,34.037498474121094,-117.3468017578125,SAN BERNARDINO,RIALTO,-117.36824798583984,34.04222106933594
8774599,2018,2019-01-16,3610,2018-12-16,1432,51069,NA,7,5,6,3610,0,0,0,NA,0,POLICE,W 30TH ST,N E ST,15,W,N,A,-,N,NA,NA,NA,NA,NA,NA,NA,NA,NA,N,4,0,1,2,A,-,03,22350,NA,N,C,C,A,A,H,-,A,A,0,NA,NA,NA,NA,Y,NA,A,01,0,0,1,0,0,0,0,0,0,-,-,NA,NA,SAN BERNARDINO,SAN BERNARDINO,-117.29415130615234,34.14623260498047
8783813,2019,2019-03-13,3600,2019-01-07,0521,G7657,AD107,1,5,3,3613,0,0,0,NA,0,NA,RT 395,AIR EXPRESSWAY,0,NA,Y,A,-,Y,SBD,8,395,-,-,15.707,I,5,N,Y,4,0,2,3,A,-,12,21453,NA,N,D,D,A,A,H,-,C,A,0,NA,NA,NA,NA,Y,NA,-,NA,0,0,2,0,0,0,0,0,0,-,-,NA,NA,SAN BERNARDINO,ADELANTO,-117.40963745117188,34.57209014892578
8785000,2018,2019-02-19,3600,2018-12-22,0132,F8565,YV021,6,5,3,3631,0,0,0,NA,0,MBSUP,PALOMAR AV,PALOMAR AV 7721,0,NA,Y,A,-,N,NA,NA,NA,NA,NA,NA,NA,NA,NA,Y,4,0,2,2,A,-,01,23152,A,N,B,C,A,A,H,-,A,A,0,NA,NA,NA,NA,Y,Y,D,22,0,0,2,0,0,0,0,0,0,-,-,34.11241149902344,-116.39019775390624,SAN BERNARDINO,YUCCA VALLEY,-116.390138,34.112425
8790591,2018,2019-01-30,3600,2018-12-01,0519,F5122,HE103,6,5,5,3619,0,0,0,NA,0,HE1,SEQUOIA ST,COTTONWOOD AV,0,NA,Y,A,-,N,NA,NA,NA,NA,NA,NA,NA,NA,NA,Y,4,0,1,2,A,-,09,21804,A,N,D,C,A,A,H,-,C,A,0,NA,NA,NA,NA,Y,NA,A,01,0,0,1,0,0,0,0,0,0,-,-,NA,NA,SAN BERNARDINO,HESPERIA,-117.33867645263672,34.468711853027344
8791483,2018,2019-02-08,3600,2018-12-15,1005,F9058,CH005,6,5,5,3630,0,0,0,NA,0,CH3,PEYTON DR,EUCALYPTUS AV,0,NA,Y,A,-,N,NA,NA,NA,NA,NA,NA,NA,NA,NA,Y,3,0,3,2,A,-,09,21803,A,N,A,C,A,A,H,-,A,A,0,NA,NA,NA,NA,Y,NA,-,NA,0,2,1,0,0,0,0,0,0,-,-,NA,NA,SAN BERNARDINO,CHINO HILLS,-117.73258972167967,33.989768981933594
8791937,2019,2019-02-14,3609,2019-01-06,0936,5403,RI133,7,5,5,3609,0,0,0,NA,0,003,CEDAR AV,2ND ST,0,NA,Y,B,-,N,NA,NA,NA,NA,NA,NA,NA,NA,NA,Y,3,0,1,2,A,-,09,21802,A,N,D,C,A,B,H,-,A,D,0,NA,NA,NA,NA,Y,NA,A,01,0,1,0,0,0,0,0,0,0,-,-,34.10279846191406,-117.39649963378906,SAN BERNARDINO,RIALTO,-117.39656066894533,34.102378845214844
8797300,2019,2019-02-20,3600,2019-01-12,1739,F5717,HE422,6,5,5,3619,0,0,0,NA,0,HE4,ARROWHEAD LAKE RD,EDISON POLE 4722758E,100,N,N,A,-,N,NA,NA,NA,NA,NA,NA,NA,NA,NA,Y,3,0,2,1,A,-,01,23152,A,N,F,A,A,A,H,-,B,A,0,NA,NA,NA,NA,Y,Y,D,22,0,1,1,0,0,0,0,0,0,-,-,NA,NA,SAN BERNARDINO,HESPERIA,NA,NA
8800101,2019,2019-02-13,3604,2019-01-30,0714,509,NA,3,5,6,3604,0,0,0,NA,0,NA,SIERRA AV,REED ST,120,N,N,B,-,N,NA,NA,NA,NA,NA,NA,NA,NA,NA,Y,4,0,1,2,A,-,09,21801,A,N,D,C,A,A,H,-,A,D,0,NA,NA,NA,NA,Y,NA,A,01,0,0,1,0,0,0,0,0,0,-,-,NA,NA,SAN BERNARDINO,FONTANA,-117.4358139038086,34.11014938354492
8802061,2018,2019-03-06,3602,2018-12-28,1510,3805,NA,5,5,5,3602,0,0,0,NA,0,005,EUCLID AV,MERRILL AV,506,S,N,A,-,N,NA,NA,NA,NA,NA,NA,NA,NA,NA,Y,4,0,1,2,A,-,08,22107,NA,N,D,C,A,A,H,-,A,D,0,NA,NA,Y,NA,Y,NA,A,01,0,0,1,0,0,0,0,0,1,-,-,NA,NA,SAN BERNARDINO,CHINO,-117.65062713623048,33.98165512084961
8803928,2019,2019-03-05,3604,2019-02-03,2109,1214,NA,7,5,6,3604,0,0,0,NA,0,NA,BASELINE AV,LAS PALMAS DR,0,NA,Y,C,-,N,NA,NA,NA,NA,NA,NA,NA,NA,NA,Y,4,0,2,2,A,-,12,21453,A,N,D,C,A,B,H,-,C,A,0,NA,NA,NA,NA,Y,NA,A,07,0,0,2,0,0,0,0,0,0,-,-,NA,NA,SAN BERNARDINO,FONTANA,-117.50820159912108,34.12152099609375
8805116,2018,2019-03-11,3602,2018-12-17,1413,2798,NA,1,5,5,3602,0,0,0,NA,0,003,YORBA AV,EDISON AV,0,NA,Y,A,-,N,NA,NA,NA,NA,NA,NA,NA,NA,NA,N,4,0,2,3,A,-,00,20801,A,N,D,C,A,A,H,-,A,A,0,NA,NA,NA,Y,Y,NA,A,01,0,0,2,0,0,0,0,0,0,-,-,NA,NA,SAN BERNARDINO,CHINO,-117.7021713256836,33.99721145629883