CASE_ID,ACCIDENT_YEAR,PROC_DATE,JURIS,COLLISION_DATE,COLLISION_TIME,OFFICER_ID,REPORTING_DISTRICT,DAY_OF_WEEK,CHP_SHIFT,POPULATION,CNTY_CITY_LOC,SPECIAL_COND,BEAT_TYPE,CHP_BEAT_TYPE,CITY_DIVISION_LAPD,CHP_BEAT_CLASS,BEAT_NUMBER,PRIMARY_RD,SECONDARY_RD,DISTANCE,DIRECTION,INTERSECTION,WEATHER_1,WEATHER_2,STATE_HWY_IND,CALTRANS_COUNTY,CALTRANS_DISTRICT,STATE_ROUTE,ROUTE_SUFFIX,POSTMILE_PREFIX,POSTMILE,LOCATION_TYPE,RAMP_INTERSECTION,SIDE_OF_HWY,TOW_AWAY,COLLISION_SEVERITY,NUMBER_KILLED,NUMBER_INJURED,PARTY_COUNT,PRIMARY_COLL_FACTOR,PCF_CODE_OF_VIOL,PCF_VIOL_CATEGORY,PCF_VIOLATION,PCF_VIOL_SUBSECTION,HIT_AND_RUN,TYPE_OF_COLLISION,MVIW,PED_ACTION,ROAD_SURFACE,ROAD_COND_1,ROAD_COND_2,LIGHTING,CONTROL_DEVICE,CHP_ROAD_TYPE,PEDESTRIAN_ACCIDENT,BICYCLE_ACCIDENT,MOTORCYCLE_ACCIDENT,TRUCK_ACCIDENT,NOT_PRIVATE_PROPERTY,ALCOHOL_INVOLVED,STWD_VEHTYPE_AT_FAULT,CHP_VEHTYPE_AT_FAULT,COUNT_SEVERE_INJ,COUNT_VISIBLE_INJ,COUNT_COMPLAINT_PAIN,COUNT_PED_KILLED,COUNT_PED_INJURED,COUNT_BICYCLIST_KILLED,COUNT_BICYCLIST_INJURED,COUNT_MC_KILLED,COUNT_MC_INJURED,PRIMARY_RAMP,SECONDARY_RAMP,LATITUDE,LONGITUDE,COUNTY,CITY,POINT_X,POINT_Y
90475578,2017,2017-06-12,9850,2017-06-03,1820,019278,NA,6,2,9,3600,0,3,5,NA,2,005,DEL GADO RD,CHOLAME RD,0,NA,Y,A,-,N,NA,NA,NA,NA,NA,NA,NA,NA,NA,Y,2,0,2,2,A,-,09,21802,A,N,D,C,A,A,H,-,A,A,0,NA,NA,NA,NA,Y,NA,A,01,1,0,1,0,0,0,0,0,0,-,-,34.5013,-117.3426,SAN BERNARDINO,UNINCORPORATED,-117.34266012,34.50136009
90395451,2017,2017-02-17,9860,2017-02-13,0957,012988,NA,1,1,5,3608,0,1,1,NA,2,203,SR-210 E/B TO I-10 E/B,LUGONIA AVE,85,E,N,A,-,Y,NA,NA,210,NA,NA,NA,R,NA,E,Y,4,0,1,2,A,-,08,22107,NA,N,B,C,A,A,H,-,A,D,0,NA,NA,NA,NA,Y,NA,A,07,0,0,1,0,0,0,0,0,0,-,-,34.06979,-117.20117,SAN BERNARDINO,REDLANDS,-117.20117,34.06979
90400499,2017,2017-02-27,9870,2017-02-22,1535,016935,NA,3,2,9,3600,0,3,5,NA,2,003,ALTA AVENUE,ABERDEEN DRIVE,0,NA,Y,A,-,N,NA,NA,NA,NA,NA,NA,NA,NA,NA,Y,4,0,1,2,A,-,09,21804,A,N,D,C,A,A,H,-,A,D,0,NA,NA,NA,Y,Y,NA,F,78,0,0,1,0,0,0,0,0,0,-,-,34.19313,-116.3606,SAN BERNARDINO,UNINCORPORATED,-116.36067005,34.19303004
90400501,2017,2017-02-27,9865,2017-02-12,1940,020872,NA,7,2,9,3600,0,3,5,NA,2,001,ROCKY LOOP,FOREST SHADE ROAD,140,W,N,A,-,N,NA,NA,NA,NA,NA,NA,NA,NA,NA,Y,3,0,1,1,A,-,08,22107,NA,F,E,I,A,A,H,-,D,D,0,NA,NA,NA,NA,Y,NA,D,22,0,1,0,0,0,0,0,0,0,-,-,34.2401,-117.27842,SAN BERNARDINO,UNINCORPORATED,-117.27828846,34.24007407
90410017,2017,2017-03-10,9855,2017-03-01,1605,017808,NA,3,2,6,3607,0,1,1,NA,2,152,I-15 S/B (ONTARIO FWY),ONTATIO MILLS PKWY.,175,N,N,A,-,Y,NA,NA,15,NA,NA,NA,NA,NA,S,Y,3,0,1,3,A,-,03,22350,NA,N,C,C,A,A,H,-,A,D,0,NA,NA,NA,Y,Y,NA,A,01,0,1,0,0,0,0,0,0,0,-,-,34.07305,-117.54529,SAN BERNARDINO,ONTARIO,-117.5450477,34.07305091
90481871,2017,2017-06-20,9860,2017-06-08,2309,020387,NA,4,3,9,3600,0,3,5,NA,2,004,LOCUST AVE.,RANDALL AVE.,435,S,N,A,-,N,NA,NA,NA,NA,NA,NA,NA,NA,NA,Y,2,0,1,2,A,-,01,23152,A,N,C,C,A,A,H,-,D,D,0,NA,NA,NA,NA,Y,Y,A,01,1,0,0,0,0,0,0,0,0,-,-,34.08367,-117.40955,SAN BERNARDINO,UNINCORPORATED,-117.40957345,34.08373814
90414158,2017,2017-03-17,9860,2017-03-11,1944,020766,NA,6,2,4,3640,0,1,1,NA,2,106,I-10 E/B,COUNTY LINE RD,4488,W,N,A,-,Y,NA,NA,10,NA,NA,NA,NA,NA,E,Y,4,0,2,2,A,-,03,22350,NA,N,C,C,A,A,H,-,C,D,0,NA,NA,NA,NA,Y,NA,A,01,0,0,2,0,0,0,0,0,0,-,-,34.01239,-117.075,SAN BERNARDINO,YUCAIPA,-117.07496069,34.01258108
90415630,2017,2017-03-20,9860,2017-03-11,1345,017919,NA,6,1,9,3600,0,3,5,NA,2,003,CITRUS PLAZA DR.,LUGONIA AVE,20,N,N,A,-,N,NA,NA,NA,NA,NA,NA,NA,NA,NA,N,4,0,1,2,A,-,03,22350,NA,F,C,C,A,A,H,-,A,A,0,NA,NA,NA,NA,Y,NA,-,99,0,0,1,0,0,0,0,0,0,-,-,34.07042,-117.20203,SAN BERNARDINO,UNINCORPORATED,-117.20197612,34.07027355
90419944,2017,2017-03-24,9860,2017-03-14,0725,014686,NA,2,1,9,3600,0,1,1,NA,2,151,I-15 SB,CLEGHORN RD,1056,S,N,A,-,Y,NA,NA,15,NA,NA,NA,NA,NA,S,Y,4,0,1,2,A,-,07,21658,A,N,E,I,A,A,H,-,A,D,0,NA,NA,NA,NA,Y,NA,A,08,0,0,1,0,0,0,0,0,0,-,-,34.29616,-117.45585,SAN BERNARDINO,UNINCORPORATED,-117.45579834,34.29619897
90441491,2017,2017-04-25,9855,2017-04-14,1305,016889,NA,5,1,5,3611,0,1,1,NA,2,103,I-10 E/B (SAN BERNARDINO FWY),BENSON AVE.,350,E,N,A,-,Y,NA,NA,10,NA,NA,NA,NA,NA,E,Y,4,0,1,4,A,-,07,21658,A,F,B,C,A,A,H,-,A,D,0,NA,NA,NA,NA,Y,NA,-,99,0,0,1,0,0,0,0,0,0,-,-,34.08717,-117.6796,SAN BERNARDINO,UPLAND,-117.67959967,34.08712938
90441577,2017,2017-04-25,9860,2017-04-20,0615,017204,NA,4,1,9,3600,0,3,5,NA,2,001,LONE PINE CANYON RD,SWARTHOUT CANYON RD,3168,N,N,A,-,N,NA,NA,NA,NA,NA,NA,NA,NA,NA,Y,4,0,1,1,A,-,08,22107,NA,N,F,A,A,A,H,-,A,D,0,NA,NA,NA,NA,Y,NA,A,01,0,0,1,0,0,0,0,0,0,-,-,34.3056,-117.50457,SAN BERNARDINO,UNINCORPORATED,-117.5216822,34.30468544
90449354,2017,2017-05-04,9855,2017-04-26,1421,017808,NA,3,2,6,3604,0,1,1,NA,2,201,SR-210 E/B (FOOTHILL FWY),BEECH AVE.,1077,W,N,B,-,Y,NA,NA,210,NA,NA,NA,NA,NA,E,Y,2,0,1,1,A,-,08,22107,NA,N,E,I,A,A,H,-,A,D,0,NA,NA,NA,NA,Y,NA,A,01,1,0,0,0,0,0,0,0,0,-,-,34.13635,-117.47469,SAN BERNARDINO,FONTANA,-117.47469021,34.13625935
90454720,2017,2017-05-12,9860,2017-05-05,0650,021675,NA,5,1,6,3610,0,1,1,NA,2,216,I-215 S/B,DEVILS CREEK,0,NA,N,A,-,Y,NA,NA,215,NA,NA,NA,NA,NA,S,Y,3,0,1,1,A,-,08,22107,NA,N,E,I,A,A,H,-,A,D,0,NA,NA,NA,NA,Y,NA,A,07,0,1,0,0,0,0,0,0,0,-,-,34.17806,-117.34524,SAN BERNARDINO,SAN BERNARDINO,-117.34520042,34.1780945
90482748,2017,2017-06-21,9855,2017-06-16,0845,016375,NA,5,1,6,3616,0,1,1,NA,2,203,SR-210 E/B (FOOTHILL FWY),ARCHIBALD AVE.,528,W,N,A,-,Y,NA,NA,NA,NA,NA,NA,NA,NA,NA,N,3,0,1,1,C,-,18,NA,NA,N,E,J,A,A,H,-,A,D,0,NA,NA,NA,NA,Y,NA,-,-,0,1,0,0,0,0,0,0,0,-,-,34.13433,-117.55876,SAN BERNARDINO,RANCHO CUCAMONGA,-117.59525957,34.13495338
90483267,2017,2017-06-22,9860,2017-06-15,1728,021620,NA,4,2,5,3608,0,1,1,NA,2,202,SR-210 W/B FROM SAN BERNARDINO AVE.,SAN BERNARDINO AVE,1000,W,N,A,-,Y,NA,NA,210,NA,NA,NA,R,NA,W,Y,4,0,1,2,A,-,03,22350,NA,N,C,C,A,A,H,-,A,D,0,NA,NA,NA,NA,Y,NA,A,01,0,0,1,0,0,0,0,0,0,-,-,34.08076,-117.20069,SAN BERNARDINO,REDLANDS,-117.20069,34.08076
90421359,2017,2017-03-27,9860,2017-03-22,0340,020626,NA,3,3,9,3600,0,1,1,NA,2,152,I-15 S/B FROM OAK HILL ON RAMP,OAK HILL RD.,300,S,N,B,-,Y,NA,NA,15,NA,NA,NA,R,NA,S,Y,3,0,1,2,A,-,02,22400,A,F,C,C,A,A,H,-,D,D,0,NA,NA,NA,NA,Y,NA,D,22,0,1,0,0,0,0,0,0,0,-,-,34.36186,-117.43449,SAN BERNARDINO,UNINCORPORATED,-117.43449,34.36186
90454991,2017,2017-05-12,9860,2017-05-05,0538,019251,NA,5,3,6,3610,0,1,1,NA,2,201,SR-210 E/B,AYALA DR,3696,W,N,A,-,Y,NA,NA,NA,NA,NA,NA,NA,NA,NA,Y,4,0,1,3,A,-,08,22107,NA,N,C,E,A,A,H,-,C,D,0,NA,NA,NA,NA,Y,NA,A,01,0,0,1,0,0,0,0,0,0,-,-,34.13607,-117.40514,SAN BERNARDINO,SAN BERNARDINO,-117.40102,34.13591
90613882,2017,2017-12-11,9835,2017-11-24,1311,021534,NA,5,1,9,3600,0,1,3,NA,1,020,SR-127 N/B,BAKER BLVD,200640,N,N,A,-,Y,NA,NA,127,NA,NA,NA,NA,NA,N,Y,4,0,1,1,A,-,08,22107,NA,N,E,I,A,A,H,-,A,D,0,NA,NA,Y,NA,Y,NA,C,02,0,0,1,0,0,0,0,0,1,-,-,35.7505,-116.31595,SAN BERNARDINO,UNINCORPORATED,-116.31610548,35.75037692
90614292,2017,2017-12-11,9865,2017-12-05,1545,014696,NA,2,2,9,3600,0,1,3,NA,2,011,SR-18,SR-138,528,N,N,A,G,Y,NA,NA,18,NA,NA,NA,NA,NA,NA,Y,4,0,1,2,A,-,03,22350,NA,N,B,C,A,A,H,-,A,D,0,NA,NA,NA,NA,Y,NA,A,07,0,0,1,0,0,0,0,0,0,-,-,34.22818,-117.28843,SAN BERNARDINO,UNINCORPORATED,-117.28848574,34.22829697
90625655,2017,2017-12-25,9860,2017-12-22,1410,019321,NA,5,2,6,3610,0,1,1,NA,2,103,I-10 W/B,HUNTS LN,500,E,N,A,-,Y,NA,NA,10,NA,NA,NA,NA,NA,W,Y,4,0,4,5,A,-,03,22350,NA,N,C,C,A,A,H,-,A,D,0,NA,NA,NA,NA,Y,NA,A,01,0,0,4,0,0,0,0,0,0,-,-,34.06393,-117.2859,SAN BERNARDINO,SAN BERNARDINO,-117.28589568,34.06386412
90630412,2017,2018-01-01,9850,2017-12-23,2010,020898,NA,6,2,9,3600,0,1,3,NA,2,052,SR-18,WINDERMERE RD,75,E,N,A,-,Y,NA,NA,18,NA,NA,NA,NA,NA,NA,Y,3,0,2,6,A,-,01,23152,A,N,B,C,A,A,H,-,D,D,0,NA,NA,NA,NA,Y,Y,A,01,0,1,1,0,0,0,0,0,0,-,-,34.507,-117.49184,SAN BERNARDINO,UNINCORPORATED,-117.49184,34.50698795
90658007,2018,2018-02-08,9860,2018-01-31,0655,017919,NA,3,1,6,3610,0,1,1,NA,2,214,I-215 S/B,MILL ST,1560,N,N,A,-,Y,NA,NA,215,NA,NA,NA,NA,NA,S,Y,4,0,1,2,A,-,03,22350,NA,N,C,C,A,A,H,-,A,D,0,NA,NA,NA,NA,Y,NA,A,01,0,0,1,0,0,0,0,0,0,-,-,34.096588134765625,-117.30198669433594,SAN BERNARDINO,SAN BERNARDINO,-117.30203247070313,34.096588134765625
90658662,2018,2018-02-09,9835,2018-01-24,2020,021824,NA,3,2,9,3600,0,1,1,NA,2,070,I-15 S/B,HODGE RD,150,N,N,A,-,Y,NA,NA,15,NA,NA,NA,NA,NA,S,Y,3,0,1,2,A,-,01,23152,A,N,C,C,A,A,H,-,D,D,0,NA,NA,NA,NA,Y,Y,A,01,0,1,0,0,0,0,0,0,0,-,-,34.753170013427734,-117.16660308837892,SAN BERNARDINO,UNINCORPORATED,-117.16661834716795,34.75319290161133
90660375,2018,2018-02-13,9855,2018-02-03,1510,020564,NA,6,2,9,3600,0,3,5,NA,2,001,ARROW RTE.,REDWOOD AVE.,70,E,N,A,-,N,NA,NA,NA,NA,NA,NA,NA,NA,NA,Y,4,0,1,3,A,-,03,22350,NA,N,C,C,A,A,H,-,A,A,0,NA,NA,NA,NA,Y,NA,A,01,0,0,1,0,0,0,0,0,0,-,-,34.09933090209961,-117.48412322998048,SAN BERNARDINO,UNINCORPORATED,-117.48422241210938,34.099300384521484
90671179,2018,2018-02-27,9850,2018-02-25,1055,019278,NA,7,1,5,3619,0,1,1,NA,2,082,I-15 N/B,MAIN ST,5280,N,N,A,-,Y,NA,NA,15,NA,NA,NA,NA,NA,N,Y,4,0,1,2,A,-,07,21658,A,F,B,C,A,A,H,-,A,D,0,NA,NA,NA,Y,Y,NA,G,25,0,0,1,0,0,0,0,0,0,-,-,34.43899917602539,-117.37049865722656,SAN BERNARDINO,HESPERIA,-117.37059020996094,34.43907165527344
90674282,2018,2018-03-05,9860,2018-03-02,1237,016646,NA,5,1,6,3610,0,1,1,NA,2,216,I-215 S/B,5TH STREET,374,N,N,B,-,Y,NA,NA,215,NA,NA,NA,NA,NA,S,Y,4,0,1,2,A,-,08,22107,NA,N,D,C,A,A,H,-,A,D,0,NA,NA,NA,NA,Y,NA,A,01,0,0,1,0,0,0,0,0,0,-,-,34.1096305847168,-117.30267333984376,SAN BERNARDINO,SAN BERNARDINO,-117.3029556274414,34.1096305847168
90697381,2018,2018-04-03,9855,2018-03-24,1315,020151,NA,6,1,6,3604,0,1,1,NA,2,101,I-10 W/B TO CHERRY AVE.,CHERRY AVE.,10,E,N,B,-,Y,NA,NA,10,NA,NA,NA,R,NA,W,N,4,0,1,2,A,-,21,22106,NA,N,C,C,A,A,H,-,A,D,0,NA,NA,Y,NA,Y,NA,A,07,0,0,1,0,0,0,0,0,1,-,-,34.06755065917969,-117.48860168457033,SAN BERNARDINO,FONTANA,-117.48860168457033,34.06755065917969
90698612,2018,2018-04-04,9855,2018-04-02,1613,019303,NA,1,2,6,3607,0,1,1,NA,2,103,I-10 E/B (SAN BERNARDINO FWY),VINEYARD AVE.,600,W,N,A,-,Y,NA,NA,10,NA,NA,NA,NA,NA,E,N,4,0,1,3,A,-,03,22350,NA,N,C,C,A,A,H,-,A,D,0,NA,NA,NA,NA,Y,NA,A,01,0,0,1,0,0,0,0,0,0,-,-,34.07358169555664,-117.61669158935548,SAN BERNARDINO,ONTARIO,-117.61664581298828,34.07365417480469
90700382,2018,2018-04-06,9860,2018-04-03,0430,021675,NA,2,3,6,3610,0,1,1,NA,2,201,SR-210 W/B,PEPPER AVE,1056,W,N,A,-,Y,NA,NA,210,NA,NA,NA,NA,NA,W,Y,4,0,1,1,A,-,08,22107,NA,N,E,I,A,A,H,-,D,D,0,NA,NA,NA,NA,Y,NA,D,22,0,0,1,0,0,0,0,0,0,-,-,34.134490966796875,-117.34947204589844,SAN BERNARDINO,SAN BERNARDINO,-117.34947967529295,34.13459777832031
90704327,2018,2018-04-12,9855,2018-04-10,0900,012923,NA,2,1,6,3616,0,1,1,NA,2,201,SR-210 W/B (FOOTHILL FWY),HAVEN AVE.,955,E,N,A,-,Y,NA,NA,210,NA,NA,NA,NA,NA,W,N,4,0,1,2,A,-,21,22106,NA,N,C,C,A,A,H,-,A,D,0,NA,NA,NA,NA,Y,NA,D,22,0,0,1,0,0,0,0,0,0,-,-,34.13682174682617,-117.56462097167967,SAN BERNARDINO,RANCHO CUCAMONGA,-117.56462097167967,34.13679885864258
90704347,2018,2018-04-12,9835,2018-04-02,1150,21448,NA,1,1,9,3600,0,1,1,NA,2,073,I-15 S/B,MINNEOLA RD,1584,N,N,A,-,Y,NA,NA,15,NA,NA,NA,NA,NA,S,Y,3,0,1,2,A,-,03,22350,NA,N,C,C,A,A,H,-,A,D,0,NA,NA,NA,NA,Y,NA,A,08,0,1,0,0,0,0,0,0,0,-,-,34.91910934448242,-116.76705169677734,SAN BERNARDINO,UNINCORPORATED,-116.76705932617188,34.919158935546875
90708114,2018,2018-04-18,9860,2018-04-17,1725,019599,NA,2,2,5,3609,0,1,1,NA,2,201,SR-210 W/B,ALDER AVE,300,E,N,A,-,Y,NA,NA,210,NA,NA,NA,NA,NA,W,Y,4,0,1,2,A,-,03,22350,NA,N,C,C,A,A,H,-,A,D,0,NA,NA,NA,NA,Y,NA,A,01,0,0,1,0,0,0,0,0,0,-,-,34.136539459228516,-117.41546630859376,SAN BERNARDINO,RIALTO,-117.41546630859376,34.13653564453125
90709485,2018,2018-04-19,9860,2018-04-10,0621,012988,NA,2,1,4,3640,0,1,1,NA,2,106,I-10 WESTBOUND,LIVE OAK CANYON RD,2020,E,N,A,-,Y,NA,NA,10,NA,NA,NA,NA,NA,W,Y,3,0,1,2,A,-,08,22107,NA,N,B,C,A,A,H,-,A,D,0,NA,NA,Y,NA,Y,NA,C,02,0,1,0,0,0,0,0,0,1,-,-,34.01531982421875,-117.08943176269533,SAN BERNARDINO,YUCAIPA,-117.08943176269533,34.01537322998047
9071030,2020,2020-05-15,3610,2020-02-10,2000,51050,NA,1,5,6,3610,0,0,0,NA,0,CHARLI,E 40TH ST,N LEROY ST,0,NA,Y,A,-,N,NA,NA,NA,NA,NA,NA,NA,NA,NA,N,4,0,2,2,A,-,09,21803,A,N,D,C,A,A,H,-,C,A,0,NA,NA,NA,NA,Y,NA,A,01,0,0,2,0,0,0,0,0,0,-,-,34.16495132446289,-117.28077697753906,SAN BERNARDINO,SAN BERNARDINO,-117.28076934814452,34.16495132446289
90710820,2018,2018-04-23,9855,2018-04-11,2020,020564,NA,3,2,9,3600,0,3,5,NA,2,004,RIVERSIDE DR.,MCKINLEY AVE,0,NA,Y,A,-,N,NA,NA,NA,NA,NA,NA,NA,NA,NA,Y,3,0,1,2,A,-,09,21802,A,N,D,C,A,A,H,-,D,D,0,NA,NA,NA,NA,Y,NA,A,01,0,1,0,0,0,0,0,0,0,-,-,34.018768310546875,-117.72853088378906,SAN BERNARDINO,UNINCORPORATED,-117.72855377197266,34.018821716308594
90712812,2018,2018-04-25,9860,2018-04-21,1908,020596,NA,6,2,5,3609,0,1,1,NA,2,201,SR-210 E/B,AYALA DR,450,W,N,A,-,Y,NA,NA,210,NA,NA,NA,NA,NA,E,Y,3,0,1,2,A,-,08,22107,NA,N,C,C,A,A,H,-,A,D,0,NA,NA,Y,NA,Y,NA,C,02,0,1,0,0,0,0,0,0,1,-,-,34.135799407958984,-117.39386749267578,SAN BERNARDINO,RIALTO,-117.39386749267578,34.13579177856445
90713650,2018,2018-04-26,9855,2018-04-23,1200,15763,NA,1,1,4,3605,0,1,1,NA,2,103,I-10 W/B (SAN BERNARDINO FWY),CENTRAL AVENUE,1056,W,N,A,-,Y,NA,NA,10,NA,NA,NA,NA,NA,W,Y,3,0,1,2,A,-,07,21658,A,N,B,C,A,A,H,-,A,D,0,NA,NA,Y,NA,Y,NA,C,02,0,1,0,0,0,0,0,0,1,-,-,34.08443832397461,-117.69226837158205,SAN BERNARDINO,MONTCLAIR,-117.69227600097656,34.08445739746094
90716098,2018,2018-04-30,9855,2018-04-11,0837,013860,NA,3,1,6,3604,0,1,1,NA,2,201,SR-210 W/B (FOOTHILL FWY),CHERRY AVE.,1089,W,N,A,-,Y,NA,NA,210,NA,NA,NA,NA,NA,W,Y,4,0,1,2,A,-,03,22350,NA,N,C,C,A,A,H,-,A,D,0,NA,NA,NA,NA,Y,NA,A,07,0,0,1,0,0,0,0,0,0,-,-,34.13639831542969,-117.49220275878906,SAN BERNARDINO,FONTANA,-117.49220275878906,34.136505126953125
90716277,2018,2018-04-30,9860,2018-04-23,0926,012988,NA,1,1,6,3610,0,1,1,NA,2,214,I-215 SOUTHBOUND,ORANGE SHOW RD,1971,S,N,A,-,Y,NA,NA,215,NA,NA,NA,NA,NA,S,Y,4,0,1,1,A,-,08,22107,NA,N,E,I,A,A,H,-,A,D,0,NA,NA,NA,NA,Y,NA,A,01,0,0,1,0,0,0,0,0,0,-,-,34.07271957397461,-117.29589080810548,SAN BERNARDINO,SAN BERNARDINO,-117.29574584960938,34.072715759277344
90718835,2018,2018-05-03,9860,2018-04-27,0530,019429,NA,5,3,9,3600,0,1,1,NA,2,152,I-15 N/B,SR-138,400,S,N,A,-,Y,NA,NA,15,NA,NA,NA,NA,NA,N,Y,4,0,1,2,A,-,07,21658,A,F,B,C,A,A,H,-,B,D,0,NA,NA,NA,Y,Y,NA,F,25,0,0,1,0,0,0,0,0,0,-,-,34.310768127441406,-117.47318267822266,SAN BERNARDINO,UNINCORPORATED,-117.4732666015625,34.31066131591797
90719577,2018,2018-05-03,9834,2018-04-29,1300,016564,NA,7,1,9,3600,0,1,1,NA,2,044,I-40 W/B,BUZZARD WASH,2112,W,N,A,-,Y,NA,NA,40,NA,NA,NA,NA,NA,W,Y,3,0,1,2,A,-,03,22350,NA,N,C,C,A,A,H,-,A,D,0,NA,NA,Y,NA,Y,NA,C,02,0,1,0,0,0,0,0,0,1,-,-,34.88251876831055,-114.66929626464844,SAN BERNARDINO,UNINCORPORATED,-114.66928100585938,34.882568359375
90722034,2018,2018-05-08,9865,2018-05-03,1106,018232,NA,4,1,9,3600,0,1,3,NA,2,032,SR-18,DIVISION DR,326,N,N,A,-,Y,NA,NA,18,NA,NA,NA,NA,NA,NA,N,4,0,1,2,A,-,04,21703,NA,N,C,C,A,A,H,-,A,A,0,NA,NA,NA,NA,Y,NA,A,08,0,0,1,0,0,0,0,0,0,-,-,34.260528564453125,-116.86489868164063,SAN BERNARDINO,UNINCORPORATED,-116.86489868164063,34.260498046875
90722749,2018,2018-05-09,9855,2018-05-08,1540,016983,NA,2,2,6,3616,0,1,1,NA,2,203,SR-210 E/B,MOUNTAIN AVE.,1056,E,N,A,-,Y,NA,NA,NA,NA,NA,NA,NA,NA,NA,Y,4,0,1,3,A,-,03,22350,NA,N,C,C,A,A,H,-,A,D,0,NA,NA,NA,Y,Y,NA,A,01,0,0,1,0,0,0,0,0,0,-,-,34.13441848754883,-117.65846252441406,SAN BERNARDINO,RANCHO CUCAMONGA,-117.66696166992188,34.13450241088867
90722913,2018,2018-05-09,9860,2018-04-26,0745,017919,NA,4,1,5,3609,0,1,1,NA,2,102,I-10 E/B,PEPPER AVE,1080,W,N,A,-,Y,NA,NA,NA,NA,NA,NA,NA,NA,NA,Y,4,0,1,2,A,-,07,21658,A,N,B,C,A,A,H,-,A,D,0,NA,NA,NA,NA,Y,NA,A,01,0,0,1,0,0,0,0,0,0,-,-,34.06880187988281,-117.35661315917967,SAN BERNARDINO,RIALTO,-117.35653686523438,34.0688362121582
90726501,2018,2018-05-15,9835,2018-05-07,2339,015354,NA,1,3,9,3600,0,1,1,NA,2,076,INTERSTATE 15 NORTHBOUND,HALLORAN SUMMIT RD.,13253,S,N,A,-,Y,NA,NA,NA,NA,NA,NA,NA,NA,NA,Y,3,0,4,2,A,-,07,21658,NA,N,C,C,A,A,H,-,D,D,0,NA,NA,NA,NA,Y,NA,A,01,0,1,3,0,0,0,0,0,0,-,-,35.23249816894531,-115.50240325927734,SAN BERNARDINO,UNINCORPORATED,-115.83360290527344,35.392005920410156
90728417,2018,2018-05-17,9850,2018-05-02,1635,017034,NA,3,2,9,3600,0,3,5,NA,2,006,BEEKLEY ROAD,PHELAN ROAD,900,N,N,B,-,N,NA,NA,NA,NA,NA,NA,NA,NA,NA,Y,2,0,1,1,A,-,08,22107,NA,N,F,A,A,A,H,-,A,D,0,NA,NA,Y,NA,Y,NA,C,02,1,0,0,0,0,0,0,0,1,-,-,34.4900016784668,-117.59004974365234,SAN BERNARDINO,UNINCORPORATED,-117.5900650024414,34.42882537841797
90732886,2018,2018-05-24,9860,2018-04-29,1200,019429,NA,7,1,3,3615,0,1,1,NA,2,104,I-10 E/B,RICHARDSON ST,285,W,N,A,-,Y,NA,NA,10,NA,NA,NA,NA,NA,E,Y,3,0,3,2,A,-,07,21658,A,F,B,C,A,A,H,-,A,D,0,NA,NA,NA,NA,Y,NA,A,07,0,3,0,0,0,0,0,0,0,-,-,34.066070556640625,-117.25311279296876,SAN BERNARDINO,LOMA LINDA,-117.25313568115234,34.06617736816406
90737818,2018,2018-05-31,9835,2018-05-23,2032,015807,NA,3,2,9,3600,0,1,1,NA,2,075,INTERSTATE 15 NORTHBOUND,E. BAKER BLVD.,16843,N,N,A,-,Y,NA,NA,NA,NA,NA,NA,NA,NA,NA,Y,4,0,1,2,A,-,01,23152,NA,N,B,C,A,A,H,-,D,D,0,NA,NA,NA,Y,Y,Y,A,01,0,0,1,0,0,0,0,0,0,-,-,35.183799743652344,-116.01210021972656,SAN BERNARDINO,UNINCORPORATED,NA,NA
90739929,2018,2018-06-04,9860,2018-05-24,2242,021363,NA,4,3,4,3603,0,1,1,NA,2,214,I-215 N/B,STEEL RD,250,N,N,B,-,Y,NA,NA,215,NA,NA,NA,NA,NA,N,Y,2,0,2,2,A,-,03,22350,NA,N,C,C,A,A,H,-,D,D,0,NA,NA,NA,NA,Y,NA,A,01,1,0,1,0,0,0,0,0,0,-,-,34.0631103515625,-117.29649353027344,SAN BERNARDINO,COLTON,-117.29656219482422,34.06312561035156
90743561,2018,2018-06-07,9855,2018-06-06,1300,016375,NA,3,1,6,3604,0,1,1,NA,2,201,SR-210 E/B (FOOTHILL FWY),CHERRY AVE.,661,W,N,A,-,Y,NA,NA,210,NA,NA,NA,NA,NA,E,Y,4,0,1,1,A,-,08,22107,NA,N,E,I,A,A,H,-,A,D,0,NA,NA,NA,NA,Y,NA,A,01,0,0,1,0,0,0,0,0,0,-,-,34.136390686035156,-117.49038696289063,SAN BERNARDINO,FONTANA,-117.49038696289063,34.13624954223633