CASE_ID,ACCIDENT_YEAR,PROC_DATE,JURIS,COLLISION_DATE,COLLISION_TIME,OFFICER_ID,REPORTING_DISTRICT,DAY_OF_WEEK,CHP_SHIFT,POPULATION,CNTY_CITY_LOC,SPECIAL_COND,BEAT_TYPE,CHP_BEAT_TYPE,CITY_DIVISION_LAPD,CHP_BEAT_CLASS,BEAT_NUMBER,PRIMARY_RD,SECONDARY_RD,DISTANCE,DIRECTION,INTERSECTION,WEATHER_1,WEATHER_2,STATE_HWY_IND,CALTRANS_COUNTY,CALTRANS_DISTRICT,STATE_ROUTE,ROUTE_SUFFIX,POSTMILE_PREFIX,POSTMILE,LOCATION_TYPE,RAMP_INTERSECTION,SIDE_OF_HWY,TOW_AWAY,COLLISION_SEVERITY,NUMBER_KILLED,NUMBER_INJURED,PARTY_COUNT,PRIMARY_COLL_FACTOR,PCF_CODE_OF_VIOL,PCF_VIOL_CATEGORY,PCF_VIOLATION,PCF_VIOL_SUBSECTION,HIT_AND_RUN,TYPE_OF_COLLISION,MVIW,PED_ACTION,ROAD_SURFACE,ROAD_COND_1,ROAD_COND_2,LIGHTING,CONTROL_DEVICE,CHP_ROAD_TYPE,PEDESTRIAN_ACCIDENT,BICYCLE_ACCIDENT,MOTORCYCLE_ACCIDENT,TRUCK_ACCIDENT,NOT_PRIVATE_PROPERTY,ALCOHOL_INVOLVED,STWD_VEHTYPE_AT_FAULT,CHP_VEHTYPE_AT_FAULT,COUNT_SEVERE_INJ,COUNT_VISIBLE_INJ,COUNT_COMPLAINT_PAIN,COUNT_PED_KILLED,COUNT_PED_INJURED,COUNT_BICYCLIST_KILLED,COUNT_BICYCLIST_INJURED,COUNT_MC_KILLED,COUNT_MC_INJURED,PRIMARY_RAMP,SECONDARY_RAMP,LATITUDE,LONGITUDE,COUNTY,CITY,POINT_X,POINT_Y
9123428,2020,2020-09-18,3600,2020-07-01,1508,G5408,AP025,3,5,5,3621,0,0,0,NA,0,AP3,APPLE VALLEY RD,BEAR VALLEY RD,0,NA,Y,A,-,N,NA,NA,NA,NA,NA,NA,NA,NA,NA,Y,3,0,2,4,A,-,03,22350,NA,N,B,C,A,A,H,-,A,A,0,NA,NA,NA,NA,Y,NA,A,01,0,1,1,0,0,0,0,0,0,-,-,NA,NA,SAN BERNARDINO,APPLE VALLEY,-117.24237823486328,34.47119140625
91234505,2020,2020-05-06,9855,2020-05-01,1848,020002,NA,5,2,6,3604,0,1,1,NA,2,101,I-10 W/B (SAN BERNARDINO FWY),ETIWANDA AVE.,2000,E,N,A,-,Y,NA,NA,10,NA,NA,NA,NA,NA,W,Y,3,0,1,2,A,-,03,22350,NA,N,C,C,A,A,H,-,A,D,0,NA,NA,NA,NA,Y,NA,A,01,0,1,0,0,0,0,0,0,0,-,-,34.066959381103516,-117.51226043701172,SAN BERNARDINO,FONTANA,-117.51224517822266,34.067039489746094
9123488,2020,2020-09-10,3604,2020-06-29,0955,473,NA,1,5,6,3604,0,0,0,NA,0,NA,VALLEY BL,ALDER AV,500,W,N,A,-,N,NA,NA,NA,NA,NA,NA,NA,NA,NA,Y,4,0,1,2,A,-,08,22107,NA,N,D,C,A,A,H,-,A,A,0,NA,NA,NA,NA,Y,NA,D,22,0,0,1,0,0,0,0,0,0,-,-,NA,NA,SAN BERNARDINO,FONTANA,-117.41988372802734,34.07042694091797
91242411,2020,2020-05-26,9835,2020-05-18,1720,015842,NA,1,2,9,3600,0,1,1,NA,2,075,I-15 N/B,HALLORAN SUMMIT RD,11035,S,N,A,-,Y,NA,NA,15,NA,NA,NA,NA,NA,N,Y,3,0,1,2,A,-,07,21658,A,N,B,C,A,A,H,-,A,D,0,NA,NA,NA,Y,Y,NA,D,22,0,1,0,0,0,0,0,0,0,-,-,35.39366149902344,-115.82717895507813,SAN BERNARDINO,UNINCORPORATED,-115.82720184326172,35.393768310546875
91242511,2020,2020-05-26,9855,2020-05-20,0840,016375,NA,3,1,6,3607,0,1,3,NA,2,601,SR-60 W/B (POMONA FWY),GROVE AVE.,200,E,N,A,-,Y,NA,NA,60,NA,NA,NA,NA,NA,W,Y,4,0,1,4,A,-,03,22350,NA,N,C,C,A,A,H,-,A,D,0,NA,NA,NA,Y,Y,NA,G,27,0,0,1,0,0,0,0,0,0,-,-,34.0306396484375,-117.62815856933594,SAN BERNARDINO,ONTARIO,-117.62815856933594,34.03059768676758
91247938,2020,2020-06-05,9860,2020-05-29,0425,021638,NA,5,3,9,3600,0,3,5,NA,2,002,GOLDEN AVE,33RD ST,90,S,N,A,-,Y,NA,NA,NA,NA,NA,NA,NA,NA,NA,Y,3,0,1,1,A,-,08,22107,NA,F,E,I,A,A,H,-,B,D,0,NA,NA,NA,NA,Y,NA,A,01,0,1,0,0,0,0,0,0,0,-,-,34.151668548583984,-117.2614288330078,SAN BERNARDINO,UNINCORPORATED,-117.26157379150392,34.15159225463867
91253378,2020,2020-06-17,9850,2020-06-05,2121,022148,NA,5,2,9,3600,0,3,5,NA,2,001,RIDGECREST RD,CHINQUAPIN DR,1170,N,N,A,-,N,NA,NA,NA,NA,NA,NA,NA,NA,NA,Y,4,0,1,1,A,-,08,22107,NA,N,E,I,A,A,H,-,D,D,0,NA,NA,NA,NA,Y,NA,D,22,0,0,1,0,0,0,0,0,0,-,-,34.503841400146484,-117.27741241455078,SAN BERNARDINO,UNINCORPORATED,-117.27737426757813,34.50385284423828
91263032,2020,2020-07-03,9850,2020-06-26,1817,022510,NA,5,2,5,3619,0,1,1,NA,2,082,I-15 N/B,JOSHUA ST,78,N,N,A,-,Y,NA,NA,15,NA,NA,NA,NA,NA,N,Y,4,0,1,2,A,-,01,23152,A,N,B,C,A,A,H,-,A,D,0,NA,NA,NA,Y,Y,Y,A,01,0,0,1,0,0,0,0,0,0,-,-,34.40639114379883,-117.39608001708984,SAN BERNARDINO,HESPERIA,-117.39611053466795,34.40641784667969
91264943,2020,2020-07-08,9850,2020-07-02,1735,021643,NA,4,2,5,3619,0,1,1,NA,2,082,I-15 S/B (BARSTOW FREEWAY),MAIN STREET,4585,N,N,A,-,Y,NA,NA,15,NA,NA,NA,NA,NA,S,Y,4,0,1,2,A,-,03,22350,NA,N,C,C,A,A,H,-,A,D,0,NA,NA,NA,NA,Y,NA,A,01,0,0,1,0,0,0,0,0,0,-,-,34.437469482421875,-117.37216186523438,SAN BERNARDINO,HESPERIA,-117.37215423583984,34.43746566772461
91267266,2020,2020-07-13,9860,2020-07-04,0109,022103,NA,6,3,9,3600,0,3,5,NA,2,002,MARSHALL BLVD E (25600 BLOCK),STERLING AVE,0,NA,Y,A,-,N,NA,NA,NA,NA,NA,NA,NA,NA,NA,Y,3,0,1,1,A,-,01,23152,A,N,E,I,A,A,H,-,C,D,0,NA,NA,NA,NA,Y,Y,A,01,0,1,0,0,0,0,0,0,0,-,-,34.149471282958984,-117.24359893798828,SAN BERNARDINO,UNINCORPORATED,-117.24371337890624,34.14944076538086
91267747,2020,2020-09-23,9855,2020-07-05,0209,021233,NA,7,3,6,3607,0,1,3,NA,2,601,SR-60 E/B (POMONA FWY),CAMPUS AVE.,1000,E,N,A,-,Y,NA,NA,NA,NA,NA,NA,NA,NA,NA,Y,2,0,2,2,A,-,03,22350,NA,N,C,C,A,A,D,-,D,D,0,NA,NA,NA,Y,Y,Y,A,01,2,0,0,0,0,0,0,0,0,-,-,33.03025817871094,-117.63925170898438,SAN BERNARDINO,ONTARIO,-117.63817596435548,34.030357360839844
91267824,2020,2020-07-13,9855,2020-07-05,0212,021483,NA,7,3,6,3607,0,1,3,NA,2,603,SR-60 E/B (POMONA FWY),CAMPUS AVE.,1050,E,N,A,-,Y,NA,NA,60,NA,NA,NA,NA,NA,E,Y,4,0,1,1,A,-,01,23152,A,N,E,I,A,A,D,-,C,D,0,NA,NA,NA,NA,Y,Y,A,01,0,0,1,0,0,0,0,0,0,-,-,34.030250549316406,-117.6372299194336,SAN BERNARDINO,ONTARIO,-117.6372299194336,34.030372619628906
9126811,2020,2020-10-20,3608,2020-07-13,1643,5007,SBCEN,1,5,5,3608,0,0,0,NA,0,NA,GARDEN ST,FRANKLIN AV,193,S,N,A,-,N,NA,NA,NA,NA,NA,NA,NA,NA,NA,N,4,0,1,2,A,-,09,21801,A,N,B,C,A,A,H,-,A,D,0,NA,NA,NA,NA,Y,NA,I,11,0,0,1,0,0,0,0,0,0,-,-,NA,NA,SAN BERNARDINO,REDLANDS,-117.16709136962892,34.038204193115234
91268272,2020,2020-07-14,9870,2020-07-06,1446,018467,NA,1,2,9,3600,0,1,3,NA,1,031,SR-62 (TWENTYNINE PALMS HIGHWAY),SUNSET ROAD,0,NA,Y,A,-,Y,NA,NA,62,NA,NA,NA,NA,NA,NA,Y,3,0,1,2,A,-,09,21802,A,N,D,C,A,A,H,-,A,A,0,NA,NA,Y,NA,Y,NA,A,01,0,1,0,0,0,0,0,0,1,-,-,34.1348991394043,-116.31729888916016,SAN BERNARDINO,UNINCORPORATED,-116.31729888916016,34.13496398925781
91276900,2020,2020-07-30,9834,2020-07-27,0955,013633,NA,1,1,9,3600,0,1,1,NA,2,042,INTERSTATE 40 (EASTBOUND),MOUNTAIN SPRINGS ROAD,7392,W,N,A,-,Y,NA,NA,40,NA,NA,NA,NA,NA,NA,Y,2,0,1,1,A,-,08,22107,NA,N,F,A,A,A,H,-,A,D,0,NA,NA,NA,NA,Y,NA,A,07,1,0,0,0,0,0,0,0,0,-,-,34.825321197509766,-115.08164978027344,SAN BERNARDINO,UNINCORPORATED,-115.08165740966795,34.825401306152344
91283340,2020,2020-08-10,9834,2020-08-02,1135,016043,NA,7,1,9,3600,0,1,1,NA,2,048,I-40 W/B,PARK MOABI RD,5808,W,N,A,-,Y,NA,NA,40,NA,NA,NA,NA,NA,W,Y,2,0,2,1,A,-,08,22107,NA,N,E,I,A,A,H,-,A,D,0,NA,NA,NA,NA,Y,NA,E,22,1,1,0,0,0,0,0,0,0,-,-,34.7192497253418,-114.53117370605467,SAN BERNARDINO,UNINCORPORATED,-114.53119659423828,34.71919631958008
91287410,2020,2020-08-17,9855,2020-08-07,2145,020913,NA,5,2,6,3607,0,1,1,NA,2,101,I-10 E/B FROM MILLIKEN AVENUE,MILLIKEN AVE.,500,W,N,A,-,Y,NA,NA,10,NA,NA,NA,R,NA,E,Y,3,0,1,1,A,-,08,22107,NA,N,F,A,A,A,H,-,C,D,0,NA,NA,NA,Y,Y,NA,G,25,0,1,0,0,0,0,0,0,0,-,-,34.06681823730469,-117.55944061279295,SAN BERNARDINO,ONTARIO,-117.55944061279295,34.06681823730469
91288964,2020,2020-08-19,9860,2020-08-16,0100,019321,NA,7,3,9,3600,0,3,5,NA,2,002,28TH ST,MCKINLEY AVE.,100,W,N,A,-,N,NA,NA,NA,NA,NA,NA,NA,NA,NA,Y,4,0,1,3,A,-,08,22107,NA,N,A,E,A,A,H,-,D,D,0,NA,NA,NA,NA,Y,NA,A,07,0,0,1,0,0,0,0,0,0,-,-,34.14213180541992,-117.2382583618164,SAN BERNARDINO,UNINCORPORATED,-117.23815155029295,34.14213180541992
91293062,2020,2020-08-26,9855,2020-08-13,1457,018212,NA,4,2,6,3616,0,1,1,NA,2,152,I-15 S/B (ONTARIO FWY),CHURCH ST.,500,S,N,A,-,Y,NA,NA,15,NA,NA,NA,NA,NA,S,Y,2,0,1,2,A,-,01,23152,A,N,B,C,A,A,H,-,A,D,0,NA,NA,NA,NA,Y,Y,D,22,1,0,0,0,0,0,0,0,0,-,-,34.11077880859375,-117.52680206298828,SAN BERNARDINO,RANCHO CUCAMONGA,-117.52690887451172,34.11091232299805
91298544,2020,2020-09-03,9865,2020-08-27,1325,017407,NA,4,1,9,3600,0,1,3,NA,1,039,STATE ROUTE 38 (NORTH SHORE DRIVE),DIVISION DRIVE,0,NA,Y,A,-,Y,NA,NA,38,NA,NA,NA,NA,NA,NA,Y,2,0,3,3,A,-,09,21802,A,N,D,C,A,A,H,-,A,A,0,NA,NA,NA,NA,Y,NA,D,22,1,2,0,0,0,0,0,0,0,-,-,34.265228271484375,-116.86614990234376,SAN BERNARDINO,UNINCORPORATED,-116.86614990234376,34.265262603759766
91302700,2020,2020-09-11,9860,2020-09-03,0325,020135,NA,4,3,6,3610,0,1,1,NA,2,214,I-215 S/B,INLAND CENTER DRIVE,810,S,N,A,-,Y,NA,NA,215,NA,NA,NA,NA,NA,S,Y,3,0,1,2,A,-,08,22107,NA,N,B,C,A,A,H,-,D,D,0,NA,NA,NA,NA,Y,NA,D,22,0,1,0,0,0,0,0,0,0,-,-,34.0832405090332,-117.29979705810548,SAN BERNARDINO,SAN BERNARDINO,-117.29987335205078,34.08319091796875
91306057,2020,2020-09-16,9870,2020-09-12,1945,020512,NA,6,2,9,3600,0,1,3,NA,2,021,EASTBOUND STATE ROUTE 247,BODICK ROAD,250,W,N,A,-,Y,NA,NA,247,NA,NA,NA,NA,NA,NA,Y,4,0,1,1,A,-,08,22107,NA,N,E,I,A,A,H,-,D,D,0,NA,NA,NA,NA,Y,NA,D,22,0,0,1,0,0,0,0,0,0,-,-,34.335018157958984,-116.49044036865234,SAN BERNARDINO,UNINCORPORATED,-116.4904556274414,34.33498764038086
91312677,2020,2020-09-28,9860,2020-09-26,1420,020654,NA,6,2,9,3600,0,3,5,NA,2,003,RECHE CANYON RD,WESTWOOD ST,170,N,N,A,-,N,NA,NA,NA,NA,NA,NA,NA,NA,NA,Y,2,0,1,3,A,-,03,22350,NA,F,C,C,A,A,H,-,A,D,0,NA,NA,Y,NA,Y,NA,A,01,1,0,0,0,0,0,0,0,1,-,-,34.039710998535156,-117.28433227539063,SAN BERNARDINO,UNINCORPORATED,-117.28437042236328,34.03960418701172
91314232,2020,2020-09-29,9855,2020-09-20,0006,020913,NA,7,3,6,3616,0,1,1,NA,2,203,SR-210 W/B (FOOTHILL FWY),CARNELIAN ST.,965,W,N,A,-,Y,NA,NA,210,NA,NA,NA,NA,NA,W,Y,4,0,1,1,A,-,08,22107,NA,N,E,J,A,A,H,-,D,D,0,NA,NA,NA,NA,Y,NA,A,07,0,0,1,0,0,0,0,0,0,-,-,34.13515090942383,-117.61959075927734,SAN BERNARDINO,RANCHO CUCAMONGA,-117.61959075927734,34.135032653808594
9131446,2020,2020-09-14,3609,2020-06-10,2109,1899,86,3,5,5,3609,0,0,0,NA,0,001,BASELINE RD,TAMARIND AV,587,W,N,A,-,N,NA,NA,NA,NA,NA,NA,NA,NA,NA,Y,2,0,1,2,A,-,03,22350,NA,N,H,C,A,A,H,-,C,D,0,NA,NA,NA,NA,Y,NA,A,01,1,0,0,0,0,0,0,0,0,-,-,34.121368408203125,-117.42485809326172,SAN BERNARDINO,RIALTO,-117.42472076416016,34.121337890625
9131517,2020,2020-10-07,3604,2020-07-20,1118,603,NA,1,5,6,3604,0,0,0,NA,0,NA,FOOTHILL BL,ALDER AV,0,E,N,A,-,N,NA,NA,NA,NA,NA,NA,NA,NA,NA,Y,4,0,2,3,A,-,03,22350,NA,N,C,-,A,A,H,-,A,A,0,NA,NA,NA,NA,Y,NA,A,07,0,0,2,0,0,0,0,0,0,-,-,NA,NA,SAN BERNARDINO,FONTANA,-117.41835784912108,34.106689453125
91320246,2020,2020-10-08,9855,2020-09-30,2205,021855,NA,3,3,6,3616,0,1,1,NA,2,153,I-15 N/B (ONTARIO FWY),CHERRY AVE.,835,S,N,A,-,Y,NA,NA,NA,NA,NA,NA,NA,NA,NA,Y,2,0,4,2,A,-,03,22350,NA,N,C,C,A,A,H,-,C,D,0,NA,NA,NA,NA,Y,NA,A,01,1,3,0,0,0,0,0,0,0,-,-,34.14057159423828,-118.49053192138672,SAN BERNARDINO,RANCHO CUCAMONGA,-117.49031066894533,34.14125061035156
91321377,2020,2020-10-12,9860,2020-10-09,1755,021138,NA,5,2,5,3609,0,1,1,NA,2,103,I-10 E/B,PEPPER AVE,528,E,N,A,-,Y,NA,NA,NA,NA,NA,NA,NA,NA,NA,Y,3,0,1,2,A,-,07,21658,A,F,C,C,A,A,H,-,A,D,0,NA,NA,NA,NA,Y,NA,A,07,0,1,0,0,0,0,0,0,0,-,-,34.068851470947266,-117.35073852539063,SAN BERNARDINO,RIALTO,-117.35124206542967,34.068809509277344
91321413,2020,2020-10-12,9860,2020-10-06,2000,020533,NA,2,2,9,3600,0,3,5,NA,2,002,LYNWOOD DR,IRONWOOD ST,0,NA,Y,A,-,N,NA,NA,NA,NA,NA,NA,NA,NA,NA,N,4,0,1,2,A,-,08,22107,NA,F,G,B,E,A,H,-,A,D,0,Y,NA,NA,NA,Y,NA,A,01,0,0,1,0,1,0,0,0,0,-,-,34.146671295166016,-117.2498016357422,SAN BERNARDINO,UNINCORPORATED,-117.24983215332033,34.1467399597168
91323445,2020,2020-10-14,9860,2020-10-05,0328,021587,NA,1,3,6,3610,0,1,1,NA,2,202,SR-210 E/B,MUSCUPIABE DR,16,E,N,A,-,Y,NA,NA,210,NA,NA,NA,NA,NA,E,Y,3,0,2,2,A,-,03,22350,NA,N,C,C,A,A,H,-,C,D,0,NA,NA,NA,NA,Y,NA,A,01,0,2,0,0,0,0,0,0,0,-,-,34.1456184387207,-117.30754089355467,SAN BERNARDINO,SAN BERNARDINO,-117.30754089355467,34.14560317993164
91323867,2020,2020-10-14,9860,2020-10-02,1900,020282,NA,5,2,6,3610,0,1,1,NA,2,202,SR-210 E/B TO DEL ROSA AVENUE,DEL ROSA AVE,90,W,N,A,-,Y,NA,NA,210,NA,NA,NA,R,NA,E,N,4,0,2,3,A,-,21,22106,NA,N,C,C,A,A,H,-,C,A,0,NA,NA,NA,NA,Y,NA,A,01,0,0,2,0,0,0,0,0,0,-,-,34.14215087890625,-117.25285339355467,SAN BERNARDINO,SAN BERNARDINO,-117.25285339355467,34.14215087890625
91330487,2020,2020-10-23,9860,2020-10-19,1603,021138,NA,1,2,9,3600,0,1,3,NA,1,012,SR-138,CAJON BLVD,0,NA,Y,A,-,Y,NA,NA,138,NA,NA,NA,NA,NA,NA,Y,4,0,1,3,A,-,03,22350,NA,N,C,C,A,A,H,-,A,D,0,NA,NA,NA,NA,Y,NA,A,01,0,0,1,0,0,0,0,0,0,-,-,34.31153106689453,-117.47834777832033,SAN BERNARDINO,UNINCORPORATED,-117.47834777832033,34.31158447265625
91335450,2020,2020-10-30,9865,2020-10-28,0530,016459,NA,3,3,9,3600,0,1,3,NA,1,034,SR-18,CUSHENBERRY GRADE,2112,N,N,A,-,Y,NA,NA,18,NA,NA,NA,NA,NA,NA,Y,4,0,1,1,A,-,08,22107,NA,N,E,I,A,A,H,-,D,D,0,NA,NA,NA,NA,Y,NA,A,01,0,0,1,0,0,0,0,0,0,-,-,34.3477897644043,-116.84571075439452,SAN BERNARDINO,UNINCORPORATED,-116.84569549560548,34.34781265258789
91345618,2020,2020-11-16,9850,2020-11-04,2000,022256,NA,3,2,5,3619,0,1,1,NA,2,082,I-15 N/B,US-395,845,N,N,A,-,Y,NA,NA,15,NA,NA,NA,NA,NA,N,Y,4,0,1,2,A,-,08,22107,NA,M,E,I,A,A,H,-,D,D,0,NA,NA,NA,NA,Y,NA,A,01,0,0,1,0,0,0,0,0,0,-,-,34.40208053588867,-117.39964294433594,SAN BERNARDINO,HESPERIA,-117.3995361328125,34.402000427246094
91350733,2020,2020-11-20,9855,2020-07-01,0435,020367,NA,3,3,6,3607,0,1,1,NA,2,152,I-15 N/B (ONTARIO FWY),JURUPA ST.,2083,S,N,B,-,Y,NA,NA,15,NA,NA,NA,NA,NA,N,Y,1,1,0,2,A,-,11,21954,A,N,G,B,E,A,H,-,C,D,0,Y,NA,NA,NA,Y,NA,N,60,0,0,0,1,0,0,0,0,0,-,-,34.042301177978516,-117.55020141601563,SAN BERNARDINO,ONTARIO,-117.5500259399414,34.042301177978516
9135709,2020,2020-09-16,3605,2020-07-24,1506,429,NA,5,5,4,3605,0,0,0,NA,0,NA,CENTRAL AV,ARROW HWY,0,NA,Y,A,-,N,NA,NA,NA,NA,NA,NA,NA,NA,NA,Y,2,0,2,2,A,-,09,21800,A,N,D,C,A,A,H,-,A,A,0,NA,NA,NA,NA,Y,NA,A,01,1,0,1,0,0,0,0,0,0,-,-,NA,NA,SAN BERNARDINO,MONTCLAIR,-117.68971252441406,34.09233093261719
91357201,2020,2020-12-02,9860,2020-11-26,0745,016590,NA,4,1,5,3609,0,1,1,NA,2,201,SR-210 W/B,LOCUST AVE.,5,W,N,A,-,Y,NA,NA,210,NA,NA,NA,NA,NA,W,Y,3,0,1,1,A,-,08,22107,NA,N,E,I,A,A,H,-,A,D,0,NA,NA,NA,NA,Y,NA,A,01,0,1,0,0,0,0,0,0,0,-,-,34.13631057739258,-117.41023254394533,SAN BERNARDINO,RIALTO,-117.41022491455078,34.13646697998047
91383360,2020,2021-01-07,9855,2020-12-28,0824,017781,NA,1,1,6,3604,0,1,1,NA,2,153,I-15 S/B (ONTARIO FWY),DUNCAN CANYON RD.,2300,N,N,B,C,Y,NA,NA,15,NA,NA,NA,NA,NA,S,Y,4,0,1,2,A,-,03,22350,NA,N,E,C,A,B,H,-,A,D,0,NA,NA,NA,NA,Y,NA,A,01,0,0,1,0,0,0,0,0,0,-,-,34.17020034790039,-117.45497894287108,SAN BERNARDINO,FONTANA,-117.4550552368164,34.170310974121094
91388958,2021,2021-01-18,9860,2021-01-03,1045,019419,NA,7,1,9,3600,0,1,1,NA,2,152,I-15 S/B,SR-138,7920,N,N,A,-,Y,NA,NA,15,NA,NA,NA,NA,NA,S,N,2,0,1,2,A,-,03,22350,NA,F,C,C,A,A,H,-,A,D,0,NA,NA,Y,Y,Y,NA,C,02,1,0,0,0,0,0,0,0,1,-,-,34.33277893066406,-117.48258209228516,SAN BERNARDINO,UNINCORPORATED,-117.48248291015624,34.33277893066406
91414715,2021,2021-02-24,9855,2021-02-13,1900,019183,NA,6,2,6,3607,0,1,1,NA,2,101,I-10 E/B (SAN BERNARDINO FWY),MILLIKEN AVE.,1225,W,N,B,-,Y,NA,NA,10,NA,NA,NA,NA,NA,E,Y,4,0,1,2,A,-,07,21658,A,N,B,C,A,A,D,-,C,D,0,NA,NA,NA,NA,Y,NA,A,01,0,0,1,0,0,0,0,0,0,-,-,34.06732177734375,-117.56250762939452,SAN BERNARDINO,ONTARIO,-117.56250762939452,34.06739044189453
91417591,2021,2021-03-01,9855,2021-02-20,1145,018335,NA,6,1,6,3607,0,1,1,NA,2,103,I-10 E/B (SAN BERNARDINO FWY),HAVEN AVE.,1000,W,N,A,-,Y,NA,NA,10,NA,NA,NA,NA,NA,E,Y,4,0,1,3,A,-,03,22350,NA,N,C,C,A,A,D,-,A,D,0,NA,NA,NA,NA,Y,NA,D,22,0,0,1,0,0,0,0,0,0,-,-,34.06732177734375,-117.5819091796875,SAN BERNARDINO,ONTARIO,-117.5819091796875,34.067474365234375
91418678,2021,2021-03-02,9835,2021-02-19,2005,022570,NA,5,2,9,3600,0,1,1,NA,2,073,I-15 N/B,CLYDE V. KANE REST AREA,4541,S,N,A,-,Y,NA,NA,15,NA,NA,NA,NA,NA,N,Y,2,0,1,2,A,-,07,21658,A,N,B,C,A,A,H,-,D,D,0,NA,NA,NA,NA,Y,NA,A,08,1,0,0,0,0,0,0,0,0,-,-,35.02727127075195,-116.48554229736328,SAN BERNARDINO,UNINCORPORATED,-116.48553466796876,35.02725601196289
91427465,2021,2021-03-15,9865,2021-03-05,1154,017808,NA,5,1,9,3600,0,1,3,NA,2,021,SR-330,HIGHLAND AVE.,6336,N,N,A,-,Y,NA,NA,330,NA,NA,NA,NA,NA,NA,Y,4,0,1,2,A,-,08,22107,NA,N,D,C,A,A,H,-,A,D,0,NA,NA,NA,NA,Y,NA,A,01,0,0,1,0,0,0,0,0,0,-,-,34.152469635009766,-117.1882095336914,SAN BERNARDINO,UNINCORPORATED,-117.18824768066406,34.15251541137695
91428583,2021,2021-03-16,9855,2021-03-06,2200,021233,NA,6,3,6,3607,0,1,1,NA,2,101,I-10 W/B TO I-15,I-15,2000,E,N,B,-,Y,NA,NA,10,NA,NA,NA,R,NA,W,Y,4,0,1,1,A,-,08,22107,NA,N,E,J,A,A,D,-,C,D,0,NA,NA,NA,NA,Y,NA,A,01,0,0,1,0,0,0,0,0,0,-,-,34.06753921508789,-117.5378189086914,SAN BERNARDINO,ONTARIO,-117.5378189086914,34.06753921508789
91430406,2021,2021-03-18,9855,2021-03-08,0725,018313,NA,1,1,6,3607,0,1,1,NA,2,101,I-10 W/B (SAN BERNARDINO FWY),MILLIKEN AVE.,1500,W,N,A,-,Y,NA,NA,NA,NA,NA,NA,NA,NA,NA,Y,4,0,2,3,A,-,03,22350,NA,F,C,C,A,A,D,-,A,D,0,NA,NA,NA,NA,Y,NA,A,08,0,0,2,0,0,0,0,0,0,-,-,34.09674835205078,-117.56018829345705,SAN BERNARDINO,ONTARIO,-117.55848693847656,34.06755828857422
91431779,2021,2021-03-22,9865,2021-03-13,2230,21722,NA,6,3,9,3600,0,3,5,NA,2,001,LAKEVIEW DRIVE,HOOK CREEK RD,528,E,N,B,-,N,NA,NA,NA,NA,NA,NA,NA,NA,NA,Y,2,0,1,2,A,-,01,23152,G,N,B,E,A,C,H,-,D,D,0,NA,NA,NA,NA,Y,Y,D,22,1,0,0,0,0,0,0,0,0,-,-,34.254661560058594,-117.16661071777344,SAN BERNARDINO,UNINCORPORATED,-117.16632080078124,34.254695892333984
9143903,2020,2020-09-19,3610,2020-07-29,2021,51266,NA,3,5,6,3610,0,0,0,NA,0,POLICE,E 6TH ST,N E ST,0,NA,Y,A,-,N,NA,NA,NA,NA,NA,NA,NA,NA,NA,N,3,0,3,3,A,-,12,21453,A,N,A,C,A,-,H,-,C,A,0,NA,NA,NA,NA,Y,NA,A,01,0,1,2,0,0,0,0,0,0,-,-,NA,NA,SAN BERNARDINO,SAN BERNARDINO,-117.29415130615234,34.11016845703125
9143904,2020,2020-09-19,3610,2020-07-29,1458,50360,NA,3,5,6,3610,0,0,0,NA,0,POLICE,E 3RD ST,LANKERSHIM AV,300,W,N,A,-,N,NA,NA,NA,NA,NA,NA,NA,NA,NA,Y,4,0,1,2,A,-,01,23152,A,N,C,C,A,-,H,-,A,A,0,NA,NA,NA,NA,Y,Y,A,01,0,0,1,0,0,0,0,0,0,-,-,34.10676956176758,-117.24368286132813,SAN BERNARDINO,SAN BERNARDINO,-117.2358856201172,34.106754302978516
91452227,2021,2021-04-16,9855,2021-04-08,1335,019675,NA,4,1,9,3600,0,3,5,NA,2,004,RIVERSIDE DR.,TOWNE AVE.,0,NA,Y,A,-,N,NA,NA,NA,NA,NA,NA,NA,NA,NA,Y,4,0,1,2,A,-,09,21801,A,N,A,C,A,A,H,-,A,A,0,NA,NA,NA,NA,Y,NA,A,01,0,0,1,0,0,0,0,0,0,-,-,34.019081115722656,-117.739990234375,SAN BERNARDINO,UNINCORPORATED,-117.74010467529295,34.01902770996094