CASE_ID,ACCIDENT_YEAR,PROC_DATE,JURIS,COLLISION_DATE,COLLISION_TIME,OFFICER_ID,REPORTING_DISTRICT,DAY_OF_WEEK,CHP_SHIFT,POPULATION,CNTY_CITY_LOC,SPECIAL_COND,BEAT_TYPE,CHP_BEAT_TYPE,CITY_DIVISION_LAPD,CHP_BEAT_CLASS,BEAT_NUMBER,PRIMARY_RD,SECONDARY_RD,DISTANCE,DIRECTION,INTERSECTION,WEATHER_1,WEATHER_2,STATE_HWY_IND,CALTRANS_COUNTY,CALTRANS_DISTRICT,STATE_ROUTE,ROUTE_SUFFIX,POSTMILE_PREFIX,POSTMILE,LOCATION_TYPE,RAMP_INTERSECTION,SIDE_OF_HWY,TOW_AWAY,COLLISION_SEVERITY,NUMBER_KILLED,NUMBER_INJURED,PARTY_COUNT,PRIMARY_COLL_FACTOR,PCF_CODE_OF_VIOL,PCF_VIOL_CATEGORY,PCF_VIOLATION,PCF_VIOL_SUBSECTION,HIT_AND_RUN,TYPE_OF_COLLISION,MVIW,PED_ACTION,ROAD_SURFACE,ROAD_COND_1,ROAD_COND_2,LIGHTING,CONTROL_DEVICE,CHP_ROAD_TYPE,PEDESTRIAN_ACCIDENT,BICYCLE_ACCIDENT,MOTORCYCLE_ACCIDENT,TRUCK_ACCIDENT,NOT_PRIVATE_PROPERTY,ALCOHOL_INVOLVED,STWD_VEHTYPE_AT_FAULT,CHP_VEHTYPE_AT_FAULT,COUNT_SEVERE_INJ,COUNT_VISIBLE_INJ,COUNT_COMPLAINT_PAIN,COUNT_PED_KILLED,COUNT_PED_INJURED,COUNT_BICYCLIST_KILLED,COUNT_BICYCLIST_INJURED,COUNT_MC_KILLED,COUNT_MC_INJURED,PRIMARY_RAMP,SECONDARY_RAMP,LATITUDE,LONGITUDE,COUNTY,CITY,POINT_X,POINT_Y
9533045,2022,2023-01-19,3600,2022-11-24,0914,H7520,VC062,4,5,5,3612,0,0,0,NA,0,VC02,7TH ST,MOJAVE DR,113,N,N,A,-,N,NA,NA,NA,NA,NA,NA,NA,NA,NA,Y,3,0,1,2,A,-,08,22107,A,N,C,C,A,A,H,-,A,A,0,NA,NA,NA,NA,Y,NA,A,01,0,1,0,0,0,0,0,0,0,-,-,34.52788162231445,-117.300537109375,SAN BERNARDINO,VICTORVILLE,-117.30033111572266,34.52815246582031
9533685,2022,2023-01-30,3604,2022-12-18,1511,680,NA,7,5,6,3604,0,0,0,NA,0,NA,CHERRY AV,BASELINE AV,480,N,N,A,-,N,NA,NA,NA,NA,NA,NA,NA,NA,NA,N,3,0,1,2,A,-,09,21804,A,N,D,G,A,A,H,-,A,A,0,NA,Y,NA,NA,Y,NA,A,01,0,1,0,0,0,0,1,0,0,-,-,NA,NA,SAN BERNARDINO,FONTANA,-117.48860931396484,34.122684478759766
9537135,2022,2022-12-21,3600,2022-11-04,2310,B9547,HE3,5,5,5,3619,0,0,0,NA,0,HE303,MARIPOSA RD,JOSHUA ST,374,N,N,A,-,N,NA,NA,NA,NA,NA,NA,NA,NA,NA,Y,2,0,1,1,A,-,05,21650,NA,N,F,C,A,A,H,-,D,D,0,NA,NA,NA,NA,Y,NA,A,07,1,0,0,0,0,0,0,0,0,-,-,NA,NA,SAN BERNARDINO,HESPERIA,-117.39358520507813,34.40593719482422
9539115,2022,2023-02-10,3600,2022-12-21,1106,H5173,LL,3,5,3,3615,0,0,0,NA,0,0LL,MOUND STEWART ST,LA MAR RD,0,NA,Y,A,-,N,NA,NA,NA,NA,NA,NA,NA,NA,NA,Y,3,0,1,1,A,-,03,22350,NA,N,H,A,A,A,H,-,A,A,0,NA,NA,Y,NA,Y,NA,C,02,0,1,0,0,0,0,0,0,1,-,-,NA,NA,SAN BERNARDINO,LOMA LINDA,-117.2577667236328,34.051841735839844
9543444,2022,2023-02-02,3605,2022-12-03,2235,440,NA,6,5,4,3605,0,0,0,NA,0,NA,ARROW HWY,POLICE DEPARTMENT,260,W,N,A,-,N,NA,NA,NA,NA,NA,NA,NA,NA,NA,Y,2,0,1,2,A,-,01,23152,A,N,C,E,A,A,H,-,C,D,0,NA,NA,NA,NA,Y,Y,A,01,1,0,0,0,0,0,0,0,0,-,-,NA,NA,SAN BERNARDINO,MONTCLAIR,NA,NA
9544247,2022,2023-02-08,3608,2022-12-22,1621,4202,3608,4,5,5,3608,0,0,0,NA,0,NA,E LUGONIA AV,N UNIVERSITY ST,0,NA,Y,A,-,Y,SBD,8,38,-,-,1.445,I,5,E,Y,3,0,1,2,A,-,09,21801,A,N,D,C,A,A,H,-,A,A,0,NA,NA,NA,NA,Y,NA,A,07,0,1,0,0,0,0,0,0,0,-,-,NA,NA,SAN BERNARDINO,REDLANDS,-117.16720581054688,34.07005310058594
9545926,2023,2023-03-13,3604,2023-01-26,1555,1302,NA,4,5,6,3604,0,0,0,NA,0,NA,BASELINE AV,RT 15,0,NA,Y,A,-,Y,SBD,8,15,-,-,7.034,R,4,N,Y,3,0,3,2,A,-,03,22350,NA,N,G,B,F,A,H,-,A,A,0,Y,NA,NA,NA,Y,NA,A,01,0,1,2,0,1,0,0,0,0,-,NO,NA,NA,SAN BERNARDINO,FONTANA,-117.51055145263672,34.1240234375
9546261,2022,2023-02-08,3605,2022-12-24,1431,456,NA,6,5,4,3605,0,0,0,NA,0,NA,MORENO ST,BENSON AV,0,NA,Y,A,-,N,NA,NA,NA,NA,NA,NA,NA,NA,NA,Y,4,0,4,2,A,-,08,22107,NA,N,D,C,A,A,H,-,A,A,0,NA,NA,NA,NA,Y,NA,A,01,0,0,4,0,0,0,0,0,0,-,-,34.088741302490234,-117.68097686767578,SAN BERNARDINO,MONTCLAIR,-117.68087005615234,34.088741302490234
9548210,2023,2023-03-02,3610,2023-01-16,654,51354,NA,1,5,6,3610,0,0,0,NA,0,NA,W INDUSTRIAL WY,LEXINGTON WY,1679,N,N,C,E,N,NA,NA,NA,NA,NA,NA,NA,NA,NA,Y,4,0,2,2,A,-,08,22107,NA,N,A,C,A,B,H,-,B,D,0,NA,NA,NA,Y,Y,NA,A,07,0,0,2,0,0,0,0,0,0,-,-,34.17947006225586,-117.35015869140624,SAN BERNARDINO,SAN BERNARDINO,-117.34994506835938,34.17942810058594
9555010,2023,2023-03-24,3608,2023-02-18,1728,3372,NA,6,5,5,3608,0,0,0,NA,0,REDLAN,E LUGONIA AV,N UNIVERSITY ST,0,NA,Y,A,-,Y,SBD,8,38,-,-,1.445,I,5,E,N,3,0,4,3,A,-,09,21801,A,N,D,C,A,A,H,-,A,A,0,NA,NA,NA,NA,Y,NA,A,01,0,1,3,0,0,0,0,0,0,-,-,NA,NA,SAN BERNARDINO,REDLANDS,-117.16720581054688,34.07005310058594
9556743,2023,2023-04-03,3604,2023-03-08,1358,1135,NA,3,5,6,3604,0,0,0,NA,0,002,SOUTH HIGHLAND,CYPRESS,250,W,N,A,-,N,NA,NA,NA,NA,NA,NA,NA,NA,NA,Y,4,0,1,2,A,-,09,21804,A,N,D,C,A,A,H,-,A,D,0,NA,NA,NA,NA,Y,NA,A,07,0,0,1,0,0,0,0,0,0,-,-,NA,NA,SAN BERNARDINO,FONTANA,-117.44539642333984,34.13467025756836
9560907,2023,2023-05-06,3604,2023-03-07,1754,680,NA,2,5,6,3604,0,0,0,NA,0,NA,RUSTIC PL,EL CONTENTO AV,0,NA,Y,A,-,N,NA,NA,NA,NA,NA,NA,NA,NA,NA,NA,4,0,2,2,A,-,09,21803,A,N,D,C,A,A,H,-,B,A,0,NA,NA,NA,NA,Y,NA,A,01,0,0,2,0,0,0,0,0,0,-,-,NA,NA,SAN BERNARDINO,FONTANA,-117.4908447265625,34.037269592285156
9561690,2023,2023-04-05,3608,2023-02-24,1042,5160,3608,5,5,5,3608,0,0,0,NA,0,NA,CENTRAL AV,COOK ST,0,NA,Y,B,-,N,NA,NA,NA,NA,NA,NA,NA,NA,NA,Y,4,0,2,2,A,-,09,21802,A,N,D,C,A,A,H,-,A,A,0,NA,NA,NA,NA,Y,NA,A,01,0,0,2,0,0,0,0,0,0,-,-,NA,NA,SAN BERNARDINO,REDLANDS,-117.16284942626952,34.05717086791992
9568171,2023,2023-05-05,3600,2023-03-25,932,H9017,YV007,6,5,3,3631,0,0,0,NA,0,YV1,29 PALMS HWY,CHEROKEE TRL,0,NA,Y,A,-,Y,SBD,8,62,-,-,10.62,I,5,W,Y,3,0,1,2,A,-,09,21802,NA,N,D,C,A,A,H,-,A,A,0,NA,NA,NA,NA,Y,NA,A,01,0,1,0,0,0,0,0,0,0,-,-,34.119808197021484,-116.44451904296876,SAN BERNARDINO,YUCCA VALLEY,-116.44442749023438,34.11993408203125
9570048,2023,2023-04-21,3604,2023-03-17,1608,1302,NA,5,5,6,3604,0,0,0,NA,0,NA,MALLORY DR,SKYLAND CT,340,W,N,A,-,N,NA,NA,NA,NA,NA,NA,NA,NA,NA,Y,3,0,2,2,A,-,08,22103,NA,N,D,C,A,A,H,-,A,D,0,NA,NA,NA,NA,Y,NA,A,07,0,1,1,0,0,0,0,0,0,-,-,NA,NA,SAN BERNARDINO,FONTANA,-117.45150756835938,34.0748291015625
9573084,2023,2023-05-19,3604,2023-04-22,1957,1302,NA,6,5,6,3604,0,0,0,NA,0,NA,MERRILL AV,ALDER AV,62,W,N,A,-,N,NA,NA,NA,NA,NA,NA,NA,NA,NA,NA,4,0,1,2,A,-,03,22350,NA,N,C,C,A,A,H,-,C,A,0,NA,NA,NA,NA,Y,NA,D,22,0,0,1,0,0,0,0,0,0,-,-,NA,NA,SAN BERNARDINO,FONTANA,-117.41852569580078,34.09218978881836
9573994,2023,2023-04-24,3610,2023-03-06,605,51360,NA,1,5,6,3610,0,0,0,NA,0,NA,W 9TH ST,N ARROWHEAD AVE,0,NA,Y,C,-,N,NA,NA,NA,NA,NA,NA,NA,NA,NA,Y,4,0,2,3,A,-,12,21453,A,N,D,C,A,B,H,-,B,A,0,NA,NA,NA,NA,Y,NA,A,01,0,0,2,0,0,0,0,0,0,-,-,NA,NA,SAN BERNARDINO,SAN BERNARDINO,-117.28964996337892,34.115779876708984
9578087,2023,2023-05-08,3604,2023-04-13,1346,1395,NA,4,5,6,3604,0,0,0,NA,0,NA,SIERRA AV,WALNUT ST,200,N,N,A,-,N,NA,NA,NA,NA,NA,NA,NA,NA,NA,Y,4,0,1,4,A,-,03,22350,NA,N,B,C,A,A,H,-,A,A,0,NA,NA,NA,NA,Y,NA,A,01,0,0,1,0,0,0,0,0,0,-,-,NA,NA,SAN BERNARDINO,FONTANA,-117.43618774414063,34.129146575927734
9579444,2023,2023-05-31,3604,2023-04-26,842,1086,NA,3,5,6,3604,0,0,0,NA,0,NA,SLOVER AV,ELM AVE,200,W,N,A,-,N,NA,NA,NA,NA,NA,NA,NA,NA,NA,Y,4,0,1,2,A,-,03,22350,NA,N,C,C,A,A,H,-,A,A,0,NA,NA,Y,Y,Y,NA,C,02,0,0,1,0,0,0,0,0,1,-,-,NA,NA,SAN BERNARDINO,FONTANA,-117.46753692626952,34.06296920776367
9582686,2023,2023-06-19,3605,2023-04-27,1700,477,NA,4,5,4,3605,0,0,0,NA,0,NA,MORENO ST,MONTE VISTA AV,13,E,N,A,-,N,NA,NA,NA,NA,NA,NA,NA,NA,NA,N,2,0,1,2,A,-,03,22350,NA,F,C,C,A,A,H,-,A,A,0,NA,NA,NA,NA,Y,NA,-,NA,1,0,0,0,0,0,0,0,0,-,-,NA,NA,SAN BERNARDINO,MONTCLAIR,-117.6981964111328,34.08867645263672
9585805,2023,2023-06-09,3604,2023-05-17,717,1437,NA,3,5,6,3604,0,0,0,NA,0,NA,BEGONIA DR,MUM CT,114,E,N,A,-,N,NA,NA,NA,NA,NA,NA,NA,NA,NA,Y,4,0,1,2,A,-,08,22107,NA,N,A,E,A,A,H,-,A,D,0,NA,NA,NA,NA,Y,NA,A,01,0,0,1,0,0,0,0,0,0,-,-,NA,NA,SAN BERNARDINO,FONTANA,NA,NA
9586124,2023,2023-06-08,3600,2023-04-25,750,H9758,NA,2,5,4,3618,0,0,0,NA,0,H1007,LANKERSHIM AV,5TH ST,0,NA,Y,A,-,N,NA,NA,NA,NA,NA,NA,NA,NA,NA,Y,3,0,2,2,A,-,09,21802,A,M,E,I,A,A,H,-,A,A,0,NA,NA,NA,NA,Y,Y,A,01,0,2,0,0,0,0,0,0,0,-,-,34.10845184326172,-117.23491668701172,SAN BERNARDINO,HIGHLAND,-117.23491668701172,34.10845947265625
9587262,2023,2023-09-05,3600,2023-08-02,1023,F8556,RC020,3,5,6,3616,0,0,0,NA,0,002,MILLIKEN AV,BASE LINE RD,0,NA,Y,A,-,N,NA,NA,NA,NA,NA,NA,NA,NA,NA,N,4,0,1,2,A,-,05,21650,1,N,D,G,A,A,H,-,A,A,0,NA,Y,NA,NA,Y,NA,L,04,0,0,1,0,0,0,1,0,0,-,-,NA,NA,SAN BERNARDINO,RANCHO CUCAMONGA,-117.55864715576172,34.121395111083984
9587806,2023,2023-06-14,3604,2023-05-21,502,479,3604,7,5,6,3604,0,0,0,NA,0,003,JUNIPER AV,ARROW BL,0,NA,Y,A,-,N,NA,NA,NA,NA,NA,NA,NA,NA,NA,Y,3,0,1,2,A,-,12,21453,A,N,D,C,A,A,H,-,B,A,0,NA,NA,NA,NA,Y,NA,A,07,0,1,0,0,0,0,0,0,0,-,-,NA,NA,SAN BERNARDINO,FONTANA,-117.44013214111328,34.09931564331055
9589994,2023,2023-06-21,3608,2023-05-09,858,3821,NA,2,5,5,3608,0,0,0,NA,0,NA,HIGHLAND AV,RAMONA DR,18,W,N,B,-,N,NA,NA,NA,NA,NA,NA,NA,NA,NA,Y,4,0,1,2,-,-,-,NA,NA,N,B,C,A,A,H,-,A,A,0,NA,NA,NA,NA,Y,NA,-,-,0,0,1,0,0,0,0,0,0,-,-,NA,NA,SAN BERNARDINO,REDLANDS,-117.17716217041016,34.03831481933594
9590748,2023,2023-06-20,3610,2023-04-25,1427,51144,NA,2,5,6,3610,0,0,0,NA,0,NA,EAST HIGHLAND AV,N VALENCIA AV,0,NA,Y,A,-,N,NA,NA,NA,NA,NA,NA,NA,NA,NA,Y,4,0,3,2,A,-,08,22107,NA,N,B,C,A,A,H,-,A,A,0,NA,NA,NA,NA,Y,NA,A,01,0,0,3,0,0,0,0,0,0,-,-,34.13621139526367,-117.27191162109376,SAN BERNARDINO,SAN BERNARDINO,-117.27252197265624,34.135902404785156
9594084,2023,2023-08-02,3610,2023-05-08,1244,50584,NA,1,5,6,3610,0,0,0,NA,0,NA,W MILL ST,RT 215,0,NA,Y,A,-,Y,SBD,8,215,-,-,6.244,R,4,S,Y,4,0,2,2,A,-,12,21453,A,N,D,C,A,A,H,-,A,A,0,NA,NA,NA,NA,Y,NA,A,01,0,0,2,0,0,0,0,0,0,-,SF,34.092140197753906,-117.30200958251952,SAN BERNARDINO,SAN BERNARDINO,-117.30200958251952,34.094730377197266
9596649,2023,2023-07-31,3600,2023-06-27,740,G7650,LL,2,5,3,3615,0,0,0,NA,0,LL002,CALIFORNIA ST,CITRUS ST,22,S,N,A,-,N,NA,NA,NA,NA,NA,NA,NA,NA,NA,Y,2,0,2,2,A,-,12,22450,A,N,D,C,A,A,H,-,A,D,0,NA,NA,NA,NA,Y,NA,A,07,1,1,0,0,0,0,0,0,0,-,-,NA,NA,SAN BERNARDINO,LOMA LINDA,-117.22618865966795,34.05562973022461
9597878,2023,2023-08-08,3610,2023-06-23,2356,51281,NA,5,5,6,3610,0,0,0,NA,0,NA,NORTH SIERRA WY,W 6TH ST,0,NA,Y,A,-,N,NA,NA,NA,NA,NA,NA,NA,NA,NA,Y,2,0,7,2,A,-,12,22450,A,F,D,C,A,A,H,-,C,D,0,NA,NA,NA,NA,Y,NA,A,01,1,2,4,0,0,0,0,0,0,-,-,NA,NA,SAN BERNARDINO,SAN BERNARDINO,-117.28514099121094,34.11017990112305
9601350,2023,2023-08-21,3608,2023-07-17,2135,5047,NA,1,5,5,3608,0,0,0,NA,0,NA,JUDSON ST,E LUGONIA AV,0,NA,Y,A,-,Y,SBD,8,38,-,-,2.07,I,5,E,Y,4,0,1,2,A,-,01,23152,A,N,D,C,A,A,H,-,C,A,0,NA,NA,NA,NA,Y,NA,A,07,0,0,1,0,0,0,0,0,0,-,-,NA,NA,SAN BERNARDINO,REDLANDS,-117.15634918212892,34.070091247558594
9602475,2023,2023-08-17,3600,2023-07-19,1513,G4514,RC047,3,5,6,3616,0,0,0,NA,0,RC1,BASE LINE RD,CARNELIAN ST,0,NA,Y,A,-,N,NA,NA,NA,NA,NA,NA,NA,NA,NA,N,4,0,1,2,D,-,00,NA,NA,N,C,C,A,A,H,-,A,A,0,NA,NA,NA,NA,Y,NA,-,-,0,0,1,0,0,0,0,0,0,-,-,NA,NA,SAN BERNARDINO,RANCHO CUCAMONGA,-117.61611175537108,34.12154769897461
9602681,2023,2023-08-22,3604,2023-07-16,1627,1339,NA,7,5,6,3604,0,0,0,NA,0,NA,OLEANDER AV,SEVILLE AV,164,S,N,A,-,N,NA,NA,NA,NA,NA,NA,NA,NA,NA,NA,3,0,1,2,A,-,09,21800,A,N,D,C,A,A,H,-,A,A,0,NA,NA,Y,NA,Y,NA,C,03,0,1,0,0,0,0,0,0,1,-,-,NA,NA,SAN BERNARDINO,FONTANA,-117.44886779785156,34.10103988647461
9602760,2023,2023-09-26,3600,2023-07-21,1225,H7582,RC200,5,5,6,3616,0,0,0,NA,0,RC5,VICTORIA GARDENS LN,NORTH MAIN ST,0,NA,Y,A,-,N,NA,NA,NA,NA,NA,NA,NA,NA,NA,Y,3,0,2,2,A,-,12,21453,A,N,D,C,A,A,H,-,A,A,0,NA,NA,NA,NA,Y,NA,A,01,0,1,1,0,0,0,0,0,0,-,-,NA,NA,SAN BERNARDINO,RANCHO CUCAMONGA,-117.52835083007813,34.11206817626953
9605178,2023,2024-02-22,3603,2023-12-18,1222,4916,CPD,1,5,4,3603,0,0,0,NA,0,002,9TH ST,G ST,0,NA,Y,A,-,N,NA,NA,NA,NA,NA,NA,NA,NA,NA,N,4,0,2,2,A,-,09,21801,A,N,D,C,A,A,H,-,A,D,0,NA,NA,NA,NA,Y,NA,A,01,0,0,2,0,0,0,0,0,0,-,-,34.06882858276367,-117.32230377197266,SAN BERNARDINO,COLTON,-117.32231903076172,34.06883239746094
9605965,2023,2023-08-30,3600,2023-07-27,2259,F7775,CH001,4,5,5,3630,0,0,0,NA,0,CH1,RAMONA AV,S RT 71,0,NA,Y,A,-,Y,SBD,8,71,-,R,3.36,R,4,S,Y,3,0,3,2,D,-,00,NA,NA,N,D,C,A,A,H,-,C,D,0,NA,NA,NA,NA,Y,NA,-,-,0,1,2,0,0,0,0,0,0,-,-,NA,NA,SAN BERNARDINO,CHINO HILLS,-117.70860290527344,33.98258590698242
9606454,2023,2023-08-14,3600,2023-06-21,1756,E3370,RC052,3,5,6,3616,0,0,0,NA,0,004,FOOTHILL BL,RED HILL COUNTRY CLUB DR,0,W,N,A,-,N,NA,NA,NA,NA,NA,NA,NA,NA,NA,Y,4,0,1,2,A,-,09,21801,A,N,D,C,A,A,H,-,A,A,0,NA,NA,NA,NA,Y,NA,A,07,0,0,1,0,0,0,0,0,0,-,-,NA,NA,SAN BERNARDINO,RANCHO CUCAMONGA,-117.62747192382813,34.10649871826172
9608009,2023,2023-08-17,3605,2023-07-23,1111,399,NA,7,5,4,3605,0,0,0,NA,0,NA,CENTRAL AV,PHILLIPS BL,0,NA,Y,A,-,N,NA,NA,NA,NA,NA,NA,NA,NA,NA,N,4,0,1,3,A,-,03,22350,NA,N,C,C,A,A,H,-,A,A,0,NA,NA,NA,NA,Y,NA,A,01,0,0,1,0,0,0,0,0,0,-,-,34.04787063598633,-117.68936157226563,SAN BERNARDINO,MONTCLAIR,-117.68961334228516,34.0477294921875
9610058,2023,2023-08-22,3600,2023-05-13,2155,H6858,RC20,6,5,6,3616,0,0,0,NA,0,003,19TH ST,ALAMEDA AV,42,E,N,A,-,N,NA,NA,NA,NA,NA,NA,NA,NA,NA,N,3,0,1,1,A,-,03,22350,NA,N,E,I,A,A,H,-,C,D,0,NA,NA,Y,NA,Y,NA,C,02,0,1,0,0,0,0,0,0,1,-,-,NA,NA,SAN BERNARDINO,RANCHO CUCAMONGA,-117.5693588256836,34.134395599365234
9610762,2023,2023-09-15,3600,2023-08-21,339,G3860,RC052,1,5,6,3616,0,0,0,NA,0,004,GROVE AV,ARROW RT,0,NA,Y,B,C,N,NA,NA,NA,NA,NA,NA,NA,NA,NA,Y,4,0,1,1,A,-,03,22350,NA,N,A,I,A,B,F,-,C,A,0,NA,NA,NA,NA,Y,NA,A,01,0,0,1,0,0,0,0,0,0,-,-,NA,NA,SAN BERNARDINO,RANCHO CUCAMONGA,-117.62854766845705,34.09941482543945
9619344,2023,2024-01-03,3600,2023-10-20,1815,F7820,YC108,5,5,4,3640,0,0,0,NA,0,YC3,7TH ST,AVE E,0,NA,Y,A,-,N,NA,NA,NA,NA,NA,NA,NA,NA,NA,N,4,0,1,2,A,-,09,21802,A,N,-,-,A,A,H,-,C,-,0,NA,Y,NA,NA,Y,NA,A,01,0,0,1,0,0,0,1,0,0,-,-,NA,NA,SAN BERNARDINO,YUCAIPA,-117.0649642944336,34.02659606933594
9620927,2023,2023-12-06,3600,2023-10-03,1151,F4772,VC066,2,5,5,3612,0,0,0,NA,0,VC4,AMARGOSA RD,PONCHO VILLAS DRWY,0,NA,Y,A,-,N,NA,NA,NA,NA,NA,NA,NA,NA,NA,Y,4,0,1,2,A,-,09,21804,A,N,A,C,A,A,H,-,A,A,0,NA,NA,NA,NA,Y,NA,A,01,0,0,1,0,0,0,0,0,0,-,-,34.46382141113281,-117.35186767578124,SAN BERNARDINO,VICTORVILLE,NA,NA
9620956,2023,2023-10-23,3604,2023-04-15,1113,1375,NA,6,5,6,3604,0,0,0,NA,0,003,VALLEY BL,ALDER AV,0,NA,Y,A,-,N,NA,NA,NA,NA,NA,NA,NA,NA,NA,Y,3,0,2,2,A,-,12,21453,A,N,D,C,A,A,H,-,A,A,0,NA,NA,NA,NA,Y,NA,A,01,0,2,0,0,0,0,0,0,0,-,-,NA,NA,SAN BERNARDINO,FONTANA,-117.4182357788086,34.07042694091797
9624084,2023,2023-11-15,3610,2023-01-15,2204,50912,NA,7,5,6,3610,0,0,0,NA,0,NA,E BASELINE ST,N LUGO AV,60,W,N,C,-,N,NA,NA,NA,NA,NA,NA,NA,NA,NA,N,1,1,0,2,A,-,08,22107,NA,F,G,B,F,B,H,-,C,D,0,Y,NA,NA,NA,Y,NA,A,07,0,0,0,1,0,0,0,0,0,-,-,NA,NA,SAN BERNARDINO,SAN BERNARDINO,-117.28404998779295,34.121341705322266
9624712,2023,2023-09-21,3610,2023-08-03,1301,51415,NA,4,5,6,3610,0,0,0,NA,0,NA,NORTH WATERMAN AV,E 40TH ST,342,S,N,A,-,N,NA,NA,NA,NA,NA,NA,NA,NA,NA,N,3,0,3,2,A,-,09,21804,A,N,D,C,A,A,H,-,A,D,0,NA,NA,NA,NA,Y,NA,A,01,0,1,2,0,0,0,0,0,0,-,-,34.16495132446289,-117.27867889404295,SAN BERNARDINO,SAN BERNARDINO,-117.27870178222656,34.164031982421875
9624763,2023,2023-09-25,3600,2023-05-25,2250,H5825,HE315,4,5,5,3619,0,0,0,NA,0,HE5,SEVENTH AV,MUSCATEL ST,247,N,N,A,-,N,NA,NA,NA,NA,NA,NA,NA,NA,NA,Y,4,0,1,2,A,-,05,21460,A,N,D,C,A,A,H,-,D,D,0,NA,NA,NA,NA,Y,NA,A,01,0,0,1,0,0,0,0,0,0,-,-,NA,NA,SAN BERNARDINO,HESPERIA,-117.318359375,34.41101837158203
9627776,2023,2023-10-21,3610,2023-09-14,140,51479,NA,4,5,6,3610,0,0,0,NA,0,NA,W 5TH ST,N FLORES ST,0,NA,Y,A,-,N,NA,NA,NA,NA,NA,NA,NA,NA,NA,Y,4,0,1,2,A,-,12,22450,A,N,D,C,A,A,H,-,C,D,0,NA,NA,NA,Y,Y,NA,A,01,0,0,1,0,0,0,0,0,0,-,-,NA,NA,SAN BERNARDINO,SAN BERNARDINO,-117.32714080810548,34.10835266113281
9627830,2023,2023-10-21,3608,2023-09-20,823,4298,NA,3,5,5,3608,0,0,0,NA,0,NA,CYPRESS AV,CENTER ST,685,W,N,B,-,N,NA,NA,NA,NA,NA,NA,NA,NA,NA,Y,4,0,1,3,A,-,09,21804,A,N,B,C,A,A,H,-,A,A,0,NA,NA,NA,NA,Y,NA,A,01,0,0,1,0,0,0,0,0,0,-,-,NA,NA,SAN BERNARDINO,REDLANDS,-117.18561553955078,34.042327880859375
9629877,2023,2023-12-06,3610,2023-10-03,2000,51448,NA,2,5,6,3610,0,0,0,NA,0,NA,W 21ST ST,N E ST,0,NA,Y,A,-,N,NA,NA,NA,NA,NA,NA,NA,NA,NA,Y,3,0,1,2,A,-,03,22350,NA,N,C,C,A,A,A,-,C,D,0,NA,NA,NA,NA,Y,NA,A,08,0,1,0,0,0,0,0,0,0,-,-,NA,NA,SAN BERNARDINO,SAN BERNARDINO,-117.29415893554688,34.13465881347656
9633123,2023,2023-11-27,3604,2023-10-28,2336,1339,3604,6,5,6,3604,0,0,0,NA,0,NA,PIAZZA LN,MASSA WY,20,W,N,A,G,N,NA,NA,NA,NA,NA,NA,NA,NA,NA,Y,2,0,1,2,A,-,08,22107,NA,N,A,E,A,A,H,-,C,D,0,NA,NA,NA,NA,Y,Y,A,01,1,0,0,0,0,0,0,0,0,-,-,NA,NA,SAN BERNARDINO,FONTANA,-117.4569091796875,34.1551399230957
9633201,2023,2024-02-02,3600,2023-11-01,939,H9757,H1014,3,5,4,3618,0,0,0,NA,0,H12,CYPRESS ST,LILLIAN LN,0,NA,Y,A,-,N,NA,NA,NA,NA,NA,NA,NA,NA,NA,Y,3,0,1,2,A,-,08,22107,NA,N,D,D,A,A,H,-,A,D,0,NA,NA,Y,NA,Y,NA,A,01,0,1,0,0,0,0,0,0,1,-,-,34.113529205322266,-117.21353912353516,SAN BERNARDINO,HIGHLAND,-117.21358489990234,34.11357116699219
9634680,2023,2024-01-24,3600,2023-11-12,1635,D3381,VC059,7,5,5,3612,0,0,0,NA,0,VC4,BEAR VALLEY RD,AMETHYST RD,0,NA,Y,A,-,N,NA,NA,NA,NA,NA,NA,NA,NA,NA,Y,4,0,1,1,C,-,18,NA,NA,N,E,I,A,A,H,-,B,A,0,NA,NA,NA,NA,Y,NA,-,-,0,0,1,0,0,0,0,0,0,-,-,34.47037887573242,-117.76429748535156,SAN BERNARDINO,VICTORVILLE,-117.36431884765624,34.47041320800781
9636453,2023,2023-11-29,3604,2023-10-11,1635,1395,NA,3,5,6,3604,0,0,0,NA,0,NA,SIERRA AV,RANDALL AV,100,N,N,A,-,N,NA,NA,NA,NA,NA,NA,NA,NA,NA,N,4,0,1,2,A,-,03,22350,NA,N,C,C,A,A,H,-,A,A,0,NA,NA,NA,NA,Y,NA,A,07,0,0,1,0,0,0,0,0,0,-,-,NA,NA,SAN BERNARDINO,FONTANA,-117.43570709228516,34.08512496948242
9639831,2023,2023-12-20,3605,2023-08-03,1732,460,3605,4,5,4,3605,0,0,0,NA,0,004,HOLT BL,VERNON AV,330,E,N,A,-,N,NA,NA,NA,NA,NA,NA,NA,NA,NA,N,3,0,1,1,A,-,01,23152,A,N,E,I,A,A,H,-,A,D,0,NA,NA,NA,NA,Y,Y,A,07,0,1,0,0,0,0,0,0,0,-,-,34.063289642333984,-117.68520355224608,SAN BERNARDINO,MONTCLAIR,-117.68408966064452,34.063201904296875
9640126,2023,2024-01-12,3600,2023-11-11,1352,J2806,YV007,6,5,3,3631,0,0,0,NA,0,YV1,RT 62,PRESCOTT AV,0,NA,Y,A,-,Y,SBD,8,62,-,-,13.87,H,-,W,Y,1,1,0,1,A,-,03,22350,NA,N,E,I,A,A,-,-,A,A,0,NA,NA,Y,NA,Y,NA,C,02,0,0,0,0,0,0,0,1,0,-,-,34.13151931762695,-116.39055633544922,SAN BERNARDINO,YUCCA VALLEY,-116.3906021118164,34.13140869140625