CASE_ID,ACCIDENT_YEAR,PROC_DATE,JURIS,COLLISION_DATE,COLLISION_TIME,OFFICER_ID,REPORTING_DISTRICT,DAY_OF_WEEK,CHP_SHIFT,POPULATION,CNTY_CITY_LOC,SPECIAL_COND,BEAT_TYPE,CHP_BEAT_TYPE,CITY_DIVISION_LAPD,CHP_BEAT_CLASS,BEAT_NUMBER,PRIMARY_RD,SECONDARY_RD,DISTANCE,DIRECTION,INTERSECTION,WEATHER_1,WEATHER_2,STATE_HWY_IND,CALTRANS_COUNTY,CALTRANS_DISTRICT,STATE_ROUTE,ROUTE_SUFFIX,POSTMILE_PREFIX,POSTMILE,LOCATION_TYPE,RAMP_INTERSECTION,SIDE_OF_HWY,TOW_AWAY,COLLISION_SEVERITY,NUMBER_KILLED,NUMBER_INJURED,PARTY_COUNT,PRIMARY_COLL_FACTOR,PCF_CODE_OF_VIOL,PCF_VIOL_CATEGORY,PCF_VIOLATION,PCF_VIOL_SUBSECTION,HIT_AND_RUN,TYPE_OF_COLLISION,MVIW,PED_ACTION,ROAD_SURFACE,ROAD_COND_1,ROAD_COND_2,LIGHTING,CONTROL_DEVICE,CHP_ROAD_TYPE,PEDESTRIAN_ACCIDENT,BICYCLE_ACCIDENT,MOTORCYCLE_ACCIDENT,TRUCK_ACCIDENT,NOT_PRIVATE_PROPERTY,ALCOHOL_INVOLVED,STWD_VEHTYPE_AT_FAULT,CHP_VEHTYPE_AT_FAULT,COUNT_SEVERE_INJ,COUNT_VISIBLE_INJ,COUNT_COMPLAINT_PAIN,COUNT_PED_KILLED,COUNT_PED_INJURED,COUNT_BICYCLIST_KILLED,COUNT_BICYCLIST_INJURED,COUNT_MC_KILLED,COUNT_MC_INJURED,PRIMARY_RAMP,SECONDARY_RAMP,LATITUDE,LONGITUDE,COUNTY,CITY,POINT_X,POINT_Y
6681397,2014,2014-11-13,3610,2014-09-27,0754,50562,NA,6,5,6,3610,0,0,0,NA,0,NA,W HIGHLAND,NORTH G ST,138,W,N,B,-,N,NA,NA,NA,NA,NA,NA,NA,NA,NA,Y,4,0,2,2,A,-,09,21804,NA,N,D,C,A,A,B,H,A,A,0,NA,NA,NA,NA,Y,NA,A,01,0,0,2,0,0,0,0,0,0,-,-,NA,NA,SAN BERNARDINO,SAN BERNARDINO,-117.29909465,34.13602
6682437,2014,2016-04-30,9855,2014-07-22,0214,015498,NA,2,3,6,3607,0,1,1,NA,2,152,RT 15,RT 10,2640,S,N,A,-,Y,SBD,8,15,-,-,1.89,H,-,N,Y,4,0,2,2,A,-,03,22350,NA,N,C,C,A,A,H,-,D,D,1,NA,NA,NA,NA,Y,NA,A,01,0,0,2,0,0,0,0,0,0,-,-,34.05786,-117.54544,SAN BERNARDINO,ONTARIO,-117.54486729,34.060297919999996
6726966,2014,2015-01-20,3600,2014-11-18,1509,D3311,RC061,2,5,6,3616,0,0,0,NA,0,RC05,ROCHESTER AV,LARK DR,597,S,N,A,-,N,NA,NA,NA,NA,NA,NA,NA,NA,NA,N,3,0,1,2,A,-,03,22350,NA,N,C,G,A,A,H,-,A,A,0,NA,Y,NA,NA,Y,NA,L,04,0,1,0,0,0,0,1,0,0,-,-,NA,NA,SAN BERNARDINO,RANCHO CUCAMONGA,-117.54540155,34.13081404
6727918,2014,2015-01-15,3600,2014-11-22,1444,L2259,YC103,6,5,4,3640,0,0,0,NA,0,YC1,YUCAIPA BL,11TH ST,0,NA,Y,A,-,N,NA,NA,NA,NA,NA,NA,NA,NA,NA,Y,3,0,2,2,A,-,09,21801,A,N,D,C,A,A,H,-,A,A,0,NA,NA,NA,NA,Y,NA,A,01,0,1,1,0,0,0,0,0,0,-,-,NA,NA,SAN BERNARDINO,YUCAIPA,-117.08236013,34.03394008
6734973,2014,2014-12-18,9855,2014-09-20,1945,018892,NA,6,2,9,3600,0,3,5,NA,2,001,MERRILL AV,HEMLOCK AV,0,NA,Y,A,-,N,NA,NA,NA,NA,NA,NA,NA,NA,NA,Y,3,0,1,2,A,-,01,23152,A,N,A,C,A,A,H,-,C,A,0,NA,NA,NA,NA,Y,Y,A,01,0,1,0,0,0,0,0,0,0,-,-,34.09227,-117.47575,SAN BERNARDINO,UNINCORPORATED,-117.47551014,34.09201001
6734979,2014,2016-05-06,9855,2014-09-22,1215,018313,NA,1,1,6,3607,0,1,3,NA,2,601,RT 60,HAVEN AV,1200,E,N,A,-,Y,SBD,8,60,-,R,9.14,H,-,W,Y,4,0,1,4,A,-,03,22350,NA,M,C,C,A,A,H,-,A,D,1,NA,NA,NA,Y,Y,NA,G,25,0,0,1,0,0,0,0,0,0,-,-,34.0283,-117.57189,SAN BERNARDINO,ONTARIO,-117.57187855,34.02794879
6775215,2014,2015-02-17,3600,2014-12-17,0820,A7108,CH007,3,5,5,3630,0,0,0,NA,0,003,CARBON CANYON RD,FELDSPAR DR,0,NA,Y,B,-,Y,NA,NA,NA,NA,NA,NA,NA,NA,NA,Y,3,0,5,4,A,-,03,22350,NA,N,C,C,A,B,H,-,A,D,0,NA,NA,NA,NA,Y,NA,A,07,0,4,1,0,0,0,0,0,0,-,-,NA,NA,SAN BERNARDINO,CHINO HILLS,-117.74964004,33.96939002
6735171,2014,2015-02-13,3608,2014-12-26,1344,3675,NA,5,5,5,3608,0,0,0,NA,0,NA,FORD ST,RESERVOIR RD,300,N,N,A,-,N,NA,NA,NA,NA,NA,NA,NA,NA,NA,Y,3,0,1,2,A,-,08,22107,NA,N,B,C,A,A,H,-,A,D,0,NA,NA,NA,NA,Y,NA,A,01,0,1,0,0,0,0,0,0,0,-,-,NA,NA,SAN BERNARDINO,REDLANDS,-117.15480393,34.04266252
6735330,2014,2015-02-11,3604,2014-12-08,1416,234,NA,1,5,6,3604,0,0,0,NA,0,NA,VALLEY BL,CHERRY AV,0,NA,Y,A,-,N,NA,NA,NA,NA,NA,NA,NA,NA,NA,N,4,0,1,2,A,-,08,22101,D,N,B,C,A,A,C,-,A,A,0,NA,NA,NA,Y,Y,NA,F,25,0,0,1,0,0,0,0,0,0,-,-,NA,NA,SAN BERNARDINO,FONTANA,-117.48885002,34.07020011
6737977,2014,2015-01-20,9860,2014-11-06,0715,14963,NA,4,1,6,3610,0,1,1,NA,2,202,RT 210,DEL ROSA AV,5,W,N,B,-,Y,NA,NA,210,NA,NA,NA,NA,NA,NA,N,4,0,1,2,A,-,10,21950,A,N,H,B,B,A,H,-,A,A,0,Y,NA,NA,NA,Y,NA,A,01,0,0,1,0,1,0,0,0,0,TO,-,34.14196,-117.2526,SAN BERNARDINO,SAN BERNARDINO,-117.25246893,34.14242014
6741964,2014,2014-12-17,9855,2014-08-01,0700,17112,NA,5,1,6,3604,0,3,5,NA,2,002,MULBERRY AV,JURUPA ST,1349,N,N,A,-,N,NA,NA,NA,NA,NA,NA,NA,NA,NA,Y,3,0,1,2,A,-,09,21801,A,N,D,C,A,A,H,-,A,D,0,NA,NA,Y,NA,Y,NA,A,01,0,1,0,0,0,0,0,0,1,-,-,NA,NA,SAN BERNARDINO,FONTANA,-117.50682,34.04658825
6742071,2014,2016-04-30,9855,2014-08-29,1940,019370,NA,5,2,6,3604,0,1,1,NA,2,153,RT 15,SUMMIT AV,1500,N,N,A,-,Y,SBD,8,15,-,-,9.87,H,-,N,Y,4,0,1,2,A,-,03,22350,NA,N,C,C,A,A,H,-,D,D,1,NA,NA,NA,NA,Y,NA,D,22,0,0,1,0,0,0,0,0,0,-,-,34.15669,-117.4713,SAN BERNARDINO,FONTANA,-117.47482159,34.15363163
6786111,2014,2015-02-03,3610,2014-10-31,1907,50778,NA,5,5,6,3610,0,0,0,NA,0,NA,NORTH WATERMAN AV,E 28TH ST,0,NA,Y,A,B,N,NA,NA,NA,NA,NA,NA,NA,NA,NA,Y,3,0,4,2,A,-,09,21801,A,N,D,C,A,A,H,-,C,A,0,NA,NA,NA,NA,Y,NA,D,22,0,3,1,0,0,0,0,0,0,-,-,NA,NA,SAN BERNARDINO,SAN BERNARDINO,-117.27867012,34.14234003
6711431,2014,2014-12-30,3609,2014-10-19,0111,3156,230,7,5,5,3609,0,0,0,NA,0,004,RIVERSIDE AV,AGUA MANSA RD,426,S,N,A,-,N,NA,NA,NA,NA,NA,NA,NA,NA,NA,Y,3,0,2,2,A,-,09,21804,B,N,D,J,A,A,H,-,C,D,0,NA,NA,NA,Y,Y,Y,A,01,0,2,0,0,0,0,0,0,0,-,-,NA,NA,SAN BERNARDINO,RIALTO,-117.36682884,34.03716593
6724009,2014,2014-12-09,3602,2014-09-03,0752,3402,NA,3,5,5,3602,0,0,0,NA,0,002,MOUNTAIN AV,VERDUGO AV,116,S,N,A,-,N,NA,NA,NA,NA,NA,NA,NA,NA,NA,N,3,0,1,2,A,-,05,21650,NA,N,D,G,A,A,H,-,A,A,0,NA,Y,NA,NA,Y,NA,L,04,0,1,0,0,0,0,1,0,0,-,-,NA,NA,SAN BERNARDINO,CHINO,-117.66758,34.02101207
6724730,2014,2014-12-12,3607,2014-10-06,2252,80265,112,1,5,6,3607,0,0,0,NA,0,032,GROVE AV,D ST,200,N,N,A,-,N,NA,NA,NA,NA,NA,NA,NA,NA,NA,Y,4,0,1,2,A,-,01,23152,A,N,B,C,A,A,H,-,C,D,0,NA,NA,NA,NA,Y,Y,-,NA,0,0,1,0,0,0,0,0,0,-,-,NA,NA,SAN BERNARDINO,ONTARIO,-117.62852,34.06758805
6739563,2014,2015-06-23,9860,2014-11-17,0710,14686,NA,1,1,9,3600,0,1,1,NA,2,152,RT 15,OAK HILL RD,8448,S,N,B,-,Y,NA,NA,15,NA,NA,NA,NA,NA,NA,N,4,0,1,2,A,-,03,22350,NA,F,C,C,A,A,D,-,A,D,0,NA,NA,NA,NA,Y,NA,-,99,0,0,1,0,0,0,0,0,0,-,-,34.34426,-117.44842,SAN BERNARDINO,UNINCORPORATED,-117.44838252,34.34413995
6796761,2014,2015-02-03,3610,2014-11-13,1746,50343,NA,4,5,6,3610,0,0,0,NA,0,NA,WEST 30TH ST,NORTH MAYFIELD AV,115,E,N,B,-,N,NA,NA,NA,NA,NA,NA,NA,NA,NA,Y,3,0,1,3,A,-,03,22350,NA,N,C,C,A,A,H,-,C,A,0,NA,NA,NA,NA,Y,NA,A,01,0,1,0,0,0,0,0,0,0,-,-,NA,NA,SAN BERNARDINO,SAN BERNARDINO,-117.29030114,34.14599549
6746809,2014,2015-01-26,9850,2014-11-26,2154,020899,NA,3,2,9,3600,0,1,3,NA,2,052,RT 18,263RD ST EAST,2646,E,N,A,-,Y,NA,NA,18,NA,NA,NA,NA,NA,NA,Y,3,0,2,2,A,-,09,21801,A,N,D,C,A,A,H,-,D,D,0,NA,NA,NA,NA,Y,NA,A,07,0,1,1,0,0,0,0,0,0,-,-,34.49886,-117.65042,SAN BERNARDINO,UNINCORPORATED,-117.65042002,34.49886214
6797570,2014,2015-02-06,3610,2014-12-02,0902,50829,NA,2,5,6,3610,0,0,0,NA,0,NA,N MERIDIAN AV,W 2ND ST,0,NA,Y,C,-,N,NA,NA,NA,NA,NA,NA,NA,NA,NA,Y,4,0,2,2,A,-,09,21802,A,N,D,C,A,B,H,-,A,A,0,NA,NA,NA,NA,Y,NA,A,01,0,0,2,0,0,0,0,0,0,-,-,NA,NA,SAN BERNARDINO,SAN BERNARDINO,-117.34852009,34.10313007
6797576,2014,2015-02-06,3610,2014-12-19,1122,50808,NA,5,5,6,3610,0,0,0,NA,0,NA,30TH ST,PARKSIDE DR,0,NA,Y,A,-,N,NA,NA,NA,NA,NA,NA,NA,NA,NA,Y,4,0,1,2,A,-,03,22350,NA,N,C,C,A,A,H,-,A,D,0,NA,NA,NA,NA,Y,NA,A,08,0,0,1,0,0,0,0,0,0,-,-,NA,NA,SAN BERNARDINO,SAN BERNARDINO,-117.27675008,34.14596007
6797898,2014,2015-02-09,3610,2014-12-19,1345,50926,NA,5,5,6,3610,0,0,0,NA,0,NA,WEST HIGHLAND AV,N H ST,0,NA,Y,A,-,N,NA,NA,NA,NA,NA,NA,NA,NA,NA,N,2,0,1,2,A,-,12,21453,A,N,B,C,A,A,H,-,A,A,0,NA,NA,Y,NA,Y,NA,C,02,1,0,0,0,0,0,0,0,1,-,-,NA,NA,SAN BERNARDINO,SAN BERNARDINO,-117.30088004,34.13602002
6749995,2014,2015-01-27,9835,2014-11-30,0610,20389,NA,7,1,9,3600,0,1,3,NA,1,019,RT 247,CANDLEBERRY RD,2112,N,N,A,-,Y,NA,NA,247,NA,NA,NA,NA,NA,NA,Y,4,0,1,1,A,-,08,22107,NA,N,F,A,A,A,H,-,B,D,0,NA,NA,NA,NA,Y,NA,A,01,0,0,1,0,0,0,0,0,0,-,-,34.7364,-116.99691,SAN BERNARDINO,UNINCORPORATED,-116.99695839,34.73637327
6755217,2014,2015-02-06,3600,2014-12-15,1842,B5098,YC105,1,5,4,3640,0,0,0,NA,0,YC1,6TH ST,YUCAIPA BL,0,NA,Y,A,-,N,NA,NA,NA,NA,NA,NA,NA,NA,NA,N,4,0,1,2,A,-,03,22350,NA,N,C,C,A,A,H,-,C,A,0,NA,NA,NA,NA,Y,NA,A,07,0,0,1,0,0,0,0,0,0,-,-,NA,NA,SAN BERNARDINO,YUCAIPA,-117.06059009,34.03396007
6755796,2014,2015-02-05,3608,2014-12-15,2323,3882,REDLA,1,5,5,3608,0,0,0,NA,0,NA,SAN TIMOTEO CANYON RD,EDISON POLE #4671244E,0,NA,N,A,-,N,NA,NA,NA,NA,NA,NA,NA,NA,NA,N,4,0,1,1,A,-,08,22107,NA,M,E,I,A,A,H,-,D,D,0,NA,NA,NA,NA,Y,Y,A,01,0,0,1,0,0,0,0,0,0,-,-,NA,NA,SAN BERNARDINO,REDLANDS,NA,NA
6757158,2014,2015-02-11,3605,2014-12-02,1718,284,NA,2,5,4,3605,0,0,0,NA,0,NA,HOLT BL,BENSON AV,0,NA,Y,C,-,N,NA,NA,NA,NA,NA,NA,NA,NA,NA,N,4,0,1,2,A,-,09,21801,A,N,-,C,A,B,H,-,C,A,0,NA,NA,NA,Y,Y,NA,A,01,0,0,1,0,0,0,0,0,0,-,-,NA,NA,SAN BERNARDINO,MONTCLAIR,-117.68082008,34.06329005
6757178,2014,2015-02-10,9835,2014-12-27,1310,017726,NA,6,1,9,3600,0,1,1,NA,2,071,RT 15,LENWOOD RD,2640,S,N,A,-,Y,NA,NA,NA,NA,NA,NA,NA,NA,NA,Y,4,0,2,3,A,-,03,22350,NA,N,C,C,A,A,H,-,A,D,0,NA,NA,NA,NA,Y,NA,A,07,0,0,2,0,0,0,0,0,0,-,-,NA,NA,SAN BERNARDINO,UNINCORPORATED,-117.08721934,34.84649655
6760491,2014,2015-06-22,9860,2014-11-22,2235,020626,NA,6,3,4,3603,0,1,1,NA,2,214,RT 215,STEEL RD,111,S,N,A,-,Y,NA,NA,215,NA,NA,NA,NA,NA,NA,Y,3,0,1,1,A,-,01,23152,A,N,E,I,A,A,D,-,C,D,0,NA,NA,NA,NA,Y,Y,D,22,0,1,0,0,0,0,0,0,0,-,-,34.06086,-117.29701,SAN BERNARDINO,COLTON,-117.2970116,34.06086037
6763189,2014,2015-01-23,3607,2014-11-24,1420,15035,122,1,5,6,3607,0,0,0,NA,0,012,MOUNTAIN AV,HOLT BL,0,NA,Y,A,-,N,NA,NA,NA,NA,NA,NA,NA,NA,NA,Y,3,0,1,2,A,-,12,21453,A,M,A,C,A,A,H,-,A,A,0,NA,NA,NA,NA,Y,NA,-,NA,0,1,0,0,0,0,0,0,0,-,-,NA,NA,SAN BERNARDINO,ONTARIO,-117.67004004,34.06330011
6765809,2014,2015-02-04,9870,2014-12-02,1753,20829,NA,2,2,9,3600,0,1,3,NA,1,011,RT 62,YUCCA PK RD,150,E,N,C,-,Y,NA,NA,62,NA,NA,NA,NA,NA,NA,Y,4,0,1,1,A,-,08,22107,NA,N,F,A,A,B,H,-,C,D,0,NA,NA,NA,NA,Y,NA,D,22,0,0,1,0,0,0,0,0,0,-,-,34.10371,-116.49223,SAN BERNARDINO,UNINCORPORATED,-116.49225469,34.10376181
6818451,2015,2015-02-26,3610,2015-01-20,1453,50732,NA,2,5,6,3610,0,0,0,NA,0,NA,E HARRIMAN PL,ORCHARD DR,280,W,N,A,-,N,NA,NA,NA,NA,NA,NA,NA,NA,NA,Y,4,0,1,2,A,-,09,21804,NA,N,A,C,A,A,H,-,A,A,0,NA,NA,NA,NA,Y,NA,A,01,0,0,1,0,0,0,0,0,0,-,-,NA,NA,SAN BERNARDINO,SAN BERNARDINO,NA,NA
6818454,2015,2015-02-26,3610,2015-01-14,1214,50749,NA,3,5,6,3610,0,0,0,NA,0,NA,NORTH ARROWHEAD AV,W MARSHALL BL,9.63,N,N,A,-,N,NA,NA,NA,NA,NA,NA,NA,NA,NA,N,4,0,1,2,A,-,10,21950,A,N,G,B,B,-,A,H,A,D,0,Y,NA,NA,NA,Y,NA,A,01,0,0,1,0,1,0,0,0,0,-,-,NA,NA,SAN BERNARDINO,SAN BERNARDINO,-117.28957,34.14950638
6768046,2014,2015-01-29,3607,2014-11-14,1719,80420,215,5,5,6,3607,0,0,0,NA,0,042,MISSION BL,MILLIKEN AV,500,W,N,A,-,N,NA,NA,NA,NA,NA,NA,NA,NA,NA,Y,4,0,1,3,A,-,03,22350,NA,N,C,C,A,A,H,-,C,A,0,NA,NA,NA,NA,Y,NA,-,NA,0,0,1,0,0,0,0,0,0,-,-,NA,NA,SAN BERNARDINO,ONTARIO,-117.56001384,34.0328376
6769066,2015,2016-10-13,9860,2015-03-10,1307,16651,NA,2,1,3,3615,0,1,1,NA,2,104,RT 10,CALIFORNIA ST,1690,W,N,A,-,Y,SBD,8,10,-,-,28.01,H,-,W,Y,4,0,1,2,A,-,03,22350,NA,N,C,C,A,A,H,-,A,D,1,NA,NA,NA,NA,Y,NA,A,01,0,0,1,0,0,0,0,0,0,-,-,34.06683,-117.23144,SAN BERNARDINO,LOMA LINDA,-117.23149295,34.06672885
6773396,2014,2015-02-18,3609,2014-12-24,1542,6367,215,3,5,5,3609,0,0,0,NA,0,004,RIVERSIDE AV,JURUPA AV,0,NA,Y,A,-,N,NA,NA,NA,NA,NA,NA,NA,NA,NA,Y,3,0,1,2,A,-,12,21453,A,N,D,C,A,A,H,-,A,A,0,NA,NA,NA,NA,Y,NA,A,01,0,1,0,0,0,0,0,0,0,-,-,NA,NA,SAN BERNARDINO,RIALTO,-117.36982009,34.04758003
6774811,2014,2015-02-27,3607,2014-12-05,2141,80378,75,5,5,6,3607,0,0,0,NA,0,041,4TH ST,HAVEN AV,500,E,N,A,-,N,NA,NA,NA,NA,NA,NA,NA,NA,NA,Y,4,0,2,2,A,-,03,22350,NA,N,C,C,A,A,H,-,C,A,0,NA,NA,NA,NA,Y,NA,-,NA,0,0,2,0,0,0,0,0,0,-,-,NA,NA,SAN BERNARDINO,ONTARIO,-117.57416339,34.07745
6776959,2014,2015-01-23,3603,2014-10-20,1416,CL1748,COLTO,1,5,4,3603,0,0,0,NA,0,002,FLORENCE AV,COLTON AV,151,S,N,A,-,N,NA,NA,NA,NA,NA,NA,NA,NA,NA,Y,4,0,1,2,A,-,09,21802,A,N,D,D,A,A,H,-,A,D,0,NA,NA,Y,NA,Y,NA,C,02,0,0,1,0,0,0,0,0,0,-,-,NA,NA,SAN BERNARDINO,COLTON,-117.30856202,34.07706128
6777696,2014,2015-01-28,3610,2014-11-03,0031,50842,NA,1,5,6,3610,0,0,0,NA,0,NA,N E ST,W 5TH ST,108,S,N,A,-,N,NA,NA,NA,NA,NA,NA,NA,NA,NA,Y,4,0,1,1,A,-,08,22107,NA,N,E,I,A,A,H,-,C,D,0,NA,NA,NA,NA,Y,Y,A,07,0,0,1,0,0,0,0,0,0,-,-,NA,NA,SAN BERNARDINO,SAN BERNARDINO,-117.29414,34.10801413
6769053,2015,2016-09-12,9860,2015-03-07,1125,19269,NA,6,1,9,3600,0,1,3,NA,1,012,RT 138,CAJON BL,0,NA,Y,A,-,Y,SBD,8,138,-,-,15.007,I,5,E,Y,4,0,1,2,A,-,03,22350,NA,N,C,C,A,A,H,-,A,D,0,NA,NA,Y,NA,Y,NA,C,02,0,0,1,0,0,0,0,0,1,-,-,34.31136,-117.47796,SAN BERNARDINO,UNINCORPORATED,-117.478805,34.31158174
6769062,2015,2016-10-14,9860,2015-03-13,0650,19269,NA,5,1,9,3600,0,1,1,NA,2,152,RT 15,OAK HILL RD,7920,S,N,A,-,Y,SBD,8,15,-,R,25.64,H,-,S,Y,2,0,1,1,A,-,08,22107,NA,N,F,A,A,A,D,H,B,D,1,NA,NA,NA,NA,Y,NA,A,07,1,0,0,0,0,0,0,0,0,-,-,34.34679,-117.44981,SAN BERNARDINO,UNINCORPORATED,-117.45091333,34.34583435
6779511,2014,2015-02-12,3605,2014-12-08,1749,142,NA,1,5,4,3605,0,0,0,NA,0,NA,PALO VERDE ST,VERNON AV,0,NA,Y,A,-,N,NA,NA,NA,NA,NA,NA,NA,NA,NA,Y,4,0,1,2,A,-,12,22450,A,N,D,C,A,A,H,-,C,A,0,NA,NA,NA,NA,Y,NA,A,01,0,0,1,0,0,0,0,0,0,-,-,NA,NA,SAN BERNARDINO,MONTCLAIR,-117.68520007,34.08145011
6780656,2014,2015-03-05,9855,2014-10-06,0755,11738,NA,1,1,6,3616,0,1,1,NA,2,153,RT 15,RT 210,2200,S,N,A,-,Y,NA,NA,15,NA,NA,NA,NA,NA,NA,Y,4,0,2,2,A,-,03,22350,NA,N,C,C,A,A,H,-,A,D,0,NA,NA,NA,NA,Y,NA,A,01,0,0,2,0,0,0,0,0,0,-,-,34.1326,-117.5,SAN BERNARDINO,RANCHO CUCAMONGA,-117.50005826,34.13266975
6796858,2014,2015-02-17,3610,2014-12-30,0838,50937,NA,2,5,6,3610,0,0,0,NA,0,NA,5TH ST,D ST,0,NA,Y,B,-,N,NA,NA,NA,NA,NA,NA,NA,NA,NA,N,4,0,1,2,D,-,00,NA,NA,N,D,C,A,A,H,-,A,A,0,NA,NA,NA,NA,Y,NA,-,-,0,0,1,0,0,0,0,0,0,-,-,NA,NA,SAN BERNARDINO,SAN BERNARDINO,-117.29189005,34.10831009
6785977,2014,2015-02-17,3600,2014-12-19,1738,B7126,VC063,5,5,5,3612,0,0,0,NA,0,VC3,7TH AV,BEAR VALLEY RD,0,NA,Y,A,-,N,NA,NA,NA,NA,NA,NA,NA,NA,NA,Y,3,0,1,2,A,-,17,21451,A,N,D,C,A,A,H,-,C,A,0,NA,NA,NA,NA,Y,NA,A,07,0,1,0,0,0,0,0,0,0,-,-,NA,NA,SAN BERNARDINO,VICTORVILLE,-117.31237007,34.47072005
6794918,2014,2015-02-12,9860,2014-12-19,1755,019440,NA,5,2,5,3608,0,1,1,NA,2,203,RT 210,EUREKA ST,300,W,N,A,-,Y,NA,NA,NA,NA,NA,NA,NA,NA,NA,N,4,0,1,2,A,-,07,21658,A,F,C,C,A,A,H,-,C,D,0,NA,NA,NA,NA,Y,NA,-,99,0,0,1,0,0,0,0,0,0,-,-,34.0624,-117.1949,SAN BERNARDINO,REDLANDS,NA,NA
6794926,2014,2015-02-12,9860,2014-12-26,2235,20739,NA,5,3,9,3600,0,3,5,NA,2,004,SLOVER AV,LOCUST AV,153,W,N,A,-,N,NA,NA,NA,NA,NA,NA,NA,NA,NA,Y,4,0,1,1,A,-,03,22350,NA,N,E,I,A,A,H,-,C,A,0,NA,NA,NA,NA,Y,NA,A,01,0,0,1,0,0,0,0,0,0,-,-,34.06324,-117.40996,SAN BERNARDINO,UNINCORPORATED,-117.41001371,34.06315
6798125,2015,2015-02-25,3604,2015-01-15,1006,744,NA,4,5,6,3604,0,0,0,NA,0,NA,VALLEY BL,OLEANDER AV,0,NA,Y,A,-,N,NA,NA,NA,NA,NA,NA,NA,NA,NA,Y,4,0,1,2,A,-,09,21802,A,N,D,C,A,A,H,-,A,A,0,NA,NA,NA,NA,Y,NA,A,01,0,0,1,0,0,0,0,0,0,-,-,NA,NA,SAN BERNARDINO,FONTANA,-117.44874005,34.07033001
6798132,2015,2015-02-26,3600,2015-01-17,1220,E4685,HE118,6,5,5,3619,0,0,0,NA,0,001,MAIN ST,PYRITE AV,1500,W,N,A,-,N,NA,NA,NA,NA,NA,NA,NA,NA,NA,Y,4,0,1,2,A,-,03,22350,NA,N,C,C,A,A,H,-,A,A,0,NA,NA,NA,NA,Y,NA,D,22,0,0,1,0,0,0,0,0,0,-,-,NA,NA,SAN BERNARDINO,HESPERIA,-117.36719939,34.42669
6805935,2014,2015-02-23,9855,2014-10-10,1325,015498,NA,5,1,6,3616,0,1,1,NA,2,152,RT 15,RT 66,1584,S,N,A,-,Y,NA,NA,15,NA,NA,NA,NA,NA,NA,Y,4,0,2,2,A,-,08,22107,NA,N,E,I,A,A,H,-,A,D,0,NA,NA,NA,Y,Y,NA,A,01,0,0,2,0,0,0,0,0,0,-,-,34.10244,-117.53712,SAN BERNARDINO,RANCHO CUCAMONGA,-117.53709768,34.10241384
6805943,2014,2016-03-07,9855,2014-10-06,0730,012923,NA,1,1,5,3630,1,4,S,NA,2,901,RT 142,EUCALYPTUS AV,0,NA,Y,A,-,N,NA,NA,NA,NA,NA,NA,NA,NA,NA,Y,4,0,2,2,A,-,12,21453,A,N,D,C,A,A,H,-,A,A,0,NA,NA,NA,NA,Y,NA,A,01,0,0,2,0,0,0,0,0,0,-,-,33.98378,-117.74527,SAN BERNARDINO,CHINO HILLS,-117.74587691,33.9841606
6794938,2014,2015-02-12,9860,2014-12-25,0310,017875,NA,4,3,4,3603,0,1,1,NA,2,214,RT 215,WASHINGTON ST,409,S,N,A,-,Y,NA,NA,215,NA,NA,NA,NA,NA,NA,Y,3,0,2,1,A,-,01,23152,A,N,E,I,A,A,D,-,D,D,0,NA,NA,NA,NA,Y,Y,A,01,0,2,0,0,0,0,0,0,0,TO,-,34.0473,-117.3091,SAN BERNARDINO,COLTON,-117.3088075,34.04688019
6796527,2015,2016-10-17,9860,2015-01-04,0306,020051,NA,7,3,4,3618,0,1,1,NA,2,203,RT 210,BASELINE RD,2640,E,N,A,-,Y,SBD,8,210,-,R,29.82,H,-,W,Y,2,0,1,2,A,-,01,23152,A,N,F,A,A,A,H,-,D,D,1,NA,NA,NA,NA,Y,Y,A,07,1,0,0,0,0,0,0,0,0,-,-,34.11582,-117.19982,SAN BERNARDINO,HIGHLAND,-117.19979011,34.11411634
6818469,2015,2015-02-26,3610,2015-01-01,1001,50936,NA,4,5,6,3610,0,0,0,NA,0,NA,W CAJON BL,W 23RD ST,581,S,N,A,-,N,NA,NA,NA,NA,NA,NA,NA,NA,NA,Y,2,0,1,1,A,-,03,22350,NA,N,E,I,A,A,H,-,A,D,0,NA,NA,NA,NA,Y,NA,A,01,1,0,0,0,0,0,0,0,0,-,-,NA,NA,SAN BERNARDINO,SAN BERNARDINO,-117.31404463,34.13602616
6853640,2014,2015-03-20,9855,2014-10-19,1515,015498,NA,7,2,6,3607,0,1,1,NA,2,101,RT 10,MILLIKEN AV,385,W,N,A,-,Y,NA,NA,10,NA,NA,NA,NA,NA,NA,Y,4,0,1,2,A,-,03,22350,NA,N,C,C,A,A,H,-,A,D,0,NA,NA,NA,NA,Y,NA,A,01,0,0,1,0,0,0,0,0,0,-,-,34.06724,-117.55975,SAN BERNARDINO,ONTARIO,-117.5597496,34.06738231
6827382,2014,2015-03-11,3607,2014-12-25,1344,NA,7,4,5,6,3607,0,0,0,NA,0,011,MOUNTAIN AV,6TH ST,100,S,N,A,-,N,NA,NA,NA,NA,NA,NA,NA,NA,NA,N,4,0,1,3,A,-,03,22350,NA,N,C,C,A,A,H,-,A,A,0,NA,NA,NA,NA,Y,NA,-,NA,0,0,1,0,0,0,0,0,0,-,-,NA,NA,SAN BERNARDINO,ONTARIO,-117.67015,34.08485593
6858005,2015,2015-04-08,3605,2015-03-21,1305,272,NA,6,5,4,3605,0,0,0,NA,0,NA,MORENO ST,FREMONT AV,0,NA,Y,A,-,N,NA,NA,NA,NA,NA,NA,NA,NA,NA,Y,4,0,1,3,A,-,12,21453,A,N,D,C,A,A,H,-,A,A,0,NA,NA,NA,NA,Y,NA,A,01,0,0,1,0,0,0,0,0,0,-,-,NA,NA,SAN BERNARDINO,MONTCLAIR,-117.69389001,34.08870002
6827437,2014,2015-03-11,3607,2014-12-20,1835,80254,35,6,5,6,3607,0,0,0,NA,0,031,VINEYARD AV,6TH ST,30,N,N,A,-,N,NA,NA,NA,NA,NA,NA,NA,NA,NA,Y,4,0,1,2,A,-,07,21658,A,N,B,C,A,A,H,-,C,A,0,NA,NA,NA,NA,Y,NA,-,NA,0,0,1,0,0,0,0,0,0,-,-,NA,NA,SAN BERNARDINO,ONTARIO,-117.6112175,34.08497399