CASE_ID,ACCIDENT_YEAR,PROC_DATE,JURIS,COLLISION_DATE,COLLISION_TIME,OFFICER_ID,REPORTING_DISTRICT,DAY_OF_WEEK,CHP_SHIFT,POPULATION,CNTY_CITY_LOC,SPECIAL_COND,BEAT_TYPE,CHP_BEAT_TYPE,CITY_DIVISION_LAPD,CHP_BEAT_CLASS,BEAT_NUMBER,PRIMARY_RD,SECONDARY_RD,DISTANCE,DIRECTION,INTERSECTION,WEATHER_1,WEATHER_2,STATE_HWY_IND,CALTRANS_COUNTY,CALTRANS_DISTRICT,STATE_ROUTE,ROUTE_SUFFIX,POSTMILE_PREFIX,POSTMILE,LOCATION_TYPE,RAMP_INTERSECTION,SIDE_OF_HWY,TOW_AWAY,COLLISION_SEVERITY,NUMBER_KILLED,NUMBER_INJURED,PARTY_COUNT,PRIMARY_COLL_FACTOR,PCF_CODE_OF_VIOL,PCF_VIOL_CATEGORY,PCF_VIOLATION,PCF_VIOL_SUBSECTION,HIT_AND_RUN,TYPE_OF_COLLISION,MVIW,PED_ACTION,ROAD_SURFACE,ROAD_COND_1,ROAD_COND_2,LIGHTING,CONTROL_DEVICE,CHP_ROAD_TYPE,PEDESTRIAN_ACCIDENT,BICYCLE_ACCIDENT,MOTORCYCLE_ACCIDENT,TRUCK_ACCIDENT,NOT_PRIVATE_PROPERTY,ALCOHOL_INVOLVED,STWD_VEHTYPE_AT_FAULT,CHP_VEHTYPE_AT_FAULT,COUNT_SEVERE_INJ,COUNT_VISIBLE_INJ,COUNT_COMPLAINT_PAIN,COUNT_PED_KILLED,COUNT_PED_INJURED,COUNT_BICYCLIST_KILLED,COUNT_BICYCLIST_INJURED,COUNT_MC_KILLED,COUNT_MC_INJURED,PRIMARY_RAMP,SECONDARY_RAMP,LATITUDE,LONGITUDE,COUNTY,CITY,POINT_X,POINT_Y
7116002,2015,2015-11-17,3604,2015-10-20,0628,509,NA,2,5,6,3604,0,0,0,NA,0,NA,SIERRA AV,SANTA ANA AV,0,NA,Y,A,-,N,NA,NA,NA,NA,NA,NA,NA,NA,NA,Y,4,0,1,2,A,-,12,21453,A,N,D,C,A,A,H,-,A,A,0,NA,NA,NA,NA,Y,NA,A,07,0,0,1,0,0,0,0,0,0,-,-,NA,NA,SAN BERNARDINO,FONTANA,-117.43563006,34.05579
7116152,2015,2015-11-24,3608,2015-11-07,1312,3540,NA,6,5,5,3608,0,0,0,NA,0,NA,CAJON ST,VINE ST,0,NA,Y,A,-,N,NA,NA,NA,NA,NA,NA,NA,NA,NA,Y,4,0,1,2,A,-,04,21703,NA,N,C,C,A,A,H,-,A,D,0,NA,NA,NA,NA,Y,NA,A,01,0,0,1,0,0,0,0,0,0,-,-,NA,NA,SAN BERNARDINO,REDLANDS,-117.18227004,34.05465008
7119316,2015,2015-11-18,3607,2015-10-28,1452,14997,131,3,5,6,3607,0,0,0,NA,0,022,HOLT BL,CUCAMONGA AV,200,W,N,A,-,N,NA,NA,NA,NA,NA,NA,NA,NA,NA,N,3,0,2,2,A,-,03,22350,NA,N,C,C,A,A,H,-,A,D,0,NA,NA,NA,NA,Y,NA,-,NA,0,1,1,0,0,0,0,0,0,-,-,NA,NA,SAN BERNARDINO,ONTARIO,-117.63258859,34.06340596
7121026,2015,2016-09-16,3609,2015-10-15,1109,5550,138,4,5,5,3609,0,0,0,NA,0,002,FOOTHILL BL,WILLOW AV,0,NA,Y,B,-,N,NA,NA,NA,NA,NA,NA,NA,NA,NA,Y,4,0,2,2,A,-,12,21453,A,N,-,C,A,A,H,-,A,A,0,NA,NA,NA,NA,Y,NA,A,08,0,0,2,0,0,0,0,0,0,-,-,NA,NA,SAN BERNARDINO,RIALTO,-117.37475005,34.10676004
7121247,2015,2015-12-03,3610,2015-10-02,1102,50732,NA,5,5,6,3610,0,0,0,NA,0,NA,NORTH WATERMAN AV,18TH ST,126,S,N,A,-,N,NA,NA,NA,NA,NA,NA,NA,NA,NA,N,3,0,1,2,A,-,09,21804,NA,N,D,A,A,A,H,-,A,A,0,NA,NA,Y,NA,Y,NA,D,23,0,1,0,0,0,0,0,0,1,-,-,NA,NA,SAN BERNARDINO,SAN BERNARDINO,-117.27877045,34.13106483
7161307,2015,2017-01-13,9855,2015-07-14,1750,15498,NA,2,2,6,3607,0,1,1,NA,2,152,RT 15,JURUPA ST,3168,N,N,A,-,Y,SBD,8,15,-,-,1.62,H,-,S,N,4,0,1,2,A,-,03,22350,NA,N,C,C,A,A,H,-,A,D,1,NA,NA,NA,NA,Y,NA,A,01,0,0,1,0,0,0,0,0,0,-,-,34.05935,-117.54551,SAN BERNARDINO,ONTARIO,-117.54638062,34.05655255
7121266,2015,2015-12-03,3604,2015-10-24,2206,958,NA,6,5,6,3604,0,0,0,NA,0,NA,CITRUS AV,S HIGHLAND AV,386,N,N,A,-,N,NA,NA,NA,NA,NA,NA,NA,NA,NA,Y,4,0,1,2,A,-,12,21453,A,N,D,C,A,A,H,-,C,A,0,NA,NA,NA,NA,Y,NA,A,01,0,0,1,0,0,0,0,0,0,-,-,NA,NA,SAN BERNARDINO,FONTANA,-117.45360279,34.13576478
7121366,2015,2015-12-04,3604,2015-10-22,1455,683,NA,4,5,6,3604,0,0,0,NA,0,003,CITRUS,ARROW,209,S,N,A,-,N,NA,NA,NA,NA,NA,NA,NA,NA,NA,N,4,0,1,2,A,-,03,22350,NA,N,C,C,A,A,H,-,A,A,0,NA,NA,NA,NA,Y,NA,A,01,0,0,1,0,0,0,0,0,0,-,-,NA,NA,SAN BERNARDINO,FONTANA,-117.45365,34.09872733
7110212,2015,2015-11-14,3607,2015-10-11,2241,80547,108,7,5,6,3607,0,0,0,NA,0,022,D ST,MUSCATEL AV,120,W,N,A,-,N,NA,NA,NA,NA,NA,NA,NA,NA,NA,N,4,0,1,1,A,-,03,22350,NA,N,E,I,A,A,H,-,C,D,0,NA,NA,NA,NA,Y,NA,-,NA,0,0,1,0,0,0,0,0,0,-,-,NA,NA,SAN BERNARDINO,ONTARIO,-117.64047519,34.06701
7121497,2015,2017-01-19,3600,2015-10-06,1942,E9963,TW002,2,5,3,3617,0,0,0,NA,0,TW1,RT 62,MONTE VISTA DR,0,NA,Y,A,-,Y,SBD,8,62,-,-,27.56,H,-,E,Y,3,0,1,2,A,-,09,21801,B,N,D,C,A,A,H,-,C,A,0,NA,NA,Y,NA,Y,NA,A,01,0,1,0,0,0,0,0,0,1,-,-,NA,NA,SAN BERNARDINO,TWENTYNINE PALMS,-116.15292389,34.13503798
7162898,2015,2016-04-20,3610,2015-12-19,1817,50675,NA,6,5,6,3610,0,0,0,NA,0,POLICE,NORTH WATERMAN AV,E 21ST ST,0,NA,Y,C,-,N,NA,NA,NA,NA,NA,NA,NA,NA,NA,Y,4,0,1,2,A,-,09,21801,A,F,A,C,A,B,H,-,C,A,0,NA,NA,NA,NA,Y,Y,A,07,0,0,1,0,0,0,0,0,0,-,-,NA,NA,SAN BERNARDINO,SAN BERNARDINO,-117.27876006,34.13406007
7162901,2015,2016-01-21,3610,2015-12-01,1829,50766,NA,2,5,6,3610,0,0,0,NA,0,POLICE,SIERRA WY,BASELINE ST,252,N,N,A,-,N,NA,NA,NA,NA,NA,NA,NA,NA,NA,N,2,0,1,2,A,-,11,21954,A,N,G,B,D,A,H,-,C,A,0,Y,NA,NA,NA,Y,NA,N,60,1,0,0,0,1,0,0,0,0,-,-,NA,NA,SAN BERNARDINO,SAN BERNARDINO,-117.28515345,34.12203035
7162909,2015,2016-01-21,3610,2015-12-27,1600,50937,NA,7,5,6,3610,0,0,0,NA,0,POLICE,UNIVERSITY PKWY,E KENDALL DR,189,E,N,A,-,N,NA,NA,NA,NA,NA,NA,NA,NA,NA,Y,4,0,1,2,A,-,09,21804,NA,N,D,C,A,A,H,-,B,D,0,NA,NA,NA,NA,Y,NA,A,01,0,0,1,0,0,0,0,0,0,-,-,34.17624,-117.33104,SAN BERNARDINO,SAN BERNARDINO,-117.33061616,34.17653692
7122581,2015,2015-12-01,3600,2015-10-30,1700,H2968,YC106,5,5,4,3640,0,0,0,NA,0,YC1,YUCAIPA BL,4TH ST,408,W,N,A,-,N,NA,NA,NA,NA,NA,NA,NA,NA,NA,Y,3,0,3,2,A,-,01,23152,E,N,C,C,A,A,H,-,A,D,0,NA,NA,NA,NA,Y,NA,D,22,0,1,2,0,0,0,0,0,0,-,-,NA,NA,SAN BERNARDINO,YUCAIPA,-117.05323216,34.03387281
7125243,2015,2016-02-06,3600,2015-11-06,2308,F5700,HE103,5,5,5,3619,0,0,0,NA,0,001,LOCUST AV,SEQUOIA ST,0,NA,Y,A,-,N,NA,NA,NA,NA,NA,NA,NA,NA,NA,N,3,0,1,2,A,-,09,21800,A,N,D,C,A,A,H,-,C,D,0,NA,NA,NA,NA,Y,NA,A,08,0,1,0,0,0,0,0,0,0,-,-,NA,NA,SAN BERNARDINO,HESPERIA,-117.33430006,34.46875005
7151316,2015,2016-01-19,3601,2015-11-14,1110,P53,PATRO,6,5,3,3601,0,0,0,NA,0,004,LENWOOD RD,LENWOOD RD 2800 BLOCK,168,N,N,A,-,N,NA,NA,NA,NA,NA,NA,NA,NA,NA,N,3,0,2,1,B,-,22,NA,NA,N,F,A,A,A,A,B,A,D,0,NA,NA,NA,NA,Y,NA,D,22,0,2,0,0,0,0,0,0,0,-,-,NA,NA,SAN BERNARDINO,BARSTOW,NA,NA
7151882,2015,2016-01-12,3602,2015-11-30,1527,3663,NA,1,5,5,3602,0,0,0,NA,0,005,KIMBALL AV,MOUNTAIN AV,26,W,N,A,-,N,NA,NA,NA,NA,NA,NA,NA,NA,NA,N,4,0,1,2,A,-,12,21453,A,M,B,C,A,A,H,-,A,A,0,NA,NA,NA,NA,Y,NA,-,NA,0,0,1,0,0,0,0,0,0,-,-,NA,NA,SAN BERNARDINO,CHINO,-117.66713553,33.96839
7152175,2015,2016-01-19,3609,2015-12-15,1800,5403,144,2,5,5,3609,0,0,0,NA,0,003,MERRILL AV,CEDAR AV,2,E,N,A,-,N,NA,NA,NA,NA,NA,NA,NA,NA,NA,N,4,0,1,2,A,-,21,22106,NA,N,H,C,A,A,H,-,C,A,0,NA,NA,NA,NA,Y,NA,A,01,0,0,1,0,0,0,0,0,0,-,-,NA,NA,SAN BERNARDINO,RIALTO,-117.39651341,34.09224
7132303,2015,2015-12-14,3602,2015-11-04,1437,3051,NA,3,5,5,3602,0,0,0,NA,0,003,ROSWELL AV,SCHAEFER AV,40,N,N,A,-,N,NA,NA,NA,NA,NA,NA,NA,NA,NA,Y,3,0,4,2,A,-,08,22107,NA,N,D,C,A,A,H,-,A,A,0,NA,NA,NA,NA,Y,NA,A,01,0,3,1,0,0,0,0,0,0,-,-,NA,NA,SAN BERNARDINO,CHINO,-117.72183,34.00434
7155084,2015,2016-01-12,3600,2015-12-24,1433,D2561,VC013,4,5,5,3612,0,0,0,NA,0,VC4,AMARGOSA RD,KING RANCH RD,0,NA,Y,A,-,N,NA,NA,NA,NA,NA,NA,NA,NA,NA,N,4,0,1,2,A,-,09,21804,A,N,D,C,A,A,H,-,A,A,0,NA,NA,NA,NA,Y,NA,-,NA,0,0,1,0,0,0,0,0,0,-,-,NA,NA,SAN BERNARDINO,VICTORVILLE,-117.33882001,34.4805401
7155824,2015,2016-01-19,3600,2015-12-15,1314,B3501,RC002,2,5,6,3616,0,0,0,NA,0,RC5,FOOTHILL BL,MONET AV,288,E,N,A,-,N,NA,NA,NA,NA,NA,NA,NA,NA,NA,Y,4,0,1,2,A,-,03,22350,NA,N,C,C,A,A,H,-,A,A,0,NA,NA,NA,NA,Y,NA,A,01,0,0,1,0,0,0,0,0,0,-,-,NA,NA,SAN BERNARDINO,RANCHO CUCAMONGA,-117.53462138,34.1064
7140912,2015,2015-12-21,3610,2015-11-21,2350,50924,NA,6,5,6,3610,0,0,0,NA,0,POLICE,E 17TH ST,NORTH WATERMAN AV,327,E,N,A,-,N,NA,NA,NA,NA,NA,NA,NA,NA,NA,Y,3,0,1,2,A,-,08,22107,NA,N,B,C,A,A,H,-,C,A,0,NA,NA,NA,NA,Y,NA,A,01,0,1,0,0,0,0,0,0,0,-,-,34.12971,-117.27739,SAN BERNARDINO,SAN BERNARDINO,-117.27770278,34.13007355
7146708,2015,2016-01-04,3604,2015-11-17,1602,680,NA,2,5,6,3604,0,0,0,NA,0,NA,BASELINE,JUNIPER,0,NA,Y,A,-,N,NA,NA,NA,NA,NA,NA,NA,NA,NA,Y,3,0,3,2,A,-,12,21453,A,N,D,C,A,A,H,-,A,A,0,NA,NA,NA,NA,Y,NA,A,01,0,1,2,0,0,0,0,0,0,-,-,NA,NA,SAN BERNARDINO,FONTANA,-117.4402401,34.12143004
7149061,2015,2016-01-11,3609,2015-12-08,0753,1041,054,2,5,5,3609,0,0,0,NA,0,004,RIVERSIDE AV,GATEWAY PLZ,324,S,N,A,-,N,NA,NA,NA,NA,NA,NA,NA,NA,NA,N,4,0,2,2,A,-,03,22350,NA,N,C,C,A,A,H,-,A,A,0,NA,NA,NA,NA,Y,NA,A,01,0,0,2,0,0,0,0,0,0,-,-,34.0419,-117.22134,SAN BERNARDINO,RIALTO,-117.37039,34.07209633
7150608,2015,2016-01-12,3600,2015-12-28,1354,D3560,HE322,1,5,5,3619,0,0,0,NA,0,HE3,EL CENTRO ST,11TH AV,972,E,N,A,-,N,NA,NA,NA,NA,NA,NA,NA,NA,NA,N,3,0,1,2,A,-,-,NA,NA,N,D,C,A,A,H,-,A,A,0,NA,NA,NA,NA,Y,NA,A,01,0,1,0,0,0,0,0,0,0,-,-,NA,NA,SAN BERNARDINO,HESPERIA,-117.32608802,34.3905902
7150836,2015,2016-01-19,3603,2015-11-25,2104,CL4710,COLTO,3,5,4,3603,0,0,0,NA,0,001,VALLEY BL,WILD ROSE,42,W,N,C,-,N,NA,NA,NA,NA,NA,NA,NA,NA,NA,N,3,0,1,2,A,-,09,21802,A,N,D,G,A,B,H,-,C,D,0,NA,Y,NA,NA,Y,Y,L,04,0,1,0,0,0,0,1,0,0,-,-,NA,NA,SAN BERNARDINO,COLTON,-117.36373828,34.07052
7150882,2015,2016-01-12,3603,2015-12-18,1114,CL4251,COLTO,5,5,4,3603,0,0,0,NA,0,004,MT VERNON AV,SANTO ANTONIO DR,0,NA,Y,A,-,N,NA,NA,NA,NA,NA,NA,NA,NA,NA,N,4,0,1,2,A,-,10,21950,A,N,H,G,A,A,H,-,A,A,0,NA,Y,NA,NA,Y,NA,A,07,0,0,1,0,0,0,1,0,0,-,-,NA,NA,SAN BERNARDINO,COLTON,-117.30925004,34.05214007
7167807,2015,2016-09-16,3600,2015-12-16,0455,A8310,RC038,3,5,6,3616,0,0,0,NA,0,RC2,RT 66,HELMS AV,0,NA,Y,A,-,N,NA,NA,NA,NA,NA,NA,NA,NA,NA,N,4,0,1,2,D,-,00,NA,NA,F,-,B,B,A,H,-,C,A,0,Y,NA,NA,NA,Y,NA,-,-,0,0,1,0,1,0,0,0,0,-,-,NA,NA,SAN BERNARDINO,RANCHO CUCAMONGA,-117.5999985,34.106517
7155146,2015,2016-01-12,3600,2015-12-30,0645,S2984,YC103,3,5,4,3640,0,0,0,NA,0,YC1,YUCAIPA BL,OAK GLEN RD,0,NA,Y,A,-,N,NA,NA,NA,NA,NA,NA,NA,NA,NA,Y,3,0,4,2,A,-,03,22350,NA,N,D,C,A,A,H,-,A,A,0,NA,NA,NA,NA,Y,NA,-,NA,0,2,2,0,0,0,0,0,0,-,-,NA,NA,SAN BERNARDINO,YUCAIPA,-117.0730101,34.03387008
7155852,2015,2016-02-02,3600,2015-12-18,1359,S3887,VC058,5,5,5,3612,0,0,0,NA,0,004,PALMDALE RD,COBALT RD,34,W,N,A,-,N,NA,NA,NA,NA,NA,NA,NA,NA,NA,N,4,0,1,3,A,-,03,22350,NA,N,C,C,A,A,H,-,A,A,0,NA,NA,NA,NA,Y,NA,A,01,0,0,1,0,0,0,0,0,0,-,-,NA,NA,SAN BERNARDINO,VICTORVILLE,-117.37329252,34.50669
7156369,2015,2016-01-21,3610,2015-12-25,1438,50749,NA,5,5,6,3610,0,0,0,NA,0,NA,W 30TH ST,CRESCENT AV,90,W,N,A,-,N,NA,NA,NA,NA,NA,NA,NA,NA,NA,Y,4,0,3,3,A,-,01,23152,A,F,C,C,A,A,H,-,A,A,0,NA,NA,NA,NA,Y,Y,A,01,0,0,3,0,0,0,0,0,0,-,-,NA,NA,SAN BERNARDINO,SAN BERNARDINO,-117.30009655,34.14684022
7160298,2015,2016-01-21,3600,2015-12-08,0622,D2557,CH002,2,5,5,3630,0,0,0,NA,0,CH1,ROCK SPRINGS DR,RIMROCK AV,140,N,N,A,-,N,NA,NA,NA,NA,NA,NA,NA,NA,NA,N,3,0,1,1,A,-,03,22350,NA,N,E,I,A,A,H,-,A,D,0,NA,NA,Y,NA,Y,NA,C,02,0,1,0,0,0,0,0,0,1,-,-,NA,NA,SAN BERNARDINO,CHINO HILLS,-117.7531974,34.01732835
7161349,2015,2017-01-10,9855,2015-07-05,0200,19165,NA,7,3,5,3611,0,1,1,NA,2,203,RT 210,EUCLID AV,100,W,N,A,-,Y,SBD,8,210,-,-,2.4,H,-,W,Y,3,0,1,1,A,-,01,23152,A,N,E,I,A,A,H,-,C,D,1,NA,NA,NA,NA,Y,Y,A,07,0,1,0,0,0,0,0,0,0,-,-,34.13488,-117.65549,SAN BERNARDINO,UPLAND,-117.65461583,34.13483358
7161411,2015,2017-01-14,9855,2015-06-15,0540,12923,NA,1,3,5,3602,0,1,3,NA,2,603,RT 60,CENTRAL AV,355,E,N,B,-,Y,SBD,8,60,-,R,2.44,H,-,W,N,4,0,1,2,A,-,03,22350,NA,N,C,C,A,A,H,-,A,D,1,NA,NA,NA,NA,Y,NA,A,01,0,0,1,0,0,0,0,0,0,-,-,34.03048,-117.68746,SAN BERNARDINO,CHINO,-117.68814506,34.03038551
7162190,2015,2017-01-18,9855,2015-09-05,1545,17313,NA,6,2,6,3607,0,1,1,NA,2,103,RT 10,HAVEN AV,800,W,N,A,-,Y,SBD,8,10,-,-,8.02,H,-,E,N,4,0,1,3,A,-,03,22350,NA,N,C,C,A,A,H,-,A,D,1,NA,NA,NA,NA,Y,NA,D,22,0,0,1,0,0,0,0,0,0,-,-,34.06731,-117.57811,SAN BERNARDINO,ONTARIO,-117.57836753,34.06747279
7162847,2016,2016-02-05,3609,2016-01-01,0024,3156,NA,5,5,5,3609,0,0,0,NA,0,004,RIVERSIDE AV,VALLEY BL,0,NA,Y,-,-,N,NA,NA,NA,NA,NA,NA,NA,NA,NA,N,4,0,1,2,A,-,12,21453,A,N,-,C,A,A,H,-,C,A,0,NA,NA,NA,NA,Y,NA,E,22,0,0,1,0,0,0,0,0,0,-,-,34.07049,-117.37012,SAN BERNARDINO,RIALTO,-117.37039003,34.07051009
7162913,2015,2016-01-21,3610,2015-12-29,1905,50872,NA,2,5,6,3610,0,0,0,NA,0,POLICE,NORTH ARROWHEAD AV,W 23RD ST,0,NA,Y,A,-,N,NA,NA,NA,NA,NA,NA,NA,NA,NA,Y,4,0,2,2,A,-,12,22450,A,F,D,C,A,A,H,-,C,D,0,NA,NA,NA,NA,Y,NA,A,01,0,0,2,0,0,0,0,0,0,-,-,34.13597,-117.28964,SAN BERNARDINO,SAN BERNARDINO,-117.28964012,34.13700002
7198413,2015,2016-03-04,3611,2015-11-19,1916,2822,NA,4,5,5,3611,0,0,0,NA,0,001,16TH ST,BENSON AV,75,E,N,A,-,N,NA,NA,NA,NA,NA,NA,NA,NA,NA,N,4,0,1,2,A,-,03,22350,NA,M,C,C,A,A,H,-,C,D,0,NA,NA,NA,NA,Y,NA,A,01,0,0,1,0,0,0,0,0,0,-,-,NA,NA,SAN BERNARDINO,UPLAND,-117.68068286,34.12154731
7162922,2015,2016-01-21,3610,2015-12-12,1400,50937,1 002,6,5,6,3610,0,0,0,NA,0,POLICE,N D ST 5,D ST 1563,7,N,N,A,-,N,NA,NA,NA,NA,NA,NA,NA,NA,NA,N,3,0,1,2,A,-,21,22106,NA,F,G,B,E,A,H,-,A,D,0,Y,NA,NA,NA,Y,NA,A,01,0,1,0,0,1,0,0,0,0,-,-,34.12811,-117.29123,SAN BERNARDINO,SAN BERNARDINO,-117.29190588,34.12808235
7162949,2015,2016-04-20,3610,2015-12-14,1405,50936,NA,1,5,6,3610,0,0,0,NA,0,POLICE,NORTH G ST,W 20TH ST,0,NA,Y,A,-,N,NA,NA,NA,NA,NA,NA,NA,NA,NA,Y,3,0,1,2,A,-,08,22107,NA,F,D,C,A,A,H,-,A,D,0,NA,NA,Y,NA,Y,Y,A,01,0,1,0,0,0,0,0,0,1,-,-,34.13321,-117.29864,SAN BERNARDINO,SAN BERNARDINO,-117.29864003,34.13411012
7166293,2015,2016-01-25,3600,2015-11-27,1128,B3690,RC043,5,5,6,3616,0,0,0,NA,0,RC1,CARNELIAN ST,BANYAN ST,0,S,N,A,-,N,NA,NA,NA,NA,NA,NA,NA,NA,NA,N,3,0,1,2,A,-,09,21800,C,N,D,G,A,A,A,-,A,D,0,NA,Y,NA,NA,Y,NA,-,NA,0,1,0,0,0,0,1,0,0,-,-,NA,NA,SAN BERNARDINO,RANCHO CUCAMONGA,-117.61633006,34.14374003
7166751,2015,2016-01-27,3600,2015-12-12,1026,C7826,RC027,6,5,6,3616,0,0,0,NA,0,NA,MAYBERRY AV,RING AV,1,W,N,A,-,N,NA,NA,NA,NA,NA,NA,NA,NA,NA,Y,4,0,1,1,A,-,03,22350,A,N,A,I,A,A,-,-,A,D,0,NA,NA,NA,NA,Y,NA,-,NA,0,0,1,0,0,0,0,0,0,-,-,NA,NA,SAN BERNARDINO,RANCHO CUCAMONGA,-117.58052,34.13296
7170723,2015,2016-02-01,3607,2015-10-29,1155,80313,290,4,5,6,3607,0,0,0,NA,0,072,RIVERSIDE DR,TURNER AV,0,NA,Y,A,-,N,NA,NA,NA,NA,NA,NA,NA,NA,NA,Y,4,0,1,2,A,-,12,21453,A,N,D,C,A,A,H,-,A,A,0,NA,NA,NA,NA,Y,NA,-,NA,0,0,1,0,0,0,0,0,0,-,-,NA,NA,SAN BERNARDINO,ONTARIO,-117.58454013,34.01908002
7176059,2016,2016-02-09,3609,2016-01-18,1723,9632,132,1,5,5,3609,0,0,0,NA,0,001,N CEDAR AV,W GROVE ST,0,NA,Y,A,-,N,NA,NA,NA,NA,NA,NA,NA,NA,NA,Y,4,0,1,2,A,-,09,21802,A,N,D,C,A,A,H,-,B,A,0,NA,NA,Y,NA,Y,NA,A,01,0,0,1,0,0,0,0,0,1,-,-,NA,NA,SAN BERNARDINO,RIALTO,-117.3965801,34.10846011
7204915,2016,2016-03-23,3610,2016-02-20,0624,50604,NA,6,5,6,3610,0,0,0,NA,0,NA,W MILL ST,K ST,241,W,N,A,-,N,NA,NA,NA,NA,NA,NA,NA,NA,NA,N,2,0,1,2,A,-,08,22107,NA,F,G,B,E,A,H,-,B,D,0,Y,NA,NA,NA,Y,NA,A,01,1,0,0,0,1,0,0,0,0,-,-,NA,NA,SAN BERNARDINO,SAN BERNARDINO,-117.30843359,34.09215
7177510,2016,2016-02-24,3610,2016-01-05,0956,50789,NA,2,5,6,3610,0,0,0,NA,0,POLICE,S MT VERNON AV,RIALTO AV,35,N,N,C,-,N,NA,NA,NA,NA,NA,NA,NA,NA,NA,N,4,0,1,2,A,-,03,22350,NA,F,C,C,A,B,H,-,A,A,0,NA,NA,NA,NA,Y,NA,A,01,0,0,1,0,0,0,0,0,0,-,-,34.10058,-117.31344,SAN BERNARDINO,SAN BERNARDINO,-117.31383,34.10084
7160626,2015,2016-01-20,3607,2015-11-18,1535,80506,248,3,5,6,3607,0,0,0,NA,0,062,PHILADELPHIA ST,CUCAMONGA AV,0,NA,Y,A,-,N,NA,NA,NA,NA,NA,NA,NA,NA,NA,N,3,0,2,3,A,-,10,21950,A,N,G,B,B,A,-,-,A,A,0,Y,NA,NA,NA,Y,NA,-,NA,0,2,0,0,2,0,0,0,0,-,-,NA,NA,SAN BERNARDINO,ONTARIO,-117.63284002,34.03393004
7160772,2015,2016-01-22,3607,2015-11-13,0734,15028,54,5,5,6,3607,0,0,0,NA,0,054,I ST,MOUNTAIN AV,360,W,N,A,-,N,NA,NA,NA,NA,NA,NA,NA,NA,NA,N,2,0,2,3,A,-,11,21950,B,N,D,B,D,A,H,-,A,D,0,Y,NA,NA,NA,Y,NA,N,60,1,0,1,0,2,0,0,0,0,-,-,NA,NA,SAN BERNARDINO,ONTARIO,-117.67127568,34.07419502
7177525,2016,2016-02-25,3610,2016-01-09,0655,50702,NA,6,5,6,3610,0,0,0,NA,0,POLICE,W KENDALL DR,N H ST,0,NA,Y,A,-,N,NA,NA,NA,NA,NA,NA,NA,NA,NA,N,4,0,1,2,A,-,01,23152,A,F,C,C,A,A,H,-,B,A,0,NA,NA,NA,NA,Y,Y,A,01,0,0,1,0,0,0,0,0,0,-,-,34.15733,-117.29403,SAN BERNARDINO,SAN BERNARDINO,-117.300519,34.161867
7177529,2016,2016-02-25,3610,2016-01-05,1602,50732,NA,2,5,6,3610,0,0,0,NA,0,NA,WEST HIGHLAND AV,NORTH ARROWHEAD AV,0,NA,Y,B,C,N,NA,NA,NA,NA,NA,NA,NA,NA,NA,Y,3,0,3,2,A,-,09,21801,A,N,A,C,A,B,H,-,A,A,0,NA,NA,NA,NA,Y,NA,A,01,0,1,2,0,0,0,0,0,0,-,-,NA,NA,SAN BERNARDINO,SAN BERNARDINO,-117.28965004,34.13597003
7179236,2015,2017-01-18,9855,2015-08-10,0640,12923,NA,1,1,6,3607,0,1,1,NA,2,101,RT 10,MILLIKEN AV,25,E,N,A,-,Y,SBD,8,10,-,-,9.18,H,-,E,N,4,0,1,2,A,-,03,22350,NA,N,C,C,A,A,H,-,A,D,1,NA,NA,NA,NA,Y,NA,A,01,0,0,1,0,0,0,0,0,0,-,-,34.06719,-117.55775,SAN BERNARDINO,ONTARIO,-117.55813303,34.0673779
8004440,2016,2017-02-03,3607,2016-02-25,0933,15035,89,4,5,6,3607,0,0,0,NA,0,011,EUCLID AV,H ST,20,W,N,A,-,Y,SBD,8,83,-,-,10.01,H,-,S,Y,4,0,1,2,A,-,07,21658,A,N,B,C,A,A,H,-,A,D,0,NA,NA,NA,NA,Y,NA,-,NA,0,0,1,0,0,0,0,0,0,-,-,NA,NA,SAN BERNARDINO,ONTARIO,-117.65124115,34.07135486
7170833,2015,2016-04-20,3603,2015-11-10,1659,CL4277,COLTO,2,5,4,3603,0,0,0,NA,0,003,IOWA AV,LA CADENA DR,0,NA,Y,A,-,N,NA,NA,NA,NA,NA,NA,NA,NA,NA,Y,4,0,1,2,A,-,09,21801,A,N,D,C,A,A,H,-,C,A,0,NA,NA,NA,NA,Y,NA,D,22,0,0,1,0,0,0,0,0,0,-,-,NA,NA,SAN BERNARDINO,COLTON,-117.33496,34.02264009
7183364,2015,2016-02-16,3610,2015-08-18,2036,50534,NA,2,5,6,3610,0,0,0,NA,0,NA,WEST FOOTHILL BL,NORTH MERIDIAN AV,500,E,N,A,-,N,NA,NA,NA,NA,NA,NA,NA,NA,NA,N,2,0,1,2,A,-,11,21956,NA,F,G,B,C,A,A,-,C,D,0,Y,NA,NA,NA,Y,NA,N,60,1,0,0,0,1,0,0,0,0,-,-,NA,NA,SAN BERNARDINO,SAN BERNARDINO,-117.34687322,34.10678744
7170841,2015,2016-02-02,3603,2015-12-18,1916,CL4147,COLTO,5,5,4,3603,0,0,0,NA,0,001,VALLEY BL,PEPPER AV,1320,E,N,A,-,N,NA,NA,NA,NA,NA,NA,NA,NA,NA,N,2,0,1,2,A,-,11,21955,NA,N,D,B,D,A,H,-,E,D,0,Y,NA,NA,NA,Y,NA,N,60,1,0,0,0,1,0,0,0,0,-,-,NA,NA,SAN BERNARDINO,COLTON,-117.35313,34.0704
7183376,2015,2016-02-16,3610,2015-09-15,1800,50709,NA,2,5,6,3610,0,0,0,NA,0,ADAM,NORTH WESTERN AV,WEST 10TH ST,140,N,N,B,-,N,NA,NA,NA,NA,NA,NA,NA,NA,NA,N,4,0,1,2,A,-,03,22350,NA,M,D,C,A,B,H,-,A,D,0,NA,NA,NA,NA,Y,NA,A,01,0,0,1,0,0,0,0,0,0,-,-,NA,NA,SAN BERNARDINO,SAN BERNARDINO,-117.3191,34.11809355
7170887,2015,2016-02-01,3603,2015-11-16,0742,CL4613,COLTO,1,5,4,3603,0,0,0,NA,0,004,RECHE CANYON RD,SHADID DR,0,NA,Y,A,-,N,NA,NA,NA,NA,NA,NA,NA,NA,NA,Y,4,0,1,3,A,-,03,22350,NA,N,C,C,A,A,H,-,A,D,0,NA,NA,NA,NA,Y,NA,A,01,0,0,1,0,0,0,0,0,0,-,-,NA,NA,SAN BERNARDINO,COLTON,-117.2792025,34.02747
8010867,2016,2016-04-06,3600,2016-03-12,1228,D3560,HE304,6,5,5,3619,0,0,0,NA,0,HE3,ESCONDIDO AV,HOLLISTER ST,0,NA,N,A,-,N,NA,NA,NA,NA,NA,NA,NA,NA,NA,N,3,0,1,2,A,-,09,21802,A,N,D,C,A,A,H,-,A,A,0,NA,NA,NA,NA,Y,NA,A,01,0,1,0,0,0,0,0,0,0,-,-,NA,NA,SAN BERNARDINO,HESPERIA,-117.37291003,34.41579003