CASE_ID,ACCIDENT_YEAR,PROC_DATE,JURIS,COLLISION_DATE,COLLISION_TIME,OFFICER_ID,REPORTING_DISTRICT,DAY_OF_WEEK,CHP_SHIFT,POPULATION,CNTY_CITY_LOC,SPECIAL_COND,BEAT_TYPE,CHP_BEAT_TYPE,CITY_DIVISION_LAPD,CHP_BEAT_CLASS,BEAT_NUMBER,PRIMARY_RD,SECONDARY_RD,DISTANCE,DIRECTION,INTERSECTION,WEATHER_1,WEATHER_2,STATE_HWY_IND,CALTRANS_COUNTY,CALTRANS_DISTRICT,STATE_ROUTE,ROUTE_SUFFIX,POSTMILE_PREFIX,POSTMILE,LOCATION_TYPE,RAMP_INTERSECTION,SIDE_OF_HWY,TOW_AWAY,COLLISION_SEVERITY,NUMBER_KILLED,NUMBER_INJURED,PARTY_COUNT,PRIMARY_COLL_FACTOR,PCF_CODE_OF_VIOL,PCF_VIOL_CATEGORY,PCF_VIOLATION,PCF_VIOL_SUBSECTION,HIT_AND_RUN,TYPE_OF_COLLISION,MVIW,PED_ACTION,ROAD_SURFACE,ROAD_COND_1,ROAD_COND_2,LIGHTING,CONTROL_DEVICE,CHP_ROAD_TYPE,PEDESTRIAN_ACCIDENT,BICYCLE_ACCIDENT,MOTORCYCLE_ACCIDENT,TRUCK_ACCIDENT,NOT_PRIVATE_PROPERTY,ALCOHOL_INVOLVED,STWD_VEHTYPE_AT_FAULT,CHP_VEHTYPE_AT_FAULT,COUNT_SEVERE_INJ,COUNT_VISIBLE_INJ,COUNT_COMPLAINT_PAIN,COUNT_PED_KILLED,COUNT_PED_INJURED,COUNT_BICYCLIST_KILLED,COUNT_BICYCLIST_INJURED,COUNT_MC_KILLED,COUNT_MC_INJURED,PRIMARY_RAMP,SECONDARY_RAMP,LATITUDE,LONGITUDE,COUNTY,CITY,POINT_X,POINT_Y
8586655,2018,2018-03-27,3604,2018-02-25,1403,1163,NA,7,5,6,3604,0,0,0,NA,0,NA,MERRILL AV,CYPRESS AV,0,NA,Y,A,-,N,NA,NA,NA,NA,NA,NA,NA,NA,NA,N,3,0,5,3,A,-,12,22450,A,N,D,C,A,A,H,-,A,A,0,NA,NA,NA,NA,Y,NA,A,01,0,2,3,0,0,0,0,0,0,-,-,NA,NA,SAN BERNARDINO,FONTANA,-117.44445037841795,34.09210968017578
8586675,2018,2018-03-27,3600,2018-01-26,1032,D6174,RC016,5,5,6,3616,0,0,0,NA,0,RC6,4TH ST,MILLIKEN AV,306,E,N,A,-,N,NA,NA,NA,NA,NA,NA,NA,NA,NA,Y,3,0,1,2,A,-,07,21658,A,N,B,C,A,A,A,-,A,D,0,NA,NA,Y,NA,Y,NA,A,01,0,1,0,0,0,0,0,0,1,-,-,NA,NA,SAN BERNARDINO,RANCHO CUCAMONGA,-117.5573959350586,34.07733917236328
8591433,2018,2018-04-11,3610,2018-03-15,2215,51006,NA,4,5,6,3610,0,0,0,NA,0,BAKER,WEST HIGHLAND AV,N E ST,0,NA,Y,A,-,N,NA,NA,NA,NA,NA,NA,NA,NA,NA,Y,3,0,1,3,A,-,05,21651,A,F,A,C,A,A,H,-,C,A,0,NA,NA,NA,NA,Y,NA,A,07,0,1,0,0,0,0,0,0,0,-,-,34.135990142822266,-117.29412841796876,SAN BERNARDINO,SAN BERNARDINO,-117.29415130615234,34.13600158691406
8591582,2018,2018-04-17,3600,2018-03-16,1447,D6899,HE312,5,5,5,3619,0,0,0,NA,0,HE5,9TH AV,SULTANA ST,0,NA,Y,A,-,N,NA,NA,NA,NA,NA,NA,NA,NA,NA,Y,3,0,2,2,A,-,12,22450,A,N,D,C,A,A,H,-,A,A,0,NA,NA,NA,NA,Y,Y,A,08,0,2,0,0,0,0,0,0,0,-,-,NA,NA,SAN BERNARDINO,HESPERIA,-117.32192230224608,34.417179107666016
8596219,2018,2018-04-20,3608,2018-03-15,1713,4761,NA,4,5,5,3608,0,0,0,NA,0,NA,ALABAMA ST,REDLANDS BL,85,N,N,A,-,N,NA,NA,NA,NA,NA,NA,NA,NA,NA,N,4,0,1,2,A,-,09,21804,B,N,D,C,A,A,H,-,A,A,0,NA,NA,NA,NA,Y,NA,A,01,0,0,1,0,0,0,0,0,0,-,-,NA,NA,SAN BERNARDINO,REDLANDS,-117.20879364013672,34.06304168701172
8596223,2018,2018-04-20,3608,2018-03-23,1754,4341,3608,5,5,5,3608,0,0,0,NA,0,NA,ORANGE ST,SAN BERNARDINO AV,0,NA,Y,B,-,N,NA,NA,NA,NA,NA,NA,NA,NA,NA,Y,4,0,2,3,A,-,12,21453,A,N,D,C,A,A,H,-,A,A,0,NA,NA,NA,NA,Y,NA,A,08,0,0,2,0,0,0,0,0,0,-,-,NA,NA,SAN BERNARDINO,REDLANDS,-117.18240356445313,34.0772705078125
8597409,2018,2018-04-24,3600,2018-01-04,1920,C5162,NA,4,5,3,3613,0,0,0,NA,0,24R11,BELLFLOWER ST,RANCHO RD,180,S,N,A,-,N,NA,NA,NA,NA,NA,NA,NA,NA,NA,Y,3,0,2,1,A,-,03,22350,NA,N,F,A,A,A,-,-,B,-,0,NA,NA,NA,Y,Y,NA,F,76,0,2,0,0,0,0,0,0,0,-,-,NA,NA,SAN BERNARDINO,ADELANTO,-117.41835021972656,34.558807373046875
8597928,2018,2018-04-16,3608,2018-03-01,1702,4345,NA,4,5,5,3608,0,0,0,NA,0,NA,SUNSET DR,ALTA VISTA DR,0,NA,Y,A,-,N,NA,NA,NA,NA,NA,NA,NA,NA,NA,Y,3,0,1,2,A,-,09,21802,A,N,D,C,A,A,H,-,A,A,0,NA,NA,NA,NA,Y,NA,A,07,0,1,0,0,0,0,0,0,0,-,-,NA,NA,SAN BERNARDINO,REDLANDS,-117.12621307373048,34.02082824707031
8602483,2018,2018-05-17,3600,2018-03-22,1558,G6641,VC021,4,5,5,3612,0,0,0,NA,0,003,BEAR VALLEY RD,RIDGECREST RD,176,W,N,A,-,N,NA,NA,NA,NA,NA,NA,NA,NA,NA,N,4,0,1,3,A,-,03,22350,NA,N,C,C,A,A,H,-,A,D,0,NA,NA,NA,NA,Y,NA,A,07,0,0,1,0,0,0,0,0,0,-,-,NA,NA,SAN BERNARDINO,VICTORVILLE,-117.27783203125,34.471343994140625
8602507,2018,2018-05-17,3600,2018-03-27,2126,G6627,VC068,2,5,5,3612,0,0,0,NA,0,VC4,BEAR VALLEY RD,SAN DIMAS ST,0,NA,Y,A,-,N,NA,NA,NA,NA,NA,NA,NA,NA,NA,Y,4,0,1,2,A,-,03,22350,NA,N,D,C,A,A,H,-,C,D,0,NA,NA,NA,NA,Y,NA,A,01,0,0,1,0,0,0,0,0,0,-,-,NA,NA,SAN BERNARDINO,VICTORVILLE,-117.37801361083984,34.470359802246094
8603642,2018,2018-05-09,3610,2018-04-11,2155,50184,NA,3,5,6,3610,0,0,0,NA,0,CHARLI,BASELINE ST,WINDSOR DR,0,NA,Y,A,-,N,NA,NA,NA,NA,NA,NA,NA,NA,NA,Y,3,0,2,2,A,-,09,21801,A,N,A,C,A,A,H,-,C,A,0,NA,NA,NA,NA,Y,NA,A,01,0,1,1,0,0,0,0,0,0,-,-,NA,NA,SAN BERNARDINO,SAN BERNARDINO,-117.26973724365234,34.12133026123047
8604379,2018,2018-05-07,3600,2018-04-14,0832,K1393,YC309,6,5,4,3640,0,0,0,NA,0,YC2,COUNTY LINE RD,4TH ST,306,W,N,A,-,N,NA,NA,NA,NA,NA,NA,NA,NA,NA,Y,4,0,1,2,A,-,09,21804,A,N,D,C,A,A,H,-,A,D,0,NA,NA,NA,NA,Y,NA,-,NA,0,0,1,0,0,0,0,0,0,-,-,NA,NA,SAN BERNARDINO,YUCAIPA,-117.0529327392578,34.00410079956055
8609739,2018,2019-01-03,3600,2018-04-04,2149,G8526,HE218,3,5,5,3619,0,0,0,NA,0,HE2,MAIN ST,G AV,82,E,N,A,-,N,NA,NA,NA,NA,NA,NA,NA,NA,NA,Y,3,0,1,2,A,-,05,21460,A,M,A,C,A,A,H,-,C,A,0,NA,NA,NA,NA,Y,NA,A,01,0,1,0,0,0,0,0,0,0,-,-,NA,NA,SAN BERNARDINO,HESPERIA,-117.28754425048828,34.41948318481445
8611919,2017,2018-05-01,3611,2017-12-03,1704,2926,3611,7,5,5,3611,0,0,0,NA,0,001,16TH ST,PALOMINO AV,2,W,N,A,-,N,NA,NA,NA,NA,NA,NA,NA,NA,NA,N,3,0,1,2,A,-,10,21950,A,N,G,B,D,A,H,-,C,A,0,Y,NA,NA,NA,Y,NA,A,01,0,1,0,0,1,0,0,0,0,-,-,NA,NA,SAN BERNARDINO,UPLAND,-117.67145659,34.12151008
8613901,2018,2018-04-25,3604,2018-03-26,1443,643,NA,1,5,6,3604,0,0,0,NA,0,NA,JUNIPER,RANDALL,208,S,N,A,-,N,NA,NA,NA,NA,NA,NA,NA,NA,NA,N,2,0,1,2,A,-,09,21804,A,N,D,C,A,A,H,-,A,A,0,NA,NA,Y,NA,Y,NA,A,07,1,0,0,0,0,0,0,0,1,-,-,NA,NA,SAN BERNARDINO,FONTANA,-117.44007873535156,34.08427047729492
8614466,2018,2018-04-27,3608,2018-04-06,1250,3540,NA,5,5,5,3608,0,0,0,NA,0,NA,ORANGE ST,BROCKTON AV,0,NA,Y,A,-,N,NA,NA,NA,NA,NA,NA,NA,NA,NA,N,4,0,1,2,A,-,08,22107,NA,F,D,C,A,A,H,-,A,A,0,NA,NA,NA,NA,Y,NA,A,01,0,0,1,0,0,0,0,0,0,-,-,NA,NA,SAN BERNARDINO,REDLANDS,-117.18250274658205,34.06637191772461
8621884,2018,2018-05-25,3604,2018-04-19,1706,1195,NA,4,5,6,3604,0,0,0,NA,0,NA,FOOTHILL BL,JUNIPER AV,380,W,N,A,-,N,NA,NA,NA,NA,NA,NA,NA,NA,NA,N,4,0,1,2,A,-,21,22106,NA,N,C,C,A,A,H,-,A,A,0,NA,NA,NA,NA,Y,NA,D,22,0,0,1,0,0,0,0,0,0,-,-,NA,NA,SAN BERNARDINO,FONTANA,-117.44144439697266,34.106605529785156
8622746,2018,2018-06-01,3600,2018-05-20,2218,G4628,GT001,7,5,3,3690,0,0,0,NA,0,GT1,MT VERNON AV,RAVEN WY,0,NA,Y,A,-,N,NA,NA,NA,NA,NA,NA,NA,NA,NA,Y,4,0,1,1,A,-,12,22450,A,N,E,-,A,A,H,-,C,A,0,NA,NA,NA,NA,Y,NA,-,NA,0,0,1,0,0,0,0,0,0,-,-,NA,NA,SAN BERNARDINO,GRAND TERRACE,-117.31366729736328,34.020751953125
8624200,2018,2018-05-30,3609,2018-04-28,1501,5403,120,6,5,5,3609,0,0,0,NA,0,001,CEDAR AV,ETIWANDA AV,0,NA,Y,A,-,N,NA,NA,NA,NA,NA,NA,NA,NA,NA,Y,4,0,3,2,A,-,12,21453,A,N,D,C,A,A,H,-,A,A,0,NA,NA,NA,NA,Y,NA,A,01,0,0,3,0,0,0,0,0,0,-,-,34.114601135253906,-117.39689636230467,SAN BERNARDINO,RIALTO,-117.39659881591795,34.11404037475586
8626756,2017,2018-06-05,3603,2017-09-20,2139,4693,CPD,3,5,4,3603,0,0,0,NA,0,001,SAN BERNARDINO AV,PEPPER AV,80,E,N,A,-,N,NA,NA,NA,NA,NA,NA,NA,NA,NA,N,4,0,1,3,A,-,01,23152,A,M,C,C,A,A,H,-,C,A,0,NA,NA,NA,NA,Y,Y,A,01,0,0,1,0,0,0,0,0,0,-,-,NA,NA,SAN BERNARDINO,COLTON,-117.35265661,34.07774761
8630219,2018,2018-05-31,3602,2018-05-05,1501,1127,1,6,5,5,3602,0,0,0,NA,0,001,EUCLID AV,MCCOMBS WY,332,S,N,A,-,N,NA,NA,NA,NA,NA,NA,NA,NA,NA,Y,3,0,1,1,A,-,08,22107,NA,N,F,-,A,A,H,-,A,D,0,NA,NA,NA,NA,Y,NA,A,01,0,1,0,0,0,0,0,0,0,-,-,NA,NA,SAN BERNARDINO,CHINO,NA,NA
8633119,2018,2018-06-14,3610,2018-04-24,1036,50356,NA,2,5,6,3610,0,0,0,NA,0,NA,W KENDALL DR,N SHANDIN HILLS DR,0,NA,Y,A,-,N,NA,NA,NA,NA,NA,NA,NA,NA,NA,Y,4,0,1,2,A,-,12,21453,A,F,D,C,A,A,H,-,A,A,0,NA,NA,NA,NA,Y,NA,A,01,0,0,1,0,0,0,0,0,0,-,-,NA,NA,SAN BERNARDINO,SAN BERNARDINO,-117.30589294433594,34.164398193359375
8642220,2018,2018-07-03,3600,2018-05-19,1047,G9451,HE321,6,5,5,3619,0,0,0,NA,0,HE3,MAPLE AV,MESQUITE ST,0,NA,Y,A,-,N,NA,NA,NA,NA,NA,NA,NA,NA,NA,N,4,0,1,2,D,-,00,NA,NA,N,D,C,A,A,H,-,A,A,0,NA,NA,NA,NA,Y,NA,-,-,0,0,1,0,0,0,0,0,0,-,-,NA,NA,SAN BERNARDINO,HESPERIA,-117.34629058837892,34.397621154785156
8642945,2018,2018-07-02,3608,2018-06-01,1222,4761,NA,5,5,5,3608,0,0,0,NA,0,NA,LUGONIA AV,GROVE ST,8,W,N,A,-,N,NA,NA,NA,NA,NA,NA,NA,NA,NA,N,3,0,1,1,A,-,03,22350,NA,N,H,G,A,A,H,-,A,D,0,NA,Y,NA,NA,Y,NA,L,04,0,1,0,0,0,0,1,0,0,-,-,NA,NA,SAN BERNARDINO,REDLANDS,-117.16078948974608,34.070091247558594
8646460,2018,2018-07-03,3600,2018-06-14,1943,C8664,AP008,4,5,5,3621,0,0,0,NA,0,AP3,KIOWA RD,SEQUOIA ST,328,S,N,A,-,N,NA,NA,NA,NA,NA,NA,NA,NA,NA,Y,3,0,1,2,A,-,08,22107,NA,F,B,C,A,A,H,-,A,D,0,NA,NA,NA,NA,Y,NA,A,01,0,1,0,0,0,0,0,0,0,-,-,NA,NA,SAN BERNARDINO,APPLE VALLEY,-117.2077407836914,34.468780517578125
8648272,2018,2018-10-30,3600,2018-08-16,1904,D6180,HE326,4,5,5,3619,0,0,0,NA,0,HE3,RT 395,POPLAR ST,1381,N,N,A,-,Y,SBD,8,395,-,-,5.11,H,-,S,Y,1,1,1,2,A,-,05,21460,A,N,D,C,A,A,H,-,A,A,0,NA,NA,NA,NA,Y,NA,A,01,1,0,0,0,0,0,0,0,0,-,-,NA,NA,SAN BERNARDINO,HESPERIA,-117.3992919921875,34.41947555541992
8648558,2018,2020-05-22,3600,2018-10-02,0024,D6174,RC036,2,5,6,3616,0,0,0,NA,0,RC5,4TH ST,HERMOSA AV,145,W,N,A,-,N,NA,NA,NA,NA,NA,NA,NA,NA,NA,N,1,1,0,2,A,-,11,21954,A,N,G,B,D,A,H,-,C,D,0,Y,NA,NA,Y,Y,NA,N,60,0,0,0,1,0,0,0,0,0,-,-,NA,NA,SAN BERNARDINO,RANCHO CUCAMONGA,-117.58507537841795,34.077457427978516
8648672,2018,2019-03-05,3602,2018-02-10,0229,3034,NA,6,5,5,3602,0,0,0,NA,0,005,EL PRADO DR,KIMBALL CT,55,N,N,A,-,N,NA,NA,NA,NA,NA,NA,NA,NA,NA,Y,1,1,0,1,A,-,01,23152,A,N,E,I,A,A,H,-,C,A,0,NA,NA,Y,NA,Y,Y,C,02,0,0,0,0,0,0,0,1,0,-,-,NA,NA,SAN BERNARDINO,CHINO,-117.68048095703124,33.9682502746582
8652020,2018,2018-10-01,3600,2018-08-24,1304,F4772,VC013,5,5,5,3612,0,0,0,NA,0,VC4,AMARGOSA RD,EDISON POLE 185499E,98,N,N,A,-,N,NA,NA,NA,NA,NA,NA,NA,NA,NA,Y,4,0,1,2,A,-,09,21801,NA,N,D,C,A,A,H,-,A,D,0,NA,NA,NA,NA,Y,NA,A,01,0,0,1,0,0,0,0,0,0,-,-,NA,NA,SAN BERNARDINO,VICTORVILLE,NA,NA
8653311,2018,2018-07-11,3609,2018-06-26,1111,4247,RI122,2,5,5,3609,0,0,0,NA,0,001,LARCH AV,ROSEWOOD ST,20,S,N,A,-,N,NA,NA,NA,NA,NA,NA,NA,NA,NA,Y,4,0,1,2,A,-,08,22107,NA,N,D,C,A,A,H,-,A,D,0,NA,NA,NA,NA,Y,NA,A,07,0,0,1,0,0,0,0,0,0,-,-,34.11029815673828,-117.39209747314452,SAN BERNARDINO,RIALTO,-117.39218139648438,34.110294342041016
8655451,2018,2018-07-19,3608,2018-06-11,1300,3821,NA,1,5,5,3608,0,0,0,NA,0,NA,SAN MATEO ST,CYPRESS AV,0,NA,Y,A,-,N,NA,NA,NA,NA,NA,NA,NA,NA,NA,Y,3,0,1,2,A,-,12,22450,NA,N,A,C,A,A,H,-,A,A,0,NA,NA,NA,NA,Y,NA,D,22,0,1,0,0,0,0,0,0,0,-,-,NA,NA,SAN BERNARDINO,REDLANDS,-117.19100189208984,34.03937911987305
8656045,2018,2018-08-27,3600,2018-06-22,2135,D6180,HE410,5,5,5,3619,0,0,0,NA,0,HE4,ARROWHEAD LAKE RD,MONO DR,0,NA,Y,A,-,N,NA,NA,NA,NA,NA,NA,NA,NA,NA,Y,3,0,1,2,A,-,09,21802,A,N,D,C,A,A,H,-,C,A,0,NA,NA,NA,NA,Y,NA,A,01,0,1,0,0,0,0,0,0,0,-,-,NA,NA,SAN BERNARDINO,HESPERIA,-117.24948120117188,34.39944076538086
8656706,2018,2018-08-10,3602,2018-07-07,1141,3862,1,6,5,5,3602,0,0,0,NA,0,005,PINE AV,W PRESERVE LOOP,400,E,N,A,-,N,NA,NA,NA,NA,NA,NA,NA,NA,NA,Y,4,0,1,1,C,-,18,NA,NA,N,E,I,A,A,H,-,A,D,0,NA,NA,NA,NA,Y,NA,-,-,0,0,1,0,0,0,0,0,0,-,-,NA,NA,SAN BERNARDINO,CHINO,-117.62642669677734,33.95824432373047
8656774,2018,2018-08-08,3602,2018-05-18,1923,3543,19,5,5,5,3602,0,0,0,NA,0,001,CENTRAL AV,FRANCIS AV,255,S,N,A,-,N,NA,NA,NA,NA,NA,NA,NA,NA,NA,Y,3,0,1,3,A,-,08,22107,NA,M,B,C,A,A,H,-,A,D,0,NA,NA,Y,NA,Y,NA,C,02,0,1,0,0,0,0,0,0,1,-,-,NA,NA,SAN BERNARDINO,CHINO,-117.68960571289063,34.040130615234375
8662009,2018,2018-10-08,3608,2018-07-29,0935,4824,NA,7,5,5,3608,0,0,0,NA,0,NA,FORD ST,E REDLANDS BL,0,NA,N,A,-,N,NA,NA,NA,NA,NA,NA,NA,NA,NA,N,3,0,2,2,A,-,08,22107,NA,N,D,C,A,A,H,-,A,A,0,NA,NA,NA,NA,Y,NA,A,07,0,2,0,0,0,0,0,0,0,-,-,34.03921127319336,-117.15641021728516,SAN BERNARDINO,REDLANDS,-117.15635681152344,34.040531158447266
8662065,2018,2018-10-05,3610,2018-07-19,1328,51013,NA,4,5,6,3610,0,0,0,NA,0,POLICE,W 36TH ST,N E ST,0,NA,Y,A,-,N,NA,NA,NA,NA,NA,NA,NA,NA,NA,Y,4,0,1,2,A,-,08,22107,NA,N,D,C,A,A,H,-,A,D,0,NA,NA,NA,NA,Y,NA,A,01,0,0,1,0,0,0,0,0,0,-,-,34.156490325927734,-117.29405212402344,SAN BERNARDINO,SAN BERNARDINO,-117.29405212402344,34.15647888183594
8665140,2018,2018-12-17,3600,2018-09-04,0733,G8528,BL202,2,5,2,3680,0,0,0,NA,0,BL2,RT 18,GEORGIA ST,0,NA,Y,A,-,Y,SBD,8,18,-,-,49.733,I,5,N,N,4,0,1,2,A,-,12,21453,A,N,D,C,A,A,H,-,A,A,0,NA,NA,NA,NA,Y,NA,A,01,0,0,1,0,0,0,0,0,0,-,-,NA,NA,SAN BERNARDINO,BIG BEAR LAKE,-116.90053558349608,34.24354553222656
8670244,2018,2018-08-10,3603,2018-02-06,0810,4817,CPD,2,5,4,3603,0,0,0,NA,0,004,COOLEY DR,VIA LATA,0,NA,Y,A,-,N,NA,NA,NA,NA,NA,NA,NA,NA,NA,Y,4,0,1,2,A,-,08,22107,NA,N,D,C,A,A,H,-,A,A,0,NA,NA,NA,NA,Y,NA,A,01,0,0,1,0,0,0,0,0,0,-,-,NA,NA,SAN BERNARDINO,COLTON,-117.30695343017578,34.054649353027344
8670949,2018,2018-08-17,3603,2018-01-15,0208,4866,NA,1,5,4,3603,0,0,0,NA,0,004,S HUNTS LN,E COOLEY LN,0,NA,Y,A,-,N,NA,NA,NA,NA,NA,NA,NA,NA,NA,N,4,0,1,2,D,-,00,NA,NA,N,D,C,A,A,H,-,A,A,0,NA,NA,NA,NA,Y,NA,-,-,0,0,1,0,0,0,0,0,0,-,-,NA,NA,SAN BERNARDINO,COLTON,-117.28742218017578,34.05570983886719
8672542,2018,2018-10-18,3600,2018-06-22,1525,D3381,VC021,5,5,5,3619,0,0,0,NA,0,VC3,BEAR VALLY RD,INDUSTRIAL BL,0,NA,Y,A,-,N,NA,NA,NA,NA,NA,NA,NA,NA,NA,Y,4,0,3,2,A,-,03,22350,NA,N,C,C,A,A,H,-,A,A,0,NA,NA,NA,NA,Y,NA,A,01,0,0,3,0,0,0,0,0,0,-,-,NA,NA,SAN BERNARDINO,HESPERIA,-117.28289031982422,34.471099853515625
8674561,2018,2018-10-10,3600,2018-07-27,1033,H6500,HE311,5,5,5,3619,0,0,0,NA,0,HE5,5TH AV,WALNUT ST,19,S,N,A,-,N,NA,NA,NA,NA,NA,NA,NA,NA,NA,Y,3,0,3,2,A,-,09,21802,A,N,D,C,A,A,H,-,A,A,0,NA,NA,NA,NA,Y,NA,A,01,0,1,2,0,0,0,0,0,0,-,-,NA,NA,SAN BERNARDINO,HESPERIA,-117.31118774414063,34.42184829711914
8676618,2018,2018-10-18,3609,2018-07-31,1100,8510,RI138,2,5,5,3609,0,0,0,NA,0,002,FOOTHILL BL,RIVERSIDE AV,18,E,N,A,-,N,NA,NA,NA,NA,NA,NA,NA,NA,NA,N,3,0,1,2,A,-,10,21950,NA,F,-,G,A,A,H,-,A,A,0,NA,Y,NA,NA,Y,NA,A,01,0,1,0,0,0,0,1,0,0,-,-,34.10676956176758,-117.37020111083984,SAN BERNARDINO,RIALTO,-117.37037658691406,34.10675811767578
8676696,2018,2018-09-04,3610,2018-07-27,1600,51141,NA,5,5,6,3610,0,0,0,NA,0,ADAM,WEST HIGHLAND AV,CALIFORNIA ST,25,W,N,A,-,Y,NA,NA,NA,NA,NA,NA,NA,NA,NA,N,3,0,2,2,A,-,12,21453,A,N,D,C,A,A,H,-,-,B,0,NA,NA,NA,NA,Y,NA,-,-,0,2,0,0,0,0,0,0,0,-,-,34.11341094970703,-117.2905731201172,SAN BERNARDINO,SAN BERNARDINO,-117.33119964599608,34.136138916015625
8677732,2018,2018-10-03,3610,2018-07-21,1600,51141,NA,6,5,6,3610,0,0,0,NA,0,DAVID,NORTH WATERMAN AV,9TH ST,270,S,N,A,-,N,NA,NA,NA,NA,NA,NA,NA,NA,NA,NA,4,0,1,2,A,-,11,21954,A,M,G,B,D,A,H,-,A,D,0,Y,NA,NA,NA,Y,NA,N,60,0,0,1,0,1,0,0,0,0,-,-,34.11579132080078,-117.27880096435548,SAN BERNARDINO,SAN BERNARDINO,-117.2787857055664,34.11505889892578
8677740,2018,2018-10-03,3610,2018-07-16,1809,50839,NA,1,5,6,3610,0,0,0,NA,0,CHARLI,EAST HIGHLAND AV,PATTON,0,NA,Y,A,-,N,NA,NA,NA,NA,NA,NA,NA,NA,NA,N,2,0,1,2,A,-,12,21453,A,N,B,C,A,A,H,-,-,A,0,NA,NA,NA,NA,Y,Y,A,01,1,0,0,0,0,0,0,0,0,-,-,34.13587188720703,-117.21951293945313,SAN BERNARDINO,SAN BERNARDINO,-117.219663,34.13577
8677991,2018,2018-09-28,3604,2018-08-17,1035,473,NA,5,5,6,3604,0,0,0,NA,0,NA,MULBERRY AV,CHERRY AV,120,S,N,A,-,N,NA,NA,NA,NA,NA,NA,NA,NA,NA,Y,4,0,1,2,A,-,03,22350,NA,N,C,C,A,A,H,-,A,A,0,NA,NA,NA,Y,Y,NA,A,07,0,0,1,0,0,0,0,0,0,-,-,NA,NA,SAN BERNARDINO,FONTANA,-117.50696563720705,34.035240173339844
8680502,2018,2018-09-28,3600,2018-07-15,0434,D9603,NE002,7,5,2,3606,0,0,0,NA,0,NE1,W NEEDLES HWY,RACE ST,119,S,N,B,C,N,NA,NA,NA,NA,NA,NA,NA,NA,NA,N,3,0,1,2,A,-,11,21954,A,N,G,B,D,B,H,-,D,D,0,Y,NA,NA,NA,Y,NA,N,60,0,1,0,0,1,0,0,0,0,-,-,NA,NA,SAN BERNARDINO,NEEDLES,-114.62214660644533,34.84901809692383
8680873,2018,2018-10-08,3600,2018-07-02,1757,D3381,VC057,1,5,5,3612,0,0,0,NA,0,VC5,WOODPECKER RD,GROUSE RD,0,NA,Y,A,-,N,NA,NA,NA,NA,NA,NA,NA,NA,NA,Y,3,0,1,2,A,-,09,21804,A,N,D,C,A,A,H,-,A,A,0,NA,NA,Y,NA,Y,NA,A,01,0,1,0,0,0,0,0,0,1,-,-,NA,NA,SAN BERNARDINO,VICTORVILLE,-117.36267852783205,34.51723098754883
8681808,2018,2018-10-16,3604,2018-08-09,1128,1286,NA,4,5,6,3604,0,0,0,NA,0,NA,FOOTHILL BL,ALMERIA AV,300,W,N,A,-,N,NA,NA,NA,NA,NA,NA,NA,NA,NA,Y,4,0,2,2,A,-,03,22350,NA,N,C,C,A,A,H,-,A,D,0,NA,NA,NA,NA,Y,NA,A,01,0,0,2,0,0,0,0,0,0,-,-,NA,NA,SAN BERNARDINO,FONTANA,-117.46121978759766,34.106529235839844
8685529,2018,2018-11-05,3600,2018-08-03,1717,F8551,HE129,5,5,5,3619,0,0,0,NA,0,HE1,MAIN ST,11TH AV,150,W,N,A,-,N,NA,NA,NA,NA,NA,NA,NA,NA,NA,N,3,0,1,2,A,-,08,22107,NA,N,B,C,A,A,H,-,A,A,0,NA,NA,NA,NA,Y,NA,A,01,0,1,0,0,0,0,0,0,0,-,-,NA,NA,SAN BERNARDINO,HESPERIA,-117.32553863525392,34.425254821777344
8688992,2018,2018-10-25,3610,2018-08-11,1557,50985,NA,6,5,6,3610,0,0,0,NA,0,CHARLI,E 40TH ST,NORTH WATERMAN AV,0,NA,Y,A,-,Y,SBD,8,18,-,T,7.548,I,5,S,Y,4,0,1,2,A,-,09,21801,A,N,A,C,A,A,H,-,A,A,0,NA,NA,NA,NA,Y,NA,A,01,0,0,1,0,0,0,0,0,0,-,-,34.164939880371094,-117.2786865234375,SAN BERNARDINO,SAN BERNARDINO,-117.27871704101563,34.16496276855469
8692653,2018,2018-10-15,3600,2018-09-06,0926,D4301,HE210,4,5,5,3619,0,0,0,NA,0,HE2,C AV,CHESTNUT ST,30,S,N,A,-,N,NA,NA,NA,NA,NA,NA,NA,NA,NA,Y,3,0,1,2,A,-,03,22350,NA,N,A,D,A,A,H,-,A,D,0,NA,NA,NA,NA,Y,NA,A,07,0,1,0,0,0,0,0,0,0,-,-,NA,NA,SAN BERNARDINO,HESPERIA,-117.29582977294922,34.42551040649414
8693676,2018,2018-10-09,3610,2018-08-28,1930,50965,NA,2,5,6,3610,0,0,0,NA,0,CHARLI,EAST HIGHLAND AV,SUMMERTRAIL PL,131,W,N,A,-,N,NA,NA,NA,NA,NA,NA,NA,NA,NA,Y,4,0,2,2,A,-,03,22350,NA,N,C,C,A,A,H,-,C,D,0,NA,NA,NA,NA,Y,NA,A,01,0,0,2,0,0,0,0,0,0,-,-,34.135719299316406,-117.18920135498048,SAN BERNARDINO,SAN BERNARDINO,-117.18961334228516,34.135738372802734
8694038,2018,2018-09-07,3603,2018-07-10,1831,4817,CPD,2,5,4,3603,0,0,0,NA,0,004,WASHINGTON ST,COOLEY DR,0,NA,Y,A,-,N,NA,NA,NA,NA,NA,NA,NA,NA,NA,Y,3,0,1,2,A,-,12,21453,A,N,D,C,A,A,H,-,A,A,0,NA,NA,NA,NA,Y,NA,A,01,0,1,0,0,0,0,0,0,0,-,-,NA,NA,SAN BERNARDINO,COLTON,-117.29303741455078,34.04848861694336
8700776,2018,2018-10-26,3600,2018-04-13,1726,E4227,TW002,5,5,3,3617,0,0,0,NA,0,001,RT 62,LEAR AV,197.6,E,N,A,-,Y,SBD,8,62,-,-,27.72,H,-,W,Y,2,0,1,1,A,-,08,22107,NA,N,F,-,A,A,H,-,A,D,0,NA,NA,NA,NA,Y,NA,A,01,1,0,0,0,0,0,0,0,0,-,-,NA,NA,SAN BERNARDINO,TWENTYNINE PALMS,-116.15013122558594,34.13502502441406