CASE_ID,ACCIDENT_YEAR,PROC_DATE,JURIS,COLLISION_DATE,COLLISION_TIME,OFFICER_ID,REPORTING_DISTRICT,DAY_OF_WEEK,CHP_SHIFT,POPULATION,CNTY_CITY_LOC,SPECIAL_COND,BEAT_TYPE,CHP_BEAT_TYPE,CITY_DIVISION_LAPD,CHP_BEAT_CLASS,BEAT_NUMBER,PRIMARY_RD,SECONDARY_RD,DISTANCE,DIRECTION,INTERSECTION,WEATHER_1,WEATHER_2,STATE_HWY_IND,CALTRANS_COUNTY,CALTRANS_DISTRICT,STATE_ROUTE,ROUTE_SUFFIX,POSTMILE_PREFIX,POSTMILE,LOCATION_TYPE,RAMP_INTERSECTION,SIDE_OF_HWY,TOW_AWAY,COLLISION_SEVERITY,NUMBER_KILLED,NUMBER_INJURED,PARTY_COUNT,PRIMARY_COLL_FACTOR,PCF_CODE_OF_VIOL,PCF_VIOL_CATEGORY,PCF_VIOLATION,PCF_VIOL_SUBSECTION,HIT_AND_RUN,TYPE_OF_COLLISION,MVIW,PED_ACTION,ROAD_SURFACE,ROAD_COND_1,ROAD_COND_2,LIGHTING,CONTROL_DEVICE,CHP_ROAD_TYPE,PEDESTRIAN_ACCIDENT,BICYCLE_ACCIDENT,MOTORCYCLE_ACCIDENT,TRUCK_ACCIDENT,NOT_PRIVATE_PROPERTY,ALCOHOL_INVOLVED,STWD_VEHTYPE_AT_FAULT,CHP_VEHTYPE_AT_FAULT,COUNT_SEVERE_INJ,COUNT_VISIBLE_INJ,COUNT_COMPLAINT_PAIN,COUNT_PED_KILLED,COUNT_PED_INJURED,COUNT_BICYCLIST_KILLED,COUNT_BICYCLIST_INJURED,COUNT_MC_KILLED,COUNT_MC_INJURED,PRIMARY_RAMP,SECONDARY_RAMP,LATITUDE,LONGITUDE,COUNTY,CITY,POINT_X,POINT_Y
8808138,2019,2021-05-25,3600,2019-01-11,2305,E2262,VV215,5,5,3,3613,0,0,0,NA,0,AD2,RT 395,COLUSA RD,16896,N,N,A,-,Y,SBD,8,395,-,-,23.16,H,-,S,Y,1,2,2,2,A,-,05,21651,A,N,A,C,A,A,H,-,D,A,0,NA,NA,NA,NA,Y,NA,A,07,0,2,0,0,0,0,0,0,0,-,-,NA,NA,SAN BERNARDINO,ADELANTO,-117.44483947753906,34.675148010253906
8808451,2019,2021-05-28,3600,2019-07-28,2148,C8664,AP007,7,5,5,3621,0,0,0,NA,0,AP2,NAVAJO RD,STANDING ROCK AV,373,N,N,A,-,N,NA,NA,NA,NA,NA,NA,NA,NA,NA,Y,1,1,0,2,A,-,11,21956,A,N,G,B,E,A,H,-,D,D,0,Y,NA,NA,NA,Y,Y,N,60,0,0,0,1,0,0,0,0,0,-,-,NA,NA,SAN BERNARDINO,APPLE VALLEY,-117.19043731689452,34.522491455078125
8808659,2019,2020-09-25,3600,2019-09-06,0948,E2055,HE134,5,5,5,3619,0,0,0,NA,0,HE1,RT 395,MAIN ST,1247,S,N,A,-,Y,SBD,8,395,-,R,5.37,H,-,N,Y,3,0,1,1,A,-,07,21658,A,N,F,A,A,A,H,-,A,A,0,NA,NA,NA,NA,Y,NA,A,01,0,1,0,0,0,0,0,0,0,-,-,NA,NA,SAN BERNARDINO,HESPERIA,-117.40040588378906,34.423213958740234
8808993,2019,2019-03-19,3601,2019-01-30,1741,P82,BARST,3,5,3,3601,0,0,0,NA,0,NA,E MOUNTAIN VIEW ST,S 7TH AV,0,NA,Y,A,-,N,NA,NA,NA,NA,NA,NA,NA,NA,NA,Y,4,0,2,2,A,-,09,21802,A,N,D,C,A,A,H,-,C,D,0,NA,NA,NA,NA,Y,NA,A,01,0,0,2,0,0,0,0,0,0,-,-,NA,NA,SAN BERNARDINO,BARSTOW,-117.0196533203125,34.8932991027832
8810180,2019,2019-03-20,3604,2019-02-22,1956,1195,NA,5,5,6,3604,0,0,0,NA,0,NA,CITRUS AV,FOOTHILL BL,299,S,N,A,-,N,NA,NA,NA,NA,NA,NA,NA,NA,NA,Y,3,0,1,1,A,-,01,23152,A,N,E,I,A,A,H,-,C,A,0,NA,NA,NA,NA,Y,Y,D,22,0,1,0,0,0,0,0,0,0,-,-,NA,NA,SAN BERNARDINO,FONTANA,-117.45362854003906,34.10573196411133
8811592,2019,2019-03-18,3608,2019-02-16,2341,4358,NA,6,5,5,3608,0,0,0,NA,0,NA,SAN TIMOTEO CANYON RD,NEVADA ST,0,NA,Y,A,-,N,NA,NA,NA,NA,NA,NA,NA,NA,NA,Y,4,0,1,2,A,-,05,21460,A,N,A,C,A,A,H,-,D,D,0,NA,NA,NA,NA,Y,NA,A,01,0,0,1,0,0,0,0,0,0,-,-,NA,NA,SAN BERNARDINO,REDLANDS,-117.2172393798828,34.04241180419922
8813420,2019,2019-03-08,3608,2019-02-17,2108,4903,REDLA,7,5,5,3608,0,0,0,NA,0,NA,N CHURCH ST,SAN BERNARDINO AV,115,N,N,A,-,N,NA,NA,NA,NA,NA,NA,NA,NA,NA,Y,4,0,1,2,A,-,01,23153,A,M,A,E,A,B,H,-,C,D,0,NA,NA,NA,NA,Y,Y,A,01,0,0,1,0,0,0,0,0,0,-,-,NA,NA,SAN BERNARDINO,REDLANDS,-117.17368316650392,34.077606201171875
8815746,2019,2019-03-13,3600,2019-02-16,2145,G8542,AP008,6,5,5,3621,0,0,0,NA,0,AP3,BEAR VALLEY RD,MOCKINGBIRD AV,10,E,N,A,-,N,NA,NA,NA,NA,NA,NA,NA,NA,NA,Y,3,0,3,1,A,-,01,23152,NA,N,A,I,A,A,H,-,C,A,0,NA,NA,NA,NA,Y,Y,A,01,0,2,1,0,0,0,0,0,0,-,-,NA,NA,SAN BERNARDINO,APPLE VALLEY,-117.21640014648438,34.47140121459961
8823551,2019,2019-03-19,3610,2019-02-05,2100,50916,NA,2,5,6,3610,0,0,0,NA,0,CHARLI,EAST HIGHLAND AV,N EUCALYPTUS DR,36,W,N,B,-,N,NA,NA,NA,NA,NA,NA,NA,NA,NA,Y,4,0,1,3,A,-,03,22350,NA,N,C,C,A,A,H,-,C,D,0,NA,NA,NA,NA,Y,NA,A,01,0,0,1,0,0,0,0,0,0,-,-,34.135860443115234,-117.23496246337892,SAN BERNARDINO,SAN BERNARDINO,-117.2321548461914,34.13581085205078
8826078,2019,2019-05-23,3600,2019-02-27,1019,G5395,VC066,3,5,5,3612,0,0,0,NA,0,VC4,RT 395,MESA ST,0,NA,Y,A,-,Y,SBD,8,395,-,-,9.45,H,-,N,Y,3,0,1,1,A,-,03,22350,NA,N,E,I,A,A,H,-,A,D,0,NA,NA,NA,NA,Y,NA,A,01,0,1,0,0,0,0,0,0,0,-,-,NA,NA,SAN BERNARDINO,VICTORVILLE,-117.39949798583984,34.482357025146484
8827849,2019,2019-04-05,3600,2019-03-20,0013,G4510,NA,3,5,4,3618,0,0,0,NA,0,NA,BASELINE ST,DEL ROSA AV,426,E,N,A,-,N,NA,NA,NA,NA,NA,NA,NA,NA,NA,Y,3,0,1,2,A,-,01,23152,NA,N,B,C,A,A,H,-,C,A,0,NA,NA,NA,NA,Y,NA,-,NA,0,1,0,0,0,0,0,0,0,-,-,NA,NA,SAN BERNARDINO,HIGHLAND,-117.24884033203124,34.12131118774414
8834144,2019,2019-04-17,3603,2019-03-09,1904,4277,CPD,6,5,4,3603,0,0,0,NA,0,001,ORANGE AV,PENNSYLVANIA AV,854,E,N,A,-,N,NA,NA,NA,NA,NA,NA,NA,NA,NA,Y,4,0,1,3,A,-,05,21650,NA,N,C,E,A,A,H,-,C,D,0,NA,NA,NA,NA,Y,Y,A,01,0,0,1,0,0,0,0,0,0,-,-,NA,NA,SAN BERNARDINO,COLTON,-117.32428741455078,34.0875358581543
8834834,2019,2019-04-26,3600,2019-03-25,1208,F1596,RC034,1,5,6,3616,0,0,0,NA,0,005,FOOTHILL BL,RAMONA AV,290,E,N,A,-,N,NA,NA,NA,NA,NA,NA,NA,NA,NA,N,4,0,1,3,A,-,03,22350,NA,N,C,C,A,A,D,-,A,A,0,NA,NA,NA,NA,Y,NA,A,01,0,0,1,0,0,0,0,0,0,-,-,NA,NA,SAN BERNARDINO,RANCHO CUCAMONGA,-117.5881576538086,34.10654067993164
8838665,2019,2019-04-16,3604,2019-03-18,1545,1214,NA,1,5,6,3604,0,0,0,NA,0,NA,SANTA ANA AV,MULBERRY AV,200,W,N,A,-,N,NA,NA,NA,NA,NA,NA,NA,NA,NA,Y,4,0,1,2,A,-,09,21804,A,N,D,D,A,A,H,-,A,D,0,NA,NA,NA,NA,Y,NA,D,22,0,0,1,0,0,0,0,0,0,-,-,NA,NA,SAN BERNARDINO,FONTANA,-117.50741577148438,34.05555725097656
8838734,2019,2019-04-11,3600,2019-02-16,1824,F8535,YC105,6,5,4,3640,0,0,0,NA,0,YC1,YUCAIPA BL,YUCAIPA VALLEY CIR,168,W,N,A,-,N,NA,NA,NA,NA,NA,NA,NA,NA,NA,Y,4,0,1,2,A,-,03,22350,NA,N,C,C,A,A,H,-,C,D,0,NA,NA,NA,NA,Y,NA,-,NA,0,0,1,0,0,0,0,0,0,-,-,NA,NA,SAN BERNARDINO,YUCAIPA,-117.06964111328124,34.03403091430664
8842073,2019,2019-04-23,3600,2019-03-13,1843,H7589,VC024,3,5,5,3612,0,0,0,NA,0,VC02,NISQUALLI RD,SAN JUAN ST,0,NA,Y,A,-,N,NA,NA,NA,NA,NA,NA,NA,NA,NA,Y,4,0,1,2,A,-,09,21801,A,N,D,C,A,A,H,-,A,A,0,NA,NA,NA,NA,Y,NA,A,01,0,0,1,0,0,0,0,0,0,-,-,NA,NA,SAN BERNARDINO,VICTORVILLE,-117.30204010009766,34.48540115356445
8843272,2019,2019-05-03,3611,2019-03-08,1622,3176,3611,5,5,5,3611,0,0,0,NA,0,002,MOUNTAIN AV,FOOTHILL BL,421,S,N,A,-,N,NA,NA,NA,NA,NA,NA,NA,NA,NA,Y,4,0,2,2,A,-,09,21804,A,N,D,C,A,A,H,-,A,D,0,NA,NA,NA,NA,Y,NA,A,01,0,0,2,0,0,0,0,0,0,-,-,NA,NA,SAN BERNARDINO,UPLAND,-117.67021942138672,34.105804443359375
8843562,2019,2019-05-10,3600,2019-04-04,1409,E4795,VC057,4,5,5,3612,0,0,0,NA,0,VC5,PALMDALE RD,DEL GADO RD,0,NA,Y,A,-,N,NA,NA,NA,NA,NA,NA,NA,NA,NA,Y,4,0,2,2,A,-,09,21804,A,N,A,C,A,A,H,-,A,A,0,NA,NA,NA,NA,Y,NA,A,01,0,0,2,0,0,0,0,0,0,-,-,NA,NA,SAN BERNARDINO,VICTORVILLE,-117.34272003173828,34.50674819946289
8846861,2019,2019-06-17,3600,2019-05-05,1950,G9473,AP009,7,5,5,3621,0,0,0,NA,0,AP3,YUCCA LOMA RD,HAVASU RD,26,NA,Y,A,G,N,NA,NA,NA,NA,NA,NA,NA,NA,NA,Y,4,0,1,2,A,-,03,22350,NA,N,C,C,A,A,H,-,C,A,0,NA,NA,NA,NA,Y,NA,A,01,0,0,1,0,0,0,0,0,0,-,-,NA,NA,SAN BERNARDINO,APPLE VALLEY,-117.25054931640624,34.50014114379883
8847214,2019,2019-05-14,3600,2019-04-08,0912,F5717,HE101,1,5,5,3619,0,0,0,NA,0,HE1,SEQUOIA ST,COTTONWOOD AV,0,NA,Y,A,-,N,NA,NA,NA,NA,NA,NA,NA,NA,NA,Y,4,0,2,2,A,-,09,21802,A,N,D,C,A,A,H,-,A,A,0,NA,NA,NA,NA,Y,NA,A,01,0,0,2,0,0,0,0,0,0,-,-,NA,NA,SAN BERNARDINO,HESPERIA,-117.33867645263672,34.468711853027344
8847845,2019,2019-04-24,3609,2019-04-07,2120,456,RI620,7,5,5,3609,0,0,0,NA,0,003,2ND ST,N GLENWOOD AV,284,E,N,A,-,N,NA,NA,NA,NA,NA,NA,NA,NA,NA,N,4,0,1,2,A,-,03,22350,NA,F,D,C,A,A,H,-,C,A,0,NA,NA,NA,NA,Y,NA,A,07,0,0,1,0,0,0,0,0,0,-,-,34.10210037231445,-117.39029693603516,SAN BERNARDINO,RIALTO,-117.39027404785156,34.10192108154297
8848312,2019,2019-04-29,3610,2019-03-09,1900,50936,NA,6,5,6,3610,0,0,0,NA,0,DAVID,W 9TH ST,N D ST,0,NA,Y,B,-,N,NA,NA,NA,NA,NA,NA,NA,NA,NA,N,4,0,2,2,A,-,08,22107,NA,M,B,C,A,A,H,-,A,A,0,NA,NA,NA,NA,Y,Y,A,01,0,0,2,0,0,0,0,0,0,-,-,34.11391830444336,-117.31381988525392,SAN BERNARDINO,SAN BERNARDINO,-117.29189300537108,34.115760803222656
8848947,2019,2019-05-01,3608,2019-04-20,1220,4202,3608,6,5,5,3608,0,0,0,NA,0,NA,W PARK AV,KANSAS ST,0,NA,Y,A,-,N,NA,NA,NA,NA,NA,NA,NA,NA,NA,N,4,0,1,2,A,-,09,21802,A,N,D,C,A,A,H,-,A,A,0,NA,NA,NA,NA,Y,NA,A,01,0,0,1,0,0,0,0,0,0,-,-,NA,NA,SAN BERNARDINO,REDLANDS,-117.20442962646484,34.05923080444336
8848959,2019,2019-05-01,3608,2019-04-02,1823,4904,NA,2,5,5,3608,0,0,0,NA,0,NA,PEARL AV,ORANGE ST,30,W,N,A,-,N,NA,NA,NA,NA,NA,NA,NA,NA,NA,Y,4,0,1,3,A,-,03,22350,NA,N,C,D,A,A,H,-,B,A,0,NA,NA,NA,NA,Y,NA,-,NA,0,0,1,0,0,0,0,0,0,-,-,NA,NA,SAN BERNARDINO,REDLANDS,-117.18264770507813,34.06132888793945
8849219,2019,2019-05-02,3604,2019-03-16,1830,802,NA,6,5,6,3604,0,0,0,NA,0,003,OLEANDER AV,IRIS DR,0,NA,Y,A,-,N,NA,NA,NA,NA,NA,NA,NA,NA,NA,Y,3,0,2,2,A,-,09,21802,A,N,D,C,A,A,H,-,A,A,0,NA,NA,NA,NA,Y,Y,A,01,0,1,1,0,0,0,0,0,0,-,-,NA,NA,SAN BERNARDINO,FONTANA,-117.44873046875,34.0724983215332
8852254,2019,2019-05-06,3602,2019-03-01,0638,3402,NA,5,5,5,3602,0,0,0,NA,0,005,KIMBALL AV,FLIGHT AV,0,NA,Y,A,-,N,NA,NA,NA,NA,NA,NA,NA,NA,NA,N,3,0,1,2,A,-,09,21802,A,N,D,C,A,A,H,-,A,A,0,NA,NA,NA,NA,Y,NA,A,07,0,1,0,0,0,0,0,0,0,-,-,NA,NA,SAN BERNARDINO,CHINO,-117.619140625,33.968711853027344
8854036,2019,2019-06-03,3600,2019-04-23,2148,G5408,AP022,2,5,5,3621,0,0,0,NA,0,AP4,BEAR VALLEY RD,CENTRAL RD,122,E,N,A,-,N,NA,NA,NA,NA,NA,NA,NA,NA,NA,Y,4,0,1,3,A,-,01,23152,A,N,C,C,A,A,H,-,C,A,0,NA,NA,NA,NA,Y,Y,-,NA,0,0,1,0,0,0,0,0,0,-,-,NA,NA,SAN BERNARDINO,APPLE VALLEY,-117.17224884033205,34.47161102294922
8854643,2019,2019-05-17,3608,2019-04-17,0825,3675,NA,3,5,5,3608,0,0,0,NA,0,NA,CYPRESS AV,REDLANDS BL,300,E,N,A,-,N,NA,NA,NA,NA,NA,NA,NA,NA,NA,Y,3,0,1,2,A,-,03,22350,NA,N,D,E,A,A,H,-,A,D,0,NA,NA,NA,NA,Y,NA,A,01,0,1,0,0,0,0,0,0,0,-,-,NA,NA,SAN BERNARDINO,REDLANDS,-117.17047882080078,34.050697326660156
8856325,2019,2019-05-17,3604,2019-04-21,1649,1127,NA,7,5,6,3604,0,0,0,NA,0,NA,SIERRA AV,JURUPA AV,937,S,N,A,-,N,NA,NA,NA,NA,NA,NA,NA,NA,NA,Y,3,0,2,1,A,-,03,22350,NA,N,F,I,A,A,H,-,A,A,0,NA,NA,NA,NA,Y,NA,A,07,0,1,1,0,0,0,0,0,0,-,-,34.245079040527344,-117.26718139648438,SAN BERNARDINO,FONTANA,-117.43550872802734,34.04573440551758
8856676,2019,2019-05-16,3600,2019-04-15,0906,G9448,VC068,1,5,5,3612,0,0,0,NA,0,VC4,BEAR VALLEY RD,CLARK LN,0,NA,Y,A,-,N,NA,NA,NA,NA,NA,NA,NA,NA,NA,Y,2,0,1,1,D,-,00,NA,NA,N,E,I,A,A,-,-,A,-,0,NA,NA,NA,NA,Y,NA,-,-,1,0,0,0,0,0,0,0,0,-,-,NA,NA,SAN BERNARDINO,VICTORVILLE,-117.38417816162108,34.47026062011719
8857558,2019,2019-06-04,3600,2019-04-27,1600,D3381,VC027,6,5,5,3612,0,0,0,NA,0,VC5,PARK AV,ANACAPA RD,0,NA,Y,A,-,N,NA,NA,NA,NA,NA,NA,NA,NA,NA,Y,4,0,1,2,A,-,09,21802,A,N,D,C,A,A,H,-,A,A,0,NA,NA,NA,NA,Y,NA,A,01,0,0,1,0,0,0,0,0,0,-,-,NA,NA,SAN BERNARDINO,VICTORVILLE,-117.32653045654295,34.50477981567383
8859875,2019,2019-05-28,3610,2019-04-06,1747,50993,NA,6,5,6,3610,0,0,0,NA,0,NA,W KENDALL DR,WILDERNESS WY,60,W,N,A,-,N,NA,NA,NA,NA,NA,NA,NA,NA,NA,N,3,0,4,2,A,-,00,22106,I,N,D,C,A,A,H,-,-,D,0,NA,NA,NA,NA,Y,NA,A,01,0,2,2,0,0,0,0,0,0,-,-,34.17253875732422,-117.32396697998048,SAN BERNARDINO,SAN BERNARDINO,-117.32398223876952,34.172950744628906
8859895,2019,2019-05-28,3610,2019-04-10,0853,50584,NA,3,5,6,3610,0,0,0,NA,0,NA,E 5TH ST,STERLING AV,12,E,N,A,-,N,NA,NA,NA,NA,NA,NA,NA,NA,NA,Y,4,0,2,2,D,-,00,NA,NA,N,D,C,A,A,H,-,A,A,0,NA,NA,NA,NA,Y,NA,-,-,0,0,2,0,0,0,0,0,0,-,-,34.10831069946289,-117.24368286132813,SAN BERNARDINO,SAN BERNARDINO,-117.24365234375,34.10831069946289
8859962,2019,2019-05-30,3600,2019-04-02,0759,D2561,VC059,2,5,5,3612,0,0,0,NA,0,VC4,BEAR VALLEY RD,AMETHYST RD,0,NA,Y,A,-,N,NA,NA,NA,NA,NA,NA,NA,NA,NA,N,4,0,1,3,A,-,03,22350,NA,N,C,C,A,A,H,-,A,A,0,NA,NA,NA,NA,Y,NA,H,13,0,0,1,0,0,0,0,0,0,-,-,NA,NA,SAN BERNARDINO,VICTORVILLE,-117.36431884765624,34.47040939331055
8864427,2019,2019-06-03,3602,2019-03-04,0742,2199,NA,1,5,5,3602,0,0,0,NA,0,005,KIMBALL AV,MAIN ST,170,W,N,A,-,N,NA,NA,NA,NA,NA,NA,NA,NA,NA,Y,2,0,1,2,A,-,03,22350,NA,N,C,C,A,A,H,-,A,D,0,NA,NA,Y,NA,Y,NA,C,02,1,0,0,0,0,0,0,0,1,-,-,NA,NA,SAN BERNARDINO,CHINO,-117.62407684326172,33.96870803833008
8869539,2019,2019-06-07,3600,2019-04-25,1628,E8738,CH015,4,5,5,3630,0,0,0,NA,0,CH2,RAMONA AV,RAMONA ACCESS RD S/B,0,NA,Y,A,-,N,NA,NA,NA,NA,NA,NA,NA,NA,NA,Y,3,0,3,2,A,-,12,21453,A,N,D,C,A,A,H,-,A,A,0,NA,NA,NA,NA,Y,NA,A,07,0,1,2,0,0,0,0,0,0,-,-,NA,NA,SAN BERNARDINO,CHINO HILLS,NA,NA
8870372,2019,2019-06-05,3610,2019-04-15,1647,51146,NA,1,5,6,3610,0,0,0,NA,0,CHARLI,N SEPULVEDA AV,E 14TH ST,0,NA,Y,A,-,N,NA,NA,NA,NA,NA,NA,NA,NA,NA,Y,4,0,1,3,A,-,09,21802,B,N,D,C,A,A,H,-,A,D,0,NA,NA,NA,NA,Y,Y,A,01,0,0,1,0,0,0,0,0,0,-,-,34.12522888183594,-117.28256988525392,SAN BERNARDINO,SAN BERNARDINO,-117.28262329101563,34.12527847290039
8871242,2019,2019-06-14,3600,2019-05-29,1050,G3225,AP003,3,5,5,3621,0,0,0,NA,0,AP1,ZUNI RD,SERRANO RD,0,NA,Y,B,-,N,NA,NA,NA,NA,NA,NA,NA,NA,NA,Y,3,0,1,2,A,-,12,22450,A,F,D,C,A,A,H,-,A,A,0,NA,NA,NA,NA,Y,NA,A,01,0,1,0,0,0,0,0,0,0,-,-,NA,NA,SAN BERNARDINO,APPLE VALLEY,-117.2218017578125,34.53676986694336
8871478,2019,2019-06-21,3610,2019-05-07,1404,51066,NA,2,5,6,3610,0,0,0,NA,0,NA,NORTH SIERRA WY,E 21ST ST,0,NA,Y,B,-,N,NA,NA,NA,NA,NA,NA,NA,NA,NA,Y,4,0,4,2,A,-,09,21804,A,N,D,C,A,A,H,-,A,A,0,NA,NA,NA,NA,Y,NA,A,07,0,0,4,0,0,0,0,0,0,-,-,34.134090423583984,-117.28517150878906,SAN BERNARDINO,SAN BERNARDINO,-117.28514862060548,34.13405990600586
8871520,2019,2019-06-24,3600,2019-05-25,1021,F8578,RC04,6,5,6,3616,0,0,0,NA,0,004,ARROW RT,BAKER AV,0,NA,Y,A,-,N,NA,NA,NA,NA,NA,NA,NA,NA,NA,Y,4,0,1,2,A,-,12,21453,A,N,A,C,A,A,H,-,A,A,0,NA,NA,NA,NA,Y,NA,A,07,0,0,1,0,0,0,0,0,0,-,-,NA,NA,SAN BERNARDINO,RANCHO CUCAMONGA,-117.61984252929688,34.09938049316406
8875301,2019,2019-06-18,3609,2019-05-22,1535,3251,R1126,3,5,5,3609,0,0,0,NA,0,002,WILLOW AV,FOOTHILL BL,0,NA,Y,C,-,N,NA,NA,NA,NA,NA,NA,NA,NA,NA,N,4,0,1,2,A,-,12,21453,A,N,B,C,A,B,H,-,A,A,0,NA,NA,NA,NA,Y,NA,A,07,0,0,1,0,0,0,0,0,0,-,-,34.1068000793457,-117.3748016357422,SAN BERNARDINO,RIALTO,-117.37474822998048,34.10676193237305
8877039,2019,2019-06-17,3602,2019-05-22,1600,3986,NA,3,5,5,3602,0,0,0,NA,0,005,FERN AV,EUCALYPTUS AV,23,N,N,C,-,N,NA,NA,NA,NA,NA,NA,NA,NA,NA,Y,4,0,1,2,A,-,01,23152,A,N,C,C,A,B,H,-,A,D,0,NA,NA,NA,NA,Y,Y,A,01,0,0,1,0,0,0,0,0,0,-,-,NA,NA,SAN BERNARDINO,CHINO,-117.65422058105467,33.99034118652344
8878027,2019,2019-06-14,3609,2019-05-28,1105,8510,RI038,2,5,5,3609,0,0,0,NA,0,001,RIVERSIDE AV,AYALA DR,79,N,N,A,-,N,NA,NA,NA,NA,NA,NA,NA,NA,NA,N,4,0,1,3,A,-,03,22350,NA,F,C,C,A,A,H,-,A,D,0,NA,NA,NA,NA,Y,NA,-,99,0,0,1,0,0,0,0,0,0,-,-,34.15121078491211,-117.39138793945313,SAN BERNARDINO,RIALTO,-117.39126586914063,34.151241302490234
8878157,2019,2019-06-17,3609,2019-05-30,1315,8510,RI058,4,5,5,3609,0,0,0,NA,0,001,APPLE AV,WILLOW AV,0,NA,Y,A,-,N,NA,NA,NA,NA,NA,NA,NA,NA,NA,N,4,0,2,2,A,-,08,22107,NA,N,D,C,A,A,H,-,A,D,0,NA,NA,NA,NA,Y,NA,A,07,0,0,2,0,0,0,0,0,0,-,-,34.13882827758789,-117.37592315673828,SAN BERNARDINO,RIALTO,-117.37590026855467,34.13882064819336
8879280,2019,2019-06-21,3609,2019-04-20,1722,5231,RI193,6,5,5,3609,0,0,0,NA,0,004,RIVERSIDE AV,SLOVER AV,173,N,N,A,-,N,NA,NA,NA,NA,NA,NA,NA,NA,NA,Y,3,0,1,1,A,-,08,22107,NA,N,E,I,A,A,H,-,A,A,0,NA,NA,NA,NA,Y,NA,A,01,0,1,0,0,0,0,0,0,0,-,-,34.07080078125,-117.37249755859376,SAN BERNARDINO,RIALTO,-117.3702392578125,34.063655853271484
8881868,2019,2019-08-01,3600,2019-06-03,1355,G8023,HE131,1,5,5,3619,0,0,0,NA,0,HE5,JUNIPER ST,7TH ST,325,W,N,A,-,N,NA,NA,NA,NA,NA,NA,NA,NA,NA,N,3,0,1,2,A,-,11,21954,A,N,G,B,E,A,H,-,A,D,0,Y,NA,NA,NA,Y,NA,N,60,0,1,0,0,1,0,0,0,0,-,-,NA,NA,SAN BERNARDINO,HESPERIA,-117.31633758544922,34.42559814453125
8882488,2019,2019-07-08,3600,2019-05-24,1404,E4795,VC001,5,5,5,3612,0,0,0,NA,0,VC1,MOJAVE DR,6TH ST,0,NA,Y,A,-,N,NA,NA,NA,NA,NA,NA,NA,NA,NA,N,4,0,1,2,A,-,10,21950,A,N,G,B,B,A,H,-,A,A,0,Y,NA,NA,NA,Y,NA,A,01,0,0,1,0,1,0,0,0,0,-,-,NA,NA,SAN BERNARDINO,VICTORVILLE,-117.30264282226563,34.52898025512695
8882775,2019,2019-07-10,3604,2019-05-31,1052,1156,NA,5,5,6,3604,0,0,0,NA,0,NA,SUMMIT HEIGHTS GATEWAY,BEECH AV,0,NA,Y,A,-,N,NA,NA,NA,NA,NA,NA,NA,NA,NA,Y,4,0,1,2,A,-,12,21453,A,N,D,C,A,A,H,-,A,A,0,NA,NA,NA,NA,Y,NA,A,01,0,0,1,0,0,0,0,0,0,-,-,NA,NA,SAN BERNARDINO,FONTANA,-117.47454071044922,34.150081634521484
8882899,2019,2019-07-08,3601,2019-05-29,2113,P53,BARST,3,5,3,3601,0,0,0,NA,0,PATROL,BARSTOW RD,WINDY PASS,1,S,N,A,-,N,NA,NA,NA,NA,NA,NA,NA,NA,NA,Y,4,0,2,2,A,-,08,22107,NA,F,D,C,A,A,H,-,C,D,0,NA,NA,NA,NA,Y,NA,A,07,0,0,2,0,0,0,0,0,0,-,-,NA,NA,SAN BERNARDINO,BARSTOW,-117.02291870117188,34.88050842285156
8883834,2019,2019-08-06,3611,2019-04-24,2021,3190,3611,3,5,5,3611,0,0,0,NA,0,002,ARROW HWY,BENSON AV,60,W,N,A,-,N,NA,NA,NA,NA,NA,NA,NA,NA,NA,N,4,0,1,2,A,-,05,21651,A,N,A,C,A,A,H,-,D,D,0,NA,NA,NA,NA,Y,NA,A,01,0,0,1,0,0,0,0,0,0,-,-,NA,NA,SAN BERNARDINO,UPLAND,-117.68111419677734,34.09962463378906
8884448,2019,2019-07-11,3611,2019-04-15,0928,3046,3611,1,5,5,3611,0,0,0,NA,0,001,SAN ANTONIO AV,7TH ST,34,N,N,A,-,N,NA,NA,NA,NA,NA,NA,NA,NA,NA,Y,3,0,1,2,A,-,08,22107,NA,N,C,C,A,A,H,-,A,D,0,NA,NA,NA,NA,Y,NA,D,22,0,1,0,0,0,0,0,0,0,-,-,NA,NA,SAN BERNARDINO,UPLAND,-117.66072082519533,34.08888244628906
8886278,2019,2019-07-23,3604,2019-06-12,2308,1156,NA,3,5,6,3604,0,0,0,NA,0,NA,JUNIPER AV,FOOTHILL BL,0,NA,Y,A,-,N,NA,NA,NA,NA,NA,NA,NA,NA,NA,Y,2,0,3,2,A,-,09,21801,A,N,D,C,A,A,H,-,C,A,0,NA,NA,NA,NA,Y,NA,A,01,1,0,2,0,0,0,0,0,0,-,-,NA,NA,SAN BERNARDINO,FONTANA,-117.44019317626952,34.10660934448242
8888207,2019,2019-07-05,3611,2019-05-18,1051,3176,3611,6,5,5,3611,0,0,0,NA,0,002,8TH ST,HARRINGTON AV,10,N,N,A,-,N,NA,NA,NA,NA,NA,NA,NA,NA,NA,N,4,0,3,2,A,-,09,21802,A,N,B,C,A,A,H,-,A,A,0,NA,NA,NA,NA,Y,NA,A,01,0,0,3,0,0,0,0,0,0,-,-,NA,NA,SAN BERNARDINO,UPLAND,-117.66789245605467,34.092430114746094
8890775,2019,2020-01-30,3600,2019-06-08,2204,G3225,AP003,6,5,5,3621,0,0,0,NA,0,AP1,RT 18,TAO RD,743,W,N,A,-,Y,SBD,8,18,-,-,93.04,H,-,S,N,2,0,2,2,A,-,11,21954,A,N,G,-,D,A,H,-,D,A,0,Y,NA,NA,NA,Y,NA,N,60,1,1,0,0,1,0,0,0,0,-,-,NA,NA,SAN BERNARDINO,APPLE VALLEY,-117.249267578125,34.53703308105469