CASE_ID,ACCIDENT_YEAR,PROC_DATE,JURIS,COLLISION_DATE,COLLISION_TIME,OFFICER_ID,REPORTING_DISTRICT,DAY_OF_WEEK,CHP_SHIFT,POPULATION,CNTY_CITY_LOC,SPECIAL_COND,BEAT_TYPE,CHP_BEAT_TYPE,CITY_DIVISION_LAPD,CHP_BEAT_CLASS,BEAT_NUMBER,PRIMARY_RD,SECONDARY_RD,DISTANCE,DIRECTION,INTERSECTION,WEATHER_1,WEATHER_2,STATE_HWY_IND,CALTRANS_COUNTY,CALTRANS_DISTRICT,STATE_ROUTE,ROUTE_SUFFIX,POSTMILE_PREFIX,POSTMILE,LOCATION_TYPE,RAMP_INTERSECTION,SIDE_OF_HWY,TOW_AWAY,COLLISION_SEVERITY,NUMBER_KILLED,NUMBER_INJURED,PARTY_COUNT,PRIMARY_COLL_FACTOR,PCF_CODE_OF_VIOL,PCF_VIOL_CATEGORY,PCF_VIOLATION,PCF_VIOL_SUBSECTION,HIT_AND_RUN,TYPE_OF_COLLISION,MVIW,PED_ACTION,ROAD_SURFACE,ROAD_COND_1,ROAD_COND_2,LIGHTING,CONTROL_DEVICE,CHP_ROAD_TYPE,PEDESTRIAN_ACCIDENT,BICYCLE_ACCIDENT,MOTORCYCLE_ACCIDENT,TRUCK_ACCIDENT,NOT_PRIVATE_PROPERTY,ALCOHOL_INVOLVED,STWD_VEHTYPE_AT_FAULT,CHP_VEHTYPE_AT_FAULT,COUNT_SEVERE_INJ,COUNT_VISIBLE_INJ,COUNT_COMPLAINT_PAIN,COUNT_PED_KILLED,COUNT_PED_INJURED,COUNT_BICYCLIST_KILLED,COUNT_BICYCLIST_INJURED,COUNT_MC_KILLED,COUNT_MC_INJURED,PRIMARY_RAMP,SECONDARY_RAMP,LATITUDE,LONGITUDE,COUNTY,CITY,POINT_X,POINT_Y
9018132,2019,2020-02-14,3604,2019-12-20,1257,925,NA,5,5,6,3604,0,0,0,NA,0,NA,FOOTHILL BL,JUNIPER AV,541,W,N,A,-,N,NA,NA,NA,NA,NA,NA,NA,NA,NA,Y,4,0,1,3,A,-,03,22350,NA,N,C,C,A,A,H,-,A,A,0,NA,NA,NA,NA,Y,NA,D,22,0,0,1,0,0,0,0,0,0,-,-,NA,NA,SAN BERNARDINO,FONTANA,-117.44197082519533,34.10660171508789
90181478,2016,2016-05-17,9855,2016-05-10,0455,014366,NA,2,3,5,3611,0,1,1,NA,2,203,SR-210 W/B (FOOTHILL FWY),CAMPUS AVE.,2640,E,N,A,-,Y,NA,NA,NA,NA,NA,NA,NA,NA,NA,N,4,0,1,2,A,-,03,22350,NA,N,C,C,A,A,H,-,A,D,0,NA,NA,NA,NA,Y,NA,D,22,0,0,1,0,0,0,0,0,0,-,-,NA,NA,SAN BERNARDINO,UPLAND,-117.6269492,34.13500537
90169854,2016,2016-05-02,9860,2016-04-24,1555,016590,NA,7,2,9,3600,0,3,5,NA,2,004,BLOOMINGTON AVE. (1000 BLOCK),LARCH AVE.,673,E,N,A,-,N,NA,NA,NA,NA,NA,NA,NA,NA,NA,Y,4,0,1,2,A,-,09,21804,A,N,B,C,A,A,H,-,A,D,0,NA,NA,NA,NA,Y,NA,A,07,0,0,1,0,0,0,0,0,0,-,-,34.07557,-117.39058,SAN BERNARDINO,UNINCORPORATED,-117.39056877,34.07547209
90176132,2016,2016-05-10,9860,2016-04-29,2325,019674,NA,5,3,4,3603,0,1,1,NA,2,214,I-215 S/B,IOWA AVE,1056,S,N,B,-,Y,NA,NA,215,NA,NA,NA,NA,NA,S,Y,4,0,1,2,A,-,03,22350,NA,N,C,C,A,A,H,-,D,D,0,NA,NA,NA,NA,Y,NA,D,22,0,0,1,0,0,0,0,0,0,-,-,34.02236,-117.33716,SAN BERNARDINO,COLTON,-117.33712305,34.02232625
90191656,2016,2016-05-31,9850,2016-05-29,1157,017237,NA,7,1,9,3600,0,3,5,NA,2,006,NIELSON RD.,MALPASO RD.,0,NA,Y,A,-,N,NA,NA,NA,NA,NA,NA,NA,NA,NA,Y,4,0,1,2,A,-,12,22450,A,N,D,C,A,A,H,-,A,A,0,NA,NA,NA,NA,Y,NA,A,07,0,0,1,0,0,0,0,0,0,-,-,34.41909,-117.57678,SAN BERNARDINO,UNINCORPORATED,-117.57684003,34.41905003
90228909,2016,2016-07-25,9860,2016-07-18,2043,019449,NA,1,2,9,3600,0,3,5,NA,2,004,LOCUST AVE,SLOVER AVE,0,NA,Y,A,-,N,NA,NA,NA,NA,NA,NA,NA,NA,NA,Y,4,0,1,2,A,-,12,21453,A,N,D,C,A,A,H,-,C,A,0,NA,NA,NA,NA,Y,NA,A,01,0,0,1,0,0,0,0,0,0,-,-,34.0632,-117.40955,SAN BERNARDINO,UNINCORPORATED,-117.40951003,34.06315007
90178265,2016,2016-05-12,9855,2016-05-06,1312,019138,NA,5,1,6,3607,0,1,1,NA,2,103,I-10 WESTBOUND FROM HAVEN AVENUE,HAVEN AVE.,200,W,N,B,-,Y,NA,NA,10,NA,NA,NA,R,NA,W,Y,4,0,1,2,A,-,03,22350,NA,N,C,C,A,A,H,-,A,A,0,NA,NA,NA,NA,Y,NA,A,01,0,0,1,0,0,0,0,0,0,-,-,34.06789,-117.57838,SAN BERNARDINO,ONTARIO,-117.57838,34.06789
90178280,2016,2016-05-12,9860,2016-05-04,1305,012988,NA,3,1,4,3640,0,1,1,NA,2,106,I-10 EASTBOUND,16TH ST,40,E,N,A,-,Y,NA,NA,10,NA,NA,NA,NA,NA,E,Y,4,0,1,2,A,-,07,21658,A,N,E,I,A,A,D,-,A,D,0,NA,NA,NA,NA,Y,NA,D,22,0,0,1,0,0,0,0,0,0,-,-,34.02172,-117.10407,SAN BERNARDINO,YUCAIPA,-117.1040895,34.02168919
90202263,2016,2016-06-15,9850,2016-06-10,0128,020884,NA,5,3,5,3619,0,1,1,NA,2,082,I-15 N/B,MAIN ST,2031,S,N,A,-,Y,NA,NA,15,NA,NA,NA,NA,NA,N,N,3,0,1,2,A,-,03,22350,NA,F,C,C,A,A,H,-,D,D,0,NA,NA,NA,NA,Y,NA,-,99,0,1,0,0,0,0,0,0,0,-,-,34.42195,-117.38389,SAN BERNARDINO,HESPERIA,-117.38393894,34.42198843
9020248,2019,2020-01-29,3600,2019-11-09,2315,H8276,HI01,6,5,4,3618,0,0,0,NA,0,HI01,PACIFIC ST,DEL ROSA AV,0,NA,Y,A,-,N,NA,NA,NA,NA,NA,NA,NA,NA,NA,N,2,0,1,2,A,-,11,21955,NA,F,G,B,D,A,H,-,C,A,0,Y,NA,NA,NA,Y,NA,A,01,1,0,0,0,1,0,0,0,0,-,-,34.128570556640625,-117.25125122070313,SAN BERNARDINO,HIGHLAND,-117.25021362304688,34.128578186035156
90189846,2016,2016-05-31,9855,2016-05-19,1135,012923,NA,4,1,5,3602,0,1,3,NA,2,603,SR-60 W/B (POMONA FWY),SR-83 (EUCLID AVE.),718,W,N,A,-,Y,NA,NA,60,NA,NA,NA,NA,NA,W,Y,3,0,1,1,A,-,08,22107,NA,N,E,I,A,A,H,-,A,D,0,NA,NA,NA,NA,Y,NA,D,22,0,1,0,0,0,0,0,0,0,-,-,34.03115,-117.66001,SAN BERNARDINO,CHINO,-117.66000678,34.03050157
90204433,2016,2016-06-20,9860,2016-06-10,1535,012530,NA,5,2,4,3618,0,1,1,NA,2,203,SR-210 W/B TO 5TH STREET,5TH STREET,80,S,N,A,-,Y,NA,NA,NA,NA,NA,NA,NA,NA,NA,N,4,0,1,2,A,-,03,22350,NA,N,C,C,A,A,H,-,A,A,0,NA,NA,NA,NA,Y,NA,A,01,0,0,1,0,0,0,0,0,0,-,-,34.10746,-117.19039,SAN BERNARDINO,HIGHLAND,-117.19882718,34.10775094
90190305,2016,2016-05-31,9860,2016-05-20,2125,020758,NA,5,2,9,3600,0,2,4,NA,2,411,CEDAR AVE,SLOVER AVE,30,N,N,A,-,N,NA,NA,NA,NA,NA,NA,NA,NA,NA,Y,4,0,1,2,A,-,09,21804,A,N,D,C,A,A,H,-,C,D,0,NA,NA,NA,NA,Y,NA,A,01,0,0,1,0,0,0,0,0,0,-,-,34.06371,-117.39649,SAN BERNARDINO,UNINCORPORATED,-117.39644,34.0632222
90205917,2016,2016-06-21,9860,2016-06-02,1335,017919,NA,4,1,9,3600,0,3,5,NA,2,002,STATE ST.,NOLAN ST,530,S,N,A,-,N,NA,NA,NA,NA,NA,NA,NA,NA,NA,Y,3,0,4,1,A,-,08,22107,NA,N,E,I,A,A,H,-,A,D,0,NA,NA,NA,NA,Y,NA,A,08,0,3,1,0,0,0,0,0,0,-,-,34.15104,-117.3354,SAN BERNARDINO,UNINCORPORATED,-117.33547646,34.151098
90191182,2016,2016-05-31,9855,2016-05-21,1722,019809,NA,6,2,5,3602,0,1,3,NA,2,603,SR-60 E/B (POMONA FWY),MONTE VISTA AVE.,150,W,N,A,-,Y,NA,NA,60,NA,NA,NA,NA,NA,E,Y,4,0,1,2,A,-,03,22350,NA,N,C,C,A,A,H,-,A,D,0,NA,NA,NA,NA,Y,NA,A,01,0,0,1,0,0,0,0,0,0,-,-,34.02999,-117.69886,SAN BERNARDINO,CHINO,-117.69886055,34.03008581
90194585,2016,2016-06-06,9860,2016-06-03,0725,012530,NA,5,1,4,3618,0,1,1,NA,2,203,SR-210 E/B,BASELINE ROAD O/C.,2075,E,N,A,-,Y,NA,NA,210,NA,NA,NA,NA,NA,E,N,4,0,1,2,A,-,03,22350,NA,N,C,C,A,A,H,-,A,D,0,NA,NA,NA,NA,Y,NA,D,22,0,0,1,0,0,0,0,0,0,-,-,34.11537,-117.20037,SAN BERNARDINO,HIGHLAND,-117.20042646,34.1153568
90194742,2016,2016-06-06,9850,2016-05-22,0051,014858,NA,7,3,9,3600,0,1,1,NA,2,084,I-15 N/B,STODDARD WELLS ROAD,3274,N,N,A,-,Y,NA,NA,15,NA,NA,NA,NA,NA,N,Y,3,0,2,1,A,-,08,22107,NA,N,F,A,A,A,H,-,D,D,0,NA,NA,NA,NA,Y,NA,A,01,0,2,0,0,0,0,0,0,0,-,-,34.59477,-117.25612,SAN BERNARDINO,UNINCORPORATED,-117.25629652,34.59490214
90195471,2016,2016-06-06,9860,2016-06-04,0845,019321,NA,6,1,9,3600,0,1,1,NA,2,151,I-15 N/B,KENWOOD AVE.,5280,S,N,A,-,Y,NA,NA,15,NA,NA,NA,NA,NA,N,N,4,0,1,2,D,-,00,NA,NA,N,B,C,A,A,H,-,A,D,0,NA,NA,NA,NA,Y,NA,-,-,0,0,1,0,0,0,0,0,0,-,-,34.22355,-117.40961,SAN BERNARDINO,UNINCORPORATED,-117.40952526,34.22354335
90219388,2016,2016-07-11,9835,2016-07-03,1226,021083,NA,7,1,9,3600,0,3,5,NA,2,032,NATIONAL TRAILS HWY,VISTA RD,2112,N,N,A,-,Y,NA,NA,NA,NA,NA,NA,NA,NA,NA,Y,4,0,1,1,A,-,08,22107,NA,N,F,A,A,A,H,-,A,D,0,NA,NA,NA,NA,Y,NA,A,01,0,0,1,0,0,0,0,0,0,-,-,34.74952,-117.31494000000001,SAN BERNARDINO,UNINCORPORATED,-117.32424112,34.73747843
90220137,2016,2016-07-11,9850,2016-07-04,1310,019278,NA,1,1,9,3600,0,1,3,NA,2,060,SR-138,OASIS RD,500,E,N,A,-,Y,NA,NA,138,NA,NA,NA,NA,NA,NA,N,4,0,1,2,A,-,03,22350,NA,N,C,C,A,A,H,-,A,A,0,NA,NA,NA,NA,Y,NA,M,47,0,0,1,0,0,0,0,0,0,-,-,34.4396,-117.6411,SAN BERNARDINO,UNINCORPORATED,-117.64115364,34.43951784
90250407,2016,2016-08-23,9860,2016-08-16,0804,017875,NA,2,1,4,3603,0,1,1,NA,2,214,I-215 S/B,WASHINGTON ST,1584,N,N,A,-,Y,NA,NA,215,NA,NA,NA,NA,NA,S,Y,3,0,1,2,A,-,07,21658,A,N,B,C,A,A,H,-,A,D,0,NA,NA,Y,NA,Y,NA,A,01,0,1,0,0,0,0,0,0,1,-,-,34.0533,-117.3001,SAN BERNARDINO,COLTON,-117.30022228,34.05340311
90222689,2016,2016-07-14,9834,2016-07-04,1310,017038,NA,1,1,9,3600,0,1,3,NA,1,064,SR-62,BLYTHE RICE ROAD,6653,E,N,A,-,Y,NA,NA,62,NA,NA,NA,NA,NA,NA,Y,3,0,7,1,A,-,06,21751,NA,N,F,A,A,A,H,-,A,D,0,NA,NA,NA,NA,Y,NA,A,08,0,7,0,0,0,0,0,0,0,-,-,34.07963,-114.83153,SAN BERNARDINO,UNINCORPORATED,-114.83153052,34.07961805
90203551,2016,2016-06-16,9860,2016-06-15,1605,016651,NA,3,2,6,3610,0,1,1,NA,2,214,I-215 S/B TO 2ND ST (EXTENSION ROAD),2ND ST,40,N,N,A,-,Y,NA,NA,215,NA,NA,NA,R,NA,S,N,4,0,1,2,A,-,21,22106,NA,N,C,C,A,A,H,-,A,D,0,NA,NA,NA,NA,Y,NA,A,07,0,0,1,0,0,0,0,0,0,-,-,34.10344,-117.30243,SAN BERNARDINO,SAN BERNARDINO,-117.30243,34.10344
90207271,2016,2016-06-22,9860,2016-06-16,1220,017204,NA,4,1,9,3600,0,1,3,NA,1,012,SR-138,LISA LN,239,W,N,A,-,Y,NA,NA,138,NA,NA,NA,NA,NA,NA,Y,3,0,1,1,A,-,08,22107,NA,N,E,I,A,A,D,-,A,D,0,NA,NA,NA,NA,Y,Y,D,22,0,1,0,0,0,0,0,0,0,-,-,34.35056,-117.52698,SAN BERNARDINO,UNINCORPORATED,-117.52681747,34.35061409
90207358,2016,2016-06-22,9860,2016-06-16,0555,012988,NA,4,3,9,3600,0,3,5,NA,2,003,CALIFORNIA ST,PIONEER AVE,0,NA,Y,A,-,N,NA,NA,NA,NA,NA,NA,NA,NA,NA,Y,3,0,1,2,A,-,09,21802,A,N,D,C,A,A,H,-,A,A,0,NA,NA,NA,NA,Y,NA,A,01,0,1,0,0,0,0,0,0,0,-,-,34.08118,-117.22616,SAN BERNARDINO,UNINCORPORATED,-117.2261701,34.0811501
90207695,2016,2016-06-22,9835,2016-06-21,0650,017101,NA,2,1,9,3600,0,1,1,NA,2,075,I-15 S/B,HALLORAN SUMMIT ROAD,2640,S,N,A,-,Y,NA,NA,15,NA,NA,NA,NA,NA,S,Y,3,0,2,1,A,-,08,22107,NA,N,E,I,A,A,H,-,A,D,0,NA,NA,NA,NA,Y,NA,A,01,0,2,0,0,0,0,0,0,0,-,-,35.40012,-115.80167,SAN BERNARDINO,UNINCORPORATED,-115.80167551,35.40014094
90224139,2016,2016-07-18,9860,2016-07-09,2355,020135,NA,6,3,9,3600,0,1,1,NA,2,102,I-10 W/B,SIERRA AVE,2112,E,N,A,-,Y,NA,NA,NA,NA,NA,NA,NA,NA,NA,Y,4,0,1,2,A,-,03,22350,NA,N,C,C,A,A,H,-,D,D,0,NA,NA,NA,NA,Y,NA,A,07,0,0,1,0,0,0,0,0,0,-,-,34.0675,-117.42767,SAN BERNARDINO,UNINCORPORATED,-117.43332613,34.06739439
90227487,2016,2016-07-21,9835,2016-07-19,1955,019992,NA,2,2,9,3600,0,1,1,NA,2,072,I-15 N/B,GHOST TOWN ROAD,1056,S,N,A,-,Y,NA,NA,15,NA,NA,NA,NA,NA,N,Y,4,0,1,1,A,-,08,22107,NA,N,E,I,A,A,H,-,B,D,0,NA,NA,NA,NA,Y,NA,A,01,0,0,1,0,0,0,0,0,0,-,-,34.90177,-116.89099,SAN BERNARDINO,UNINCORPORATED,-116.89101037,34.90191379
90231648,2016,2016-07-27,9860,2016-07-25,1618,016651,NA,1,2,3,3690,0,1,1,NA,2,214,I-215 N/B,BARTON RD,1320,S,N,A,-,Y,NA,NA,215,NA,NA,NA,NA,NA,N,Y,4,0,1,2,A,-,03,22350,NA,N,C,C,A,A,H,-,A,D,0,NA,NA,NA,NA,Y,NA,A,01,0,0,1,0,0,0,0,0,0,-,-,34.03176,-117.32707,SAN BERNARDINO,GRAND TERRACE,-117.32713082,34.03182993
90232832,2016,2016-07-28,9850,2016-07-12,0611,020559,NA,2,1,9,3600,0,1,1,NA,2,084,I-15 S/B,DALE EVANS PKY,4752,S,N,A,-,Y,NA,NA,15,NA,NA,NA,NA,NA,S,Y,1,1,2,3,A,-,08,22107,NA,N,B,E,E,A,H,-,A,D,0,Y,NA,NA,NA,Y,NA,A,01,0,1,1,1,0,0,0,0,0,-,-,34.633,-117.2267,SAN BERNARDINO,UNINCORPORATED,-117.2266894,34.63299196
90276288,2016,2016-09-26,9850,2016-09-22,0140,020884,NA,4,3,5,3619,0,1,1,NA,2,082,I-15 N/B,JOSHUA ST,1637,N,N,A,-,Y,NA,NA,15,NA,NA,NA,NA,NA,N,Y,2,0,2,2,A,-,01,23152,A,N,C,C,A,A,H,-,D,D,0,NA,NA,NA,NA,Y,Y,A,01,1,0,1,0,0,0,0,0,0,-,-,34.4104,-117.39294,SAN BERNARDINO,HESPERIA,-117.39297724,34.41042781
90195846,2016,2016-06-07,9855,2016-06-02,0308,020006,NA,4,3,6,3604,0,1,1,NA,2,201,SR-210 E/B (FOOTHILL FWY),CITRUS AVE.,200,E,N,A,-,Y,NA,NA,210,NA,NA,NA,NA,NA,E,Y,3,0,1,1,A,-,01,23152,A,N,E,I,A,A,H,-,C,D,0,NA,NA,NA,NA,Y,Y,A,01,0,1,0,0,0,0,0,0,0,-,-,34.13623,-117.45032,SAN BERNARDINO,FONTANA,-117.45031992,34.13626885
90209511,2016,2016-06-27,9860,2016-06-19,2325,020387,NA,7,3,6,3610,0,1,3,NA,2,259,SR-259 N/B,E ST.,32,S,N,A,-,Y,NA,NA,259,NA,NA,NA,NA,NA,N,Y,3,0,1,1,A,-,08,22107,NA,N,E,I,A,A,H,-,D,D,0,NA,NA,NA,NA,Y,NA,A,07,0,1,0,0,0,0,0,0,0,-,-,34.14535,-117.29431,SAN BERNARDINO,SAN BERNARDINO,-117.29430824,34.14531178
90285437,2016,2016-10-06,9855,2016-09-28,0735,012923,NA,3,1,5,3602,0,1,3,NA,2,603,SR-60 W/B (POMONA FWY),CENTRAL AVE.,1298,E,N,A,-,Y,NA,NA,60,NA,NA,NA,NA,NA,W,N,3,0,1,3,A,-,07,21658,A,N,B,C,A,A,H,-,A,D,0,NA,NA,Y,NA,Y,NA,A,01,0,1,0,0,0,0,0,0,1,-,-,34.03053,-117.68512,SAN BERNARDINO,CHINO,-117.68511883,34.03040926
9021753,2019,2020-02-04,3605,2019-12-19,1842,434,NA,4,5,4,3605,0,0,0,NA,0,NA,CENTRAL AV,PALO VERDE ST,342,N,N,A,-,N,NA,NA,NA,NA,NA,NA,NA,NA,NA,N,4,0,1,3,A,-,03,22350,NA,N,C,C,A,A,H,-,C,A,0,NA,NA,NA,NA,Y,NA,D,22,0,0,1,0,0,0,0,0,0,-,-,NA,NA,SAN BERNARDINO,MONTCLAIR,-117.68963623046876,34.08233642578125
90232834,2016,2016-07-28,9855,2016-07-26,1519,016051,NA,2,2,5,3602,0,1,3,NA,2,603,SR-60 W/B FROM EUCLID AVENUE,EUCLID AVE.,816,W,N,A,-,Y,NA,NA,60,NA,NA,NA,R,NA,W,Y,3,0,1,2,A,-,03,22350,NA,N,C,C,A,A,H,-,A,A,0,NA,NA,NA,Y,Y,NA,A,08,0,1,0,0,0,0,0,0,0,-,-,34.03073,-117.65385,SAN BERNARDINO,CHINO,-117.65385,34.03073
90249253,2016,2016-08-22,9860,2016-08-17,0700,016590,NA,3,1,9,3600,0,2,4,NA,2,411,CEDAR AVE. S/B (10800 BLOCK),SANTA ANA AVE.,198,N,N,A,-,N,NA,NA,NA,NA,NA,NA,NA,NA,NA,Y,4,0,1,2,A,-,03,22350,NA,N,C,C,A,A,H,-,A,D,0,NA,NA,NA,NA,Y,NA,A,01,0,0,1,0,0,0,0,0,0,-,-,34.05637,-117.39666,SAN BERNARDINO,UNINCORPORATED,-117.39641,34.0564125
90233796,2016,2016-08-01,9860,2016-07-21,2000,020626,NA,4,2,9,3600,0,1,1,NA,2,151,I-15 N/B,OAKIE FLAT RD,1700,S,N,A,-,Y,NA,NA,15,NA,NA,NA,NA,NA,N,N,4,0,1,2,A,-,01,23152,E,N,C,C,A,A,H,-,D,D,0,NA,NA,NA,NA,Y,NA,D,22,0,0,1,0,0,0,0,0,0,-,-,34.25897,-117.44994,SAN BERNARDINO,UNINCORPORATED,-117.45000262,34.2589727
9025139,2019,2020-01-31,3602,2019-11-26,0813,3299,NA,2,5,5,3602,0,0,0,NA,0,004,CENTRAL AV,SCHAEFER AV,40,S,N,A,-,N,NA,NA,NA,NA,NA,NA,NA,NA,NA,Y,3,0,3,3,A,-,03,22350,NA,N,C,C,A,A,H,-,A,A,0,NA,NA,NA,NA,Y,NA,A,07,0,2,1,0,0,0,0,0,0,-,-,NA,NA,SAN BERNARDINO,CHINO,-117.68917846679688,34.00448226928711
90239192,2016,2016-08-08,9860,2016-08-06,1615,019429,NA,6,2,9,3600,0,2,4,NA,2,411,CEDAR AVE,HAWTHORNE AVE,0,NA,Y,A,-,N,NA,NA,NA,NA,NA,NA,NA,NA,NA,Y,4,0,1,2,A,-,09,21801,A,F,D,C,A,A,H,-,A,D,0,NA,NA,NA,NA,Y,NA,D,22,0,0,1,0,0,0,0,0,0,-,-,34.08166,-117.39666,SAN BERNARDINO,UNINCORPORATED,-117.3965,34.08159001
90240260,2016,2016-08-08,9860,2016-07-31,1300,019251,NA,7,1,9,3600,0,1,3,NA,1,012,SR-138 E/B,CLEGHORN RD,1584,W,N,A,-,N,NA,NA,138,NA,NA,NA,NA,NA,E,Y,4,0,1,1,A,-,08,22107,NA,N,F,A,A,A,H,-,A,D,0,NA,NA,Y,NA,Y,NA,C,02,0,0,1,0,0,0,0,0,1,-,-,34.32522,-117.42599,SAN BERNARDINO,UNINCORPORATED,-117.42598049,34.32526462
9025182,2019,2020-01-31,3602,2019-11-19,1620,3628,NA,2,5,5,3602,0,0,0,NA,0,003,EUCALYPTUS AV,PIPELINE AV,232,E,N,A,-,N,NA,NA,NA,NA,NA,NA,NA,NA,NA,Y,4,0,1,2,C,-,18,NA,NA,N,B,C,A,A,H,-,A,A,0,NA,NA,Y,NA,Y,NA,-,-,0,0,1,0,0,0,0,0,1,-,-,33.59278106689453,-117.42516326904295,SAN BERNARDINO,CHINO,-117.7160873413086,33.98942947387695
90240754,2016,2016-08-09,9855,2016-07-30,1155,016090,NA,6,1,6,3607,0,1,1,NA,2,152,I-15 S/B (ONTARIO FWY),JURUPA ST.,1200,N,N,A,-,Y,NA,NA,15,NA,NA,NA,NA,NA,S,Y,4,0,1,4,A,-,03,22350,NA,N,C,C,A,A,H,-,A,D,0,NA,NA,NA,NA,Y,NA,A,08,0,0,1,0,0,0,0,0,0,-,-,34.05166,-117.5489,SAN BERNARDINO,ONTARIO,-117.54879773,34.05161025
90243285,2016,2016-08-11,9855,2016-08-05,0940,016090,NA,5,1,6,3616,0,1,1,NA,2,153,I-15 N/B (ONTARIO FWY),SUMMIT AVE.,400,S,N,A,-,Y,NA,NA,15,NA,NA,NA,NA,NA,N,Y,4,0,1,1,A,-,08,22107,NA,N,E,I,A,A,H,-,A,D,0,NA,NA,NA,NA,Y,NA,A,07,0,0,1,0,0,0,0,0,0,-,-,34.14097,-117.49024,SAN BERNARDINO,RANCHO CUCAMONGA,-117.4901728,34.14088741
90243633,2016,2016-08-12,9855,2016-08-03,1624,017808,NA,3,2,6,3607,0,1,1,NA,2,152,I-15 N/B (ONTARIO FWY),I-10,528,S,N,A,-,Y,NA,NA,15,NA,NA,NA,NA,NA,N,N,4,0,2,2,A,-,03,22350,NA,N,C,C,A,A,H,-,A,D,0,NA,NA,NA,NA,Y,NA,A,07,0,0,2,0,0,0,0,0,0,-,-,34.05838,-117.54537,SAN BERNARDINO,ONTARIO,-117.54526777,34.05835993
90308227,2016,2016-11-01,9860,2016-10-19,1550,016651,NA,3,2,6,3610,0,1,1,NA,2,201,SR-210 W/B,STATE STREET,1900,W,N,A,-,Y,NA,NA,210,NA,NA,NA,NA,NA,W,Y,4,0,3,2,A,-,03,22350,NA,F,C,C,A,A,H,-,A,D,0,NA,NA,NA,NA,Y,NA,A,01,0,0,3,0,0,0,0,0,0,-,-,34.13502,-117.34211,SAN BERNARDINO,SAN BERNARDINO,-117.34211099,34.13500198
90244405,2016,2016-08-15,9860,2016-08-07,1246,017018,NA,7,1,6,3610,0,3,5,NA,2,003,OAK GLEN RD,PINE BENCH RD,1230,W,N,A,-,N,NA,NA,NA,NA,NA,NA,NA,NA,NA,Y,3,0,1,1,A,-,08,22107,NA,N,F,A,A,A,H,-,A,D,0,NA,NA,Y,NA,Y,NA,C,02,0,1,0,0,0,0,0,0,1,-,-,34.04095,-116.94028,SAN BERNARDINO,SAN BERNARDINO,-116.94033179,34.04107051
9031106,2019,2020-01-29,3610,2019-12-05,1117,51013,NA,4,5,6,3610,0,0,0,NA,0,CHARLI,E 21ST ST,NORTH WATERMAN AV,0,NA,Y,A,-,N,NA,NA,NA,NA,NA,NA,NA,NA,NA,Y,4,0,1,2,A,-,09,21801,NA,N,D,C,A,A,A,-,A,A,0,NA,NA,NA,NA,Y,NA,A,01,0,0,1,0,0,0,0,0,0,-,-,34.134090423583984,-117.2787628173828,SAN BERNARDINO,SAN BERNARDINO,-117.2787628173828,34.13405990600586
90258796,2016,2016-09-01,9865,2016-08-25,0840,015158,NA,4,1,9,3600,0,3,5,NA,2,001,TEAKWOOD DRIVE,TEAKWOOD COURT,391,N,N,A,-,N,NA,NA,NA,NA,NA,NA,NA,NA,NA,Y,3,0,1,1,C,-,18,NA,NA,N,E,I,A,A,H,-,A,D,0,NA,NA,NA,NA,Y,NA,-,-,0,1,0,0,0,0,0,0,0,-,-,34.26754,-117.2121,SAN BERNARDINO,UNINCORPORATED,-117.21248946,34.26743319
90245304,2016,2016-08-15,9855,2016-08-09,0735,013381,NA,2,1,9,3600,0,3,5,NA,2,004,RAMONA AVE.,FRANCIS AVE.,0,NA,Y,B,-,N,NA,NA,NA,NA,NA,NA,NA,NA,NA,Y,4,0,1,2,A,-,12,21453,A,N,D,C,A,A,H,-,A,A,0,NA,NA,NA,NA,Y,NA,-,-,0,0,1,0,0,0,0,0,0,-,-,NA,NA,SAN BERNARDINO,UNINCORPORATED,-117.70695012,34.04072008
90247384,2016,2016-08-18,9860,2016-08-11,0810,016651,NA,4,1,3,3690,0,1,1,NA,2,214,I-215 S/B,BARTON RD,1000,S,N,A,-,Y,NA,NA,NA,NA,NA,NA,NA,NA,NA,Y,4,0,1,2,A,-,03,22350,NA,N,C,C,A,A,H,-,A,D,0,NA,NA,Y,NA,Y,NA,C,02,0,0,1,0,0,0,0,0,1,-,-,34.0155,-117.194,SAN BERNARDINO,GRAND TERRACE,-117.32730399,34.0318664
90314790,2016,2016-11-09,9850,2016-11-03,1523,014858,NA,4,2,5,3612,0,1,1,NA,2,083,I-15 S/B,D STREET,161,N,N,A,-,Y,NA,NA,15,NA,NA,NA,NA,NA,S,Y,4,0,1,2,A,-,03,22350,NA,N,C,C,A,A,D,-,A,D,0,NA,NA,NA,Y,Y,NA,G,25,0,0,1,0,0,0,0,0,0,-,-,34.54562,-117.30027,SAN BERNARDINO,VICTORVILLE,-117.30033107,34.54571597
9024744,2019,2020-01-21,3610,2019-10-04,1507,51240,NA,5,5,6,3610,0,0,0,NA,0,POLICE,E CENTRAL AV,SOUTH WATERMAN AV,0,NA,Y,A,-,N,NA,NA,NA,NA,NA,NA,NA,NA,NA,Y,3,0,2,2,A,-,08,22107,NA,N,A,C,A,A,H,-,A,A,0,NA,NA,NA,NA,Y,NA,A,01,0,1,1,0,0,0,0,0,0,-,-,34.08597183227539,-117.27870941162108,SAN BERNARDINO,SAN BERNARDINO,-117.27882385253906,34.08597946166992
90290591,2016,2016-10-12,9855,2016-10-07,0605,018313,NA,5,1,6,3604,0,1,1,NA,2,101,I-10 E/B (SAN BERNARDINO FWY),CHERRY AVE.,800,W,N,A,-,Y,NA,NA,10,NA,NA,NA,NA,NA,E,Y,4,0,1,3,A,-,03,22350,NA,N,C,C,A,A,H,-,C,D,0,NA,NA,NA,NA,Y,NA,A,01,0,0,1,0,0,0,0,0,0,-,-,34.06568,-117.49411,SAN BERNARDINO,FONTANA,-117.49410907,34.06565789