CASE_ID,ACCIDENT_YEAR,PROC_DATE,JURIS,COLLISION_DATE,COLLISION_TIME,OFFICER_ID,REPORTING_DISTRICT,DAY_OF_WEEK,CHP_SHIFT,POPULATION,CNTY_CITY_LOC,SPECIAL_COND,BEAT_TYPE,CHP_BEAT_TYPE,CITY_DIVISION_LAPD,CHP_BEAT_CLASS,BEAT_NUMBER,PRIMARY_RD,SECONDARY_RD,DISTANCE,DIRECTION,INTERSECTION,WEATHER_1,WEATHER_2,STATE_HWY_IND,CALTRANS_COUNTY,CALTRANS_DISTRICT,STATE_ROUTE,ROUTE_SUFFIX,POSTMILE_PREFIX,POSTMILE,LOCATION_TYPE,RAMP_INTERSECTION,SIDE_OF_HWY,TOW_AWAY,COLLISION_SEVERITY,NUMBER_KILLED,NUMBER_INJURED,PARTY_COUNT,PRIMARY_COLL_FACTOR,PCF_CODE_OF_VIOL,PCF_VIOL_CATEGORY,PCF_VIOLATION,PCF_VIOL_SUBSECTION,HIT_AND_RUN,TYPE_OF_COLLISION,MVIW,PED_ACTION,ROAD_SURFACE,ROAD_COND_1,ROAD_COND_2,LIGHTING,CONTROL_DEVICE,CHP_ROAD_TYPE,PEDESTRIAN_ACCIDENT,BICYCLE_ACCIDENT,MOTORCYCLE_ACCIDENT,TRUCK_ACCIDENT,NOT_PRIVATE_PROPERTY,ALCOHOL_INVOLVED,STWD_VEHTYPE_AT_FAULT,CHP_VEHTYPE_AT_FAULT,COUNT_SEVERE_INJ,COUNT_VISIBLE_INJ,COUNT_COMPLAINT_PAIN,COUNT_PED_KILLED,COUNT_PED_INJURED,COUNT_BICYCLIST_KILLED,COUNT_BICYCLIST_INJURED,COUNT_MC_KILLED,COUNT_MC_INJURED,PRIMARY_RAMP,SECONDARY_RAMP,LATITUDE,LONGITUDE,COUNTY,CITY,POINT_X,POINT_Y
90363178,2016,2017-01-06,9860,2016-12-31,1750,019321,NA,6,2,4,3603,0,1,1,NA,2,103,I-10 E/B,MOUNT VERNON AVE.,600,W,N,C,-,Y,NA,NA,10,NA,NA,NA,NA,NA,E,N,4,0,1,4,A,-,03,22350,NA,N,C,C,A,B,H,-,D,D,0,NA,NA,NA,NA,Y,NA,A,01,0,0,1,0,0,0,0,0,0,-,-,34.06478,-117.31416,SAN BERNARDINO,COLTON,-117.31415527,34.06484684
90372444,2016,2017-06-29,9850,2016-12-31,2105,021516,NA,6,2,9,3600,0,2,4,NA,2,066,PHELAN RD.,WILSON RANCH RD.,0,NA,Y,B,C,N,NA,NA,NA,NA,NA,NA,NA,NA,NA,Y,1,1,2,1,A,-,01,23152,A,N,E,I,A,B,H,-,C,A,0,NA,NA,NA,NA,Y,Y,A,07,0,1,1,0,0,0,0,0,0,-,-,34.42656,-117.52091,SAN BERNARDINO,UNINCORPORATED,-117.52093005,34.4265401
90353796,2016,2016-12-27,9860,2016-12-19,1738,016575,NA,1,2,6,3610,0,1,1,NA,2,103,I-10 W/B,HUNTS LANE U/C,1230,E,N,A,-,Y,NA,NA,10,NA,NA,NA,NA,NA,W,Y,4,0,5,3,A,-,03,22350,NA,N,C,C,A,A,H,-,B,D,0,NA,NA,NA,NA,Y,NA,D,22,0,0,5,0,0,0,0,0,0,-,-,34.06413,-117.28321,SAN BERNARDINO,SAN BERNARDINO,-117.28320759,34.06409935
90387812,2017,2017-02-07,9860,2017-02-01,1800,017784,NA,3,2,4,3603,0,1,1,NA,2,214,INTERSTATE 215 SOUTHBOUND,IOWA AVENUE,500,N,N,A,-,Y,NA,NA,215,NA,NA,NA,NA,NA,S,Y,4,0,1,6,A,-,03,22350,NA,N,C,C,A,A,H,-,D,D,0,NA,NA,NA,NA,Y,NA,A,07,0,0,1,0,0,0,0,0,0,-,-,34.02526,-117.33437,SAN BERNARDINO,COLTON,-117.33440818,34.0252954
90353871,2016,2016-12-27,9850,2016-12-10,0130,014858,NA,6,3,9,3600,0,1,3,NA,2,044,SR-247,WALKER ROAD,1056,E,N,A,-,Y,NA,NA,247,NA,NA,NA,NA,NA,NA,Y,1,2,2,2,A,-,05,21650,NA,N,A,C,A,A,H,-,D,D,0,NA,NA,NA,NA,Y,NA,A,01,2,0,0,0,0,0,0,0,0,-,-,34.36977,-116.62174,SAN BERNARDINO,UNINCORPORATED,-116.62174067,34.36972088
90356337,2016,2016-12-28,9860,2016-12-21,2127,017784,NA,3,2,6,3610,0,1,1,NA,2,214,INTERSTATE 215 NORTHBOUND,3RD STREET,250,S,N,B,C,Y,NA,NA,215,NA,NA,NA,NA,NA,N,Y,4,0,1,1,A,-,03,22350,NA,N,E,I,A,B,H,-,C,D,0,NA,NA,NA,NA,Y,NA,A,01,0,0,1,0,0,0,0,0,0,-,-,34.10378,-117.30177,SAN BERNARDINO,SAN BERNARDINO,-117.30187658,34.1037752
90359040,2016,2017-01-02,9860,2016-12-23,0300,020135,NA,5,3,9,3600,0,1,1,NA,2,102,I-10 E/B,SIERRA AVE,10,E,N,A,-,Y,NA,NA,NA,NA,NA,NA,NA,NA,NA,Y,4,0,1,1,A,-,01,23152,A,N,E,I,A,A,H,-,D,D,0,NA,NA,NA,NA,Y,Y,A,01,0,0,1,0,0,0,0,0,0,-,-,34.06733,-117.43536,SAN BERNARDINO,UNINCORPORATED,-117.43571708,34.06726
90360019,2017,2017-01-03,9865,2017-01-01,0230,020872,NA,7,3,9,3600,0,1,3,NA,2,011,SR-18,DALEY CANYON ROAD,0,NA,Y,B,-,Y,NA,NA,18,NA,NA,NA,NA,NA,NA,Y,3,0,1,2,A,-,01,23152,A,N,D,C,A,C,H,-,C,D,0,NA,NA,NA,NA,Y,Y,A,07,0,1,0,0,0,0,0,0,0,-,-,34.23069,-117.216,SAN BERNARDINO,UNINCORPORATED,-117.21600152,34.2306923
90360363,2017,2017-01-03,9870,2017-01-01,1710,020570,NA,7,2,9,3600,0,3,5,NA,2,003,LA BRISA DRIVE,SUNFAIR ROAD,2640,W,N,A,-,N,NA,NA,NA,NA,NA,NA,NA,NA,NA,Y,2,0,2,1,A,-,01,23152,A,N,F,A,A,A,H,-,D,D,0,NA,NA,NA,NA,Y,Y,A,42,1,0,1,0,0,0,0,0,0,-,-,34.2075,-116.2634,SAN BERNARDINO,UNINCORPORATED,-116.25559324,34.20788375
9036041,2019,2020-01-29,3600,2019-12-11,1443,G7666,HE105,3,5,5,3619,0,0,0,NA,0,HE01,HESPERIA RD,DONERT ST,0,NA,Y,A,-,N,NA,NA,NA,NA,NA,NA,NA,NA,NA,Y,4,0,1,2,A,-,09,21802,A,N,D,C,A,A,H,-,A,A,0,NA,NA,NA,NA,Y,NA,A,01,0,0,1,0,0,0,0,0,0,-,-,NA,NA,SAN BERNARDINO,HESPERIA,-117.29280090332033,34.46659851074219
9036167,2019,2020-01-28,3610,2019-11-14,1009,51013,NA,4,5,6,3610,0,0,0,NA,0,NA,N KENWOOD AV,E GILBERT ST,0,NA,Y,A,-,N,NA,NA,NA,NA,NA,NA,NA,NA,NA,N,4,0,1,2,A,-,06,21750,NA,N,D,C,A,A,H,-,A,D,0,NA,NA,NA,NA,Y,NA,A,01,0,0,1,0,0,0,0,0,0,-,-,34.126800537109375,-117.27581024169922,SAN BERNARDINO,SAN BERNARDINO,-117.27580261230467,34.12678146362305
90344775,2016,2016-12-14,9855,2016-11-30,1520,016889,NA,3,2,6,3607,0,1,1,NA,2,103,I-10 W/B (SAN BERNARDINO FWY),VINEYARD AVE.,3168,E,N,A,-,Y,NA,NA,10,NA,NA,NA,NA,NA,W,N,4,0,1,2,A,-,03,22350,NA,N,C,C,A,A,H,-,A,D,0,NA,NA,NA,NA,Y,NA,A,01,0,0,1,0,0,0,0,0,0,-,-,34.06821,-117.60212,SAN BERNARDINO,ONTARIO,-117.60211393,34.06827062
9034869,2019,2020-02-01,3607,2019-11-10,1852,19999,610,7,5,6,3607,0,0,0,NA,0,081,EDISON AV,GROVE AV,30,W,N,A,-,N,NA,NA,NA,NA,NA,NA,NA,NA,NA,N,4,0,1,2,A,-,03,22350,NA,N,C,C,A,A,H,-,D,D,0,NA,NA,NA,NA,Y,NA,A,01,0,0,1,0,0,0,0,0,0,-,-,NA,NA,SAN BERNARDINO,ONTARIO,-117.62821197509766,33.9976692199707
90349361,2016,2016-12-20,9855,2016-12-08,2250,020006,NA,4,3,6,3604,0,1,1,NA,2,153,I-15 N/B (ONTARIO FWY),SR-210 W/B (FOOTHILL FWY),135,N,N,A,-,Y,NA,NA,15,NA,NA,NA,NA,NA,N,Y,3,0,1,2,A,-,03,22350,NA,F,C,C,A,A,H,-,D,D,0,NA,NA,NA,NA,Y,NA,-,99,0,1,0,0,0,0,0,0,0,-,-,34.13671,-117.4949,SAN BERNARDINO,FONTANA,-117.49502816,34.13685959
90382727,2017,2017-01-31,9855,2017-01-20,1818,019809,NA,5,2,6,3607,0,1,3,NA,2,601,SR-60 W/B (POMONA FWY),GROVE AVE.,2100,W,N,B,-,Y,NA,NA,60,NA,NA,NA,NA,NA,W,Y,4,0,1,3,A,-,01,23152,A,N,C,C,A,B,H,-,C,D,0,NA,NA,NA,Y,Y,Y,A,01,0,0,1,0,0,0,0,0,0,-,-,34.03057,-117.63619,SAN BERNARDINO,ONTARIO,-117.63618998,34.03056541
90382949,2017,2017-01-31,9860,2017-01-25,1455,013945,NA,3,2,6,3604,0,1,1,NA,2,201,SR-210 E/B,SIERRA AVE,700,E,N,A,-,Y,NA,NA,210,NA,NA,NA,NA,NA,E,Y,3,0,2,2,A,-,03,22350,NA,N,C,C,A,A,H,-,A,D,0,NA,NA,NA,NA,Y,NA,A,07,0,1,1,0,0,0,0,0,0,-,-,34.13622,-117.43354,SAN BERNARDINO,FONTANA,-117.43354003,34.13625037
90385799,2017,2017-02-03,9855,2017-01-20,1705,021048,NA,5,2,6,3607,0,1,3,NA,2,601,SR-60 E/B (POMONA FWY),MILLIKEN AVE.,2517,W,N,B,C,Y,NA,NA,60,NA,NA,NA,NA,NA,E,Y,4,0,1,1,A,-,08,22107,NA,N,F,A,A,B,H,-,B,D,0,NA,NA,NA,NA,Y,NA,D,22,0,0,1,0,0,0,0,0,0,-,-,34.0262,-117.5653,SAN BERNARDINO,ONTARIO,-117.56537956,34.0259204
90363475,2016,2017-01-06,9860,2016-12-31,1750,020856,NA,6,2,9,3600,0,1,1,NA,2,151,1-15 S/B,SIERRA AVENUE,1500,N,N,B,C,Y,NA,NA,NA,NA,NA,NA,NA,NA,NA,Y,4,0,1,2,A,-,08,22107,NA,N,D,C,A,B,H,-,D,D,0,NA,NA,NA,NA,Y,NA,A,01,0,0,1,0,0,0,0,0,0,-,-,34.18502,-117.4334,SAN BERNARDINO,UNINCORPORATED,NA,NA
90367180,2016,2017-01-11,9855,2016-12-26,1540,016889,NA,1,2,6,3616,0,1,1,NA,2,201,SR-210 E/B (FOF) TO I-15 (ONF),EAST AVE.,2112,E,N,B,-,Y,NA,NA,210,NA,NA,NA,R,NA,E,Y,3,0,1,2,A,-,03,22350,NA,N,C,C,A,A,H,-,A,D,0,NA,NA,NA,NA,Y,NA,A,07,0,1,0,0,0,0,0,0,0,-,-,34.13602,-117.50798,SAN BERNARDINO,RANCHO CUCAMONGA,-117.50798,34.13602
90420312,2017,2017-03-24,9860,2017-03-17,2010,020856,NA,5,2,4,3603,0,1,1,NA,2,214,I-215 N/B,IOWA AVENUE,1000,N,N,A,-,Y,NA,NA,215,NA,NA,NA,NA,NA,N,Y,3,0,1,2,A,-,08,22107,NA,N,C,C,A,A,H,-,D,D,0,NA,NA,NA,NA,Y,NA,A,01,0,1,0,0,0,0,0,0,0,-,-,34.02393,-117.33532,SAN BERNARDINO,COLTON,-117.33536244,34.0239693
9042169,2019,2020-02-07,3607,2019-07-28,1530,20122,65,7,5,6,3607,0,0,0,NA,0,032,4TH ST,GROVE AV,300,W,N,A,-,N,NA,NA,NA,NA,NA,NA,NA,NA,NA,N,3,0,1,2,B,-,22,NA,NA,N,G,B,E,A,H,-,A,A,0,Y,NA,NA,NA,Y,NA,N,60,0,1,0,0,1,0,0,0,0,-,-,NA,NA,SAN BERNARDINO,ONTARIO,-117.62960052490234,34.077980041503906
90422232,2017,2017-03-28,9850,2017-03-26,0933,017237,NA,7,1,9,3600,0,1,3,NA,2,044,SR-247,MEDANOS AVE,463,S,N,A,-,Y,NA,NA,247,NA,NA,NA,NA,NA,NA,Y,3,0,3,1,A,-,08,22107,NA,N,F,A,A,A,H,-,A,D,0,NA,NA,NA,NA,Y,NA,A,01,0,2,1,0,0,0,0,0,0,-,-,34.44368,-116.86367,SAN BERNARDINO,UNINCORPORATED,-116.86366939,34.44373434
9042378,2019,2020-02-11,3600,2019-12-03,0429,H7561,VC074,2,5,5,3612,0,0,0,NA,0,VC6,AMARGOSA RD,MOJAVE DR,300,N,N,A,-,N,NA,NA,NA,NA,NA,NA,NA,NA,NA,Y,4,0,2,2,A,-,03,22350,NA,N,A,C,A,A,H,-,D,D,0,NA,NA,NA,NA,Y,NA,A,01,0,0,2,0,0,0,0,0,0,-,-,NA,NA,SAN BERNARDINO,VICTORVILLE,-117.33037567138672,34.52947998046875
90386925,2017,2017-02-06,9855,2017-01-25,1540,013591,NA,3,2,5,3611,0,1,1,NA,2,201,SR-210 E/B (FOOTHILL FWY),BENSON AVE.,3696,W,N,A,-,Y,NA,NA,210,NA,NA,NA,NA,NA,E,Y,3,0,2,2,A,-,03,22350,NA,N,C,C,A,A,H,-,A,D,0,NA,NA,NA,NA,Y,NA,A,01,0,2,0,0,0,0,0,0,0,-,-,34.1305,-117.68368,SAN BERNARDINO,UPLAND,-117.68366053,34.13047246
90373400,2017,2017-04-28,9850,2017-01-07,1742,021365,NA,6,2,5,3619,0,1,1,NA,2,082,I-15 S/B TO MAIN STREET,MAIN ST,1,N,N,A,-,Y,NA,NA,15,NA,NA,NA,R,NA,S,N,4,0,1,2,A,-,10,21950,A,N,G,B,B,A,H,-,C,A,0,Y,NA,NA,NA,Y,NA,D,22,0,0,1,0,1,0,0,0,0,-,-,34.42687,-117.38205,SAN BERNARDINO,HESPERIA,-117.38205,34.42687
90389348,2017,2017-02-09,9860,2017-02-01,1358,014686,NA,3,1,9,3600,0,1,1,NA,2,152,I-15 N/B,SR-138,4224,N,N,B,-,Y,NA,NA,15,NA,NA,NA,NA,NA,N,N,4,0,1,2,A,-,03,22350,NA,N,C,C,A,A,H,-,A,D,0,NA,NA,NA,NA,Y,NA,A,01,0,0,1,0,0,0,0,0,0,-,-,34.32238,-117.48162,SAN BERNARDINO,UNINCORPORATED,-117.48176548000001,34.32235419
9038981,2020,2020-03-03,3609,2020-01-03,1450,8510,RI079,5,5,5,3609,0,0,0,NA,0,001,RIVERSIDE AV,LIGHT POLE R1530,45,N,N,A,-,N,NA,NA,NA,NA,NA,NA,NA,NA,NA,Y,4,0,2,2,A,-,08,22107,NA,N,-,C,A,A,H,-,A,D,0,NA,NA,NA,NA,Y,NA,A,01,0,0,2,0,0,0,0,0,0,-,-,NA,NA,SAN BERNARDINO,RIALTO,NA,NA
90430512,2017,2017-04-10,9870,2017-04-01,2215,020616,NA,6,3,9,3600,0,1,3,NA,1,031,SR-62 (TWENTYNINE PALMS HWY),CENTER AVE,0,NA,Y,A,-,Y,NA,NA,62,NA,NA,NA,NA,NA,NA,Y,4,0,1,2,A,-,09,21801,A,N,D,C,A,A,H,-,D,D,0,NA,NA,NA,NA,Y,NA,A,08,0,0,1,0,0,0,0,0,0,-,-,34.13511,-116.2911,SAN BERNARDINO,UNINCORPORATED,-116.2911,34.13503798
90392757,2017,2017-02-14,9855,2017-02-13,1830,014973,NA,1,2,6,3607,0,1,1,NA,2,153,I-15 S/B TO I-10 E/B,ONTARION MILLS PARKWAY,415,N,N,A,-,Y,NA,NA,15,NA,NA,NA,R,NA,S,Y,2,0,1,1,A,-,08,22107,NA,N,E,I,A,A,H,-,C,D,0,NA,NA,Y,NA,Y,Y,C,02,1,0,0,0,0,0,0,0,1,-,-,34.07119,-117.54533,SAN BERNARDINO,ONTARIO,-117.54533,34.07119
9037518,2020,2020-02-26,3609,2020-01-02,0801,8510,RI144,4,5,5,3609,0,0,0,NA,0,004,RIALTO AV,CEDAR AV,0,NA,Y,A,-,N,NA,NA,NA,NA,NA,NA,NA,NA,NA,Y,3,0,2,3,A,-,12,21453,A,N,D,C,A,A,H,-,A,A,0,NA,NA,NA,NA,Y,NA,D,22,0,2,0,0,0,0,0,0,0,-,-,NA,NA,SAN BERNARDINO,RIALTO,-117.39656066894533,34.09952163696289
90375507,2017,2017-01-23,9860,2017-01-12,1020,15763,NA,4,1,6,3610,0,1,1,NA,2,216,I-215 N/B,PALM AVENUE,253,S,N,B,C,Y,NA,NA,215,NA,NA,NA,NA,NA,N,N,4,0,2,2,A,-,03,22350,NA,N,C,C,A,B,H,-,A,D,0,NA,NA,NA,NA,Y,NA,A,07,0,0,2,0,0,0,0,0,0,-,-,34.19073,-117.36037,SAN BERNARDINO,SAN BERNARDINO,-117.36048286,34.19056535
90376773,2017,2017-09-01,9860,2017-01-16,2300,017875,NA,1,3,5,3608,0,1,1,NA,2,104,I-10 W/B FROM TENNESSEE ST.,ALABAMA STREET,316,E,N,A,-,Y,NA,NA,10,NA,NA,NA,R,NA,W,Y,3,0,1,1,A,-,01,23152,A,N,E,I,A,A,H,-,D,D,0,NA,NA,NA,NA,Y,Y,A,01,0,1,0,0,0,0,0,0,0,-,-,34.0674,-117.2046,SAN BERNARDINO,REDLANDS,-117.2046,34.0674
90377769,2017,2017-01-25,9860,2017-01-18,0457,012988,NA,3,3,5,3608,0,1,1,NA,2,203,SR-210 EASTBOUND,5TH ST,4752,E,N,A,-,Y,NA,NA,210,NA,NA,NA,NA,NA,E,Y,3,0,1,1,A,-,08,22107,NA,N,F,A,A,A,H,-,D,D,0,NA,NA,NA,NA,Y,NA,A,01,0,1,0,0,0,0,0,0,0,-,-,34.09599,-117.20047,SAN BERNARDINO,REDLANDS,-117.20048452,34.09599102
90380734,2017,2017-01-30,9835,2017-01-20,1350,020976,NA,5,1,9,3600,0,1,1,NA,2,077,I-15 N/B,BAILEY RD,6970,N,N,B,C,Y,NA,NA,NA,NA,NA,NA,NA,NA,NA,Y,2,0,4,1,A,-,03,22350,NA,N,E,I,A,B,H,-,A,D,0,NA,NA,NA,NA,Y,NA,A,01,1,3,0,0,0,0,0,0,0,-,-,35.2811,-115.3018,SAN BERNARDINO,UNINCORPORATED,-115.52873,35.46805
90380812,2017,2017-01-30,9860,2017-01-20,1855,020387,NA,5,2,9,3600,0,1,1,NA,2,151,I-15 NORTHBOUND,KENWOOD AVE.,750,N,N,B,-,Y,NA,NA,15,NA,NA,NA,NA,NA,N,N,4,0,1,2,A,-,04,21703,NA,N,C,C,A,B,H,-,D,D,0,NA,NA,NA,NA,Y,NA,A,01,0,0,1,0,0,0,0,0,0,-,-,34.23841,-117.42686,SAN BERNARDINO,UNINCORPORATED,-117.42696139,34.23827504
90382637,2017,2017-01-31,9860,2017-01-23,1140,016590,NA,1,1,5,3609,0,1,1,NA,2,201,SR-210 E/B,RIVERSIDE AVE.,1022,E,N,B,C,Y,NA,NA,210,NA,NA,NA,NA,NA,E,Y,4,0,2,3,A,-,03,22350,NA,N,D,C,A,B,H,-,A,D,0,NA,NA,NA,Y,Y,NA,G,25,0,0,2,0,0,0,0,0,0,-,-,34.13597,-117.36512,SAN BERNARDINO,RIALTO,-117.36512585,34.13605192
90407295,2017,2017-03-07,9855,2017-03-01,0530,015299,NA,3,3,6,3604,0,1,1,NA,2,101,I-10 W/B FROM SIERRA AVENUE,SIERRA AVE.,960,W,N,A,-,Y,NA,NA,10,NA,NA,NA,R,NA,W,Y,3,0,3,4,A,-,03,22350,NA,F,C,C,A,A,H,-,D,A,0,NA,NA,NA,NA,Y,NA,-,99,0,2,1,0,0,0,0,0,0,-,-,34.0673,-117.439,SAN BERNARDINO,FONTANA,-117.439,34.0673
9045227,2020,2020-02-28,3600,2020-01-29,1622,F6295,HI011,3,5,4,3618,0,0,0,NA,0,HI2,VICTORIA AV,PACIFIC ST,65,N,N,A,-,N,NA,NA,NA,NA,NA,NA,NA,NA,NA,Y,3,0,1,2,A,-,09,21804,A,N,D,C,A,A,H,-,A,A,0,NA,NA,NA,NA,Y,NA,A,07,0,1,0,0,0,0,0,0,0,-,-,NA,NA,SAN BERNARDINO,HIGHLAND,-117.22621154785156,34.128726959228516
90417071,2017,2017-03-22,9850,2017-03-15,0643,019189,NA,3,1,9,3600,0,2,4,NA,2,055,NATIONAL TRAILS HWY,VISTA ROAD,0,NA,Y,A,-,N,NA,NA,NA,NA,NA,NA,NA,NA,NA,Y,4,0,1,2,A,-,09,21802,A,N,D,C,A,A,H,-,B,A,0,NA,NA,NA,NA,Y,NA,A,01,0,0,1,0,0,0,0,0,0,-,-,34.7318,-117.3268,SAN BERNARDINO,UNINCORPORATED,-117.32653014,34.73201004
90418861,2017,2017-03-23,9860,2017-03-15,1137,012988,NA,3,1,6,3610,0,1,1,NA,2,202,SR-210 WESTBOUND,CENTRAL AVE,528,E,N,A,-,Y,NA,NA,210,NA,NA,NA,NA,NA,W,Y,3,0,1,2,A,-,03,22350,NA,N,C,C,A,A,H,-,A,D,0,NA,NA,NA,NA,Y,NA,A,01,0,1,0,0,0,0,0,0,0,-,-,34.13202,-117.21597,SAN BERNARDINO,SAN BERNARDINO,-117.21597008,34.13205702
90418900,2017,2017-03-23,9860,2017-03-15,0850,012988,NA,3,1,9,3600,0,3,5,NA,2,003,CRAFTON AVE,SAND CANYON RD,0,NA,Y,A,-,N,NA,NA,NA,NA,NA,NA,NA,NA,NA,N,4,0,2,2,A,-,12,21453,A,N,D,C,A,A,H,-,A,A,0,NA,NA,NA,NA,Y,NA,A,08,0,0,2,0,0,0,0,0,0,-,-,34.04826,-117.12135,SAN BERNARDINO,UNINCORPORATED,-117.1213785,34.048251
9042386,2019,2020-02-11,3600,2019-12-05,1844,F8945,VC035,4,5,5,3612,0,0,0,NA,0,001,7TH ST,B ST,0,NA,Y,A,-,N,NA,NA,NA,NA,NA,NA,NA,NA,NA,N,4,0,1,2,A,-,11,21456,C,N,G,B,B,A,H,-,C,A,0,Y,NA,NA,NA,Y,NA,N,60,0,0,1,0,1,0,0,0,0,-,-,NA,NA,SAN BERNARDINO,VICTORVILLE,-117.29473876953124,34.534629821777344
90457361,2017,2017-05-16,9860,2017-05-01,0655,012530,NA,1,1,6,3610,0,1,1,NA,2,216,I-215 N/B,UNIVERSITY PARKWAY U/C.,1527,S,N,A,-,Y,NA,NA,215,NA,NA,NA,NA,NA,N,Y,3,0,1,2,A,-,08,22107,NA,N,C,C,A,A,H,-,A,D,0,NA,NA,NA,NA,Y,NA,A,07,0,1,0,0,0,0,0,0,0,-,-,34.16123,-117.33043,SAN BERNARDINO,SAN BERNARDINO,-117.33038997,34.16126971
90390269,2017,2017-02-10,9835,2017-01-29,0545,020389,NA,7,3,3,3601,0,1,1,NA,2,071,I-15 S/B,SR-58,2218,N,N,A,-,Y,NA,NA,15,NA,NA,NA,NA,NA,S,N,2,0,1,2,A,-,11,21954,A,N,G,B,E,A,H,-,D,D,0,Y,NA,NA,NA,Y,NA,N,60,1,0,0,0,1,0,0,0,0,-,-,34.8755,-117.07129,SAN BERNARDINO,BARSTOW,-117.07129465,34.87550527
90390316,2017,2017-02-10,9860,2017-02-06,0951,015940,NA,1,1,4,3603,0,1,1,NA,2,103,I-10 W/B,MT. VERNON AVE.,792,E,N,B,C,Y,NA,NA,10,NA,NA,NA,NA,NA,W,N,4,0,1,2,A,-,03,22350,NA,N,C,C,A,B,H,-,A,D,0,NA,NA,NA,NA,Y,NA,A,01,0,0,1,0,0,0,0,0,0,-,-,34.06517,-117.30933,SAN BERNARDINO,COLTON,-117.30933503,34.06526791
90393741,2017,2017-02-15,9860,2017-02-06,0945,013945,NA,1,1,6,3610,0,1,1,NA,2,214,I-215 S/B,ORANGE SHOW RD,750,N,N,B,C,Y,NA,NA,215,NA,NA,NA,NA,NA,S,Y,3,0,5,4,A,-,08,22107,NA,N,D,C,A,B,H,-,A,D,0,NA,NA,NA,Y,Y,NA,G,25,0,5,0,0,0,0,0,0,0,-,-,34.0797,-117.29751,SAN BERNARDINO,SAN BERNARDINO,-117.29756449999999,34.07966608
90398800,2017,2017-02-23,9855,2017-02-22,0935,015919,NA,3,1,4,3605,0,1,1,NA,2,103,I-10 W/B (SAN BERNARDINO FWY),BENSON AVE.,500,W,N,A,B,Y,NA,NA,10,NA,NA,NA,NA,NA,W,Y,4,0,1,2,A,-,03,22350,NA,N,C,C,A,A,H,-,A,D,0,NA,NA,NA,NA,Y,NA,A,01,0,0,1,0,0,0,0,0,0,-,-,34.08744,-117.6822,SAN BERNARDINO,MONTCLAIR,-117.68219928,34.08739052
9045970,2020,2020-05-15,3604,2020-01-08,1930,1154,NA,3,5,6,3604,0,0,0,NA,0,NA,JURUPA AV,LIVE OAK AV,0,NA,Y,A,-,N,NA,NA,NA,NA,NA,NA,NA,NA,NA,Y,4,0,2,2,A,-,12,22450,A,N,D,C,A,A,H,-,C,A,0,NA,NA,NA,Y,Y,NA,F,27,0,0,2,0,0,0,0,0,0,-,-,NA,NA,SAN BERNARDINO,FONTANA,-117.48036193847656,34.04798889160156
90399308,2017,2017-02-23,9855,2017-02-13,2005,020006,NA,1,2,6,3607,0,1,1,NA,2,103,I-10 E/B TO ARCHIBALD AVENUE,ARCHIBALD AVE.,50,W,N,A,-,Y,NA,NA,10,NA,NA,NA,R,NA,E,Y,3,0,1,2,A,-,03,22350,NA,M,C,C,A,A,H,-,C,D,0,NA,NA,NA,NA,Y,NA,A,01,0,1,0,0,0,0,0,0,0,-,-,34.06734,-117.59371,SAN BERNARDINO,ONTARIO,-117.59371,34.06734
90400164,2017,2017-02-27,9860,2017-02-19,2040,020387,NA,7,2,6,3610,0,1,1,NA,2,214,I-215 SOUTHBOUND,AUTO CENTER RD.,1100,S,N,B,C,Y,NA,NA,215,NA,NA,NA,NA,NA,S,Y,2,0,1,1,A,-,08,22107,NA,N,E,I,A,B,H,-,C,D,0,NA,NA,NA,NA,Y,NA,D,23,1,0,0,0,0,0,0,0,0,-,-,34.0748,-117.29585,SAN BERNARDINO,SAN BERNARDINO,-117.29569436,34.07481153
90403691,2017,2017-03-01,9855,2017-02-22,1757,017808,NA,3,2,9,3600,0,3,5,NA,2,001,ARROW RTE.,BEECH AVE.,0,NA,Y,C,-,N,NA,NA,NA,NA,NA,NA,NA,NA,NA,Y,4,0,2,2,D,-,00,NA,NA,N,D,C,A,B,H,-,C,A,0,NA,NA,NA,NA,Y,NA,-,-,0,0,2,0,0,0,0,0,0,-,-,34.09923,-117.47127,SAN BERNARDINO,UNINCORPORATED,-117.4712201,34.09928001
90406696,2017,2017-03-06,9865,2017-03-03,1130,018392,NA,5,1,9,3600,0,2,4,NA,2,016,NORTH BAY RD.,PENINSULA DR,127,N,N,A,-,N,NA,NA,NA,NA,NA,NA,NA,NA,NA,Y,4,0,1,3,A,-,08,22107,NA,N,C,E,A,A,H,-,A,D,0,NA,NA,NA,NA,Y,NA,A,01,0,0,1,0,0,0,0,0,0,-,-,34.26226,-117.20324,SAN BERNARDINO,UNINCORPORATED,-117.20338992,34.26185793
90453067,2017,2017-05-10,9835,2017-05-08,0151,20150,NA,1,3,9,3600,0,1,1,NA,2,073,I-15 S/B,FIELD ROAD,5386,S,N,A,-,Y,NA,NA,15,NA,NA,NA,NA,NA,S,Y,2,0,3,2,C,-,18,NA,NA,N,C,C,A,A,H,-,D,D,0,NA,NA,NA,NA,Y,NA,-,-,2,0,1,0,0,0,0,0,0,-,-,35.00523,-116.54783,SAN BERNARDINO,UNINCORPORATED,-116.54784454,35.00527045
90454756,2017,2017-05-12,9860,2017-05-05,0935,014777,NA,5,1,9,3600,0,1,1,NA,2,151,I-15 S/B,OAKIE FLAT ROAD,131,N,N,A,-,Y,NA,NA,15,NA,NA,NA,NA,NA,S,Y,3,0,2,3,A,-,08,22107,NA,N,B,E,E,A,H,-,A,D,0,Y,NA,NA,Y,Y,NA,F,26,0,1,1,0,1,0,0,0,0,-,-,34.26379,-117.44976,SAN BERNARDINO,UNINCORPORATED,-117.44968381,34.26379878