CASE_ID,ACCIDENT_YEAR,PROC_DATE,JURIS,COLLISION_DATE,COLLISION_TIME,OFFICER_ID,REPORTING_DISTRICT,DAY_OF_WEEK,CHP_SHIFT,POPULATION,CNTY_CITY_LOC,SPECIAL_COND,BEAT_TYPE,CHP_BEAT_TYPE,CITY_DIVISION_LAPD,CHP_BEAT_CLASS,BEAT_NUMBER,PRIMARY_RD,SECONDARY_RD,DISTANCE,DIRECTION,INTERSECTION,WEATHER_1,WEATHER_2,STATE_HWY_IND,CALTRANS_COUNTY,CALTRANS_DISTRICT,STATE_ROUTE,ROUTE_SUFFIX,POSTMILE_PREFIX,POSTMILE,LOCATION_TYPE,RAMP_INTERSECTION,SIDE_OF_HWY,TOW_AWAY,COLLISION_SEVERITY,NUMBER_KILLED,NUMBER_INJURED,PARTY_COUNT,PRIMARY_COLL_FACTOR,PCF_CODE_OF_VIOL,PCF_VIOL_CATEGORY,PCF_VIOLATION,PCF_VIOL_SUBSECTION,HIT_AND_RUN,TYPE_OF_COLLISION,MVIW,PED_ACTION,ROAD_SURFACE,ROAD_COND_1,ROAD_COND_2,LIGHTING,CONTROL_DEVICE,CHP_ROAD_TYPE,PEDESTRIAN_ACCIDENT,BICYCLE_ACCIDENT,MOTORCYCLE_ACCIDENT,TRUCK_ACCIDENT,NOT_PRIVATE_PROPERTY,ALCOHOL_INVOLVED,STWD_VEHTYPE_AT_FAULT,CHP_VEHTYPE_AT_FAULT,COUNT_SEVERE_INJ,COUNT_VISIBLE_INJ,COUNT_COMPLAINT_PAIN,COUNT_PED_KILLED,COUNT_PED_INJURED,COUNT_BICYCLIST_KILLED,COUNT_BICYCLIST_INJURED,COUNT_MC_KILLED,COUNT_MC_INJURED,PRIMARY_RAMP,SECONDARY_RAMP,LATITUDE,LONGITUDE,COUNTY,CITY,POINT_X,POINT_Y
92240821,2023,2023-11-20,9865,2023-11-11,1400,021892,NA,6,2,9,3600,0,1,3,NA,2,011,RT 18,RT 138,1320,N,N,A,-,Y,SBD,NA,18,NA,NA,18.238,H,NA,R,N,2,0,1,1,A,-,03,22350,NA,N,F,J,A,A,H,-,A,D,0,NA,NA,Y,NA,Y,NA,C,02,1,0,0,0,0,0,0,0,1,-,-,34.22679138183594,-117.28260803222656,SAN BERNARDINO,UNINCORPORATED,-117.28261566162108,34.226810455322266
92245687,2023,2023-11-27,9855,2023-11-17,2205,022840,NA,5,3,4,3605,0,1,1,NA,2,103,I-10 W/B (SAN BERNARDINO FREEWAY),EUCLID AVE.,150,E,N,A,-,Y,SBD,NA,10,NA,NA,3.685,H,NA,L,N,4,0,1,3,A,-,03,22350,NA,N,B,C,A,A,H,-,A,D,0,NA,NA,NA,NA,Y,NA,A,01,0,0,1,0,0,0,0,0,0,-,-,34.087501525878906,-117.64736175537108,SAN BERNARDINO,MONTCLAIR,-117.64736175537108,34.08747100830078
92245745,2023,2023-11-27,9855,2023-11-20,200,017351,NA,1,3,6,3607,0,1,1,NA,2,103,I-10 E/B,6TH STREET OVER-CROSSING,314,E,N,A,-,Y,SBD,NA,10,NA,NA,4.378,H,NA,R,Y,4,0,1,1,A,-,03,22350,NA,N,E,J,A,A,H,-,C,A,0,NA,NA,NA,NA,Y,NA,A,08,0,0,1,0,0,0,0,0,0,-,-,34.084781646728516,-117.6361083984375,SAN BERNARDINO,ONTARIO,-117.63607025146484,34.08483123779297
92245882,2023,2023-11-28,9860,2023-11-12,1150,022875,NA,7,1,5,3609,0,1,1,NA,2,201,SR-210 E/B,ALDER AVE,800,W,N,A,-,Y,SBD,NA,210,NA,NA,15.54,H,NA,R,N,4,0,2,2,A,-,01,23152,A,N,C,C,A,A,H,-,D,D,0,NA,NA,NA,NA,Y,Y,A,07,0,0,2,0,0,0,0,0,0,-,-,34.13631057739258,-117.42542266845705,SAN BERNARDINO,RIALTO,-117.42542266845705,34.13630676269531
92245886,2022,2023-11-28,9860,2022-10-08,0420,022359,NA,6,3,9,3600,0,1,1,NA,2,151,INTERSTATE 15 NORTHBOUND,KENWOOD AVENUE,6336,N,N,A,-,Y,SBD,NA,15,NA,R,16.201,H,NA,R,Y,1,1,0,2,A,-,01,23152,A,N,C,C,A,A,H,-,D,D,0,NA,NA,Y,NA,Y,Y,A,01,0,0,0,0,0,0,0,1,0,-,-,34.248680114746094,-117.4399871826172,SAN BERNARDINO,UNINCORPORATED,-117.44001007080078,34.2486572265625
92246242,2023,2023-11-28,9860,2023-11-22,1438,021363,NA,3,2,5,3608,0,1,1,NA,2,105,I-10 W/B,UNIVERSITY ST,800,W,N,A,-,Y,SBD,NA,10,NA,NA,31.625,H,NA,L,N,3,0,2,3,A,-,03,22350,NA,N,C,C,A,A,H,-,A,D,0,NA,NA,NA,NA,Y,NA,A,01,0,1,1,0,0,0,0,0,0,-,-,34.05857849121094,-117.17056274414063,SAN BERNARDINO,REDLANDS,-117.17057800292967,34.05855941772461
92247067,2023,2023-11-28,9855,2023-07-01,1756,023027,NA,6,2,6,3607,0,1,1,NA,2,152,I-15 S/B (ONTARIO FWY),JURUPA ST,2000,S,N,A,-,Y,SBD,NA,15,NA,NA,0.443,H,NA,L,N,4,0,1,4,A,-,03,22350,NA,N,C,C,A,A,H,-,A,D,0,NA,NA,NA,NA,Y,NA,A,01,0,0,1,0,0,0,0,0,0,-,-,34.03987121582031,-117.55049896240234,SAN BERNARDINO,ONTARIO,-117.55043792724608,34.03987121582031
92249988,2023,2023-12-01,9860,2023-11-21,2020,022439,NA,2,2,9,3600,0,1,1,NA,2,151,I-15 N/B,SR-138,200,S,N,A,-,Y,SBD,NA,15,NA,R,21.329,H,NA,R,Y,4,0,2,4,A,-,03,22350,NA,N,C,C,A,A,H,-,D,D,0,NA,NA,NA,NA,Y,NA,A,08,0,0,2,0,0,0,0,0,0,-,-,34.311309814453125,-117.47422790527344,SAN BERNARDINO,UNINCORPORATED,-117.47412872314452,34.3113899230957
92250786,2023,2023-12-04,9860,2023-11-19,1445,022645,NA,7,2,9,3600,0,3,5,NA,2,002,KERN ST,MACY ST,236,W,N,A,-,N,NA,NA,NA,NA,NA,NA,NA,NA,NA,Y,3,0,2,3,A,-,01,23152,A,N,A,C,A,A,H,-,A,D,0,NA,NA,NA,NA,Y,Y,A,01,0,1,1,0,0,0,0,0,0,-,-,34.15422058105469,-117.34068298339844,SAN BERNARDINO,UNINCORPORATED,-117.34062957763672,34.154197692871094
92253959,2023,2023-12-06,9865,2023-12-05,120,019929,NA,2,3,9,3600,0,1,3,NA,2,032,SR-18,18SBD45.04,100,N,N,A,-,Y,SBD,NA,18,NA,NA,45.124,H,NA,R,Y,3,0,1,1,A,-,08,22107,NA,N,E,I,A,A,H,-,D,D,0,NA,NA,NA,NA,Y,NA,A,01,0,1,0,0,0,0,0,0,0,-,-,34.239959716796875,-116.96729278564452,SAN BERNARDINO,UNINCORPORATED,-116.96727752685548,34.2400016784668
9225529,2020,2021-03-05,3608,2020-12-31,1829,4523,3608,4,5,5,3608,0,0,0,NA,0,NA,SAN BERNARDINO AV,CHURCH ST,0,NA,Y,A,-,N,NA,NA,NA,NA,NA,NA,NA,NA,NA,Y,3,0,1,2,A,-,12,22450,A,N,D,C,A,A,G,-,C,A,0,NA,NA,NA,NA,Y,Y,A,01,0,1,0,0,0,0,0,0,0,-,-,NA,NA,SAN BERNARDINO,REDLANDS,-117.17369079589844,34.07728958129883
92256029,2023,2023-12-07,9850,2023-12-01,1120,020817,NA,5,1,9,3600,0,3,5,NA,2,004,OPEN DESERT TERRAIN,SR-18,105,S,N,A,-,N,NA,NA,NA,NA,NA,NA,NA,NA,NA,Y,3,0,1,1,A,-,08,38314,NA,N,F,A,A,A,H,-,A,D,0,NA,NA,NA,NA,Y,NA,D,22,0,1,0,0,0,0,0,0,0,-,-,34.44805908203125,-116.99942779541016,SAN BERNARDINO,UNINCORPORATED,NA,NA
92259702,2023,2023-12-12,9870,2023-12-05,1520,021782,NA,2,2,9,3600,0,1,3,NA,1,011,STATE ROUTE 62 (29 PALMS HWY),NORTH STAR TRAIL,0,NA,Y,A,-,Y,SBD,NA,62,NA,NA,2.607,H,NA,R,Y,2,0,4,2,A,-,01,23152,A,N,D,C,A,A,H,-,A,D,0,NA,NA,NA,NA,Y,Y,D,22,2,2,0,0,0,0,0,0,0,-,-,34.06113815307617,-116.56356048583984,SAN BERNARDINO,UNINCORPORATED,-116.5634536743164,34.061031341552734
92262000,2023,2024-02-09,9855,2023-11-24,1207,023529,NA,5,1,4,3605,0,1,1,NA,2,103,I-10 E/B (SAN BERNARDINO FWY),MONTE VISTA AVE,1684,W,N,A,-,Y,SBD,NA,10,NA,NA,0.368,H,NA,R,Y,3,0,1,4,A,-,03,22350,NA,N,C,C,A,A,D,-,A,D,0,NA,NA,NA,NA,Y,NA,A,08,0,1,0,0,0,0,0,0,0,-,-,34.08169174194336,-117.70384979248048,SAN BERNARDINO,MONTCLAIR,-117.70384979248048,34.08172607421875
92262462,2023,2023-12-14,9860,2023-12-09,1025,020654,NA,6,1,9,3600,0,1,1,NA,2,102,I-10 W/B,CEDAR AVE,2640,E,N,A,-,Y,SBD,NA,10,NA,NA,19.044,H,NA,L,Y,3,0,2,3,A,-,03,22350,NA,N,C,C,A,A,H,-,A,D,0,NA,NA,NA,NA,Y,NA,A,01,0,1,1,0,0,0,0,0,0,-,-,34.0684814453125,-117.3864974975586,SAN BERNARDINO,UNINCORPORATED,-117.3864974975586,34.06840896606445
92263078,2023,2023-12-15,9855,2023-01-04,348,016215,NA,3,3,6,3607,0,1,1,NA,2,103,INTERSTATE-10 WESTBOUND (SAN BERNARDINO FREEWAY),ARCHIBALD AVENUE,1011,E,N,B,-,Y,SBD,NA,10,NA,NA,7.172,H,NA,L,Y,1,1,0,3,A,-,07,21658,A,F,C,C,A,A,D,-,C,D,0,NA,NA,NA,Y,Y,NA,-,99,0,0,0,0,0,0,0,0,0,-,-,34.067779541015625,-117.59313201904295,SAN BERNARDINO,ONTARIO,-117.59313201904295,34.067726135253906
9226645,2021,2021-04-02,3600,2021-01-30,0034,G6918,VC063,6,5,5,3612,0,0,0,NA,0,VC3,BEAR VALLEY RD,11TH AV,26,E,N,A,-,N,NA,NA,NA,NA,NA,NA,NA,NA,NA,Y,4,0,1,2,A,-,03,22350,NA,N,C,C,A,A,H,-,C,A,0,NA,NA,NA,NA,Y,NA,A,01,0,0,1,0,0,0,0,0,0,-,-,NA,NA,SAN BERNARDINO,VICTORVILLE,-117.3210678100586,34.47064208984375
92269311,2023,2023-12-22,9850,2023-04-18,325,023006,NA,2,3,9,3600,0,3,5,NA,2,005,VISTA RD,JORDAN RD,100,E,N,A,-,N,NA,NA,NA,NA,NA,NA,NA,NA,NA,Y,1,1,1,2,A,-,01,23152,F,N,H,F,A,A,H,-,C,A,0,NA,NA,NA,NA,Y,NA,A,01,0,0,1,0,0,0,0,0,0,-,-,34.73297882080078,-117.32924652099608,SAN BERNARDINO,UNINCORPORATED,-117.32930755615234,34.73296356201172
92273996,2023,2023-12-28,9855,2023-12-16,1820,023027,NA,6,2,6,3607,0,1,1,NA,2,152,I-15 N/B (ONTARIO FWY),4TH ST,3000,N,N,A,-,Y,SBD,NA,15,NA,NA,3.678,H,NA,R,N,4,0,1,2,A,-,03,22350,NA,N,C,C,A,A,H,-,C,D,0,NA,NA,NA,NA,Y,NA,A,01,0,0,1,0,0,0,0,0,0,-,-,34.0860481262207,-117.54460144042967,SAN BERNARDINO,ONTARIO,-117.54466247558594,34.08605194091797
92275195,2023,2023-12-29,9855,2023-12-20,2248,021403,NA,3,3,6,3604,0,1,1,NA,2,101,I-10 E/B (SAN BERNARDINO FWY),ETIWANDA AVE.,1100,E,N,B,C,Y,SBD,NA,10,NA,NA,11.326,H,NA,R,Y,4,0,1,1,A,-,03,22350,NA,N,E,I,A,B,H,-,D,D,0,NA,NA,NA,NA,Y,NA,D,22,0,0,1,0,0,0,0,0,0,-,-,34.06766128540039,-117.52066802978516,SAN BERNARDINO,FONTANA,-117.52066802978516,34.06746292114258
92275871,2023,2024-02-13,9860,2023-12-25,2030,022319,NA,1,2,6,3610,0,1,1,NA,2,202,SR-210 W/B,E ST.,550,W,N,A,-,Y,SBD,NA,210,NA,R,23.224,H,NA,L,Y,3,0,1,2,A,-,08,22107,NA,N,E,I,A,A,H,-,C,D,0,NA,NA,NA,NA,Y,NA,A,01,0,1,0,0,0,0,0,0,0,-,-,34.14569091796875,-117.29598236083984,SAN BERNARDINO,SAN BERNARDINO,-117.29598236083984,34.145729064941406
92276922,2023,2024-01-02,9835,2023-12-29,1134,019908,NA,5,1,9,3600,0,1,1,NA,2,041,I-40 W/B,DAGGETT RD,7920,E,N,A,-,Y,SBD,NA,40,NA,R,8.672,H,NA,L,Y,4,0,1,1,A,-,08,22107,NA,N,F,A,A,A,H,-,A,D,0,NA,NA,NA,Y,Y,NA,G,25,0,0,1,0,0,0,0,0,0,-,-,34.84994125366211,-116.86453247070313,SAN BERNARDINO,UNINCORPORATED,-116.86453247070313,34.84992218017578
92278051,2023,2024-01-03,9855,2023-12-24,1848,023023,NA,7,2,4,3605,0,1,1,NA,2,103,I-10 W/B (SAN BERNARDINO FWY),MONTE VISTA AVENUE,1200,E,N,A,-,Y,SBD,NA,10,NA,NA,0.907,H,NA,L,Y,4,0,1,3,A,-,03,22350,NA,M,C,C,A,A,D,-,C,D,0,NA,NA,NA,NA,Y,NA,D,22,0,0,1,0,0,0,0,0,0,-,-,34.08330154418945,-117.69473266601563,SAN BERNARDINO,MONTCLAIR,-117.69477081298828,34.08336639404297
92278950,2024,2024-01-04,9860,2024-01-01,2042,020282,NA,1,2,6,3610,0,1,1,NA,2,216,I-215 S/B,SR-210,2640,N,N,A,-,Y,SBD,NA,215,NA,NA,10.577,H,NA,L,N,4,0,1,2,A,-,07,21658,A,N,B,C,A,A,H,-,C,D,0,NA,NA,NA,Y,Y,NA,G,25,0,0,1,0,0,0,0,0,0,-,-,34.151329040527344,-117.3234634399414,SAN BERNARDINO,SAN BERNARDINO,-117.32349395751952,34.15131378173828
92278968,2024,2024-01-04,9860,2024-01-03,705,019495,NA,3,1,6,3610,0,1,1,NA,2,104,I-10 W/B,TIPPECANOE AVE,2006,W,N,B,C,Y,SBD,NA,10,NA,NA,25.908,H,NA,L,N,4,0,1,2,A,-,03,22350,NA,N,C,C,A,B,H,-,A,D,0,NA,NA,NA,NA,Y,NA,A,01,0,0,1,0,0,0,0,0,0,-,-,34.06399154663086,-117.26786041259766,SAN BERNARDINO,SAN BERNARDINO,-117.26786041259766,34.06395721435547
92280130,2023,2024-01-05,9860,2023-12-31,1315,020002,NA,7,1,9,3600,0,3,5,NA,2,002,EUREKA ST,GOLONDRINA DR.,0,NA,Y,B,-,N,NA,NA,NA,NA,NA,NA,NA,NA,NA,N,4,0,1,2,A,-,05,21460,A,N,A,C,A,A,H,-,A,D,0,NA,NA,NA,NA,Y,NA,A,07,0,0,1,0,0,0,0,0,0,-,-,34.15214920043945,-117.24632263183594,SAN BERNARDINO,UNINCORPORATED,-117.24623870849608,34.152183532714844
92281195,2024,2024-01-08,9860,2024-01-05,420,022906,NA,5,3,9,3600,0,1,1,NA,2,152,I-15 S/B,SR-138,2640,S,N,A,-,Y,SBD,NA,15,NA,R,20.851,H,NA,L,Y,4,0,1,3,A,-,03,22350,NA,N,C,C,A,A,H,-,C,D,0,NA,NA,NA,NA,Y,NA,A,01,0,0,1,0,0,0,0,0,0,-,-,34.306339263916016,-117.46862030029295,SAN BERNARDINO,UNINCORPORATED,-117.46862030029295,34.306339263916016
92281900,2023,2024-01-08,9850,2023-12-30,1125,022591,NA,6,1,5,3619,0,1,1,NA,2,081,I-15 N/B,BEAR VALLEY RD,300,S,N,C,-,Y,SBD,NA,15,NA,NA,37.552,H,NA,R,Y,4,0,2,2,A,-,03,22350,NA,N,C,C,A,B,H,-,A,D,0,NA,NA,NA,NA,Y,NA,A,07,0,0,2,0,0,0,0,0,0,-,-,34.469940185546875,-117.3463897705078,SAN BERNARDINO,HESPERIA,-117.34642791748048,34.4699592590332
92283112,2024,2024-01-09,9835,2024-01-06,1730,022649,NA,6,2,9,3600,0,2,4,NA,1,017,IRWIN ROAD,BISHOP ROAD,3696,S,N,A,-,N,NA,NA,NA,NA,NA,NA,NA,NA,NA,N,3,0,1,1,A,-,08,22107,NA,N,E,I,A,A,H,-,D,D,0,NA,NA,NA,NA,Y,NA,A,07,0,1,0,0,0,0,0,0,0,-,-,34.95027160644531,-117.02837371826172,SAN BERNARDINO,UNINCORPORATED,-117.0285415649414,34.949867248535156
9228505,2020,2021-02-24,3600,2020-11-28,2332,G6204,RC013,6,5,6,3616,0,0,0,NA,0,003,VICTORIA PARK LN,FAIRMONT WY,0,NA,Y,A,-,N,NA,NA,NA,NA,NA,NA,NA,NA,NA,Y,3,0,1,1,A,-,01,23152,B,N,F,-,A,A,H,-,D,A,0,NA,NA,NA,NA,Y,Y,A,07,0,1,0,0,0,0,0,0,0,-,-,NA,NA,SAN BERNARDINO,RANCHO CUCAMONGA,-117.5615234375,34.13010025024414
9228573,2021,2021-03-23,3600,2021-02-01,1932,F8247,HE117,1,5,5,3619,0,0,0,NA,0,HE3,AMARGOSA RD,KEY POINTE DR,1067,E,N,A,-,N,NA,NA,NA,NA,NA,NA,NA,NA,NA,Y,3,0,1,2,A,-,01,23152,B,N,A,C,A,A,H,-,A,D,0,NA,NA,NA,NA,Y,Y,D,22,0,1,0,0,0,0,0,0,0,-,-,NA,NA,SAN BERNARDINO,HESPERIA,-117.38027954101563,34.42900085449219
92289064,2023,2024-01-17,9860,2023-12-30,1718,022617,NA,6,2,4,3640,0,1,1,NA,2,106,I-10 W/B,LIVE OAK CANYON RD,655,W,N,B,-,Y,SBD,NA,10,NA,R,36.9,H,NA,L,Y,2,0,1,1,A,-,08,22107,NA,N,E,8,A,A,H,-,D,D,0,NA,NA,NA,NA,Y,NA,A,01,1,0,0,0,0,0,0,0,0,-,-,34.018009185791016,-117.09765625,SAN BERNARDINO,YUCAIPA,-117.0977020263672,34.01796340942383
92289557,2024,2024-01-17,9855,2024-01-08,2205,023582,NA,1,3,5,3611,0,1,1,NA,2,203,SR-210 E/B (FOOTHILL FWY),ARCHIBALD AVE,690,E,N,A,-,Y,SBD,NA,210,NA,NA,6.045,H,NA,R,Y,4,0,1,2,A,-,08,22107,NA,N,C,C,A,A,H,-,C,D,0,NA,NA,NA,NA,Y,NA,A,01,0,0,1,0,0,0,0,0,0,-,-,34.135040283203125,-117.59100341796876,SAN BERNARDINO,UPLAND,-117.59100341796876,34.135108947753906
92291027,2024,2024-01-18,9860,2024-01-06,1830,022736,NA,6,2,9,3600,0,3,5,NA,2,002,LYNWOOD AVE,DOGWOOD ST,50,E,N,A,-,N,NA,NA,NA,NA,NA,NA,NA,NA,NA,Y,4,0,1,3,A,-,01,23152,A,N,C,E,A,A,H,-,C,D,0,NA,NA,NA,NA,Y,Y,A,01,0,0,1,0,0,0,0,0,0,-,-,34.14667892456055,-117.25035858154295,SAN BERNARDINO,UNINCORPORATED,-117.25060272216795,34.1467399597168
9229526,2021,2021-03-23,3600,2021-02-12,1815,D3381,VC059,5,5,5,3612,0,0,0,NA,0,VC4,BEAR VALLEY RD,AMETHYST RD,0,NA,Y,A,-,N,NA,NA,NA,NA,NA,NA,NA,NA,NA,Y,3,0,2,2,A,-,01,23152,A,F,D,C,A,A,H,-,C,A,0,NA,NA,NA,NA,Y,Y,D,22,0,2,0,0,0,0,0,0,0,-,-,NA,NA,SAN BERNARDINO,VICTORVILLE,-117.36431884765624,34.47041320800781
92295905,2024,2024-01-24,9835,2024-01-23,1244,022192,NA,2,1,9,3600,0,1,1,NA,2,075,INTERSTATE 15 NORTHBOUND,15 SBD 152.00,200,N,N,B,-,Y,SBD,NA,15,NA,NA,151.769,H,NA,R,Y,4,0,1,2,A,-,03,22350,NA,N,C,C,A,B,H,-,A,D,0,NA,NA,NA,Y,Y,NA,G,25,0,0,1,0,0,0,0,0,0,-,-,35.38533020019531,-115.8552017211914,SAN BERNARDINO,UNINCORPORATED,-115.855224609375,35.385379791259766
92297776,2024,2024-01-26,9855,2024-01-24,1545,020367,NA,3,2,9,3600,0,3,5,NA,2,001,BEECH AVE.,VALENCIA AVE.,0,NA,Y,B,-,N,NA,NA,NA,NA,NA,NA,NA,NA,NA,N,2,0,1,3,A,-,01,23152,A,N,D,C,A,A,H,-,A,A,0,NA,NA,NA,NA,Y,Y,D,22,1,0,0,0,0,0,0,0,0,-,-,34.09654998779297,-117.47119903564452,SAN BERNARDINO,UNINCORPORATED,-117.47122955322266,34.09650802612305
92301103,2024,2024-01-30,9855,2024-01-23,1609,023630,NA,2,2,6,3604,0,1,1,NA,2,101,I-10 E/B (SAN BERNARDINO FWY),CHERRY AVE,379,E,N,A,-,Y,SBD,NA,10,NA,NA,13.247,H,NA,R,Y,4,0,1,2,A,-,03,22350,NA,N,C,C,A,A,H,-,A,D,0,NA,NA,NA,NA,Y,NA,A,01,0,0,1,0,0,0,0,0,0,-,-,34.066070556640625,-117.48748779296876,SAN BERNARDINO,FONTANA,-117.48749542236328,34.06603240966797
9230189,2021,2021-03-19,3605,2021-01-25,1750,446,NA,1,5,4,3605,0,0,0,NA,0,NA,RAMONA AV,HOWARD ST,0,NA,Y,A,-,N,NA,NA,NA,NA,NA,NA,NA,NA,NA,N,4,0,1,2,A,-,12,22450,A,N,D,C,A,A,H,-,C,A,0,NA,NA,NA,NA,Y,NA,A,01,0,0,1,0,0,0,0,0,0,-,-,NA,NA,SAN BERNARDINO,MONTCLAIR,-117.70684051513672,34.05215835571289
92303062,2024,2024-02-01,9865,2024-01-27,433,021840,NA,6,3,9,3600,0,1,3,NA,2,020,SR-330,HIGHLAND AVE,11616,N,N,A,-,Y,SBD,NA,330,NA,NA,31.805,H,NA,R,N,4,0,1,1,A,-,01,23152,A,M,E,I,A,A,H,-,D,D,0,NA,NA,NA,NA,Y,Y,A,01,0,0,1,0,0,0,0,0,0,-,-,34.16437911987305,-117.1826171875,SAN BERNARDINO,UNINCORPORATED,-117.18250274658205,34.16434860229492
92303300,2023,2024-02-01,9860,2023-11-30,2320,022347,NA,4,3,5,3609,0,1,1,NA,2,102,INTERSTATE 10 EASTBOUND,CEDAR AVENUE,2270,E,N,B,-,Y,SBD,NA,10,NA,R,18.935,H,NA,R,Y,4,0,1,3,A,-,08,22107,NA,N,B,2,A,A,H,-,D,D,0,NA,NA,NA,NA,Y,NA,A,01,0,0,1,0,0,0,0,0,0,-,-,34.068138122558594,-117.3883819580078,SAN BERNARDINO,RIALTO,-117.3883819580078,34.068153381347656
92306913,2024,2024-02-06,9870,2024-02-02,1620,021288,NA,5,2,9,3600,0,3,5,NA,2,002,EUREKA RD,RIPON AVE,0,NA,Y,A,-,N,NA,NA,NA,NA,NA,NA,NA,NA,NA,Y,4,0,1,2,A,-,03,22350,NA,N,D,C,A,A,H,-,A,D,0,NA,NA,Y,NA,Y,NA,-,-,0,0,1,0,0,0,0,0,1,-,-,34.25497817993164,-116.43309783935548,SAN BERNARDINO,UNINCORPORATED,-116.43309783935548,34.254981994628906
92307673,2024,2024-02-07,9855,2024-01-30,211,020963,NA,2,3,6,3604,0,1,1,NA,2,201,STATE ROUTE 210 EASTBOUND (FOOTHILL FREEWAY),SIERRA AVENUE,1824,W,N,A,-,Y,SBD,NA,210,NA,NA,14.566,H,NA,R,Y,4,0,1,2,A,-,03,22350,NA,N,D,C,A,A,H,-,D,D,0,NA,NA,NA,NA,Y,NA,A,01,0,0,1,0,0,0,0,0,0,-,-,34.13621139526367,-117.44241333007813,SAN BERNARDINO,FONTANA,-117.44241333007813,34.136260986328125
9231024,2021,2021-03-29,3604,2021-02-04,0335,1356,NA,4,5,6,3604,0,0,0,NA,0,NA,SOUTH HERITAGE CIR,BASELINE,102,S,N,A,-,N,NA,NA,NA,NA,NA,NA,NA,NA,NA,Y,3,0,1,1,A,-,03,22350,NA,N,E,I,A,A,H,-,C,A,0,NA,NA,NA,NA,Y,NA,A,01,0,1,0,0,0,0,0,0,0,-,-,NA,NA,SAN BERNARDINO,FONTANA,-117.50498199462892,34.1210823059082
92312657,2024,2024-04-22,9855,2024-01-30,717,019448,NA,2,1,6,3616,0,1,1,NA,2,152,I-15 S/B (ONTARIO FWY),BASELINE AFE,250,S,N,A,-,N,NA,NA,NA,NA,NA,NA,NA,NA,NA,N,4,0,3,4,A,-,03,22350,NA,N,C,C,A,A,H,-,A,D,0,NA,NA,Y,NA,Y,NA,C,02,0,0,3,0,0,0,0,0,3,-,-,34.11867141723633,-117.51746368408205,SAN BERNARDINO,RANCHO CUCAMONGA,-117.51752471923828,34.118751525878906
92313582,2024,2024-02-14,9855,2024-02-02,730,023010,NA,5,1,9,3600,0,3,5,NA,2,004,ROSWELL AVE.,FRANCIS AVE.,0,NA,Y,A,-,N,NA,NA,NA,NA,NA,NA,NA,NA,NA,N,2,0,1,2,A,-,12,22450,A,N,D,G,A,A,H,-,B,D,0,NA,Y,NA,NA,Y,NA,-,-,1,0,0,0,0,0,1,0,0,-,-,34.04069137573242,-117.72007751464844,SAN BERNARDINO,UNINCORPORATED,-117.72000122070313,34.040645599365234
92313678,2024,2024-02-14,9865,2024-01-24,105,021392,NA,3,3,9,3600,0,1,3,NA,2,015,SR-189 W/B,COTTAGE GROVE RD,560,W,N,B,-,Y,SBD,NA,189,NA,NA,5.046,H,NA,L,N,3,0,1,1,A,-,01,23152,A,N,E,I,A,A,H,-,D,D,0,NA,NA,NA,NA,Y,Y,D,22,0,1,0,0,0,0,0,0,0,-,-,34.249820709228516,-117.19499206542967,SAN BERNARDINO,UNINCORPORATED,-117.19499206542967,34.24977493286133
92316672,2024,2024-02-19,9860,2024-02-10,1440,022723,NA,6,2,4,3603,0,3,5,NA,2,004,GRAND AVE,C ST,280,S,N,A,-,N,NA,NA,NA,NA,NA,NA,NA,NA,NA,Y,4,0,1,2,A,-,08,22107,NA,N,B,E,A,A,H,-,A,D,0,NA,NA,NA,NA,Y,NA,A,01,0,0,1,0,0,0,0,0,0,-,-,34.07332992553711,-117.33844757080078,SAN BERNARDINO,COLTON,-117.33849334716795,34.07335662841797
92318724,2023,2024-02-21,9860,2023-05-28,21,021169,NA,7,3,6,3610,0,1,1,NA,2,214,INTERSTATE 215 NORTHBOUND,INLAND CENTER DRIVE,1174,N,N,A,-,Y,SBD,NA,215,NA,NA,5.822,H,NA,R,Y,1,1,5,2,A,-,03,22350,NA,N,C,C,A,A,H,-,D,D,0,NA,NA,NA,NA,Y,NA,A,01,2,2,1,0,0,0,0,0,0,-,-,34.08871078491211,-117.30174255371094,SAN BERNARDINO,SAN BERNARDINO,-117.30179595947266,34.08871078491211