CASE_ID,ACCIDENT_YEAR,PROC_DATE,JURIS,COLLISION_DATE,COLLISION_TIME,OFFICER_ID,REPORTING_DISTRICT,DAY_OF_WEEK,CHP_SHIFT,POPULATION,CNTY_CITY_LOC,SPECIAL_COND,BEAT_TYPE,CHP_BEAT_TYPE,CITY_DIVISION_LAPD,CHP_BEAT_CLASS,BEAT_NUMBER,PRIMARY_RD,SECONDARY_RD,DISTANCE,DIRECTION,INTERSECTION,WEATHER_1,WEATHER_2,STATE_HWY_IND,CALTRANS_COUNTY,CALTRANS_DISTRICT,STATE_ROUTE,ROUTE_SUFFIX,POSTMILE_PREFIX,POSTMILE,LOCATION_TYPE,RAMP_INTERSECTION,SIDE_OF_HWY,TOW_AWAY,COLLISION_SEVERITY,NUMBER_KILLED,NUMBER_INJURED,PARTY_COUNT,PRIMARY_COLL_FACTOR,PCF_CODE_OF_VIOL,PCF_VIOL_CATEGORY,PCF_VIOLATION,PCF_VIOL_SUBSECTION,HIT_AND_RUN,TYPE_OF_COLLISION,MVIW,PED_ACTION,ROAD_SURFACE,ROAD_COND_1,ROAD_COND_2,LIGHTING,CONTROL_DEVICE,CHP_ROAD_TYPE,PEDESTRIAN_ACCIDENT,BICYCLE_ACCIDENT,MOTORCYCLE_ACCIDENT,TRUCK_ACCIDENT,NOT_PRIVATE_PROPERTY,ALCOHOL_INVOLVED,STWD_VEHTYPE_AT_FAULT,CHP_VEHTYPE_AT_FAULT,COUNT_SEVERE_INJ,COUNT_VISIBLE_INJ,COUNT_COMPLAINT_PAIN,COUNT_PED_KILLED,COUNT_PED_INJURED,COUNT_BICYCLIST_KILLED,COUNT_BICYCLIST_INJURED,COUNT_MC_KILLED,COUNT_MC_INJURED,PRIMARY_RAMP,SECONDARY_RAMP,LATITUDE,LONGITUDE,COUNTY,CITY,POINT_X,POINT_Y
9488970,2022,2022-09-13,3604,2022-07-25,1815,680,NA,1,5,6,3604,0,0,0,NA,0,NA,SAN BERNARDINO AV,OLEANDER AV,0,NA,Y,A,-,N,NA,NA,NA,NA,NA,NA,NA,NA,NA,Y,3,0,2,2,A,-,12,22450,A,N,D,C,A,A,H,-,A,A,0,NA,NA,NA,NA,Y,NA,A,01,0,1,1,0,0,0,0,0,0,-,-,NA,NA,SAN BERNARDINO,FONTANA,-117.44876861572266,34.07752990722656
9489333,2022,2022-08-31,3600,2022-08-16,1249,F7786,RC022,2,5,6,3616,0,0,0,NA,0,002,MILLIKEN AV,BANYAN ST,450,S,N,A,-,N,NA,NA,NA,NA,NA,NA,NA,NA,NA,Y,3,0,1,2,A,-,03,22350,NA,N,C,C,A,A,H,-,A,D,0,NA,NA,NA,NA,Y,NA,A,01,0,1,0,0,0,0,0,0,0,-,-,NA,NA,SAN BERNARDINO,RANCHO CUCAMONGA,-117.5586395263672,34.142208099365234
94893578,2025,2025-10-20,9865,2025-10-10,730,023579,NA,5,1,9,3600,0,1,3,NA,1,010,SR-18 S/B,OLD WATERMAN CANYON,128,S,N,A,-,Y,SBD,NA,18,NA,R,13.268,H,NA,L,N,4,0,1,2,A,-,08,22107,NA,N,F,2,A,A,H,-,A,D,0,NA,NA,NA,NA,Y,NA,A,07,0,0,1,0,0,0,0,0,0,-,-,34.217010498046875,-117.2917709350586,SAN BERNARDINO,UNINCORPORATED,-117.29170989990234,34.216976165771484
94893673,2025,2025-10-20,9865,2025-09-15,100,024215,NA,1,3,9,3600,0,1,3,NA,2,017,SR-173 W/B,RAINBOW DR.,528,W,N,A,-,Y,SBD,NA,173,NA,NA,21.994,H,NA,L,Y,3,0,1,1,A,-,01,23152,A,N,E,I,A,A,H,-,D,D,0,NA,NA,NA,NA,Y,Y,D,22,0,1,0,0,0,0,0,0,0,-,-,34.24518966674805,-117.1930923461914,SAN BERNARDINO,UNINCORPORATED,-117.1931381225586,34.24513626098633
9489691,2022,2022-09-02,3600,2022-08-04,1452,D3381,VC054,4,5,5,3612,0,0,0,NA,0,VC5,ROY ROGERS DR,CIVIC DR,0,NA,Y,A,-,N,NA,NA,NA,NA,NA,NA,NA,NA,NA,Y,4,0,1,2,A,-,09,21804,NA,N,D,C,A,A,H,-,A,A,0,NA,NA,NA,NA,Y,NA,A,07,0,0,1,0,0,0,0,0,0,-,-,34.5192985534668,-117.32505798339844,SAN BERNARDINO,VICTORVILLE,-117.32379913330078,34.521514892578125
94898170,2025,2025-10-22,9855,2025-10-09,817,017213,NA,4,1,6,3616,0,1,1,NA,2,152,I-15 S/B (ONTARIO FWY),BASELINE ROAD,200,S,N,A,-,Y,SBD,NA,15,NA,NA,6.661,H,NA,L,N,4,0,1,2,A,-,03,22350,NA,N,C,C,A,A,D,-,A,D,0,NA,NA,Y,NA,Y,NA,C,02,0,0,1,0,0,0,0,0,1,-,-,34.12044906616211,-117.51541137695313,SAN BERNARDINO,RANCHO CUCAMONGA,-117.51543426513672,34.12046813964844
94902912,2025,2025-10-27,9860,2025-10-15,2128,022950,NA,3,2,9,3600,0,1,1,NA,2,152,I-15 S/B,CLEGHORN RD,1584,N,N,A,-,Y,SBD,NA,15,NA,R,20.349,H,NA,L,Y,4,0,1,2,A,-,01,23152,A,N,C,C,A,A,H,-,C,D,0,NA,NA,NA,NA,Y,Y,A,01,0,0,1,0,0,0,0,0,0,-,-,34.30263137817383,-117.4611587524414,SAN BERNARDINO,UNINCORPORATED,-117.46114349365234,34.302642822265625
94909069,2025,2025-10-30,9855,2025-10-18,1047,021006,NA,6,1,6,3616,0,1,1,NA,2,152,I-15 S/B (ONTARIO FWY),FOOTHILL BOULEVARD,1500,N,N,A,-,Y,SBD,NA,15,NA,NA,5.766,H,NA,L,Y,3,0,3,3,A,-,03,22350,NA,N,C,2,A,A,D,-,A,D,0,NA,NA,NA,NA,Y,NA,A,01,0,1,2,0,0,0,0,0,0,-,-,34.11119842529297,-117.52645874023438,SAN BERNARDINO,RANCHO CUCAMONGA,-117.52651214599608,34.111244201660156
94909300,2025,2025-10-31,9860,2025-10-18,535,023659,NA,6,3,9,3600,0,3,5,NA,2,002,EASTON ST EB,SILVER CIR,175,E,N,A,-,N,NA,NA,NA,NA,NA,NA,NA,NA,NA,N,4,0,1,2,A,-,08,22107,NA,N,E,2,A,A,H,-,A,D,0,NA,NA,NA,NA,Y,NA,A,07,0,0,1,0,0,0,0,0,0,-,-,34.134578704833984,-117.38166809082033,SAN BERNARDINO,UNINCORPORATED,-117.38162231445313,34.13450622558594
94910898,2025,2025-10-31,9860,2025-10-23,1520,021934,NA,4,2,4,3603,0,1,1,NA,2,214,I-215 NB,BARTON RD,578,S,N,A,-,Y,SBD,NA,215,NA,NA,1.182,H,NA,R,N,4,0,2,3,A,-,03,22350,NA,N,C,C,A,A,H,-,A,D,0,NA,NA,NA,NA,Y,NA,A,01,0,0,2,0,0,0,0,0,0,-,-,34.0323486328125,-117.32626342773438,SAN BERNARDINO,COLTON,-117.32640075683594,34.03246307373047
94913517,2025,2025-11-06,9855,2025-10-25,55,022900,NA,6,3,5,3602,0,1,3,NA,2,603,SR-60 E/B (POMONA FWY),MOUNTAIN AVENUE,1005,W,N,A,-,Y,SBD,NA,60,NA,R,3.417,H,NA,R,N,3,0,1,1,A,-,08,22107,NA,N,E,8,A,A,H,-,C,D,0,NA,NA,NA,NA,Y,NA,A,01,0,1,0,0,0,0,0,0,0,-,-,34.03036880493164,-117.67112731933594,SAN BERNARDINO,CHINO,-117.67113494873048,34.030250549316406
94913812,2025,2025-11-06,9860,2025-10-25,2100,023355,NA,6,2,4,3603,0,3,5,NA,2,002,VALLEY BLVD,CYPRESS AVE,0,NA,Y,A,-,N,NA,NA,NA,NA,NA,NA,NA,NA,NA,N,4,0,2,3,A,-,09,21802,A,N,D,C,A,A,H,-,D,A,0,NA,NA,NA,NA,Y,NA,A,01,0,0,2,0,0,0,0,0,0,-,-,34.0689582824707,-117.34207153320313,SAN BERNARDINO,COLTON,-117.34201049804688,34.06888961791992
94914041,2025,2025-11-06,9835,2025-10-06,1208,022899,NA,1,1,9,3600,0,1,3,NA,1,020,SR-127,BAKER BLVD.,29040,N,N,A,-,Y,SBD,NA,127,NA,NA,5.61,H,NA,R,N,3,0,1,1,C,-,18,NA,NA,N,E,J,A,A,H,-,A,D,0,NA,NA,Y,NA,Y,NA,-,-,0,1,0,0,0,0,0,0,1,-,-,35.34434127807617,-116.08390808105467,SAN BERNARDINO,UNINCORPORATED,-116.08395385742188,35.344329833984375
94917460,2025,2025-11-10,9850,2025-10-31,1140,023055,NA,5,1,5,3619,0,1,1,NA,2,082,I-15 N/B,MAIN ST,10032,N,N,A,-,Y,SBD,NA,15,NA,NA,35.99,H,NA,R,Y,4,0,1,3,A,-,08,22107,NA,N,D,C,A,A,H,-,A,D,0,NA,NA,NA,NA,Y,NA,A,01,0,0,1,0,0,0,0,0,0,-,-,34.45090103149414,-117.3613510131836,SAN BERNARDINO,HESPERIA,-117.36133575439452,34.45089340209961
94917720,2025,2025-11-10,9855,2025-10-17,2010,021403,NA,5,2,6,3607,0,1,1,NA,2,101,I-10 E/B (SAN BERNARDINO FWY),I-15 N/B (ONTARIO FWY),2750,E,N,A,-,Y,SBD,NA,10,NA,NA,10.475,H,NA,R,Y,4,0,2,3,A,-,01,23152,A,N,C,C,A,A,H,-,C,D,0,NA,NA,NA,NA,Y,Y,A,07,0,0,2,0,0,0,0,0,0,-,-,34.067169189453125,-117.53555297851563,SAN BERNARDINO,ONTARIO,-117.53554534912108,34.067264556884766
94921315,2025,2025-11-12,9855,2025-11-05,1730,021403,NA,3,2,6,3616,0,1,1,NA,2,203,SR-210 E/B (FOOTHILL FWY),CARNELIAN ST.,2112,E,N,A,-,Y,SBD,NA,210,NA,NA,5.028,H,NA,R,N,4,0,1,2,A,-,03,22350,NA,N,C,C,A,A,H,-,C,D,0,NA,NA,NA,NA,Y,NA,D,22,0,0,1,0,0,0,0,0,0,-,-,34.13486099243164,-117.60874938964844,SAN BERNARDINO,RANCHO CUCAMONGA,-117.60874938964844,34.13487243652344
94922658,2025,2025-11-12,9860,2025-08-30,1720,023740,NA,6,2,9,3600,0,1,1,NA,2,151,CLEGHORN RD,I-15,119,W,N,A,-,Y,NA,NA,NA,NA,NA,NA,NA,NA,NA,N,3,0,1,2,A,-,12,22450,A,F,D,C,A,A,H,-,A,A,0,NA,NA,NA,NA,Y,NA,A,01,0,1,0,0,0,0,0,0,0,-,-,34.29856872558594,-117.45816802978516,SAN BERNARDINO,UNINCORPORATED,-117.45818328857422,34.29859161376953
94923566,2025,2025-11-12,9855,2025-11-08,103,022410,NA,6,3,5,3602,0,1,3,NA,2,603,SR-60 E/B (POMONA FWY),BENSON AVE,125,W,N,A,-,Y,SBD,NA,60,NA,R,2.848,H,NA,R,Y,2,0,1,1,A,-,08,22107,NA,N,F,I,A,A,H,-,D,D,0,NA,NA,NA,NA,Y,NA,A,07,1,0,0,0,0,0,0,0,0,-,-,34.030269622802734,-117.68105316162108,SAN BERNARDINO,CHINO,-117.68105316162108,34.030235290527344
9492514,2022,2022-09-16,3600,2022-08-19,1503,G9963,VC0,5,5,5,3612,0,0,0,NA,0,VC4,BEAR VALLEY RD,MESA VIEW DR,0,NA,Y,A,-,N,NA,NA,NA,NA,NA,NA,NA,NA,NA,Y,3,0,1,2,A,-,09,21801,A,N,D,C,A,A,H,-,A,A,0,NA,NA,NA,NA,Y,NA,D,22,0,1,0,0,0,0,0,0,0,-,-,34.4703483581543,-117.40825653076172,SAN BERNARDINO,VICTORVILLE,-117.40833282470705,34.470306396484375
94934435,2025,2025-11-17,9850,2025-11-06,1715,023165,NA,4,2,9,3600,0,3,5,NA,2,001,HIDDEN VALEY RD,CHINQUAPIN DR,0,NA,Y,A,-,N,NA,NA,NA,NA,NA,NA,NA,NA,NA,N,4,0,1,2,A,-,12,22450,A,N,B,C,A,A,H,-,C,A,0,NA,NA,NA,NA,Y,NA,A,01,0,0,1,0,0,0,0,0,0,-,-,34.5005989074707,-117.27655792236328,SAN BERNARDINO,UNINCORPORATED,-117.27651214599608,34.50063705444336
94941770,2025,2025-11-21,9855,2025-11-13,908,023655,NA,4,1,6,3607,0,1,1,NA,2,152,I-15 N/B (ONTARIO FWY),FOURTH ST,1056,S,N,B,-,Y,SBD,NA,15,NA,NA,2.86,H,NA,R,Y,4,0,1,2,A,-,03,22350,NA,N,C,C,A,A,D,-,A,D,0,NA,NA,NA,NA,Y,NA,A,08,0,0,1,0,0,0,0,0,0,-,-,34.07427978515625,-117.54454040527344,SAN BERNARDINO,ONTARIO,-117.54473876953124,34.07427215576172
94944625,2025,2025-11-24,9850,2025-11-06,1300,021384,NA,4,1,9,3600,0,3,5,NA,2,005,DAISY RD,GOSS RD,0,NA,Y,A,-,N,NA,NA,NA,NA,NA,NA,NA,NA,NA,N,4,0,2,2,A,-,05,21752,D,N,D,C,A,A,H,-,A,D,0,NA,NA,NA,NA,Y,NA,A,01,0,0,2,0,0,0,0,0,0,-,-,34.4559211730957,-117.43026733398438,SAN BERNARDINO,UNINCORPORATED,-117.43033599853516,34.45595169067383
94945391,2025,2025-11-24,9860,2025-11-15,1120,022843,NA,6,1,9,3600,0,1,1,NA,2,151,I-15 N/B,GLEN HELEN PKY,3696,S,N,B,C,Y,SBD,NA,15,NA,NA,14.094,H,NA,R,Y,3,0,2,2,A,-,03,22350,NA,N,E,8,A,B,H,-,A,D,0,NA,NA,NA,NA,Y,NA,A,01,0,1,1,0,0,0,0,0,0,-,-,34.19377899169922,-117.42089080810548,SAN BERNARDINO,UNINCORPORATED,-117.42082214355467,34.19373321533203
94949148,2025,2026-02-12,9834,2025-09-20,1449,019219,NA,6,2,9,3600,0,1,2,NA,1,095,US-95,MPM 095-SBD-79.00,1077,N,N,A,-,Y,SBD,NA,95,NA,NA,79.144,H,NA,R,Y,1,2,2,2,A,-,06,21751,NA,N,A,C,A,A,H,-,A,D,0,NA,NA,NA,NA,Y,NA,A,01,2,0,0,0,0,0,0,0,0,-,-,35.15822982788086,-114.84120178222656,SAN BERNARDINO,UNINCORPORATED,-114.84114837646484,35.15825271606445
94952519,2025,2025-12-01,9830,2025-07-06,5,022390,NA,7,3,9,3600,0,1,2,NA,1,063,UNITED STATES HIGHWAY 395,HOFFMAN ROAD,3168,S,N,A,-,Y,SBD,NA,395,NA,NA,68.209,H,NA,R,Y,1,1,5,2,A,-,01,23152,F,N,A,C,A,A,H,-,D,D,0,NA,NA,NA,NA,Y,NA,A,07,1,4,0,0,0,0,0,0,0,-,-,35.306400299072266,-117.61209869384766,SAN BERNARDINO,UNINCORPORATED,-117.61209106445313,35.306400299072266
94953969,2025,2025-12-02,9860,2025-11-12,1812,022347,NA,3,2,6,3610,0,1,1,NA,2,202,SR-210 W/B FROM DEL ROSA AVENUE,DEL ROSA AVENUE,792,W,N,A,-,Y,SBD,NA,210,NA,R,25.56,H,NA,L,N,4,0,1,2,A,-,03,22350,NA,F,C,C,A,A,H,-,D,D,0,NA,NA,NA,NA,Y,NA,-,99,0,0,1,0,0,0,0,0,0,-,-,34.14345932006836,-117.25530242919922,SAN BERNARDINO,SAN BERNARDINO,-117.2553253173828,34.14334487915039
94954479,2025,2025-12-02,9835,2025-11-19,1959,021482,NA,3,2,9,3600,0,3,5,NA,2,034,NATIONAL TRAILS HWY,I-40 OFFRAMP,0,NA,Y,B,-,N,NA,NA,NA,NA,NA,NA,NA,NA,NA,N,4,0,1,2,A,-,09,21802,A,N,D,D,A,A,H,-,C,A,0,NA,NA,NA,Y,Y,NA,G,25,0,0,1,0,0,0,0,0,0,-,-,34.83066940307617,-116.69523620605467,SAN BERNARDINO,UNINCORPORATED,-116.30387878417967,34.73664474487305
94954547,2025,2025-12-02,9850,2025-11-15,1428,021384,NA,6,2,5,3619,0,1,1,NA,2,081,I-15 S/B,US-395,3221,S,N,B,C,Y,SBD,NA,15,NA,NA,31.205,H,NA,L,N,4,0,1,1,A,-,08,22107,NA,N,E,I,A,B,H,-,A,D,0,NA,NA,NA,NA,Y,NA,A,01,0,0,1,0,0,0,0,0,0,-,-,34.39291000366211,-117.40750122070313,SAN BERNARDINO,HESPERIA,-117.40740966796876,34.39284896850586
9495587,2022,2022-10-07,3600,2022-08-18,2025,F4772,VC021,4,5,5,3612,0,0,0,NA,0,VC2,HESPERIA RD,SILICA DR,0,NA,Y,A,-,N,NA,NA,NA,NA,NA,NA,NA,NA,NA,Y,4,0,2,2,A,-,12,21453,A,N,D,C,A,A,H,-,C,A,0,NA,NA,NA,NA,Y,NA,A,07,0,0,2,0,0,0,0,0,0,-,-,34.47819900512695,-117.2910385131836,SAN BERNARDINO,VICTORVILLE,-117.29105377197266,34.47822570800781
94958282,2025,2025-12-04,9860,2025-11-25,1630,016575,NA,2,2,4,3603,0,1,1,NA,2,214,I-215 S/B,IOWA AVE.,2220,N,N,A,-,Y,SBD,NA,215,NA,NA,0.834,H,NA,L,Y,4,0,2,3,A,-,08,22107,NA,N,B,C,A,A,H,-,B,D,0,NA,NA,NA,Y,Y,NA,A,07,0,0,2,0,0,0,0,0,0,-,-,34.02888870239258,-117.33071899414063,SAN BERNARDINO,COLTON,-117.33072662353516,34.02889633178711
9495839,2022,2022-10-27,3605,2022-10-02,1328,446,NA,7,5,4,3605,0,0,0,NA,0,003,RAMONA AV,GRAND AV,0,NA,Y,A,-,N,NA,NA,NA,NA,NA,NA,NA,NA,NA,Y,4,0,1,2,A,-,12,22450,A,N,D,C,A,A,H,-,A,A,0,NA,NA,NA,NA,Y,NA,D,22,0,0,1,0,0,0,0,0,0,-,-,NA,NA,SAN BERNARDINO,MONTCLAIR,-117.7067413330078,34.048519134521484
9495952,2022,2022-10-14,3603,2022-09-14,2256,4817,CPD,3,5,4,3603,0,0,0,NA,0,002,MT VERNON AV,PALM AV,37,S,N,A,-,N,NA,NA,NA,NA,NA,NA,NA,NA,NA,Y,4,0,1,2,A,-,08,22107,NA,N,B,C,A,A,H,-,C,A,0,NA,NA,NA,NA,Y,NA,A,07,0,0,1,0,0,0,0,0,0,-,-,34.07450866699219,-117.31394958496094,SAN BERNARDINO,COLTON,-117.3138427734375,34.07518768310547
94959815,2025,2025-12-05,9850,2025-11-30,1345,021878,NA,7,1,9,3600,0,2,4,NA,2,066,PHELAN ROAD,BALDY MESA ROAD,261,W,N,A,-,N,NA,NA,NA,NA,NA,NA,NA,NA,NA,N,4,0,1,2,A,-,03,22350,NA,N,C,C,A,A,H,-,A,D,0,NA,NA,NA,NA,Y,NA,D,22,0,0,1,0,0,0,0,0,0,-,-,34.42665100097656,-117.45205688476563,SAN BERNARDINO,UNINCORPORATED,-117.45185089111328,34.42652130126953
9496887,2022,2022-10-25,3600,2022-07-10,0833,H5854,RC013,7,5,6,3616,0,0,0,NA,0,RC3,MILLIKEN AV,BASELINE RD,295,S,-,A,-,N,NA,NA,NA,NA,NA,NA,NA,NA,NA,Y,3,0,1,2,A,-,08,22107,NA,N,B,C,A,A,H,-,A,A,0,NA,NA,NA,NA,Y,NA,A,07,0,1,0,0,0,0,0,0,0,-,-,NA,NA,SAN BERNARDINO,RANCHO CUCAMONGA,-117.5586395263672,34.120582580566406
94972304,2025,2025-12-15,9855,2025-11-24,1416,023655,NA,1,2,5,3611,0,1,1,NA,2,103,I-10 W/B (SAN BERNARDINO FWY),EUCLID AVE.,3696,E,N,A,-,Y,SBD,NA,10,NA,NA,4.215,H,NA,L,Y,3,0,1,3,A,-,07,21658,A,F,C,C,A,A,H,-,A,D,0,NA,NA,Y,NA,Y,NA,-,99,0,1,0,0,0,0,0,0,1,-,-,34.0860595703125,-117.6381378173828,SAN BERNARDINO,UPLAND,-117.63812255859376,34.086097717285156
94974312,2025,2025-12-16,9850,2025-12-05,815,022649,NA,5,1,9,3600,0,3,5,NA,2,003,DEEP CREEK RD,OCOTILLO WAY,125,S,N,A,-,N,NA,NA,NA,NA,NA,NA,NA,NA,NA,Y,3,0,1,1,A,-,08,22107,NA,N,F,A,A,A,H,-,A,D,0,NA,NA,NA,NA,Y,NA,D,22,0,1,0,0,0,0,0,0,0,-,-,34.427398681640625,-117.22498321533205,SAN BERNARDINO,UNINCORPORATED,-117.2250518798828,34.42753601074219
94974482,2025,2025-12-16,9855,2025-12-02,740,016590,NA,2,1,6,3616,0,1,1,NA,2,201,SR-210 E/B (FOOTHILL FWY),ROCHESTER AVE.,961,W,N,A,-,Y,SBD,NA,210,NA,NA,8.48,H,NA,R,Y,4,0,1,3,A,-,03,22350,NA,N,C,C,A,A,H,-,A,D,0,NA,NA,NA,NA,Y,NA,A,01,0,0,1,0,0,0,0,0,0,-,-,34.136470794677734,-117.54857635498048,SAN BERNARDINO,RANCHO CUCAMONGA,-117.54857635498048,34.13648223876953
9497575,2022,2022-10-04,3610,2022-08-14,2117,51433,NA,7,5,6,3610,0,0,0,NA,0,POLICE,N PINE AV,W IRVINGTON AV,0,NA,Y,A,-,N,NA,NA,NA,NA,NA,NA,NA,NA,NA,N,4,0,1,2,A,-,08,22107,NA,N,G,B,F,A,H,-,C,D,0,Y,NA,NA,NA,Y,NA,A,01,0,0,1,0,1,0,0,0,0,-,-,34.1904296875,-117.3460693359375,SAN BERNARDINO,SAN BERNARDINO,-117.34609985351563,34.190425872802734
9497580,2022,2022-10-04,3610,2022-08-17,0530,51224,NA,3,5,6,3610,0,0,0,NA,0,POLICE,N UNIVERSITY PKWY,W VARSITY AV,0,NA,Y,A,-,N,NA,NA,NA,NA,NA,NA,NA,NA,NA,Y,4,0,1,2,A,-,12,21453,A,N,D,C,A,A,H,-,A,A,0,NA,NA,NA,NA,Y,NA,A,01,0,0,1,0,0,0,0,0,0,-,-,34.16720962524414,-117.33209991455078,SAN BERNARDINO,SAN BERNARDINO,-117.33235168457033,34.16718673706055
94976650,2025,2025-12-17,9860,2025-12-09,1720,022477,NA,2,2,6,3610,0,1,1,NA,2,216,INTERSTATE 215 N/B,9TH STREET,135,S,N,A,-,Y,SBD,NA,215,NA,NA,7.663,H,NA,R,N,4,0,2,3,A,-,03,22350,NA,N,C,C,A,A,H,-,C,D,0,NA,NA,NA,NA,Y,NA,A,07,0,0,2,0,0,0,0,0,0,-,-,34.11532974243164,-117.30235290527344,SAN BERNARDINO,SAN BERNARDINO,-117.3024444580078,34.11532974243164
94977810,2025,2025-12-18,9855,2025-12-04,514,021873,NA,4,3,6,3607,0,1,1,NA,2,152,I-15 S/B (ONTARIO FWY),FOURTH ST,440,S,N,A,-,Y,SBD,NA,15,NA,NA,2.975,H,NA,L,Y,3,0,1,3,A,-,03,22350,NA,N,C,C,A,A,D,-,A,D,0,NA,NA,NA,Y,Y,NA,G,25,0,1,0,0,0,0,0,0,0,-,-,34.07585144042969,-117.5451202392578,SAN BERNARDINO,ONTARIO,-117.54501342773438,34.07584762573242
94977817,2025,2025-12-18,9855,2025-12-02,2350,018000,NA,2,3,6,3607,0,1,3,NA,2,601,SR-60 W/B (POMONA FWY),MILLIKEN AVE.,560,W,N,A,-,Y,SBD,NA,60,NA,R,9.842,H,NA,L,Y,4,0,1,2,A,-,03,22350,NA,N,C,C,A,A,H,-,C,D,0,NA,NA,NA,NA,Y,NA,A,07,0,0,1,0,0,0,0,0,0,-,-,34.02476119995117,-117.5602798461914,SAN BERNARDINO,ONTARIO,-117.56031036376952,34.02469253540039
94982387,2025,2025-12-22,9865,2025-12-18,939,020872,NA,4,1,9,3600,0,1,3,NA,2,020,SR-330,FOREST SERVICE ROAD 1N09,1848,S,N,A,-,Y,SBD,NA,330,NA,NA,35.463,H,NA,R,Y,3,0,1,1,A,-,03,22350,NA,N,F,A,A,A,H,-,A,D,0,NA,NA,NA,NA,Y,NA,A,01,0,1,0,0,0,0,0,0,0,-,-,34.179019927978516,-117.15933990478516,SAN BERNARDINO,UNINCORPORATED,-117.15933990478516,34.17897415161133
94985522,2025,2025-12-24,9860,2025-12-15,735,022719,NA,1,1,4,3603,0,1,1,NA,2,102,I-10 E/B,PEPPER AVE,500,W,N,A,-,Y,SBD,NA,10,NA,NA,20.858,H,NA,R,Y,4,0,1,2,A,-,03,22350,NA,N,C,C,A,A,H,-,A,D,0,NA,NA,NA,NA,Y,NA,D,22,0,0,1,0,0,0,0,0,0,-,-,34.06892013549805,-117.35487365722656,SAN BERNARDINO,COLTON,-117.35487365722656,34.06890106201172
94989923,2025,2025-12-29,9870,2025-12-21,915,023683,NA,7,1,9,3600,0,1,3,NA,2,021,SR-247,TANAGER RD,0,NA,Y,A,-,Y,SBD,NA,247,NA,NA,7.686,H,NA,R,Y,4,0,1,2,A,-,06,21750,A,N,D,C,A,A,H,-,A,D,0,NA,NA,NA,NA,Y,NA,E,22,0,0,1,0,0,0,0,0,0,-,-,34.22494888305664,-116.43962097167967,SAN BERNARDINO,UNINCORPORATED,-116.43961334228516,34.22494888305664
94994593,2025,2025-12-31,9835,2025-12-27,130,023742,NA,6,3,9,3600,0,1,1,NA,2,074,I-15 N/B,MPM 127.00,1584,N,N,A,-,Y,SBD,NA,15,NA,R,127.328,H,NA,R,Y,3,0,1,1,A,-,08,22107,NA,N,E,I,A,A,H,-,D,D,0,NA,NA,NA,NA,Y,NA,A,01,0,1,0,0,0,0,0,0,0,-,-,35.169921875,-116.1777572631836,SAN BERNARDINO,UNINCORPORATED,-116.17787933349608,35.16999435424805
9499690,2022,2022-11-09,3600,2022-10-16,1409,B9547,HE410,7,5,5,3619,0,0,0,NA,0,HE4,ARROWHEAD LAKE RD,DANBURY AV,0,NA,Y,A,-,N,NA,NA,NA,NA,NA,NA,NA,NA,NA,Y,3,0,2,2,A,-,09,21801,A,N,D,C,A,A,H,-,A,A,0,NA,NA,NA,NA,Y,Y,D,22,0,1,1,0,0,0,0,0,0,-,-,NA,NA,SAN BERNARDINO,HESPERIA,-117.24935150146484,34.40211486816406
94999249,2025,2026-01-05,9860,2025-12-20,1450,021399,NA,6,2,9,3600,0,1,3,NA,1,380,SR-38 (MENTONE BLVD),AGATE AVE,190,E,N,A,-,Y,SBD,NA,38,NA,NA,3.865,H,NA,R,Y,4,0,1,2,A,-,03,22350,NA,N,C,C,A,A,H,-,A,D,0,NA,NA,NA,NA,Y,NA,A,01,0,0,1,0,0,0,0,0,0,-,-,34.069889068603516,-117.12516784667967,SAN BERNARDINO,UNINCORPORATED,-117.12516784667967,34.06989669799805
95004555,2025,2026-01-08,9860,2025-12-26,1230,024919,NA,5,1,6,3610,0,1,1,NA,2,216,I-215 N/B,9TH ST,700,N,N,B,C,Y,SBD,NA,215,NA,NA,7.834,H,NA,R,N,4,0,2,2,A,-,02,22400,A,N,C,C,A,B,H,-,A,D,0,NA,NA,NA,Y,Y,NA,A,01,0,0,2,0,0,0,0,0,0,-,-,34.117820739746094,-117.30230712890624,SAN BERNARDINO,SAN BERNARDINO,-117.30241394042967,34.117820739746094