CASE_ID,ACCIDENT_YEAR,PROC_DATE,JURIS,COLLISION_DATE,COLLISION_TIME,OFFICER_ID,REPORTING_DISTRICT,DAY_OF_WEEK,CHP_SHIFT,POPULATION,CNTY_CITY_LOC,SPECIAL_COND,BEAT_TYPE,CHP_BEAT_TYPE,CITY_DIVISION_LAPD,CHP_BEAT_CLASS,BEAT_NUMBER,PRIMARY_RD,SECONDARY_RD,DISTANCE,DIRECTION,INTERSECTION,WEATHER_1,WEATHER_2,STATE_HWY_IND,CALTRANS_COUNTY,CALTRANS_DISTRICT,STATE_ROUTE,ROUTE_SUFFIX,POSTMILE_PREFIX,POSTMILE,LOCATION_TYPE,RAMP_INTERSECTION,SIDE_OF_HWY,TOW_AWAY,COLLISION_SEVERITY,NUMBER_KILLED,NUMBER_INJURED,PARTY_COUNT,PRIMARY_COLL_FACTOR,PCF_CODE_OF_VIOL,PCF_VIOL_CATEGORY,PCF_VIOLATION,PCF_VIOL_SUBSECTION,HIT_AND_RUN,TYPE_OF_COLLISION,MVIW,PED_ACTION,ROAD_SURFACE,ROAD_COND_1,ROAD_COND_2,LIGHTING,CONTROL_DEVICE,CHP_ROAD_TYPE,PEDESTRIAN_ACCIDENT,BICYCLE_ACCIDENT,MOTORCYCLE_ACCIDENT,TRUCK_ACCIDENT,NOT_PRIVATE_PROPERTY,ALCOHOL_INVOLVED,STWD_VEHTYPE_AT_FAULT,CHP_VEHTYPE_AT_FAULT,COUNT_SEVERE_INJ,COUNT_VISIBLE_INJ,COUNT_COMPLAINT_PAIN,COUNT_PED_KILLED,COUNT_PED_INJURED,COUNT_BICYCLIST_KILLED,COUNT_BICYCLIST_INJURED,COUNT_MC_KILLED,COUNT_MC_INJURED,PRIMARY_RAMP,SECONDARY_RAMP,LATITUDE,LONGITUDE,COUNTY,CITY,POINT_X,POINT_Y
9608215,2023,2023-08-25,3600,2023-06-29,1530,J2651,VC043,4,5,5,3612,0,0,0,NA,0,VC01,STODDARD WELLS RD,RT 18,0,NA,Y,A,-,Y,SBD,8,18,-,-,95.22,I,6,N,Y,4,0,1,1,A,-,08,22107,NA,N,A,I,A,A,H,-,A,A,0,NA,NA,NA,NA,Y,NA,A,07,0,0,1,0,0,0,0,0,0,-,-,34.53514862060547,-117.28514099121094,SAN BERNARDINO,VICTORVILLE,-117.28518676757813,34.535213470458984
9609294,2023,2023-08-29,3600,2023-05-08,1352,I4866,YV004,1,5,3,3631,0,0,0,NA,0,0YV,OLD WOMAN SPRINGS RD,PAXTON RD,0,NA,Y,A,-,N,NA,NA,NA,NA,NA,NA,NA,NA,NA,Y,4,0,1,2,A,-,08,22100,5,N,F,A,A,A,G,-,A,A,0,NA,NA,Y,NA,Y,NA,C,02,0,0,1,0,0,0,0,0,1,-,-,34.135250091552734,-116.41249847412108,SAN BERNARDINO,YUCCA VALLEY,-116.412538,34.135208
9609870,2023,2023-09-11,3600,2023-07-20,949,G7650,LL,4,5,3,3615,0,0,0,NA,0,LL013,BARTON RD,BENTON ST,10,E,N,A,-,N,NA,NA,NA,NA,NA,NA,NA,NA,NA,Y,4,0,1,2,A,-,12,21453,A,N,D,C,A,A,H,-,A,D,0,NA,NA,NA,NA,Y,NA,A,07,0,0,1,0,0,0,0,0,0,-,-,NA,NA,SAN BERNARDINO,LOMA LINDA,-117.25236511230467,34.04827880859375
9610029,2023,2023-08-22,3604,2023-07-23,806,1450,FON1,7,5,6,3604,0,0,0,NA,0,003,VALLEY BL,PALMETTO,1200,E,N,A,-,N,NA,NA,NA,NA,NA,NA,NA,NA,NA,N,4,0,1,2,A,-,09,21801,A,N,D,C,A,A,H,-,A,A,0,NA,NA,NA,NA,Y,NA,A,01,0,0,1,0,0,0,0,0,0,-,-,NA,NA,SAN BERNARDINO,FONTANA,-117.42298889160156,34.07041931152344
9610560,2023,2023-09-01,3604,2023-07-24,1629,989,NA,1,5,6,3604,0,0,0,NA,0,NA,BEECH AV,CHERRY AV,0,NA,Y,A,-,N,NA,NA,NA,NA,NA,NA,NA,NA,NA,Y,3,0,2,2,A,-,12,21453,A,N,D,C,A,A,H,-,A,A,0,NA,NA,NA,NA,Y,NA,A,01,0,1,1,0,0,0,0,0,0,-,-,NA,NA,SAN BERNARDINO,FONTANA,NA,NA
9611294,2023,2023-09-21,3600,2023-08-17,1238,J2651,VC019,4,5,5,3612,0,0,0,NA,0,VC02,17TH ST,CIRCLE DR,0,NA,Y,A,-,N,NA,NA,NA,NA,NA,NA,NA,NA,NA,N,4,0,1,2,A,-,09,21801,A,N,D,C,A,A,H,-,A,A,0,NA,NA,NA,NA,Y,NA,A,01,0,0,1,0,0,0,0,0,0,-,-,34.524600982666016,-117.30419158935548,SAN BERNARDINO,VICTORVILLE,NA,NA
9612071,2023,2023-09-20,3600,2023-05-09,842,F8172,HE2,2,5,5,3619,0,0,0,NA,0,HE2,PEACH AV,LEMON ST,0,NA,Y,A,-,N,NA,NA,NA,NA,NA,NA,NA,NA,NA,Y,3,0,4,3,A,-,12,22450,A,N,D,C,A,A,H,-,A,A,0,NA,NA,NA,Y,Y,NA,A,07,0,1,3,0,0,0,0,0,0,-,-,NA,NA,SAN BERNARDINO,HESPERIA,-117.26490783691406,34.44195556640625
9612640,2023,2023-08-21,3600,2023-07-25,850,J1624,V0073,2,5,5,3612,0,0,0,NA,0,VC5,EL EUADO RD,HOOK BL,0,NA,Y,A,-,N,NA,NA,NA,NA,NA,NA,NA,NA,NA,Y,3,0,1,2,A,-,12,21453,A,N,D,C,A,A,H,-,A,A,0,NA,NA,NA,NA,Y,NA,A,01,0,1,0,0,0,0,0,0,0,-,-,NA,NA,SAN BERNARDINO,VICTORVILLE,-117.34677124023438,34.521263122558594
9613104,2023,2023-09-21,3600,2023-08-22,1547,H7754,YC207,2,5,4,3640,0,0,0,NA,0,YC1,DATE AV,CALIFORNIA ST,0,NA,Y,A,-,N,NA,NA,NA,NA,NA,NA,NA,NA,NA,N,3,0,1,2,A,-,08,22107,NA,N,B,G,A,A,H,-,A,A,0,NA,Y,NA,NA,Y,NA,L,04,0,1,0,0,0,0,1,0,0,-,-,NA,NA,SAN BERNARDINO,YUCAIPA,-117.03931427001952,34.041133880615234
9613849,2023,2023-09-28,3604,2023-08-22,2057,680,NA,2,5,6,3604,0,0,0,NA,0,NA,CITRUS AV,VILLAGE DR,0,NA,Y,A,-,N,NA,NA,NA,NA,NA,NA,NA,NA,NA,Y,3,0,2,2,A,-,01,23152,A,N,A,C,A,A,H,-,C,D,0,NA,NA,NA,NA,Y,Y,A,01,0,1,1,0,0,0,0,0,0,-,-,NA,NA,SAN BERNARDINO,FONTANA,-117.45783996582033,34.042823791503906
9613851,2023,2023-09-28,3604,2023-08-20,2037,680,NA,7,5,6,3604,0,0,0,NA,0,NA,SIERRA AV,BASELINE AV,50,N,N,C,-,N,NA,NA,NA,NA,NA,NA,NA,NA,NA,Y,4,0,2,2,A,-,03,22350,NA,M,C,C,A,B,H,-,C,A,0,NA,NA,NA,NA,Y,NA,A,01,0,0,2,0,0,0,0,0,0,-,-,NA,NA,SAN BERNARDINO,FONTANA,-117.43614196777344,34.12159729003906
9615377,2023,2023-10-05,3604,2023-08-01,1905,882,NA,2,5,6,3604,0,0,0,NA,0,003,JUNIPER AV,RANDALL AV,43,N,N,A,-,N,NA,NA,NA,NA,NA,NA,NA,NA,NA,Y,4,0,1,5,A,-,03,22350,NA,N,C,C,A,A,H,-,A,A,0,NA,NA,NA,NA,Y,NA,A,07,0,0,1,0,0,0,0,0,0,-,-,NA,NA,SAN BERNARDINO,FONTANA,-117.44007873535156,34.084957122802734
9616523,2023,2023-10-20,3604,2023-09-05,1258,989,NA,2,5,6,3604,0,0,0,NA,0,NA,VALLEY BL,SIERRA AV,73,E,N,A,-,N,NA,NA,NA,NA,NA,NA,NA,NA,NA,NA,4,0,2,2,A,-,08,22107,NA,N,B,C,A,A,H,-,A,A,0,NA,NA,NA,NA,Y,NA,-,-,0,0,2,0,0,0,0,0,0,-,-,NA,NA,SAN BERNARDINO,FONTANA,-117.43544006347656,34.070369720458984
9618903,2023,2023-12-11,3600,2023-10-19,1707,H7582,RC027,4,5,6,3616,0,0,0,NA,0,RC2,HERMOSA AV,MANZANITA DR,0,NA,Y,A,-,N,NA,NA,NA,NA,NA,NA,NA,NA,NA,Y,3,0,1,2,A,-,08,22107,NA,N,B,C,A,A,H,-,A,D,0,NA,NA,NA,NA,Y,NA,A,01,0,1,0,0,0,0,0,0,0,-,-,NA,NA,SAN BERNARDINO,RANCHO CUCAMONGA,-117.58451080322266,34.14699172973633
9621324,2023,2023-11-17,3608,2023-10-11,1504,4202,3608,3,5,5,3608,0,0,0,NA,0,NA,ORANGE ST,CITRUS AV,0,NA,Y,A,-,N,NA,NA,NA,NA,NA,NA,NA,NA,NA,N,4,0,2,2,A,-,09,21801,A,N,D,C,A,A,H,-,A,A,0,NA,NA,NA,NA,Y,NA,A,01,0,0,2,0,0,0,0,0,0,-,-,NA,NA,SAN BERNARDINO,REDLANDS,-117.1825942993164,34.05554962158203
9622883,2023,2023-12-12,3608,2023-10-06,744,4298,3608,5,5,5,3608,0,0,0,NA,0,901,BROCKTON AV,JUDSON ST,0,NA,Y,A,-,N,NA,NA,NA,NA,NA,NA,NA,NA,NA,Y,4,0,2,2,A,-,12,22450,A,N,D,C,A,A,H,-,A,A,0,NA,NA,NA,NA,Y,NA,A,01,0,0,2,0,0,0,0,0,0,-,-,NA,NA,SAN BERNARDINO,REDLANDS,-117.15634918212892,34.066375732421875
9623501,2023,2023-12-16,3600,2023-10-12,1535,J5507,VC3,4,5,5,3612,0,0,0,NA,0,VC021,TAMARISK RD,HUERTA RD,0,NA,Y,A,-,N,NA,NA,NA,NA,NA,NA,NA,NA,NA,Y,4,0,3,2,A,-,12,22450,A,N,D,C,A,A,H,-,A,A,0,NA,NA,NA,NA,Y,NA,A,07,0,0,3,0,0,0,0,0,0,-,-,34.47660827636719,-117.27285766601563,SAN BERNARDINO,VICTORVILLE,-117.27280426025392,34.47629928588867
9624081,2022,2023-10-17,3609,2022-03-26,2002,01944,139,6,5,5,3609,0,0,0,NA,0,004,RIVERSIDE AV,BONNIE VIEW DR,357,N,N,A,-,N,NA,NA,NA,NA,NA,NA,NA,NA,NA,N,1,1,0,2,A,-,03,22350,NA,F,C,G,A,A,H,-,C,D,0,NA,Y,NA,NA,Y,NA,A,01,0,0,0,0,0,1,0,0,0,-,-,34.09592056274414,-117.3701171875,SAN BERNARDINO,RIALTO,-117.37035369873048,34.096736907958984
9624227,2023,2025-06-27,3610,2023-04-08,2027,50469,NA,6,5,6,3610,0,0,0,NA,0,NA,HIGHLAND AV,DEL ROSA AV,255,E,N,A,-,N,NA,NA,NA,NA,NA,NA,NA,NA,NA,Y,1,1,0,3,A,-,01,23152,F,N,D,C,A,A,H,-,C,A,0,NA,NA,Y,NA,Y,Y,A,01,0,0,0,0,0,0,0,1,0,-,-,NA,NA,SAN BERNARDINO,SAN BERNARDINO,-117.25155639648438,34.135860443115234
9624462,2023,2023-09-13,3600,2023-08-06,915,I4829,HI008,7,5,4,3618,0,0,0,NA,0,HI1,WATER ST,CLUB VIEW DR,0,NA,Y,A,-,N,NA,NA,NA,NA,NA,NA,NA,NA,NA,Y,4,0,1,2,A,-,09,21802,A,N,D,C,A,A,H,-,A,A,0,NA,NA,NA,NA,Y,NA,A,01,0,0,1,0,0,0,0,0,0,-,-,34.117008209228516,-117.16718292236328,SAN BERNARDINO,HIGHLAND,-117.1671905517578,34.117000579833984
9625685,2023,2023-10-17,3600,2023-09-03,930,G9442,YC,7,5,4,3640,0,0,0,NA,0,002,AVENUE E,NICOYA CT,6,W,N,A,-,N,NA,NA,NA,NA,NA,NA,NA,NA,NA,Y,3,0,1,1,A,-,08,22107,NA,N,A,I,A,A,H,-,A,D,0,NA,NA,NA,NA,Y,NA,A,01,0,1,0,0,0,0,0,0,0,-,-,NA,NA,SAN BERNARDINO,YUCAIPA,-117.02713012695313,34.026611328125
9626840,2023,2023-10-20,3600,2023-08-29,1123,I4829,HI005,2,5,4,3618,0,0,0,NA,0,HI1,BASELINE ST,MCKINLEY AV,0,NA,Y,A,-,N,NA,NA,NA,NA,NA,NA,NA,NA,NA,Y,4,0,3,2,A,-,12,21453,A,M,D,C,A,A,H,-,A,A,0,NA,NA,NA,NA,Y,NA,A,01,0,0,3,0,0,0,0,0,0,-,-,NA,NA,SAN BERNARDINO,HIGHLAND,-117.23745727539063,34.12130355834961
9627985,2023,2023-10-25,3602,2023-06-16,910,2798,NA,5,5,5,3602,0,0,0,NA,0,002,CENTRAL AV,SR-60,0,NA,Y,A,-,Y,SBD,8,60,-,R,2.57,R,4,W,Y,3,0,3,2,A,-,12,21453,A,N,D,C,A,A,H,-,A,A,0,NA,NA,NA,NA,Y,NA,A,01,0,2,1,0,0,0,0,0,0,-,-,34.030208587646484,-117.63944244384766,SAN BERNARDINO,CHINO,-117.6859130859375,34.03040313720703
9629013,2023,2023-11-06,3610,2023-09-30,1545,51499,NA,6,5,6,3610,0,0,0,NA,0,NA,NORTH WATERMAN AV,9TH ST,137,S,N,B,-,N,NA,NA,NA,NA,NA,NA,NA,NA,NA,N,4,0,2,2,A,-,08,22100,B,N,B,C,A,A,H,-,A,D,0,NA,NA,NA,NA,Y,NA,A,08,0,0,2,0,0,0,0,0,0,-,-,34.11579895019531,-117.27877807617188,SAN BERNARDINO,SAN BERNARDINO,-117.27879333496094,34.11542510986328
9631703,2023,2023-12-02,3603,2023-10-25,1846,4817,CPD,3,5,4,3603,0,0,0,NA,0,004,WASHINGTON ST,MEADOW LN,582,W,N,A,-,N,NA,NA,NA,NA,NA,NA,NA,NA,NA,N,3,0,1,2,A,-,11,21954,A,N,G,B,D,A,H,-,C,A,0,Y,NA,NA,NA,Y,NA,A,01,0,1,0,0,1,0,0,0,0,-,-,34.04901885986328,-117.30164337158205,SAN BERNARDINO,COLTON,-117.30134582519533,34.04840850830078
9632002,2023,2023-11-06,3603,2023-09-18,2107,4817,CPD,1,5,4,3603,0,0,0,NA,0,002,OLIVE PL,LARCH AV,0,NA,Y,A,-,N,NA,NA,NA,NA,NA,NA,NA,NA,NA,N,3,0,2,3,A,-,12,22450,A,N,G,B,C,A,H,-,C,A,0,Y,NA,NA,NA,Y,NA,A,01,0,1,1,0,2,0,0,0,0,-,-,34.076751708984375,-117.3134536743164,SAN BERNARDINO,COLTON,-117.3134307861328,34.076717376708984
9632445,2023,2023-12-04,3600,2023-09-09,1550,H8288,HI005,6,5,4,3618,0,0,0,NA,0,HI1,BASELINE ST,MCKINLEY ST,0,NA,Y,A,-,N,NA,NA,NA,NA,NA,NA,NA,NA,NA,N,3,0,1,2,A,-,21,22106,NA,N,D,C,A,A,H,-,A,D,0,NA,NA,NA,NA,Y,NA,D,22,0,1,0,0,0,0,0,0,0,-,-,34.1219596862793,-117.23596954345705,SAN BERNARDINO,HIGHLAND,-117.23745727539063,34.12130355834961
9634843,2023,2023-12-07,3600,2023-10-10,1716,D3381,VC023,2,5,5,3612,0,0,0,NA,0,VC3,BEAR VALLEY RD,BORNITE AV,0,NA,Y,A,-,N,NA,NA,NA,NA,NA,NA,NA,NA,NA,Y,4,0,1,2,A,-,09,21804,A,N,D,C,A,A,H,-,B,A,0,NA,NA,NA,NA,Y,NA,A,08,0,0,1,0,0,0,0,0,0,-,-,34.47193145751953,-117.29917907714844,SAN BERNARDINO,VICTORVILLE,-117.29705047607422,34.470909118652344
9635157,2023,2023-12-21,3600,2023-10-17,1255,J1900,AD108,2,5,3,3613,0,0,0,NA,0,AD2,ADELANTO RD,RANCHO RD,0,NA,-,A,-,N,NA,NA,NA,NA,NA,NA,NA,NA,NA,Y,4,0,1,2,A,-,08,22107,A,N,B,C,A,A,H,-,A,D,0,NA,NA,NA,NA,Y,NA,-,-,0,0,1,0,0,0,0,0,0,-,-,NA,NA,SAN BERNARDINO,ADELANTO,-117.40062713623048,34.55940628051758
9636141,2023,2023-12-28,3600,2023-09-21,1656,F4772,VC016,4,5,5,3612,0,0,0,NA,0,VC2,GREEN TREE BL,SAINT ANDREWS DR,0,NA,Y,A,-,N,NA,NA,NA,NA,NA,NA,NA,NA,NA,Y,4,0,1,2,A,-,01,23152,A,N,D,C,A,A,H,-,A,D,0,NA,NA,Y,NA,Y,Y,C,02,0,0,1,0,0,0,0,0,1,-,-,34.50844955444336,-117.31920623779295,SAN BERNARDINO,VICTORVILLE,-117.31923675537108,34.50835037231445
9636481,2023,2023-12-12,3604,2023-10-19,856,1444,NA,4,5,6,3604,0,0,0,NA,0,NA,MERRILL AV,CITRUS AV,26,E,N,A,-,N,NA,NA,NA,NA,NA,NA,NA,NA,NA,N,4,0,1,2,A,-,03,22350,NA,N,C,C,A,A,H,-,A,A,0,NA,NA,NA,NA,Y,NA,D,22,0,0,1,0,0,0,0,0,0,-,-,NA,NA,SAN BERNARDINO,FONTANA,-117.45359802246094,34.092071533203125
9638734,2023,2023-11-29,3608,2023-10-18,1157,4202,3608,3,5,5,3608,0,0,0,NA,0,NA,FORD ST,EAST PALM AVE,0,NA,Y,A,-,N,NA,NA,NA,NA,NA,NA,NA,NA,NA,Y,4,0,1,2,A,-,09,21802,A,N,D,C,A,A,H,-,A,A,0,NA,NA,NA,NA,Y,NA,A,07,0,0,1,0,0,0,0,0,0,-,-,NA,NA,SAN BERNARDINO,REDLANDS,-117.1563720703125,34.05392074584961
9638743,2023,2023-11-29,3608,2023-10-01,334,4345,SAN B,7,5,5,3608,0,0,0,NA,0,NA,CITRUS AV,ORANGE ST,15,E,N,B,-,N,NA,NA,NA,NA,NA,NA,NA,NA,NA,N,3,0,1,1,A,-,03,22350,NA,N,F,A,A,B,H,-,C,A,0,NA,NA,Y,NA,Y,NA,C,02,0,1,0,0,0,0,0,0,1,-,-,NA,NA,SAN BERNARDINO,REDLANDS,-117.18254089355467,34.05554962158203
9639319,2023,2023-12-18,3600,2023-07-31,1024,F8172,HE326,1,5,5,3619,0,0,0,NA,0,HE3,RANCHERO RD,KOURIE WY,0,NA,Y,A,-,N,NA,NA,NA,NA,NA,NA,NA,NA,NA,N,4,0,2,2,A,-,03,22350,NA,N,C,C,A,A,D,-,A,D,0,NA,NA,NA,NA,Y,NA,A,07,0,0,2,0,0,0,0,0,0,-,-,NA,NA,SAN BERNARDINO,HESPERIA,-117.40325927734376,34.3830680847168
9639849,2023,2023-12-15,3605,2023-10-13,1102,441,NA,5,5,4,3605,0,0,0,NA,0,NA,MONTE VISTA AV,ARROW HWY,25,N,N,A,-,N,NA,NA,NA,NA,NA,NA,NA,NA,NA,Y,4,0,1,2,A,-,12,21453,A,N,D,C,A,A,H,-,A,A,0,NA,NA,NA,NA,Y,NA,A,07,0,0,1,0,0,0,0,0,0,-,-,34.0924186706543,-117.69828033447266,SAN BERNARDINO,MONTCLAIR,-117.6982421875,34.092464447021484
9640101,2023,2025-06-24,3600,2023-11-08,2013,I1592,VC066,3,5,5,3612,0,0,0,NA,0,VC4,AMARGOSA RD,MESA ST,691,N,N,A,-,N,NA,NA,NA,NA,NA,NA,NA,NA,NA,N,1,1,0,2,D,-,00,NA,NA,F,G,B,E,A,H,-,D,D,0,Y,NA,NA,NA,Y,NA,-,-,0,0,0,1,0,0,0,0,0,-,-,34.450408935546875,-117.36238098144533,SAN BERNARDINO,VICTORVILLE,-117.36248016357422,34.45026779174805
9640470,2023,2024-06-24,3602,2023-12-18,24,4122,NA,1,5,5,3602,0,0,0,NA,0,001,CENTRAL AV,RT 60,231,N,N,A,-,N,NA,NA,NA,NA,NA,NA,NA,NA,NA,N,1,1,0,2,A,-,11,21950,B,N,G,B,E,A,H,-,C,A,0,Y,NA,NA,NA,Y,NA,N,60,0,0,0,1,0,0,0,0,0,-,WO,34.03192901611328,-117.68961334228516,SAN BERNARDINO,CHINO,-117.68943786621094,34.03063201904297
9640509,2024,2024-07-17,3601,2024-01-20,1811,P-40,3601,6,5,3,3601,0,0,0,NA,0,001,LENWOOD RD,TUMBLEWEED DR,117,S,N,A,-,N,NA,NA,NA,NA,NA,NA,NA,NA,NA,N,1,1,0,2,A,-,11,21954,A,N,G,B,E,B,A,B,D,D,0,Y,NA,NA,NA,Y,Y,N,60,0,0,0,1,0,0,0,0,0,-,-,NA,NA,SAN BERNARDINO,BARSTOW,-117.09542083740234,34.863155364990234
9640838,2023,2024-08-06,3604,2023-08-15,2328,718,NA,2,5,6,3604,0,0,0,NA,0,NA,ARROW BL,EDISON POLE #4013503E,52,W,N,B,-,N,NA,NA,NA,NA,NA,NA,NA,NA,NA,N,1,1,0,2,A,-,11,21954,A,F,G,B,D,A,H,-,C,D,0,Y,NA,NA,NA,Y,NA,N,60,0,0,0,1,0,0,0,0,0,-,-,NA,NA,SAN BERNARDINO,FONTANA,NA,NA
9641329,2023,2024-01-26,3600,2023-07-17,2101,J4506,HE134,1,5,5,3619,0,0,0,NA,0,HE3,RT 395,MAIN ST,243,S,N,A,-,Y,SBD,8,395,-,R,5.56,H,-,N,Y,3,0,6,5,A,-,01,23152,A,N,C,C,A,A,H,-,C,A,0,NA,NA,NA,NA,Y,Y,D,22,0,5,1,0,0,0,0,0,0,-,-,NA,NA,SAN BERNARDINO,HESPERIA,-117.40011596679688,34.425987243652344
9641337,2023,2023-12-04,3600,2023-07-17,1503,H5258,HER30,1,5,5,3619,0,0,0,NA,0,HE3,MARIPOSA RD,COYOTE TRL,385,N,N,A,-,N,NA,NA,NA,NA,NA,NA,NA,NA,NA,N,3,0,1,2,A,-,09,21801,A,N,D,C,A,A,H,-,A,D,0,NA,NA,NA,NA,Y,NA,D,22,0,1,0,0,0,0,0,0,0,-,-,NA,NA,SAN BERNARDINO,HESPERIA,NA,NA
9644284,2023,2023-12-08,3600,2023-10-19,806,F6913,RC013,4,5,6,3616,0,0,0,NA,0,003,ROCHESTER AV,VICTORIA PARK LN,0,NA,Y,A,-,N,NA,NA,NA,NA,NA,NA,NA,NA,NA,N,3,0,1,2,A,-,11,21456,A,N,D,G,A,A,H,-,A,A,0,NA,Y,NA,NA,Y,NA,L,04,0,1,0,0,0,0,1,0,0,-,-,NA,NA,SAN BERNARDINO,RANCHO CUCAMONGA,-117.54541778564452,34.128604888916016
9644349,2023,2023-12-08,3600,2023-10-17,556,I3868,AP025,2,5,5,3621,0,0,0,NA,0,AP3,BEAR VALLEY RD,REATA RD,0,NA,Y,A,-,N,NA,NA,NA,NA,NA,NA,NA,NA,NA,Y,3,0,2,3,A,-,12,21453,A,N,D,C,A,A,H,-,A,A,0,NA,NA,NA,NA,Y,NA,A,01,0,2,0,0,0,0,0,0,0,-,-,NA,NA,SAN BERNARDINO,APPLE VALLEY,-117.24524688720705,34.47100067138672
9647525,2023,2023-12-19,3600,2023-11-15,1757,H7582,RC031,3,5,6,3616,0,0,0,NA,0,RC5,CIVIC CENTER DR,HAVEN AV,840,W,N,A,C,N,NA,NA,NA,NA,NA,NA,NA,NA,NA,Y,3,0,2,2,A,-,17,24250,NA,N,B,C,A,B,H,-,C,D,0,NA,NA,NA,NA,Y,NA,A,01,0,2,0,0,0,0,0,0,0,-,-,NA,NA,SAN BERNARDINO,RANCHO CUCAMONGA,-117.57869720458984,34.10282516479492
9647648,2023,2023-12-19,3600,2023-10-09,1909,H9008,RC001,1,5,6,3616,0,0,0,NA,0,006,ETIWANDA AV,4TH ST,60,N,N,A,-,N,NA,NA,NA,NA,NA,NA,NA,NA,NA,N,4,0,1,2,A,-,12,21453,A,M,C,C,A,A,H,-,D,D,0,NA,NA,NA,NA,Y,NA,A,01,0,0,1,0,0,0,0,0,0,-,-,NA,NA,SAN BERNARDINO,RANCHO CUCAMONGA,-117.52401733398438,34.07731628417969
9647697,2023,2023-12-16,3600,2023-10-24,1532,J3264,CH065,2,5,5,3630,0,0,0,NA,0,CH4,BUTTERFIELD RANCH RD,PICASSO DR,806,E,N,A,-,N,NA,NA,NA,NA,NA,NA,NA,NA,NA,N,3,0,1,2,A,-,05,21651,B,N,G,G,A,A,H,-,A,A,0,NA,Y,NA,NA,Y,NA,L,04,0,1,0,0,0,0,1,0,0,-,-,NA,NA,SAN BERNARDINO,CHINO HILLS,-117.68826293945313,33.955448150634766
9647763,2023,2023-12-28,3604,2023-11-13,1726,1396,NA,1,5,6,3604,0,0,0,NA,0,NA,WALNUT AV,ALMERIA AV,0,NA,Y,A,-,N,NA,NA,NA,NA,NA,NA,NA,NA,NA,Y,3,0,3,2,A,-,12,22450,A,N,D,C,A,A,H,-,C,A,0,NA,NA,NA,NA,Y,NA,D,22,0,3,0,0,0,0,0,0,0,-,-,NA,NA,SAN BERNARDINO,FONTANA,-117.4599609375,34.12873077392578
9648526,2023,2024-01-03,3600,2023-08-24,2235,I5449,HE4,4,5,5,3619,0,0,0,NA,0,HE409,MAIN ST,CHOICEANA AV,768,W,N,A,-,N,NA,NA,NA,NA,NA,NA,NA,NA,NA,Y,3,0,1,2,A,-,08,22107,NA,N,E,E,A,A,H,-,C,D,0,NA,NA,NA,NA,Y,NA,A,01,0,1,0,0,0,0,0,0,0,-,-,NA,NA,SAN BERNARDINO,HESPERIA,-117.2581787109375,34.41511917114258
9648838,2023,2024-01-09,3605,2023-11-04,2025,457,NA,6,5,4,3605,0,0,0,NA,0,NA,HOLT BL,EDISON POLE #1889367E,29,E,N,A,-,N,NA,NA,NA,NA,NA,NA,NA,NA,NA,Y,4,0,1,2,A,-,09,21804,A,N,D,C,A,A,H,-,C,D,0,NA,NA,NA,NA,Y,NA,A,07,0,0,1,0,0,0,0,0,0,-,-,34.063079833984375,-117.68955230712892,SAN BERNARDINO,MONTCLAIR,NA,NA
9649046,2023,2024-01-24,3600,2023-11-09,1758,H7538,3600,4,5,3,3631,0,0,0,NA,0,0YV,BUENA VISTA DR,AVALON AV,0,NA,Y,A,-,N,NA,NA,NA,NA,NA,NA,NA,NA,NA,Y,4,0,1,2,A,-,08,22107,NA,N,D,C,A,A,H,-,D,A,0,NA,NA,NA,NA,Y,NA,A,01,0,0,1,0,0,0,0,0,0,-,-,NA,NA,SAN BERNARDINO,YUCCA VALLEY,-116.38704681396484,34.16399002075195
9649176,2023,2023-12-29,3600,2023-11-27,2003,D3381,VC071,1,5,5,3612,0,0,0,NA,0,VC4,EL EVADO RD,LUNA RD,0,NA,Y,A,-,N,NA,NA,NA,NA,NA,NA,NA,NA,NA,Y,4,0,1,2,A,-,09,21801,A,N,A,C,A,A,H,-,C,A,0,NA,NA,NA,NA,Y,NA,A,07,0,0,1,0,0,0,0,0,0,-,-,34.48503112792969,-117.34654998779295,SAN BERNARDINO,VICTORVILLE,-117.34676361083984,34.492210388183594
9649358,2023,2024-02-07,3610,2023-12-09,1337,51465,NA,6,5,6,3610,0,0,0,NA,0,NA,W 9TH ST,N MT VERNON AV,0,NA,Y,A,-,N,NA,NA,NA,NA,NA,NA,NA,NA,NA,Y,4,0,1,2,A,-,09,21800,A,N,D,C,A,A,H,-,A,A,0,NA,NA,NA,NA,Y,NA,A,01,0,0,1,0,0,0,0,0,0,-,-,34.11579132080078,-117.31382751464844,SAN BERNARDINO,SAN BERNARDINO,-117.3138427734375,34.115760803222656
9655962,2023,2024-01-30,3610,2023-12-30,1719,51326,NA,6,5,6,3610,0,0,0,NA,0,NA,W MARSHALL BLVD,N G ST,0,NA,Y,A,-,N,NA,NA,NA,NA,NA,NA,NA,NA,NA,N,3,0,1,2,A,-,12,22450,A,N,D,C,A,A,H,-,C,A,0,NA,NA,Y,NA,Y,NA,C,02,0,1,0,0,0,0,0,0,1,-,-,NA,NA,SAN BERNARDINO,SAN BERNARDINO,-117.29856872558594,34.14949035644531
9655997,2023,2024-01-30,3610,2023-12-31,756,51465,NA,7,5,6,3610,0,0,0,NA,0,NA,N F ST,W 11TH ST,90,S,N,A,-,N,NA,NA,NA,NA,NA,NA,NA,NA,NA,Y,3,0,1,2,A,-,01,23152,A,N,C,C,A,A,H,-,A,D,0,NA,NA,NA,NA,Y,Y,A,01,0,1,0,0,0,0,0,0,0,-,-,34.11915969848633,-117.29678344726563,SAN BERNARDINO,SAN BERNARDINO,-117.29641723632813,34.11917495727539