CASE_ID,ACCIDENT_YEAR,PROC_DATE,JURIS,COLLISION_DATE,COLLISION_TIME,OFFICER_ID,REPORTING_DISTRICT,DAY_OF_WEEK,CHP_SHIFT,POPULATION,CNTY_CITY_LOC,SPECIAL_COND,BEAT_TYPE,CHP_BEAT_TYPE,CITY_DIVISION_LAPD,CHP_BEAT_CLASS,BEAT_NUMBER,PRIMARY_RD,SECONDARY_RD,DISTANCE,DIRECTION,INTERSECTION,WEATHER_1,WEATHER_2,STATE_HWY_IND,CALTRANS_COUNTY,CALTRANS_DISTRICT,STATE_ROUTE,ROUTE_SUFFIX,POSTMILE_PREFIX,POSTMILE,LOCATION_TYPE,RAMP_INTERSECTION,SIDE_OF_HWY,TOW_AWAY,COLLISION_SEVERITY,NUMBER_KILLED,NUMBER_INJURED,PARTY_COUNT,PRIMARY_COLL_FACTOR,PCF_CODE_OF_VIOL,PCF_VIOL_CATEGORY,PCF_VIOLATION,PCF_VIOL_SUBSECTION,HIT_AND_RUN,TYPE_OF_COLLISION,MVIW,PED_ACTION,ROAD_SURFACE,ROAD_COND_1,ROAD_COND_2,LIGHTING,CONTROL_DEVICE,CHP_ROAD_TYPE,PEDESTRIAN_ACCIDENT,BICYCLE_ACCIDENT,MOTORCYCLE_ACCIDENT,TRUCK_ACCIDENT,NOT_PRIVATE_PROPERTY,ALCOHOL_INVOLVED,STWD_VEHTYPE_AT_FAULT,CHP_VEHTYPE_AT_FAULT,COUNT_SEVERE_INJ,COUNT_VISIBLE_INJ,COUNT_COMPLAINT_PAIN,COUNT_PED_KILLED,COUNT_PED_INJURED,COUNT_BICYCLIST_KILLED,COUNT_BICYCLIST_INJURED,COUNT_MC_KILLED,COUNT_MC_INJURED,PRIMARY_RAMP,SECONDARY_RAMP,LATITUDE,LONGITUDE,COUNTY,CITY,POINT_X,POINT_Y
6640791,2014,2016-05-06,9850,2014-09-01,0451,015860,NA,1,3,5,3612,0,1,1,NA,2,084,RT 15,STODDARD WELLS RD,3696,S,N,A,-,Y,SBD,8,15,-,-,4.37,H,-,S,Y,2,0,1,3,A,-,13,21718,NA,N,C,C,A,A,H,-,D,D,0,NA,NA,NA,Y,Y,Y,A,01,1,0,0,0,0,0,0,0,0,-,-,34.58022,-117.26883,SAN BERNARDINO,VICTORVILLE,-117.54241359,34.09613648
6633166,2014,2014-10-16,3604,2014-08-17,1831,680,NA,7,5,6,3604,0,0,0,NA,0,NA,SUMMIT,PINEHURST,0,NA,Y,A,-,N,NA,NA,NA,NA,NA,NA,NA,NA,NA,Y,3,0,1,2,A,-,09,21802,A,N,D,C,A,A,H,-,A,A,0,NA,NA,NA,NA,Y,NA,A,01,0,1,0,0,0,0,0,0,0,-,-,NA,NA,SAN BERNARDINO,FONTANA,-117.44794004,34.15038007
6633583,2014,2016-04-19,9855,2014-06-17,1930,018313,NA,2,2,6,3607,0,1,3,NA,2,601,RT 60,RT 83,900,E,N,A,-,Y,SBD,8,60,-,R,4.77,H,-,E,N,4,0,1,2,A,-,03,22350,NA,N,H,A,A,A,H,-,A,D,1,NA,NA,Y,NA,Y,NA,C,02,0,0,1,0,0,0,0,0,1,-,-,NA,NA,SAN BERNARDINO,ONTARIO,-117.64756971,34.03032614
6637209,2014,2016-05-09,9865,2014-09-13,2330,020243,NA,6,3,9,3600,0,1,3,NA,1,034,RT 18,CACTUS RD,4752,N,N,A,-,Y,SBD,8,18,-,-,60.54,H,-,S,Y,3,0,2,1,A,-,03,22350,NA,N,F,A,A,A,H,-,D,D,0,NA,NA,Y,NA,Y,NA,C,02,0,2,0,0,0,0,0,0,2,-,-,NA,NA,SAN BERNARDINO,UNINCORPORATED,-116.80456779,34.30582513
6637492,2014,2016-05-02,3608,2014-09-09,0820,3941,NA,2,5,5,3608,0,0,0,NA,0,NA,N UNIVERSITY ST,RT 10,0,NA,Y,A,-,Y,SBD,8,10,-,-,31.717,R,4,E,Y,4,0,1,2,A,-,09,21802,A,N,D,C,A,A,H,-,A,D,0,NA,NA,NA,NA,Y,NA,A,01,0,0,1,0,0,0,0,0,0,-,EF,NA,NA,SAN BERNARDINO,REDLANDS,-117.16992084,34.05790312
6666671,2014,2014-10-29,3610,2014-08-03,2001,50840,NA,7,5,6,3610,0,0,0,NA,0,NA,N WATERMAN,EAST HIGHLAND AV,0,NA,Y,A,-,N,NA,NA,NA,NA,NA,NA,NA,NA,NA,N,3,0,3,2,A,-,03,22350,NA,N,C,C,A,B,H,-,C,A,0,NA,NA,NA,NA,Y,NA,A,01,0,1,2,0,0,0,0,0,0,-,-,NA,NA,SAN BERNARDINO,SAN BERNARDINO,-117.2787601,34.13593012
6666679,2014,2014-10-28,3610,2014-08-03,2053,50607,NA,7,5,6,3610,0,0,0,NA,0,NA,N VICTORIA AV,E LYNWOOD DR,120,N,N,C,-,N,NA,NA,NA,NA,NA,NA,NA,NA,NA,Y,4,0,2,2,A,-,09,21804,NA,N,B,C,A,B,H,-,C,D,0,NA,NA,NA,NA,Y,NA,-,NA,0,0,2,0,0,0,0,0,0,-,-,NA,NA,SAN BERNARDINO,SAN BERNARDINO,-117.226,34.14702872
6668941,2014,2015-01-28,9860,2014-10-09,0816,16575,NA,4,1,5,3608,0,1,1,NA,2,105,RT 10,TENNESSEE ST,1050,E,N,A,-,Y,NA,NA,NA,NA,NA,NA,NA,NA,NA,Y,4,0,1,2,A,-,07,21658,A,N,B,C,A,A,H,-,A,D,0,NA,NA,NA,Y,Y,NA,-,-,0,0,1,0,0,0,0,0,0,-,-,NA,NA,SAN BERNARDINO,REDLANDS,-117.19735854,34.06390113
6668949,2014,2016-04-30,9860,2014-09-26,1400,019269,NA,5,2,9,3600,0,1,1,NA,2,152,RT 15,RT 138,13200,N,N,A,-,Y,SBD,8,15,-,R,23.87,H,-,S,N,4,0,1,1,A,-,17,21711,NA,N,F,A,A,A,D,H,A,D,1,NA,NA,NA,NA,Y,NA,E,22,0,0,1,0,0,0,0,0,0,-,-,34.34207,-117.48222,SAN BERNARDINO,UNINCORPORATED,-117.47817487,34.34645758
6638767,2014,2015-05-04,3600,2014-07-26,2242,E2986,AP008,6,5,5,3621,0,0,0,NA,0,NA,BEAR VALLEY RD,DEEP CREEK RD,528,W,N,A,-,N,NA,NA,NA,NA,NA,NA,NA,NA,NA,N,4,0,1,2,A,-,09,21804,A,N,D,C,A,A,H,-,C,D,0,NA,NA,NA,NA,Y,NA,A,07,0,0,1,0,0,0,0,0,0,-,-,NA,NA,SAN BERNARDINO,APPLE VALLEY,-117.22701619,34.47133247
6638775,2014,2016-04-30,3600,2014-07-12,1352,D4295,AP003,6,5,5,3621,0,0,0,NA,0,NA,RT 18,TAO,0,NA,Y,A,-,Y,SBD,8,18,-,-,93.176,I,6,S,N,4,0,1,2,A,-,21,22106,NA,N,C,C,A,A,H,-,A,A,0,NA,NA,NA,NA,Y,NA,A,07,0,0,1,0,0,0,0,0,0,-,-,NA,NA,SAN BERNARDINO,APPLE VALLEY,-117.25156673,34.53732738
6670259,2014,2014-12-17,9860,2014-10-14,0540,13945,NA,2,3,9,3600,0,1,1,NA,2,151,RT 15,KENWOOD AV,1584,S,N,A,-,Y,NA,NA,NA,NA,NA,NA,NA,NA,NA,N,4,0,2,2,A,-,03,22350,NA,N,C,C,A,A,D,-,D,D,0,NA,NA,NA,NA,Y,NA,A,01,0,0,2,0,0,0,0,0,0,-,-,NA,NA,SAN BERNARDINO,UNINCORPORATED,-117.42162135,34.23339803
6639038,2014,2014-10-14,3610,2014-06-09,2144,50648,NA,1,5,6,3610,0,0,0,NA,0,NA,E ST,33RD ST,0,NA,Y,A,-,N,NA,NA,NA,NA,NA,NA,NA,NA,NA,N,4,0,1,3,A,-,09,21802,A,N,D,C,B,A,H,-,C,A,0,Y,NA,NA,NA,Y,NA,D,22,0,0,1,0,0,0,0,0,0,-,-,NA,NA,SAN BERNARDINO,SAN BERNARDINO,-117.29406009,34.15131004
6671384,2014,2014-10-31,3610,2014-07-05,2105,50846,NA,6,5,6,3610,0,0,0,NA,0,NA,N MUSCUPIABE,W 30TH ST,20,S,N,A,-,N,NA,NA,NA,NA,NA,NA,NA,NA,NA,N,4,0,1,2,A,-,03,22350,NA,N,C,C,A,A,H,-,C,D,0,NA,NA,NA,NA,Y,NA,D,22,0,0,1,0,0,0,0,0,0,-,-,NA,NA,SAN BERNARDINO,SAN BERNARDINO,-117.30784,34.14608521
6671394,2014,2014-10-29,3607,2014-08-29,1800,15133,65,5,5,6,3607,0,0,0,NA,0,021,4TH ST,GROVE AV,150,E,N,A,-,N,NA,NA,NA,NA,NA,NA,NA,NA,NA,Y,4,0,1,2,A,-,09,21804,A,N,D,C,A,A,H,-,A,A,0,NA,NA,NA,NA,Y,NA,-,NA,0,0,1,0,0,0,0,0,0,-,-,NA,NA,SAN BERNARDINO,ONTARIO,-117.62817167,34.07769327
6640030,2014,2015-03-24,3600,2014-05-17,2139,E8290,AP001,6,5,5,3621,0,0,0,NA,0,NA,CHOCO RD,HILL DR,0,NA,Y,A,-,N,NA,NA,NA,NA,NA,NA,NA,NA,NA,Y,2,0,1,1,A,-,01,23152,NA,N,H,I,A,A,H,-,D,D,0,NA,NA,Y,NA,Y,Y,C,02,1,0,0,0,0,0,0,0,1,-,-,NA,NA,SAN BERNARDINO,APPLE VALLEY,NA,NA
6674007,2014,2014-10-31,3610,2014-08-12,1503,50548,NA,2,5,6,3610,0,0,0,NA,0,NA,E GILBERT ST,N OAKHURST ST,75,E,N,A,-,N,NA,NA,NA,NA,NA,NA,NA,NA,NA,N,4,0,1,2,A,-,05,21650,1,N,D,-,A,A,H,-,A,D,0,NA,Y,NA,NA,Y,NA,L,04,0,0,1,0,0,0,1,0,0,-,-,NA,NA,SAN BERNARDINO,SAN BERNARDINO,NA,NA
6640335,2014,2015-04-07,3610,2014-06-25,0408,50569,NA,3,5,6,3610,0,0,0,NA,0,NA,SHERWOOD LN,E MANCHESTER LN,0,NA,Y,A,-,N,NA,NA,NA,NA,NA,NA,NA,NA,NA,N,4,0,2,2,A,-,08,22107,NA,N,C,C,A,A,H,-,C,D,0,NA,NA,NA,NA,Y,NA,A,01,0,0,2,0,0,0,0,0,0,-,-,NA,NA,SAN BERNARDINO,SAN BERNARDINO,-117.28205002,34.05713008
6640726,2014,2014-10-08,3610,2014-06-10,0953,50469,NA,2,5,6,3610,0,0,0,NA,0,NA,EAST HIGHLAND AV,DEL ROSA AV,22,W,N,A,-,N,NA,NA,NA,NA,NA,NA,NA,NA,NA,Y,4,0,1,2,A,-,03,22350,NA,F,D,C,A,A,H,-,A,A,0,NA,NA,NA,NA,Y,NA,A,08,0,0,1,0,0,0,0,0,0,-,-,NA,NA,SAN BERNARDINO,SAN BERNARDINO,-117.25247248,34.13586
6665943,2014,2016-04-16,9860,2014-09-12,1545,16646,NA,5,2,4,3640,0,1,1,NA,2,106,RT 10,16TH ST,1000,E,N,A,-,Y,SBD,8,10,-,-,13.63,H,-,E,Y,3,0,1,2,A,-,07,21658,A,N,B,C,A,A,H,-,A,D,0,NA,NA,Y,NA,Y,NA,A,07,0,1,0,0,0,0,0,0,1,-,-,34.02068,-117.10263,SAN BERNARDINO,YUCAIPA,-117.48080624,34.06597168
6666054,2014,2014-11-12,3607,2014-09-18,1313,80313,58,4,5,6,3607,0,0,0,NA,0,011,MOUNTAIN AV,4TH ST,0,NA,Y,A,-,N,NA,NA,NA,NA,NA,NA,NA,NA,NA,Y,4,0,1,4,A,-,12,21453,A,N,D,C,A,A,H,-,A,A,0,NA,NA,NA,NA,Y,NA,-,NA,0,0,1,0,0,0,0,0,0,-,-,NA,NA,SAN BERNARDINO,ONTARIO,-117.67011012,34.07787005
6666058,2014,2014-11-17,3607,2014-09-18,2051,80217,68,4,5,6,3607,0,0,0,NA,0,031,VINEYARD AV,4TH ST,30,S,N,A,-,N,NA,NA,NA,NA,NA,NA,NA,NA,NA,Y,4,0,1,2,A,-,03,22350,NA,N,C,C,A,A,H,-,C,A,0,NA,NA,NA,NA,Y,NA,-,NA,0,0,1,0,0,0,0,0,0,-,-,NA,NA,SAN BERNARDINO,ONTARIO,-117.61104047,34.07749116
6642635,2014,2014-10-24,3609,2014-09-09,2307,9632,78,2,5,5,3609,0,0,0,NA,0,002,RIVERSIDE AV,EASTON AV,0,NA,Y,A,-,N,NA,NA,NA,NA,NA,NA,NA,NA,NA,Y,4,0,2,2,A,-,12,21453,A,N,D,C,A,A,H,-,C,A,0,NA,NA,NA,NA,Y,NA,A,01,0,0,2,0,0,0,0,0,0,-,-,NA,NA,SAN BERNARDINO,RIALTO,-117.37044009,34.13403002
6647276,2014,2016-04-30,9835,2014-09-21,1025,019908,NA,7,1,9,3600,0,1,1,NA,2,073,RT 15,MANIX WASH,514,N,N,A,-,Y,SBD,8,15,-,R,100.77,H,-,S,Y,4,0,1,1,A,-,08,22107,NA,N,E,I,A,A,H,-,A,D,1,NA,NA,NA,NA,Y,NA,A,01,0,0,1,0,0,0,0,0,0,-,-,NA,NA,SAN BERNARDINO,UNINCORPORATED,-116.57683133,34.99351217
6657397,2014,2015-01-23,3605,2014-09-20,1225,361,NA,6,5,4,3605,0,0,0,NA,0,NA,MONTE VISTA AV,HOLT BL,0,NA,Y,A,-,N,NA,NA,NA,NA,NA,NA,NA,NA,NA,N,4,0,2,2,A,-,12,21453,A,N,D,C,A,A,H,-,A,A,0,NA,NA,NA,NA,Y,NA,A,01,0,0,2,0,0,0,0,0,0,-,-,NA,NA,SAN BERNARDINO,MONTCLAIR,-117.69829009,34.06321001
6678997,2014,2014-11-03,3610,2014-07-28,1507,50534,NA,1,5,6,3610,0,0,0,NA,0,NA,WEST HIGHLAND AV,N WESTERN AV,0,NA,Y,A,-,N,NA,NA,NA,NA,NA,NA,NA,NA,NA,N,4,0,1,2,A,-,09,21801,A,N,G,B,B,A,H,-,A,A,0,Y,NA,NA,NA,Y,NA,A,01,0,0,1,0,1,0,0,0,0,-,-,NA,NA,SAN BERNARDINO,SAN BERNARDINO,-117.31819013,34.13608005
6679037,2014,2014-11-03,3610,2014-07-19,2000,50793,NA,6,5,6,3610,0,0,0,NA,0,NA,W 8TH ST,N F ST,20,W,N,A,-,N,NA,NA,NA,NA,NA,NA,NA,NA,NA,N,4,0,1,2,A,-,08,22107,NA,M,C,G,A,A,H,-,A,D,0,NA,Y,NA,NA,Y,Y,A,01,0,0,1,0,0,0,1,0,0,-,-,NA,NA,SAN BERNARDINO,SAN BERNARDINO,-117.29646586,34.11390885
6657966,2014,2014-12-10,3600,2014-10-08,1430,D6174,RC028,3,5,6,3616,0,0,0,NA,0,RC6,HERMOSA AV,HAMILTON ST,0,NA,Y,A,-,N,NA,NA,NA,NA,NA,NA,NA,NA,NA,N,3,0,1,2,A,-,09,21802,A,F,D,G,A,A,H,-,A,A,0,NA,Y,NA,NA,Y,NA,A,07,0,1,0,0,0,0,1,0,0,-,-,NA,NA,SAN BERNARDINO,RANCHO CUCAMONGA,-117.58476005,34.13127008
6658409,2014,2014-11-07,3604,2014-09-03,0744,990,NA,3,5,6,3604,0,0,0,NA,0,003,VALLEY BL,CYPRESS AV,285,E,N,B,-,N,NA,NA,NA,NA,NA,NA,NA,NA,NA,Y,4,0,1,2,A,-,07,21658,A,N,B,C,A,A,D,E,A,A,0,NA,NA,NA,NA,Y,NA,A,01,0,0,1,0,0,0,0,0,0,-,-,NA,NA,SAN BERNARDINO,FONTANA,-117.44345166,34.07035782
6658429,2014,2014-11-07,3604,2014-09-02,1623,744,NA,2,5,6,3604,0,0,0,NA,0,NA,SIERRA AV,RIVERSIDE AV,440,S,N,A,-,N,NA,NA,NA,NA,NA,NA,NA,NA,NA,N,4,0,2,2,A,-,03,22350,NA,N,C,C,A,A,H,-,A,A,0,NA,NA,NA,NA,Y,NA,D,22,0,0,2,0,0,0,0,0,0,-,-,NA,NA,SAN BERNARDINO,FONTANA,-117.43626205,34.17768442
6681390,2014,2014-11-14,3605,2014-09-29,1313,362,NA,1,5,4,3605,0,0,0,NA,0,NA,MISSION BL,RAMONA AV,0,NA,Y,A,-,N,NA,NA,NA,NA,NA,NA,NA,NA,NA,Y,3,0,2,2,A,-,12,21453,A,N,D,C,A,A,H,-,A,A,0,NA,NA,NA,NA,Y,NA,A,01,0,1,1,0,0,0,0,0,0,-,-,NA,NA,SAN BERNARDINO,MONTCLAIR,-117.70691013,34.05604008
6640465,2014,2014-10-07,3610,2014-05-20,1445,50829,NA,2,5,6,3610,0,0,0,NA,0,NA,E FOOTHILL DR,N STERLING DR,0,NA,Y,A,-,N,NA,NA,NA,NA,NA,NA,NA,NA,NA,Y,4,0,1,1,A,-,01,23152,A,N,E,I,A,A,H,-,A,A,0,NA,NA,NA,NA,Y,Y,A,01,0,0,1,0,0,0,0,0,0,-,-,NA,NA,SAN BERNARDINO,SAN BERNARDINO,-117.24370009,34.15754007
6659924,2014,2016-04-30,3600,2014-08-22,2004,D6903,AD107,5,5,3,3613,0,0,0,NA,0,001,RT 395,RANCHO RD,224,S,N,A,-,Y,SBD,8,395,-,-,14.75,H,-,N,Y,3,0,2,2,A,-,01,23152,A,N,A,C,A,A,H,-,D,D,0,NA,NA,NA,NA,Y,Y,D,22,0,2,0,0,0,0,0,0,0,-,-,NA,NA,SAN BERNARDINO,ADELANTO,-117.40510652,34.55877271
6661676,2014,2014-11-17,3603,2014-09-12,1353,CL4127,COLTO,5,5,4,3603,0,0,0,NA,0,003,WALNUT ST,CONGRESS ST,186,N,N,A,-,N,NA,NA,NA,NA,NA,NA,NA,NA,NA,N,3,0,2,4,A,-,17,21701,NA,N,A,C,A,A,H,-,A,D,0,NA,NA,NA,NA,Y,NA,A,01,0,2,0,0,0,0,0,0,0,-,-,NA,NA,SAN BERNARDINO,COLTON,-117.32982744,34.05628937
6664966,2014,2014-12-17,3609,2014-10-02,0713,1041,170,4,5,5,3609,0,0,0,NA,0,003,CACTUS AV,RANDALL AV,0,NA,Y,A,-,N,NA,NA,NA,NA,NA,NA,NA,NA,NA,Y,3,0,2,2,A,-,09,21801,A,N,D,C,A,A,H,-,A,A,0,NA,NA,NA,NA,Y,NA,A,01,0,1,1,0,0,0,0,0,0,-,-,NA,NA,SAN BERNARDINO,RIALTO,-117.38343004,34.08499011
6665006,2014,2014-12-17,3609,2014-10-01,1946,9632,144,3,5,5,3609,0,0,0,NA,0,003,MERRILL AV,EDISON POLE #4388632E,99,E,N,A,-,N,NA,NA,NA,NA,NA,NA,NA,NA,NA,N,3,0,1,2,A,-,11,21956,A,N,G,B,E,A,H,-,C,D,0,Y,NA,NA,NA,Y,NA,N,60,0,1,0,0,1,0,0,0,0,-,-,NA,NA,SAN BERNARDINO,RIALTO,NA,NA
6665381,2014,2016-05-09,9860,2014-09-29,1618,16651,NA,1,2,9,3600,0,1,1,NA,2,152,RT 15,OAK HILL RD,1398,S,N,A,-,Y,SBD,8,15,-,R,26.52,H,-,N,Y,3,0,1,1,A,-,08,22107,NA,N,F,A,A,A,D,-,A,D,1,NA,NA,NA,NA,Y,NA,A,07,0,1,0,0,0,0,0,0,0,-,-,34.2132,-117.2609,SAN BERNARDINO,UNINCORPORATED,-117.43598477,34.35891632
6691881,2014,2014-11-21,3610,2014-07-15,1700,50569,NA,2,5,6,3610,0,0,0,NA,0,NA,NORTH SIERRA WY,WEST MAGNOLIA AV,161,S,N,A,-,N,NA,NA,NA,NA,NA,NA,NA,NA,NA,N,4,0,1,2,A,-,09,21804,NA,F,H,G,A,A,H,-,A,D,0,NA,Y,NA,NA,Y,NA,-,NA,0,0,1,0,0,0,1,0,0,-,-,NA,NA,SAN BERNARDINO,SAN BERNARDINO,-117.28515,34.12625894
6666132,2014,2016-05-02,9860,2014-09-16,1214,013945,NA,2,1,6,3610,0,1,1,NA,2,216,RT 215,UNIVERSITY PKWY,4224,S,N,A,-,Y,SBD,8,215,-,-,10.83,H,-,N,Y,3,0,3,2,A,-,03,22350,NA,N,C,C,A,A,H,-,A,D,1,NA,NA,NA,NA,Y,NA,A,01,0,1,2,0,0,0,0,0,0,-,-,34.15493,-117.32517,SAN BERNARDINO,SAN BERNARDINO,-117.32530267,34.15487034
6666159,2014,2016-05-05,9850,2014-09-27,0345,014858,NA,6,3,5,3619,0,1,1,NA,2,082,RT 15,MAIN ST,725,S,N,A,-,Y,SBD,8,15,-,-,33.86,H,-,N,Y,4,0,1,2,A,-,03,22350,NA,N,D,C,A,A,C,-,D,D,1,NA,NA,NA,NA,Y,NA,A,01,0,0,1,0,0,0,0,0,0,-,-,34.4237,-117.38232000000001,SAN BERNARDINO,HESPERIA,-117.38160381,34.42500273
6666649,2014,2014-11-17,3600,2014-09-14,1952,D4301,HE313,7,5,5,3619,0,0,0,NA,0,005,5TH AV,SULTANA ST,0,NA,Y,A,-,N,NA,NA,NA,NA,NA,NA,NA,NA,NA,Y,4,0,1,2,A,-,09,21802,A,N,D,C,A,A,H,-,C,D,0,NA,NA,NA,NA,Y,NA,A,01,0,0,1,0,0,0,0,0,0,-,-,NA,NA,SAN BERNARDINO,HESPERIA,-117.31250008,34.41579006
6669472,2014,2016-04-30,9855,2014-09-23,0735,012210,NA,2,1,6,3607,0,1,1,NA,2,103,RT 10,ARCHIBALD AV,1650,E,N,A,-,Y,SBD,8,10,-,-,7.47,H,-,W,Y,4,0,1,5,A,-,03,22350,NA,F,C,C,A,A,H,-,A,D,1,NA,NA,NA,NA,Y,NA,A,01,0,0,1,0,0,0,0,0,0,-,-,NA,NA,SAN BERNARDINO,ONTARIO,-117.58793454,34.06771901
6669831,2014,2016-05-06,9855,2014-09-29,1745,018313,NA,1,2,6,3607,0,1,3,NA,2,601,RT 60,HAVEN AV,800,W,N,A,-,Y,SBD,8,60,-,R,8.76,H,-,W,N,3,0,1,2,A,-,03,22350,NA,N,C,C,A,A,H,-,A,D,1,NA,NA,NA,NA,Y,NA,A,01,0,1,0,0,0,0,0,0,0,-,-,34.02992,-117.57921,SAN BERNARDINO,ONTARIO,-117.57815963,34.02973255
6696932,2014,2015-01-26,9860,2014-10-07,1525,13665,NA,2,2,9,3600,0,1,1,NA,2,152,RT 15,OAK HILL RD,10560,S,N,A,-,Y,NA,NA,15,NA,NA,NA,NA,NA,NA,N,4,0,1,2,A,-,03,22350,NA,F,C,C,A,A,D,-,A,D,0,NA,NA,NA,Y,Y,NA,G,25,0,0,1,0,0,0,0,0,0,-,-,34.34462,-117.44757,SAN BERNARDINO,UNINCORPORATED,-117.4475056,34.34441369
6670580,2014,2015-05-26,3600,2014-09-03,1350,C8664,AD302,3,5,3,3613,0,0,0,NA,0,AD2,BELLFLOWER ST,IRIS AV,0,NA,Y,A,-,N,NA,NA,NA,NA,NA,NA,NA,NA,NA,N,4,0,2,2,A,-,03,22350,NA,N,C,C,A,A,H,-,A,D,0,NA,NA,NA,NA,Y,NA,A,01,0,0,2,0,0,0,0,0,0,-,-,NA,NA,SAN BERNARDINO,ADELANTO,NA,NA
6699164,2014,2014-11-18,3607,2014-10-10,1918,80279,86,5,5,6,3607,0,0,0,NA,0,011,MOUNTAIN AV,I ST,30,N,N,A,-,N,NA,NA,NA,NA,NA,NA,NA,NA,NA,N,4,0,2,3,A,-,03,22350,NA,N,C,C,A,A,H,-,C,A,0,NA,NA,NA,NA,Y,NA,-,NA,0,0,2,0,0,0,0,0,0,-,-,NA,NA,SAN BERNARDINO,ONTARIO,-117.67009152,34.07428221
6671560,2014,2014-10-30,3610,2014-07-27,2303,50852,NA,7,5,6,3610,0,0,0,NA,0,NA,W SHERIDAN RD,BROOKFIELD,450,W,N,A,-,N,NA,NA,NA,NA,NA,NA,NA,NA,NA,Y,3,0,1,3,A,-,08,22107,NA,N,G,J,F,A,H,-,C,A,0,Y,NA,NA,NA,Y,NA,A,01,0,1,0,0,1,0,0,0,0,-,-,NA,NA,SAN BERNARDINO,SAN BERNARDINO,-117.32323214,34.17134031
6675879,2014,2014-11-10,3604,2014-09-15,0742,990,NA,1,5,6,3604,0,0,0,NA,0,003,LOCUST AV,ORANGE WY,178,S,N,A,-,N,NA,NA,NA,NA,NA,NA,NA,NA,NA,Y,4,0,2,2,A,-,03,22350,NA,N,C,C,A,A,H,-,A,A,0,NA,NA,NA,NA,Y,NA,D,22,0,0,2,0,0,0,0,0,0,-,-,NA,NA,SAN BERNARDINO,FONTANA,-117.40964,34.09589229
6676743,2014,2014-12-16,9850,2014-10-09,2120,019278,NA,4,2,5,3619,0,1,1,NA,2,081,RT 15,RT 395,830,S,N,A,-,Y,NA,NA,NA,NA,NA,NA,NA,NA,NA,N,4,0,1,2,A,-,03,22350,NA,N,C,C,A,A,H,-,C,D,0,NA,NA,NA,NA,Y,NA,A,08,0,0,1,0,0,0,0,0,0,-,-,34.3915,-117.4028,SAN BERNARDINO,HESPERIA,NA,NA
6677027,2014,2014-12-30,9834,2014-10-10,0027,018343,NA,5,3,9,3600,0,1,1,NA,2,044,RT 40,WATER RD,26400,E,N,A,-,Y,NA,NA,40,NA,NA,NA,NA,NA,NA,N,3,0,1,1,A,-,13,22515,A,N,H,A,A,A,H,-,D,D,0,NA,NA,NA,Y,Y,NA,G,25,0,1,0,0,0,0,0,0,0,-,-,34.85635,-114.88183,SAN BERNARDINO,UNINCORPORATED,-114.88183805,34.85638169
6678280,2014,2015-12-18,9835,2014-09-14,2225,20434,NA,7,3,9,3600,0,3,5,NA,2,034,NATIONAL TRAILS HWY,CAMP ROCK RD,5280,E,N,A,-,N,NA,NA,NA,NA,NA,NA,NA,NA,NA,Y,1,1,0,1,A,-,08,22107,NA,N,E,I,A,A,H,-,D,D,0,NA,NA,NA,NA,Y,Y,A,08,0,0,0,0,0,0,0,0,0,-,-,34.8668,-116.7913,SAN BERNARDINO,UNINCORPORATED,-116.85748901,34.85526135
6678372,2017,2019-04-05,3602,2017-04-30,2047,3060,NA,7,5,5,3602,0,0,0,NA,0,005,KIMBALL AV,MILL CREEK AV,525,W,N,A,-,N,NA,NA,NA,NA,NA,NA,NA,NA,NA,Y,1,1,0,1,A,-,03,22350,NA,N,E,I,A,A,H,-,C,A,0,NA,NA,Y,NA,Y,NA,C,02,0,0,0,0,0,0,0,1,0,-,-,NA,NA,SAN BERNARDINO,CHINO,-117.63394685,33.96857719
6678666,2014,2016-04-30,9835,2014-09-28,0930,017180,NA,7,1,9,3600,0,1,1,NA,2,043,RT 40,HECTOR RD,1584,W,N,A,-,Y,SBD,8,40,-,R,32.17,H,-,W,Y,2,0,4,1,A,-,08,22107,NA,N,F,A,A,A,H,-,A,D,1,NA,NA,NA,NA,Y,NA,D,22,1,2,1,0,0,0,0,0,0,-,-,NA,NA,SAN BERNARDINO,UNINCORPORATED,-116.45865786,34.78889554
6678730,2014,2014-11-07,3610,2014-09-12,1554,50343,NA,5,5,6,3610,0,0,0,NA,0,NA,SPRUCE ST,J ST,628,W,N,A,-,N,NA,NA,NA,NA,NA,NA,NA,NA,NA,N,3,0,1,3,A,-,-,NA,NA,N,D,C,A,A,H,-,A,D,0,NA,NA,NA,NA,Y,NA,D,22,0,1,0,0,0,0,0,0,0,-,-,NA,NA,SAN BERNARDINO,SAN BERNARDINO,-117.30766832,34.10927207
6707009,2014,2014-12-08,9860,2014-10-10,2015,20559,NA,5,2,9,3600,0,1,3,NA,1,010,RT 138,RT 15,975,E,N,A,-,Y,NA,NA,138,NA,NA,NA,NA,NA,NA,Y,4,0,1,2,A,-,05,21651,A,N,D,C,A,A,H,-,D,D,0,NA,NA,Y,NA,Y,NA,D,22,0,0,1,0,0,0,0,0,1,-,-,34.3121,-117.4712,SAN BERNARDINO,UNINCORPORATED,-117.47119591,34.31205634
6678989,2014,2014-11-18,3610,2014-07-24,1512,50846,NA,4,5,6,3610,0,0,0,NA,0,NA,EAST HIGHLAND AV,N PALM AV,0,NA,Y,A,-,N,NA,NA,NA,NA,NA,NA,NA,NA,NA,Y,3,0,1,2,A,-,12,21453,A,N,D,C,A,A,H,-,A,A,0,NA,NA,NA,NA,Y,NA,-,-,0,1,0,0,0,0,0,0,0,-,-,NA,NA,SAN BERNARDINO,SAN BERNARDINO,-117.20876001,34.13577011
6679512,2014,2014-11-04,3610,2014-05-29,1726,50481,NA,4,5,6,3610,0,0,0,NA,0,NA,WEST 2ND,NORTH ARROWHEAD AV,0,NA,Y,A,-,N,NA,NA,NA,NA,NA,NA,NA,NA,NA,Y,3,0,3,3,A,-,12,21453,A,N,D,C,A,A,H,-,A,A,0,NA,NA,NA,NA,Y,NA,A,01,0,1,2,0,0,0,0,0,0,-,-,NA,NA,SAN BERNARDINO,SAN BERNARDINO,-117.28965001,34.10271008
6679931,2014,2016-04-06,3608,2014-10-17,1841,2916,NA,5,5,5,3608,0,0,0,NA,0,NA,PEARL AV,ORANGE ST,0,NA,Y,A,-,N,NA,NA,NA,NA,NA,NA,NA,NA,NA,Y,4,0,2,3,A,-,09,21801,A,N,D,C,A,A,H,-,C,A,0,NA,NA,NA,NA,Y,NA,A,01,0,0,2,0,0,0,0,0,0,-,-,NA,NA,SAN BERNARDINO,REDLANDS,-117.18255011,34.06133007