CASE_ID,ACCIDENT_YEAR,PROC_DATE,JURIS,COLLISION_DATE,COLLISION_TIME,OFFICER_ID,REPORTING_DISTRICT,DAY_OF_WEEK,CHP_SHIFT,POPULATION,CNTY_CITY_LOC,SPECIAL_COND,BEAT_TYPE,CHP_BEAT_TYPE,CITY_DIVISION_LAPD,CHP_BEAT_CLASS,BEAT_NUMBER,PRIMARY_RD,SECONDARY_RD,DISTANCE,DIRECTION,INTERSECTION,WEATHER_1,WEATHER_2,STATE_HWY_IND,CALTRANS_COUNTY,CALTRANS_DISTRICT,STATE_ROUTE,ROUTE_SUFFIX,POSTMILE_PREFIX,POSTMILE,LOCATION_TYPE,RAMP_INTERSECTION,SIDE_OF_HWY,TOW_AWAY,COLLISION_SEVERITY,NUMBER_KILLED,NUMBER_INJURED,PARTY_COUNT,PRIMARY_COLL_FACTOR,PCF_CODE_OF_VIOL,PCF_VIOL_CATEGORY,PCF_VIOLATION,PCF_VIOL_SUBSECTION,HIT_AND_RUN,TYPE_OF_COLLISION,MVIW,PED_ACTION,ROAD_SURFACE,ROAD_COND_1,ROAD_COND_2,LIGHTING,CONTROL_DEVICE,CHP_ROAD_TYPE,PEDESTRIAN_ACCIDENT,BICYCLE_ACCIDENT,MOTORCYCLE_ACCIDENT,TRUCK_ACCIDENT,NOT_PRIVATE_PROPERTY,ALCOHOL_INVOLVED,STWD_VEHTYPE_AT_FAULT,CHP_VEHTYPE_AT_FAULT,COUNT_SEVERE_INJ,COUNT_VISIBLE_INJ,COUNT_COMPLAINT_PAIN,COUNT_PED_KILLED,COUNT_PED_INJURED,COUNT_BICYCLIST_KILLED,COUNT_BICYCLIST_INJURED,COUNT_MC_KILLED,COUNT_MC_INJURED,PRIMARY_RAMP,SECONDARY_RAMP,LATITUDE,LONGITUDE,COUNTY,CITY,POINT_X,POINT_Y
6735071,2014,2016-05-05,9855,2014-09-13,2351,19495,NA,6,3,5,3602,0,1,3,NA,2,603,RT 60,CENTRAL AV,1000,E,N,A,-,Y,SBD,8,60,-,R,2.56,H,-,W,Y,3,0,1,1,A,-,01,23152,A,N,E,I,A,A,H,-,C,D,1,NA,NA,NA,NA,Y,Y,A,01,0,1,0,0,0,0,0,0,0,-,-,34.03,-117.684,SAN BERNARDINO,CHINO,-117.68605697,34.03040103
6724798,2014,2015-02-19,3607,2014-10-16,1110,14997,NA,4,5,6,3607,0,0,0,NA,0,NA,CONCOURS ST,ONTARIO CNTR PKWY,0,NA,Y,A,-,N,NA,NA,NA,NA,NA,NA,NA,NA,NA,Y,4,0,1,2,A,-,12,21453,A,N,D,C,A,A,H,-,A,A,0,NA,NA,NA,NA,Y,NA,-,NA,0,0,1,0,0,0,0,0,0,-,-,NA,NA,SAN BERNARDINO,ONTARIO,-117.56921012,34.07186011
6760585,2014,2015-01-23,9860,2014-11-12,2326,18131,NA,3,3,4,3603,0,1,1,NA,2,102,RT 10,PEPPER AV,540,W,N,A,-,Y,NA,NA,10,NA,NA,NA,NA,NA,NA,Y,4,0,1,1,A,-,03,22350,NA,N,C,C,A,A,H,-,D,D,0,NA,NA,NA,NA,Y,NA,A,01,0,0,1,0,0,0,0,0,0,-,-,34.06869,-117.35727,SAN BERNARDINO,COLTON,-117.3572729,34.06886799
6735081,2014,2015-02-06,3600,2014-12-10,1203,D3560,HE105,3,5,5,3619,0,0,0,NA,0,HE1,HESPERIA RD,SEQUOIA ST,0,NA,Y,A,-,N,NA,NA,NA,NA,NA,NA,NA,NA,NA,N,4,0,2,2,A,-,09,21801,A,N,D,C,A,A,H,-,A,A,0,NA,NA,NA,NA,Y,NA,-,NA,0,0,2,0,0,0,0,0,0,-,-,NA,NA,SAN BERNARDINO,HESPERIA,-117.29233002,34.4690701
6726062,2014,2014-12-09,3611,2014-07-14,1141,2488,3611,1,5,5,3611,0,0,0,NA,0,001,15TH ST,EUCLID AV,0,NA,Y,A,-,N,NA,NA,NA,NA,NA,NA,NA,NA,NA,N,3,0,1,2,A,-,09,21802,A,N,D,G,A,A,H,-,A,D,0,NA,Y,NA,NA,Y,NA,A,07,0,1,0,0,0,0,1,0,0,-,-,NA,NA,SAN BERNARDINO,UPLAND,-117.6513801,34.11791002
6735110,2014,2015-02-06,3604,2014-12-19,1637,948,NA,5,5,6,3604,0,0,0,NA,0,NA,CITRUS AV,ARROW BL,530,S,N,A,-,N,NA,NA,NA,NA,NA,NA,NA,NA,NA,N,4,0,1,2,A,-,03,22350,NA,N,C,C,A,A,H,-,B,A,0,NA,NA,NA,NA,Y,NA,A,08,0,0,1,0,0,0,0,0,0,-,-,NA,NA,SAN BERNARDINO,FONTANA,-117.45365,34.09784777
6726188,2014,2014-12-09,3611,2014-07-26,1037,1970,NA,6,5,5,3611,0,0,0,NA,0,004,ARROW HWY,BIKE PATH,0,NA,Y,A,-,N,NA,NA,NA,NA,NA,NA,NA,NA,NA,N,3,0,1,2,A,-,09,21804,A,N,D,G,A,A,H,-,A,A,0,NA,Y,NA,NA,Y,NA,A,01,0,1,0,0,0,0,1,0,0,-,-,NA,NA,SAN BERNARDINO,UPLAND,NA,NA
6726240,2014,2014-12-09,3611,2014-07-28,1719,2520,3611,1,5,5,3611,0,0,0,NA,0,001,MOUNTAIN AV,16TH ST,0,NA,Y,A,-,N,NA,NA,NA,NA,NA,NA,NA,NA,NA,N,3,0,1,2,D,-,00,NA,NA,N,D,G,A,A,H,-,A,A,0,NA,Y,NA,NA,Y,NA,-,-,0,1,0,0,0,0,1,0,0,-,-,NA,NA,SAN BERNARDINO,UPLAND,-117.67037012,34.12152006
6769050,2015,2016-10-13,9860,2015-03-14,0055,20051,NA,6,3,6,3610,0,1,1,NA,2,103,RT 10,WATERMAN AV,450,W,N,A,-,Y,SBD,8,10,-,-,25.17,H,-,E,Y,3,0,1,2,A,-,03,22350,NA,N,C,C,A,A,H,-,D,D,1,NA,NA,NA,NA,Y,NA,A,07,0,1,0,0,0,0,0,0,0,-,-,34.06387,-117.28215,SAN BERNARDINO,SAN BERNARDINO,-117.28060436,34.06401167
6735235,2015,2015-02-23,3604,2015-01-04,2010,1149,NA,7,5,6,3604,0,0,0,NA,0,NA,SIERRA,PERMANENTE,0,NA,Y,A,-,N,NA,NA,NA,NA,NA,NA,NA,NA,NA,N,4,0,1,2,A,-,09,21453,C,N,A,C,A,A,H,-,C,A,0,NA,NA,NA,NA,Y,NA,D,22,0,0,1,0,0,0,0,0,0,-,-,NA,NA,SAN BERNARDINO,FONTANA,-117.43567005,34.07263003
6737789,2014,2015-01-21,9860,2014-11-11,1835,19251,NA,2,2,6,3610,0,1,1,NA,2,152,RT 15 S,BRAKE CHECK,2640,S,N,A,-,Y,NA,NA,NA,NA,NA,NA,NA,NA,NA,Y,4,0,2,3,A,-,03,22350,NA,N,C,C,A,A,D,-,C,D,0,NA,NA,NA,NA,Y,NA,D,22,0,0,2,0,0,0,0,0,0,-,-,34.3205,-117.48217,SAN BERNARDINO,SAN BERNARDINO,NA,NA
6743882,2014,2015-02-05,3600,2014-12-02,1830,D5272,RC051,2,5,6,3616,0,0,0,NA,0,002,HELLMAN AV,9TH ST,0,NA,Y,C,-,N,NA,NA,NA,NA,NA,NA,NA,NA,NA,Y,4,0,2,3,A,-,09,21802,A,N,D,C,A,B,H,-,C,A,0,NA,NA,NA,NA,Y,NA,D,22,0,0,2,0,0,0,0,0,0,-,-,NA,NA,SAN BERNARDINO,RANCHO CUCAMONGA,-117.60231005,34.09570011
6745613,2014,2015-01-26,9855,2014-11-08,1645,017313,NA,6,2,6,3616,0,1,1,NA,2,152,RT 15,ARROW RTE,1584,S,N,A,-,Y,NA,NA,NA,NA,NA,NA,NA,NA,NA,Y,3,0,4,3,A,-,03,22350,NA,N,C,C,A,A,H,-,A,D,0,NA,NA,NA,NA,Y,NA,A,01,0,2,2,0,0,0,0,0,0,-,-,NA,NA,SAN BERNARDINO,RANCHO CUCAMONGA,-117.54283435,34.09529102
6746589,2014,2015-01-28,3608,2014-11-29,2043,2916,NA,6,5,5,3608,0,0,0,NA,0,NA,LUGONIA AV,BERKELEY DR,0,NA,Y,A,-,Y,NA,NA,NA,NA,NA,NA,NA,NA,NA,Y,4,0,2,2,A,-,01,23152,A,N,D,C,A,A,H,-,C,A,0,NA,NA,NA,NA,Y,Y,D,22,0,0,2,0,0,0,0,0,0,-,-,NA,NA,SAN BERNARDINO,REDLANDS,-117.17114004,34.07019003
6773404,2014,2015-02-18,3609,2014-12-18,0108,8510,3609,4,5,5,3609,0,0,0,NA,0,001,ALDER AV,RENAISSANCE PKWY,298,S,N,A,-,N,NA,NA,NA,NA,NA,NA,NA,NA,NA,N,3,0,4,1,A,-,01,23153,A,N,F,J,A,A,H,-,D,A,0,NA,NA,NA,NA,Y,Y,A,07,0,4,0,0,0,0,0,0,0,-,-,NA,NA,SAN BERNARDINO,RIALTO,-117.41846052,34.13338362
6746655,2014,2015-07-06,9850,2014-11-22,1035,13061,NA,6,1,5,3621,0,1,3,NA,2,034,RT 18,BEAR VALLEY RD,0,NA,Y,A,-,Y,NA,NA,NA,NA,NA,NA,NA,NA,NA,Y,3,0,2,2,A,-,09,21801,A,N,A,C,A,A,H,-,A,D,0,NA,NA,NA,NA,Y,NA,A,01,0,2,0,0,0,0,0,0,0,-,-,34.47371,-117.12534,SAN BERNARDINO,APPLE VALLEY,-117.12531003,34.47374001
6746813,2014,2015-01-26,9850,2014-11-30,1759,020899,NA,7,2,5,3612,0,1,1,NA,2,082,RT 15,NISQUALLI RD,1320,S,N,A,-,Y,NA,NA,15,NA,NA,NA,NA,NA,NA,Y,4,0,1,2,A,-,03,22350,NA,N,C,C,A,A,H,-,C,D,0,NA,NA,NA,NA,Y,NA,A,01,0,0,1,0,0,0,0,0,0,-,-,34.48458,-117.33595,SAN BERNARDINO,VICTORVILLE,-117.33600055,34.48461134
6777017,2014,2015-01-28,3600,2014-11-05,1254,C8621,AP018,3,5,5,3621,0,0,0,NA,0,NA,NAVAJO RD,BEAR VALLEY RD,0,NA,Y,A,-,N,NA,NA,NA,NA,NA,NA,NA,NA,NA,N,4,0,3,2,A,-,03,22350,NA,N,C,C,A,A,H,-,A,A,0,NA,NA,NA,NA,Y,NA,-,NA,0,0,3,0,0,0,0,0,0,-,-,NA,NA,SAN BERNARDINO,APPLE VALLEY,-117.19017002,34.47150003
6777020,2014,2015-01-28,3611,2014-11-05,1826,2401,NA,3,5,5,3611,0,0,0,NA,0,001,FOOTHILL BL,EUCLID AV,250,W,N,A,-,N,NA,NA,NA,NA,NA,NA,NA,NA,NA,N,4,0,1,2,A,-,11,21954,A,N,G,B,D,A,H,-,C,D,0,Y,NA,NA,NA,Y,NA,N,60,0,0,1,0,1,0,0,0,0,-,-,NA,NA,SAN BERNARDINO,UPLAND,-117.6525337,34.10674
6748822,2014,2016-06-20,3600,2014-12-05,2035,D3381,VC042,5,5,5,3612,0,0,0,NA,0,VC1,D ST,HESPERIA RD,0,NA,Y,A,-,Y,SBD,8,18,-,-,95.65,I,5,N,Y,3,0,1,1,A,-,01,23152,A,N,E,I,A,A,H,-,C,A,0,NA,NA,NA,NA,Y,Y,D,22,0,1,0,0,0,0,0,0,0,-,-,NA,NA,SAN BERNARDINO,VICTORVILLE,-117.29108007,34.53501196
6760523,2014,2015-07-17,9860,2014-12-09,1710,18262,NA,2,2,4,3603,0,1,1,NA,2,103,RT 10,9TH ST,1584,W,N,A,-,Y,NA,NA,10,NA,NA,NA,NA,NA,NA,Y,4,0,1,2,A,-,07,21658,A,N,C,C,A,A,H,-,D,D,0,NA,NA,NA,Y,Y,NA,A,01,0,0,1,0,0,0,0,0,0,-,-,34.06602,-117.32876,SAN BERNARDINO,COLTON,-117.32875503,34.06614791
6736524,2014,2014-12-23,3611,2014-07-14,2129,1529,NA,1,5,5,3611,0,0,0,NA,0,002,W 8TH ST,PALM AV,0,NA,Y,A,-,N,NA,NA,NA,NA,NA,NA,NA,NA,NA,Y,3,0,1,2,A,-,11,21950,B,N,G,B,D,A,H,-,C,D,0,Y,NA,NA,NA,Y,NA,N,60,0,1,0,0,1,0,0,0,0,-,-,NA,NA,SAN BERNARDINO,UPLAND,-117.65365012,34.09246003
6777683,2014,2015-01-28,3610,2014-11-21,0729,50790,NA,5,5,6,3610,0,0,0,NA,0,NA,N MTN VIEW AV,W 13TH ST,0,NA,Y,A,-,N,NA,NA,NA,NA,NA,NA,NA,NA,NA,N,4,0,1,2,A,-,10,21950,A,F,G,B,B,A,H,-,D,A,0,Y,NA,NA,NA,Y,NA,A,08,0,0,1,0,1,0,0,0,0,-,-,NA,NA,SAN BERNARDINO,SAN BERNARDINO,-117.28742004,34.12331005
6737923,2014,2015-01-21,9860,2014-11-08,1400,20725,NA,6,2,9,3600,0,2,4,NA,2,411,CEDAR AV,7TH ST,0,NA,Y,A,-,N,NA,NA,NA,NA,NA,NA,NA,NA,NA,N,4,0,2,2,A,-,12,21453,A,N,D,C,A,A,H,-,A,A,0,NA,NA,NA,NA,Y,NA,A,01,0,0,2,0,0,0,0,0,0,-,-,34.225,-117.2346,SAN BERNARDINO,UNINCORPORATED,-117.39645,34.040286
6737997,2014,2015-01-20,9860,2014-11-02,0230,20626,NA,7,3,4,3603,0,1,1,NA,2,214,RT 215,WASHINGTON ST,1350,N,N,A,-,Y,NA,NA,215,NA,NA,NA,NA,NA,NA,Y,2,0,2,2,A,-,03,22350,NA,N,C,C,A,A,D,-,C,D,0,NA,NA,NA,NA,Y,Y,A,01,2,0,0,0,0,0,0,0,0,-,-,34.04997,-117.30394,SAN BERNARDINO,COLTON,-117.30397661,34.05002333
6741836,2014,2014-12-18,9855,2014-08-30,1115,016051,NA,6,1,9,3600,0,3,5,NA,2,004,EAST END AV,RIVERSIDE DR,688,S,N,A,-,N,NA,NA,NA,NA,NA,NA,NA,NA,NA,Y,4,0,2,2,A,-,03,22350,NA,N,C,C,A,A,H,-,A,D,0,NA,NA,NA,NA,Y,NA,A,01,0,0,2,0,0,0,0,0,0,-,-,34.18831,-117.72418,SAN BERNARDINO,UNINCORPORATED,-117.72416079,34.01697431
6742856,2014,2015-02-04,3600,2014-05-25,0356,F5197,NE001,7,5,2,3606,0,0,0,NA,0,NA,NEEDLES HWY,BUDWEISER RD,5280,S,N,A,-,N,NA,NA,NA,NA,NA,NA,NA,NA,NA,Y,3,0,1,1,A,-,03,22350,NA,N,A,I,A,A,H,-,C,A,0,NA,NA,NA,NA,Y,Y,D,22,0,1,0,0,0,0,0,0,0,-,-,NA,NA,SAN BERNARDINO,NEEDLES,-114.64503156,34.89523894
6772398,2014,2015-02-12,9834,2014-12-25,2205,018921,NA,4,3,9,3600,0,1,1,NA,2,040,RT 40,KELBAKER RD,36960,E,N,A,-,Y,NA,NA,40,NA,NA,NA,NA,NA,NA,Y,4,0,1,1,A,-,08,22107,NA,N,F,A,A,A,H,-,D,D,0,NA,NA,NA,NA,Y,NA,D,22,0,0,1,0,0,0,0,0,0,-,-,34.73601,-115.54968,SAN BERNARDINO,UNINCORPORATED,-115.54966057,34.7359587
6773341,2014,2015-02-12,9850,2014-12-27,1039,020848,NA,6,1,9,3600,0,1,3,NA,2,042,RT 18,MIDWAY AV,303,E,N,A,-,Y,NA,NA,18,NA,NA,NA,NA,NA,NA,Y,2,0,2,1,A,-,08,22107,NA,N,E,I,A,A,H,-,A,D,0,NA,NA,NA,NA,Y,NA,A,07,1,0,1,0,0,0,0,0,0,-,-,34.41117,-116.90229,SAN BERNARDINO,UNINCORPORATED,-116.90237771,34.41104279
6752066,2014,2015-02-04,3600,2014-12-12,1803,D3381,VC023,5,5,5,3612,0,0,0,NA,0,VC3,HESPERIA RD,JASMINE ST,0,NA,Y,A,-,N,NA,NA,NA,NA,NA,NA,NA,NA,NA,Y,3,0,4,2,A,-,09,21453,C,N,D,C,A,A,H,-,C,A,0,NA,NA,NA,NA,Y,Y,D,22,0,1,3,0,0,0,0,0,0,-,-,NA,NA,SAN BERNARDINO,VICTORVILLE,-117.29146,34.47488002
6780778,2014,2015-03-05,9855,2014-10-02,0830,13860,NA,4,1,6,3616,0,1,1,NA,2,203,RT 210,ARCHIBALD AV,2500,E,N,A,-,Y,NA,NA,NA,NA,NA,NA,NA,NA,NA,Y,4,0,1,2,A,-,03,22350,NA,N,C,C,A,A,H,-,A,D,0,NA,NA,NA,NA,Y,NA,A,07,0,0,1,0,0,0,0,0,0,-,-,NA,NA,SAN BERNARDINO,RANCHO CUCAMONGA,-117.58530094,34.13546336
6752320,2014,2015-01-12,3600,2014-12-05,0000,E3900,VC073,5,5,5,3612,0,0,0,NA,0,006,HOOK BL,GRAY WY,23,W,N,A,-,N,NA,NA,NA,NA,NA,NA,NA,NA,NA,Y,4,0,1,2,A,-,09,21801,A,M,D,C,A,A,H,-,C,-,0,NA,NA,NA,NA,Y,Y,A,01,0,0,1,0,0,0,0,0,0,-,-,NA,NA,SAN BERNARDINO,VICTORVILLE,-117.35527664,34.52116914
6753054,2014,2015-01-13,3607,2014-10-29,1603,80313,208,3,5,6,3607,0,0,0,NA,0,061,ELM ST,GROVE AV,0,NA,Y,A,-,N,NA,NA,NA,NA,NA,NA,NA,NA,NA,Y,4,0,1,2,A,-,09,21802,A,N,D,C,A,A,H,-,A,A,0,NA,NA,NA,NA,Y,NA,-,NA,0,0,1,0,0,0,0,0,0,-,-,NA,NA,SAN BERNARDINO,ONTARIO,-117.62857012,34.0467901
6755689,2014,2015-02-06,3608,2014-12-16,1733,4202,3608,2,5,5,3608,0,0,0,NA,0,NA,E LUGONIA AV,UNIVERSITY ST,0,NA,Y,B,-,N,NA,NA,NA,NA,NA,NA,NA,NA,NA,N,3,0,2,2,A,-,09,21801,A,N,D,C,A,B,H,-,C,A,0,NA,NA,NA,NA,Y,NA,A,01,0,1,1,0,0,0,0,0,0,-,-,NA,NA,SAN BERNARDINO,REDLANDS,-117.16720004,34.07005001
6758971,2014,2015-02-02,3608,2014-12-02,1829,4024,NA,2,5,5,3608,0,0,0,NA,0,NA,MYRTLE ST,OLIVE AV,100,NA,N,C,-,N,NA,NA,NA,NA,NA,NA,NA,NA,NA,N,4,0,1,2,A,-,09,21804,A,N,D,C,A,B,H,-,C,A,0,NA,NA,NA,NA,Y,NA,A,01,0,0,1,0,0,0,0,0,0,-,-,NA,NA,SAN BERNARDINO,REDLANDS,-117.17814009,34.05514012
6765483,2014,2015-01-29,9850,2014-12-14,1905,20898,NA,7,2,9,3600,0,3,5,NA,2,002,RANCHERO RD,FOLEY RD,528,W,N,A,-,N,NA,NA,NA,NA,NA,NA,NA,NA,NA,Y,4,0,1,2,A,-,08,22103,NA,N,D,C,A,A,H,-,D,D,0,NA,NA,NA,NA,Y,NA,A,01,0,0,1,0,0,0,0,0,0,-,-,34.38318,-117.37728,SAN BERNARDINO,UNINCORPORATED,-117.37872484,34.38312
6768087,2014,2015-01-29,3600,2014-11-06,0218,E8921,YV020,4,5,3,3631,0,0,0,NA,0,YV1,AVALON AV,LENNOX AV,600,N,N,A,-,N,NA,NA,NA,NA,NA,NA,NA,NA,NA,Y,2,0,1,1,A,-,01,23152,NA,N,F,I,A,A,H,-,C,A,0,NA,NA,NA,NA,Y,Y,A,01,1,0,0,0,0,0,0,0,0,-,-,NA,NA,SAN BERNARDINO,YUCCA VALLEY,-116.38743422,34.12488368
6769026,2015,2015-05-04,3600,2015-04-04,1702,D3381,VC022,6,5,5,3612,0,0,0,NA,0,VC3,HESPERIA RD,OTTAWA RD,0,NA,Y,A,-,N,NA,NA,NA,NA,NA,NA,NA,NA,NA,Y,4,0,1,1,A,-,08,22107,NA,N,F,J,A,A,H,-,A,A,0,NA,NA,NA,NA,Y,NA,A,07,0,0,1,0,0,0,0,0,0,-,-,NA,NA,SAN BERNARDINO,VICTORVILLE,-117.29166011,34.49275007
6769951,2014,2015-02-09,9865,2014-11-22,0920,020822,NA,6,1,9,3600,0,1,3,NA,2,032,RT 18,PINON DR,0,NA,Y,A,-,Y,NA,NA,18,NA,NA,NA,NA,NA,NA,Y,4,0,1,2,A,-,03,22350,NA,N,C,C,A,A,H,-,A,D,0,NA,NA,NA,NA,Y,NA,D,22,0,0,1,0,0,0,0,0,0,-,-,34.26099,-116.85097,SAN BERNARDINO,UNINCORPORATED,-116.85098245,34.26112877
6794753,2014,2015-02-03,9860,2014-12-19,1040,19269,NA,5,1,9,3600,0,1,1,NA,2,152,RT 15,RT 138,10560,N,N,A,-,Y,NA,NA,15,NA,NA,NA,NA,NA,NA,N,4,0,2,4,A,-,03,22350,NA,N,H,A,A,A,D,H,A,D,0,NA,NA,NA,NA,Y,NA,A,07,0,0,2,0,0,0,0,0,0,-,-,34.34439,-117.48081,SAN BERNARDINO,UNINCORPORATED,-117.48075225,34.34433651
6794910,2014,2015-02-12,9860,2014-12-20,0425,020758,NA,6,3,6,3610,0,1,1,NA,2,214,RT 215,RT 10,207,N,N,A,-,Y,NA,NA,215,NA,NA,NA,NA,NA,NA,Y,3,0,1,1,A,-,01,23152,A,N,E,I,A,A,H,-,D,D,0,NA,NA,NA,NA,Y,Y,A,01,0,1,0,0,0,0,0,0,0,TO,-,34.06509,-117.29749,SAN BERNARDINO,SAN BERNARDINO,-117.29663539,34.06493576
6794917,2014,2015-02-12,9860,2014-12-22,1610,18262,NA,1,2,9,3600,0,3,5,NA,2,004,SANTA ANA AV,TAMARIND AV,249,E,N,A,-,N,NA,NA,NA,NA,NA,NA,NA,NA,NA,Y,3,0,3,3,A,-,08,22107,NA,N,A,C,A,A,H,-,A,D,0,NA,NA,NA,NA,Y,NA,A,01,0,1,2,0,0,0,0,0,0,-,-,34.05586,-117.42139,SAN BERNARDINO,UNINCORPORATED,-117.42174032,34.05580376
6795683,2014,2015-02-03,3607,2014-10-29,1253,80313,82,3,5,6,3607,0,0,0,NA,0,041,ONTARIO MILLS PKWY,ETIWANDA AV,600,W,N,A,-,N,NA,NA,NA,NA,NA,NA,NA,NA,NA,N,3,0,1,1,A,-,08,22107,NA,N,E,I,A,A,H,-,A,D,0,NA,NA,NA,NA,Y,NA,-,NA,0,1,0,0,0,0,0,0,0,-,-,NA,NA,SAN BERNARDINO,ONTARIO,-117.52618265,34.07111013
6795687,2014,2015-02-03,3607,2014-10-21,0724,14458,34,2,5,6,3607,0,0,0,NA,0,031,SIXTH ST,CORONA AV,250,E,N,A,-,N,NA,NA,NA,NA,NA,NA,NA,NA,NA,Y,3,0,5,2,A,-,03,22350,NA,N,C,C,A,A,H,-,A,D,0,NA,NA,NA,NA,Y,NA,-,NA,0,4,1,0,0,0,0,0,0,-,-,NA,NA,SAN BERNARDINO,ONTARIO,-117.61514655,34.0849
6770480,2014,2015-01-29,3607,2014-11-27,1144,15194,50,4,5,6,3607,0,0,0,NA,0,031,4TH ST,RT 10,150,E,N,A,-,Y,NA,NA,NA,NA,NA,NA,NA,NA,NA,Y,3,0,1,2,A,-,09,21801,A,F,D,C,A,A,H,-,A,D,0,NA,NA,NA,NA,Y,NA,-,NA,0,1,0,0,0,0,0,0,0,-,-,NA,NA,SAN BERNARDINO,ONTARIO,-117.62309628,34.07764
6772325,2014,2015-01-27,9865,2014-11-30,1810,19929,NA,7,2,9,3600,0,1,3,NA,2,015,RT 189,LAKE GREGORY DR,1584,E,N,C,-,Y,NA,NA,189,NA,NA,NA,NA,NA,NA,Y,4,0,1,1,A,-,03,22350,NA,N,E,I,A,B,H,-,C,D,0,NA,NA,NA,NA,Y,Y,A,01,0,0,1,0,0,0,0,0,0,-,-,34.2294,-117.2463,SAN BERNARDINO,UNINCORPORATED,-117.24629882,34.2293843
6796530,2015,2016-10-11,9860,2015-01-13,0855,13945,NA,2,1,6,3610,0,1,1,NA,2,216,RT 215,DEVORE RD,6336,S,N,A,-,Y,SBD,8,215,-,-,16.15,H,-,S,Y,3,0,1,2,A,-,03,22350,NA,N,C,C,A,A,D,-,A,D,1,NA,NA,NA,NA,Y,NA,A,01,0,1,0,0,0,0,0,0,0,-,-,34.21127,-117.38768,SAN BERNARDINO,SAN BERNARDINO,-117.38762392,34.21114142
6773774,2014,2015-02-10,3608,2014-12-11,0241,4358,NA,4,5,5,3608,0,0,0,NA,0,NA,LUGONIA AV,CHURCH ST,0,NA,N,A,-,Y,NA,NA,NA,NA,NA,NA,NA,NA,NA,N,3,0,1,1,A,-,03,22350,NA,N,H,A,A,A,H,-,D,D,0,NA,NA,Y,NA,Y,NA,C,03,0,1,0,0,0,0,0,0,1,-,-,NA,NA,SAN BERNARDINO,REDLANDS,-117.17375004,34.07003005
6773952,2014,2015-07-14,3600,2014-12-18,2102,E2055,VC063,4,5,5,3612,0,0,0,NA,0,VC3,11TH AV,CYPRESS AV,6,N,N,A,-,N,NA,NA,NA,NA,NA,NA,NA,NA,NA,Y,4,0,1,2,A,-,09,21802,A,N,D,C,A,A,H,-,D,A,0,NA,NA,NA,NA,Y,Y,A,01,0,0,1,0,0,0,0,0,0,-,-,NA,NA,SAN BERNARDINO,VICTORVILLE,-117.3232938,34.47808181
6777027,2014,2015-01-28,9865,2014-11-26,0800,12581,NA,3,1,9,3600,0,1,3,NA,1,039,RT 38,LAKE WILLIAMS DR,19008,W,N,A,-,Y,NA,NA,38,NA,NA,NA,NA,NA,NA,Y,2,0,2,1,A,-,01,23152,A,N,E,I,A,A,H,-,A,D,0,NA,NA,NA,NA,Y,Y,A,01,1,1,0,0,0,0,0,0,0,-,-,34.20354,-116.7322,SAN BERNARDINO,UNINCORPORATED,-116.73220992,34.20364696
6777028,2014,2015-01-28,9865,2014-11-23,0345,19871,NA,7,3,9,3600,0,1,3,NA,2,031,RT 38,RT 18,12144,W,N,A,-,Y,NA,NA,38,NA,NA,NA,NA,NA,NA,Y,3,0,1,1,A,-,01,23152,A,N,E,I,A,A,H,-,D,D,0,NA,NA,NA,NA,Y,Y,A,01,0,1,0,0,0,0,0,0,0,-,-,34.25715,-116.95397,SAN BERNARDINO,UNINCORPORATED,-116.95407888,34.25721821
6781129,2015,2015-02-20,3604,2015-01-06,1226,1148,NA,2,5,6,3604,0,0,0,NA,0,NA,MERRILL AV,NEWPORT AV,0,NA,Y,A,-,N,NA,NA,NA,NA,NA,NA,NA,NA,NA,Y,3,0,1,2,A,-,03,22350,NA,N,D,C,A,A,H,-,A,A,0,NA,NA,NA,NA,Y,NA,A,01,0,1,0,0,0,0,0,0,0,-,-,NA,NA,SAN BERNARDINO,FONTANA,-117.43352004,34.09213003
6777182,2014,2015-01-28,3610,2014-11-12,1437,50789,NA,3,5,6,3610,0,0,0,NA,0,NA,WATERMAN AV,BASELINE ST,200,N,N,A,-,N,NA,NA,NA,NA,NA,NA,NA,NA,NA,Y,4,0,2,2,A,-,03,22350,NA,N,C,C,A,A,H,-,A,D,0,NA,NA,NA,NA,Y,NA,A,01,0,0,2,0,0,0,0,0,0,-,-,NA,NA,SAN BERNARDINO,SAN BERNARDINO,-117.27879,34.1218779
6763675,2014,2015-01-22,3604,2014-11-13,0920,925,NA,4,5,6,3604,0,0,0,NA,0,NA,PRODUCTION,SLOVER,0,NA,Y,A,-,N,NA,NA,NA,NA,NA,NA,NA,NA,NA,Y,3,0,1,2,A,-,-,NA,NA,N,D,C,A,A,H,-,A,A,0,NA,NA,NA,NA,Y,NA,A,01,0,1,0,0,0,0,0,0,0,-,-,NA,NA,SAN BERNARDINO,FONTANA,-117.43189009,34.0629601
6768103,2014,2015-01-27,3604,2014-11-10,0716,509,NA,1,5,6,3604,0,0,0,NA,0,NA,SIERRA AV,MALAGA,60,N,N,E,-,N,NA,NA,NA,NA,NA,NA,NA,NA,NA,Y,3,0,1,2,A,-,03,22350,NA,N,C,C,A,A,H,-,A,D,0,NA,NA,NA,NA,Y,NA,A,01,0,1,0,0,0,0,0,0,0,-,-,NA,NA,SAN BERNARDINO,FONTANA,-117.43583242,34.11131439
6778509,2015,2016-10-13,9860,2015-01-07,2035,18275,NA,3,2,5,3609,0,1,1,NA,2,201,RT 210,CACTUS AV,50,E,N,A,-,Y,SBD,8,210,-,-,17.95,H,-,E,Y,4,0,3,4,A,-,03,22350,NA,N,C,C,A,A,H,-,D,D,1,NA,NA,NA,NA,Y,NA,A,01,0,0,3,0,0,0,0,0,0,-,-,34.13564,-117.38323,SAN BERNARDINO,RIALTO,-117.38336586,34.13567177
6780745,2014,2015-03-17,3600,2014-12-22,1059,D8582,NA,1,5,3,3631,0,0,0,NA,0,NA,ONAGA TRL,EDISON POLE #2017085E,2,E,N,A,-,N,NA,NA,NA,NA,NA,NA,NA,NA,NA,Y,2,0,1,2,A,-,21,22106,NA,N,D,C,A,A,H,-,A,A,0,NA,NA,Y,NA,Y,NA,A,01,1,0,0,0,0,0,0,0,1,-,-,NA,NA,SAN BERNARDINO,YUCCA VALLEY,NA,NA
6780765,2014,2015-03-16,9855,2014-09-25,1800,014366,NA,4,2,9,3600,0,3,5,NA,2,004,RIVERSIDE DR,TOWNE AV,0,NA,Y,A,-,N,NA,NA,NA,NA,NA,NA,NA,NA,NA,Y,4,0,1,2,A,-,09,21801,A,N,A,C,A,A,H,-,A,A,0,NA,NA,NA,NA,Y,NA,A,01,0,0,1,0,0,0,0,0,0,-,-,NA,NA,SAN BERNARDINO,UNINCORPORATED,-117.7401001,34.01903008