CASE_ID,ACCIDENT_YEAR,PROC_DATE,JURIS,COLLISION_DATE,COLLISION_TIME,OFFICER_ID,REPORTING_DISTRICT,DAY_OF_WEEK,CHP_SHIFT,POPULATION,CNTY_CITY_LOC,SPECIAL_COND,BEAT_TYPE,CHP_BEAT_TYPE,CITY_DIVISION_LAPD,CHP_BEAT_CLASS,BEAT_NUMBER,PRIMARY_RD,SECONDARY_RD,DISTANCE,DIRECTION,INTERSECTION,WEATHER_1,WEATHER_2,STATE_HWY_IND,CALTRANS_COUNTY,CALTRANS_DISTRICT,STATE_ROUTE,ROUTE_SUFFIX,POSTMILE_PREFIX,POSTMILE,LOCATION_TYPE,RAMP_INTERSECTION,SIDE_OF_HWY,TOW_AWAY,COLLISION_SEVERITY,NUMBER_KILLED,NUMBER_INJURED,PARTY_COUNT,PRIMARY_COLL_FACTOR,PCF_CODE_OF_VIOL,PCF_VIOL_CATEGORY,PCF_VIOLATION,PCF_VIOL_SUBSECTION,HIT_AND_RUN,TYPE_OF_COLLISION,MVIW,PED_ACTION,ROAD_SURFACE,ROAD_COND_1,ROAD_COND_2,LIGHTING,CONTROL_DEVICE,CHP_ROAD_TYPE,PEDESTRIAN_ACCIDENT,BICYCLE_ACCIDENT,MOTORCYCLE_ACCIDENT,TRUCK_ACCIDENT,NOT_PRIVATE_PROPERTY,ALCOHOL_INVOLVED,STWD_VEHTYPE_AT_FAULT,CHP_VEHTYPE_AT_FAULT,COUNT_SEVERE_INJ,COUNT_VISIBLE_INJ,COUNT_COMPLAINT_PAIN,COUNT_PED_KILLED,COUNT_PED_INJURED,COUNT_BICYCLIST_KILLED,COUNT_BICYCLIST_INJURED,COUNT_MC_KILLED,COUNT_MC_INJURED,PRIMARY_RAMP,SECONDARY_RAMP,LATITUDE,LONGITUDE,COUNTY,CITY,POINT_X,POINT_Y
6827823,2015,2015-03-23,3608,2015-02-12,1436,4345,NA,4,5,5,3608,0,0,0,NA,0,901,ORANGE ST,PEARL AV,60,N,N,A,-,N,NA,NA,NA,NA,NA,NA,NA,NA,NA,N,4,0,1,2,A,-,03,22350,NA,N,C,C,A,A,H,-,A,A,0,NA,NA,NA,NA,Y,NA,A,07,0,0,1,0,0,0,0,0,0,-,-,NA,NA,SAN BERNARDINO,REDLANDS,-117.18254136,34.06149419
6829380,2015,2016-10-10,9865,2015-03-01,1245,020872,NA,7,1,9,3600,0,1,3,NA,2,045,RT 38,HILL RANCH RD,528,E,N,D,-,Y,SBD,8,38,-,-,25.02,H,-,E,Y,3,0,6,2,A,-,03,22350,NA,N,A,C,A,C,H,-,A,D,0,NA,NA,NA,NA,Y,NA,D,22,0,1,5,0,0,0,0,0,0,-,-,34.16017,-116.91567,SAN BERNARDINO,UNINCORPORATED,-116.91716678,34.159789
6829463,2015,2015-04-14,3602,2015-01-12,1603,3054,NA,1,5,5,3602,0,0,0,NA,0,003,ROSWELL AV,GRAND AV,0,NA,Y,A,-,N,NA,NA,NA,NA,NA,NA,NA,NA,NA,N,4,0,1,2,A,-,03,22350,NA,N,C,C,A,A,H,-,A,A,0,NA,NA,NA,NA,Y,NA,D,22,0,0,1,0,0,0,0,0,0,-,-,NA,NA,SAN BERNARDINO,CHINO,-117.72174011,34.00040007
6829965,2015,2016-12-09,9835,2015-04-15,2233,020976,NA,3,3,9,3600,0,1,2,NA,1,014,RT 395,RT 58,19114,S,N,A,-,Y,SBD,8,395,-,-,41.98,H,-,N,Y,3,0,3,2,A,-,03,22350,NA,N,C,C,A,A,H,-,D,D,0,NA,NA,NA,NA,Y,NA,D,22,0,2,1,0,0,0,0,0,0,-,-,34.93692,-117.5247,SAN BERNARDINO,UNINCORPORATED,-117.5248236,34.93686919
6834594,2015,2015-03-09,9860,2015-01-26,1740,020596,NA,1,2,9,3600,0,2,4,NA,1,410,VALLEY BL,CYPRESS,50,E,N,A,-,N,NA,NA,NA,NA,NA,NA,NA,NA,NA,Y,4,0,1,2,A,-,09,21804,A,N,D,C,A,B,H,-,B,D,0,NA,NA,NA,NA,Y,NA,A,01,0,0,1,0,0,0,0,0,0,-,-,34.06911,-117.34185,SAN BERNARDINO,UNINCORPORATED,-117.44422538,34.07035137
6821303,2014,2015-03-09,3607,2014-12-16,0317,80473,174,2,5,6,3607,0,0,0,NA,0,042,ETIWANDA AV,AIRPORT DR,0,NA,Y,B,-,N,NA,NA,NA,NA,NA,NA,NA,NA,NA,N,3,0,1,2,A,-,12,21453,A,N,C,C,A,A,H,-,C,A,0,NA,Y,NA,NA,Y,NA,L,04,0,1,0,0,0,0,1,0,0,-,-,NA,NA,SAN BERNARDINO,ONTARIO,-117.52412003,34.06219002
6870563,2015,2015-04-14,3600,2015-03-20,0852,M4079,RC008,5,5,6,3616,0,0,0,NA,0,RC05,HIGHLAND AV,EAST AV,0,NA,Y,A,-,N,NA,NA,NA,NA,NA,NA,NA,NA,NA,N,3,0,1,1,C,-,18,NA,NA,N,H,-,A,A,H,-,A,-,0,NA,Y,NA,NA,Y,NA,-,-,0,1,0,0,0,0,1,0,0,-,-,NA,NA,SAN BERNARDINO,RANCHO CUCAMONGA,-117.51447012,34.13246006
6871495,2015,2015-09-17,3600,2015-03-22,2244,F3798,VC050,7,5,5,3612,0,0,0,NA,0,VC5,TAWNEY RIDGE LN,FERNDALE RD,10,W,N,A,-,N,NA,NA,NA,NA,NA,NA,NA,NA,NA,NA,3,0,1,1,A,-,01,23152,B,N,E,I,A,A,H,-,C,D,0,NA,NA,NA,NA,Y,Y,A,07,0,1,0,0,0,0,0,0,0,-,-,NA,NA,SAN BERNARDINO,VICTORVILLE,-117.33503283,34.53599355
6821307,2014,2015-03-09,3607,2014-12-21,1901,15179,58,7,5,6,3607,0,0,0,NA,0,011,MOUNTAIN AV,I ST,0,NA,Y,A,-,N,NA,NA,NA,NA,NA,NA,NA,NA,NA,Y,4,0,1,2,A,-,12,21453,A,N,D,C,A,A,H,-,C,A,0,NA,NA,NA,NA,Y,NA,-,NA,0,0,1,0,0,0,0,0,0,-,-,NA,NA,SAN BERNARDINO,ONTARIO,-117.67009007,34.07420004
6822518,2015,2015-08-06,3610,2015-01-17,2322,50916,NA,6,5,6,3610,0,0,0,NA,0,NA,NORTH ARROWHEAD AV,N ARROWHEAD AV 2063,0,NA,-,A,-,N,NA,NA,NA,NA,NA,NA,NA,NA,NA,Y,3,0,1,3,A,-,08,22107,NA,M,B,E,A,A,H,-,C,D,0,NA,NA,NA,NA,Y,NA,A,01,0,1,0,0,0,0,0,0,0,-,-,NA,NA,SAN BERNARDINO,SAN BERNARDINO,-117.28965908,34.13362995
6843777,2015,2015-03-19,3608,2015-02-21,2234,4202,NA,6,5,5,3608,0,0,0,NA,0,3608,ORANGE ST,PENNSYLVANIA AV,0,NA,Y,A,-,N,NA,NA,NA,NA,NA,NA,NA,NA,NA,N,4,0,2,2,A,-,09,21801,A,N,D,C,A,A,H,-,C,A,0,NA,NA,NA,NA,Y,NA,A,07,0,0,2,0,0,0,0,0,0,-,-,NA,NA,SAN BERNARDINO,REDLANDS,-117.18244004,34.07363007
6859904,2014,2015-05-14,3600,2014-09-21,1602,C4058,HI009,7,5,4,3618,0,0,0,NA,0,HI1,9TH ST,VALARIA ST,0,NA,Y,A,-,N,NA,NA,NA,NA,NA,NA,NA,NA,NA,Y,4,0,3,2,A,-,08,22107,NA,N,D,C,A,A,H,-,A,A,0,NA,NA,NA,NA,Y,NA,A,01,0,0,3,0,0,0,0,0,0,-,-,NA,NA,SAN BERNARDINO,HIGHLAND,-117.22976007,34.11569005
6845498,2015,2015-03-23,3600,2015-03-04,0801,G0455,RC065,3,5,6,3616,0,0,0,NA,0,RC05,ETIWANDA AV,BASELINE RD,0,NA,Y,A,-,N,NA,NA,NA,NA,NA,NA,NA,NA,NA,N,4,0,1,2,D,-,00,NA,NA,F,G,B,B,A,H,-,A,A,0,Y,NA,NA,NA,Y,NA,-,-,0,0,1,0,1,0,0,0,0,-,-,NA,NA,SAN BERNARDINO,RANCHO CUCAMONGA,-117.52355005,34.12095011
6847133,2014,2015-03-18,3600,2014-12-27,1727,P0590,RC051,6,5,6,3616,0,0,0,NA,0,002,HELLMAN AV,ARROW RTE,0,NA,Y,A,-,N,NA,NA,NA,NA,NA,NA,NA,NA,NA,Y,4,0,1,2,A,-,09,21801,A,N,A,C,A,A,H,-,A,A,0,NA,NA,NA,NA,Y,NA,A,01,0,0,1,0,0,0,0,0,0,-,-,NA,NA,SAN BERNARDINO,RANCHO CUCAMONGA,-117.60229007,34.09933011
6876875,2015,2016-10-11,9860,2015-03-02,2215,019251,NA,1,3,6,3610,0,1,1,NA,2,214,RT 215,COOLEY DR,100,N,N,B,-,Y,SBD,8,215,-,-,3.76,H,-,S,Y,4,0,1,3,A,-,03,22350,NA,N,C,C,A,A,D,-,C,D,1,NA,NA,NA,NA,Y,NA,A,01,0,0,1,0,0,0,0,0,0,-,-,34.06066,-117.29767,SAN BERNARDINO,SAN BERNARDINO,-117.29767611,34.06005097
6876987,2015,2015-04-24,9860,2015-02-27,0403,019699,NA,5,3,9,3600,0,3,5,NA,2,001,GLEN HELEN PKY,CAJON BL,1561,W,N,A,-,N,NA,NA,NA,NA,NA,NA,NA,NA,NA,Y,3,0,2,2,A,-,05,21460,A,N,A,C,A,A,H,-,C,D,0,NA,NA,NA,NA,Y,NA,A,07,0,1,1,0,0,0,0,0,0,-,-,34.21617,-117.40277,SAN BERNARDINO,UNINCORPORATED,-117.40276254,34.21620113
6877008,2015,2016-10-07,9860,2015-02-22,2030,20725,NA,7,2,9,3600,0,1,1,NA,2,216,RT 215,DEVORE RD,200,S,N,C,-,Y,SBD,8,215,-,-,17.28,H,-,N,N,4,0,1,1,A,-,03,22350,NA,N,E,I,A,B,D,-,C,D,1,NA,NA,NA,NA,Y,NA,A,01,0,0,1,0,0,0,0,0,0,-,-,34.1318,-117.2445,SAN BERNARDINO,UNINCORPORATED,-117.40221105,34.22235689
6847198,2014,2015-03-18,3607,2014-12-11,1537,80442,244,4,5,6,3607,0,0,0,NA,0,072,HAVEN AV,RT 60,0,NA,Y,A,-,Y,NA,NA,NA,NA,NA,NA,NA,NA,NA,Y,3,0,1,2,A,-,12,21453,A,N,D,C,A,A,H,-,B,A,0,NA,NA,NA,NA,Y,NA,-,NA,0,1,0,0,0,0,0,0,0,-,EF,NA,NA,SAN BERNARDINO,ONTARIO,-117.5757201,34.02905002
6863068,2015,2015-03-27,3605,2015-02-15,1900,322,NA,7,5,4,3605,0,0,0,NA,0,NA,MILLS AV,BONNIE BRAE ST,107,N,N,A,-,N,NA,NA,NA,NA,NA,NA,NA,NA,NA,N,3,0,1,2,A,-,05,21650,1,N,D,G,A,A,H,-,B,A,0,NA,Y,NA,NA,Y,NA,L,04,0,1,0,0,0,0,1,0,0,-,-,NA,NA,SAN BERNARDINO,MONTCLAIR,-117.70946531,34.08311431
6847244,2014,2015-03-26,3611,2014-10-31,0740,2488,3611,5,5,5,3611,0,0,0,NA,0,002,MOUNTAIN AV,11TH ST,633,S,N,B,-,N,NA,NA,NA,NA,NA,NA,NA,NA,NA,N,4,0,2,2,A,-,09,21804,A,N,C,C,A,A,H,-,A,D,0,NA,NA,NA,NA,Y,NA,A,01,0,0,2,0,0,0,0,0,0,-,-,NA,NA,SAN BERNARDINO,UPLAND,-117.67018575,34.10156513
6849770,2015,2016-04-13,3607,2015-02-13,1505,80310,248,5,5,6,3607,0,0,0,NA,0,062,GROVE AV,RT 60,500,S,N,A,-,N,NA,NA,NA,NA,NA,NA,NA,NA,NA,Y,4,0,1,2,A,-,09,21801,A,N,A,C,A,A,H,-,A,D,0,NA,NA,NA,NA,Y,NA,-,NA,0,0,1,0,0,0,0,0,0,-,-,NA,NA,SAN BERNARDINO,ONTARIO,-117.62843049,34.02922996
6850279,2015,2015-08-13,3600,2015-02-08,1218,C8400,VC074,7,5,5,3612,0,0,0,NA,0,VC6,ROY ROGERS DR,CIVIC DR,0,NA,Y,A,-,N,NA,NA,NA,NA,NA,NA,NA,NA,NA,Y,4,0,1,2,A,-,09,21804,NA,N,D,C,A,A,H,-,A,D,0,NA,NA,NA,NA,Y,NA,A,01,0,0,1,0,0,0,0,0,0,-,-,NA,NA,SAN BERNARDINO,VICTORVILLE,-117.32380008,34.52152011
6852863,2015,2015-03-23,3610,2015-02-10,1157,50829,NA,2,5,6,3610,0,0,0,NA,0,NA,NORTH WATERMAN AV,E 2ND ST,0,NA,Y,A,-,N,NA,NA,NA,NA,NA,NA,NA,NA,NA,Y,4,0,1,2,A,-,12,21453,A,N,D,C,A,A,H,-,A,A,0,NA,NA,NA,NA,Y,NA,A,07,0,0,1,0,0,0,0,0,0,-,-,NA,NA,SAN BERNARDINO,SAN BERNARDINO,-117.27876001,34.10271001
6879577,2015,2015-04-17,3603,2015-02-09,1429,CL1748,COLTO,1,5,4,3603,0,0,0,NA,0,004,OLD RANCH RD,MEADOW LN,200,E,N,A,-,N,NA,NA,NA,NA,NA,NA,NA,NA,NA,N,4,0,1,2,A,-,05,21202,A,N,D,G,A,A,H,-,A,D,0,NA,Y,NA,NA,Y,NA,L,04,0,0,1,0,0,0,1,0,0,-,-,NA,NA,SAN BERNARDINO,COLTON,-117.2985961,34.05123328
6853443,2014,2015-03-26,9855,2014-10-27,2100,018383,NA,1,2,5,3611,0,1,1,NA,2,103,RT 10,EUCLID AV,250,W,N,A,-,Y,NA,NA,10,NA,NA,NA,NA,NA,NA,Y,4,0,2,2,A,-,03,22350,NA,N,C,C,A,A,H,-,C,D,0,NA,NA,NA,NA,Y,NA,D,22,0,0,2,0,0,0,0,0,0,-,-,34.08708,-117.65354,SAN BERNARDINO,UPLAND,-117.65354227,34.08726136
6838165,2014,2015-12-18,9834,2014-12-31,1050,11530,NA,3,1,9,3600,0,3,5,NA,2,002,KELBAKER RD,NATIONAL OLD TRAILS HWY,20592,N,N,B,-,N,NA,NA,NA,NA,NA,NA,NA,NA,NA,Y,1,1,4,2,A,-,05,21650,NA,N,A,C,A,A,H,-,A,D,0,NA,NA,NA,NA,Y,Y,A,01,1,2,1,0,0,0,0,0,0,-,-,34.61445,-115.6611,SAN BERNARDINO,UNINCORPORATED,-115.6611,34.61445
6854034,2015,2015-03-27,9850,2015-02-01,2222,20848,NA,7,3,9,3600,0,1,1,NA,2,084,RT 15,STODDARD WELLS RD,8448,N,N,A,-,Y,SBD,8,15,-,-,49.24,H,-,N,Y,1,1,1,3,A,-,11,21956,A,N,G,B,E,A,H,-,D,D,1,Y,NA,NA,NA,Y,NA,N,60,0,0,1,1,0,0,0,0,0,-,-,34.61253,-117.2422,SAN BERNARDINO,UNINCORPORATED,-117.24225774,34.61266751
6854073,2015,2017-04-21,9830,2015-02-21,0605,15252,NA,6,1,9,3600,0,1,3,NA,1,061,RT 178,TRONA RD,4.9,E,N,A,-,Y,SBD,8,178,-,R,12.25,H,-,E,Y,1,1,0,1,A,-,08,22107,NA,N,E,I,A,A,H,-,B,D,0,NA,NA,NA,NA,Y,Y,D,22,0,0,0,0,0,0,0,0,0,-,-,35.66368,-117.42829,SAN BERNARDINO,UNINCORPORATED,-117.42911651,35.66289915
6854501,2014,2015-07-09,3600,2014-10-13,1117,B5753,AP023,1,5,5,3621,0,0,0,NA,0,AP1,RIMROCK RD N,OUTER HWY 18,504,N,N,A,-,N,NA,NA,NA,NA,NA,NA,NA,NA,NA,Y,1,1,0,1,A,-,01,23152,A,N,F,A,A,A,H,-,A,A,0,NA,NA,NA,NA,Y,Y,D,22,0,0,0,0,0,0,0,0,0,-,-,NA,NA,SAN BERNARDINO,APPLE VALLEY,-117.23628395,34.53556685
6854607,2015,2015-05-15,9860,2015-02-22,0046,20393,NA,7,3,3,3615,0,1,1,NA,2,104,RT 10,MOUNTAIN VIEW AV,2640,W,N,B,-,Y,SBD,8,10,-,-,26.97,H,-,W,Y,1,1,2,2,A,-,03,22350,NA,N,D,C,A,A,H,-,C,D,1,NA,NA,NA,NA,Y,Y,A,01,2,0,0,0,0,0,0,0,0,-,-,34.06669,-117.24972,SAN BERNARDINO,LOMA LINDA,-117.24959815,34.06672047
6894185,2015,2015-05-04,3607,2015-03-13,0750,80465,178,5,5,6,3607,0,0,0,NA,0,051,MISSION BL,OAKS AV,50,E,N,A,-,N,NA,NA,NA,NA,NA,NA,NA,NA,NA,Y,4,0,1,1,A,-,04,21703,NA,N,E,I,A,A,H,-,A,D,0,NA,NA,NA,NA,Y,Y,-,NA,0,0,1,0,0,0,0,0,0,-,-,NA,NA,SAN BERNARDINO,ONTARIO,-117.67622535,34.05607
6854656,2015,2015-07-15,9870,2015-05-17,2110,019709,NA,7,2,9,3600,0,1,3,NA,1,031,RT 62,JUNIPER RD,447,E,N,A,-,Y,SBD,8,62,-,-,17.29,H,-,E,Y,1,2,1,2,A,-,01,23152,A,N,C,C,A,A,H,-,C,D,0,NA,NA,NA,NA,Y,Y,A,01,0,1,0,0,0,0,0,0,0,-,-,34.13486,-116.33075,SAN BERNARDINO,UNINCORPORATED,-116.33227854,34.13493897
6858092,2015,2015-04-02,9855,2015-01-21,2005,018000,NA,3,2,9,3600,0,2,4,NA,1,012,ARROW RTE,HEMLOCK AV,44,E,N,A,-,N,NA,NA,NA,NA,NA,NA,NA,NA,NA,Y,3,0,3,2,A,-,05,21650,NA,N,A,C,A,A,H,-,C,D,0,NA,NA,NA,NA,Y,NA,A,01,0,2,1,0,0,0,0,0,0,-,-,34.09928,-117.47566,SAN BERNARDINO,UNINCORPORATED,-117.47558507,34.09928
6875732,2015,2016-03-08,3600,2015-03-10,0635,18310,LL003,2,5,3,3615,0,0,0,NA,0,0LL,BARTON RD,MOUNTAIN VIEW,0,NA,Y,A,-,N,NA,NA,NA,NA,NA,NA,NA,NA,NA,Y,4,0,1,2,A,-,05,21651,A,N,F,D,A,A,H,-,B,A,0,NA,NA,NA,NA,Y,NA,A,08,0,0,1,0,0,0,0,0,0,-,-,NA,NA,SAN BERNARDINO,LOMA LINDA,-117.24362007,34.04847004
6876665,2014,2015-04-23,3607,2014-12-24,1523,80482,162,3,5,6,3607,0,0,0,NA,0,061,CAMPUS AV,ONTARIO BL,135,S,N,A,-,N,NA,NA,NA,NA,NA,NA,NA,NA,NA,Y,3,0,1,1,A,-,01,23152,A,N,E,I,A,A,H,-,A,A,0,NA,NA,NA,NA,Y,Y,-,NA,0,1,0,0,0,0,0,0,0,-,-,NA,NA,SAN BERNARDINO,ONTARIO,-117.64132634,34.05961002
6859989,2015,2016-10-05,9834,2015-03-13,1925,19916,NA,5,2,9,3600,0,1,2,NA,1,095,RT 95,GOFFS RD,9504,N,N,A,-,Y,SBD,8,95,-,-,65.23,H,-,S,Y,3,0,1,1,A,-,08,22107,NA,N,F,A,A,A,H,-,D,D,0,NA,NA,NA,NA,Y,NA,A,01,0,1,0,0,0,0,0,0,0,-,-,34.96611,-114.83251,SAN BERNARDINO,UNINCORPORATED,-114.8302389,34.95964269
6896864,2015,2015-05-13,3608,2015-03-25,1302,3675,NA,3,5,5,3608,0,0,0,NA,0,NA,ORANGE ST,STUART AV,0,NA,Y,A,-,N,NA,NA,NA,NA,NA,NA,NA,NA,NA,Y,4,0,2,3,D,-,00,NA,NA,N,C,C,A,A,H,-,A,A,0,NA,NA,NA,NA,Y,NA,-,-,0,0,2,0,0,0,0,0,0,-,-,NA,NA,SAN BERNARDINO,REDLANDS,-117.18258,34.05969011
6876677,2014,2015-04-23,3607,2014-12-05,2020,15042,199,5,5,6,3607,0,0,0,NA,0,052,RT 73,ACACIA ST,0,NA,Y,A,-,Y,NA,NA,NA,NA,NA,NA,NA,NA,NA,Y,4,0,2,2,A,-,03,22350,NA,N,C,C,A,A,H,-,C,A,0,NA,NA,NA,NA,Y,NA,-,NA,0,0,2,0,0,0,0,0,0,-,-,NA,NA,SAN BERNARDINO,ONTARIO,NA,NA
6897431,2015,2015-05-13,3610,2015-03-13,1945,50852,NA,5,5,6,3610,0,0,0,NA,0,NA,EAST HIGHLAND AV,N BOULDER AV,1056,W,N,A,-,N,NA,NA,NA,NA,NA,NA,NA,NA,NA,Y,4,0,1,2,A,-,08,22107,NA,N,D,C,A,A,H,-,C,A,0,NA,NA,NA,NA,Y,NA,A,01,0,0,1,0,0,0,0,0,0,-,-,NA,NA,SAN BERNARDINO,SAN BERNARDINO,-117.19908853,34.13571
6897439,2015,2015-05-13,3610,2015-03-14,1200,50562,NA,6,5,6,3610,0,0,0,NA,0,NA,E MARSHALL,N DEL ROSA AV,0,NA,Y,A,-,N,NA,NA,NA,NA,NA,NA,NA,NA,NA,N,3,0,2,2,A,-,12,22450,A,N,D,C,A,A,H,-,A,D,0,NA,NA,NA,NA,Y,NA,A,01,0,1,1,0,0,0,0,0,0,-,-,NA,NA,SAN BERNARDINO,SAN BERNARDINO,-117.25244002,34.14945009
6877420,2015,2016-10-05,9850,2015-03-03,2235,019426,NA,2,3,5,3612,0,1,1,NA,2,083,RT 15,PALMDALE RD,1056,S,N,A,-,Y,SBD,8,15,-,-,40.2,H,-,N,Y,3,0,1,1,A,-,01,23152,A,N,E,I,A,A,H,-,C,D,1,NA,NA,NA,NA,Y,Y,A,01,0,1,0,0,0,0,0,0,0,-,-,NA,NA,SAN BERNARDINO,VICTORVILLE,-117.32410963,34.50333503
6878352,2015,2015-04-14,3607,2015-03-22,1340,80330,208,7,5,6,3607,0,0,0,NA,0,061,GROVE AV,BELMONT ST,10,N,N,A,-,N,NA,NA,NA,NA,NA,NA,NA,NA,NA,Y,4,0,2,2,A,-,03,22350,NA,N,C,C,A,A,H,-,A,A,0,NA,NA,NA,NA,Y,NA,-,NA,0,0,2,0,0,0,0,0,0,-,-,NA,NA,SAN BERNARDINO,ONTARIO,-117.62863586,34.05185697
6863477,2015,2015-04-03,3611,2015-02-24,1445,2990,NA,2,5,5,3611,0,0,0,NA,0,003,FOOTHILL BL,5TH AV,141,E,N,A,-,N,NA,NA,NA,NA,NA,NA,NA,NA,NA,N,4,0,1,2,A,-,03,22350,NA,N,C,C,A,A,H,-,A,A,0,NA,NA,Y,NA,Y,NA,C,06,0,0,1,0,0,0,0,0,0,-,-,NA,NA,SAN BERNARDINO,UPLAND,-117.64345544,34.10703
6879375,2015,2015-05-04,3600,2015-02-19,0847,F7967,AP005,4,5,5,3621,0,0,0,NA,0,AP01,APPLE VALLEY RD,MONDAMON,0,NA,Y,A,-,N,NA,NA,NA,NA,NA,NA,NA,NA,NA,Y,4,0,1,3,A,-,-,NA,NA,N,C,C,A,A,H,-,A,A,0,NA,NA,NA,NA,Y,NA,-,NA,0,0,1,0,0,0,0,0,0,-,-,NA,NA,SAN BERNARDINO,APPLE VALLEY,-117.26385005,34.53247004
6902771,2015,2016-10-11,9855,2015-02-10,1850,13381,NA,2,2,5,3611,0,1,1,NA,2,103,RT 10,CAMPUS AV,300,E,N,A,-,Y,SBD,8,10,-,-,4.08,H,-,E,Y,4,0,1,2,A,-,03,22350,NA,N,C,C,A,A,H,-,C,D,1,NA,NA,Y,NA,Y,NA,C,02,0,0,1,0,0,0,0,0,1,-,-,NA,NA,SAN BERNARDINO,UPLAND,-117.64074877,34.08669432
6906207,2015,2015-05-20,3600,2015-04-10,1204,E3903,AP018,5,5,5,3621,0,0,0,NA,0,AP4,NAVAJO RD,BEAR VALLEY RD,591,N,N,A,-,N,NA,NA,NA,NA,NA,NA,NA,NA,NA,Y,3,0,2,2,A,-,09,21800,A,N,D,C,A,-,H,-,A,A,0,NA,NA,NA,NA,Y,NA,A,07,0,1,1,0,0,0,0,0,0,-,-,NA,NA,SAN BERNARDINO,APPLE VALLEY,-117.19011922,34.47311288
6867148,2015,2015-04-20,3604,2015-03-16,1554,680,NA,1,5,6,3604,0,0,0,NA,0,NA,MERRILL,CATAWBA,0,NA,Y,A,-,N,NA,NA,NA,NA,NA,NA,NA,NA,NA,Y,4,0,2,2,A,-,09,21802,A,N,D,C,A,A,H,-,A,A,0,NA,NA,NA,NA,Y,NA,D,22,0,0,2,0,0,0,0,0,0,-,-,NA,NA,SAN BERNARDINO,FONTANA,-117.45801009,34.0920701
6907012,2015,2016-11-14,9835,2015-04-12,0410,020097,NA,7,3,9,3600,0,1,1,NA,2,077,RT 15,YATES WELL RD,1584,S,N,A,-,Y,SBD,8,15,-,-,18.94,H,-,S,Y,4,0,1,1,A,-,08,22107,NA,N,E,I,A,A,H,-,D,D,0,NA,NA,NA,NA,Y,NA,A,01,0,0,1,0,0,0,0,0,0,-,-,NA,NA,SAN BERNARDINO,UNINCORPORATED,-117.44674941,34.25154969
6870129,2015,2015-04-20,3600,2015-03-19,1356,B9547,VC024,4,5,5,3612,0,0,0,NA,0,VC3,HESPERIA RD,TERRA LINDA ST,0,NA,Y,A,-,N,NA,NA,NA,NA,NA,NA,NA,NA,NA,N,4,0,1,2,A,-,03,22350,NA,N,C,C,A,A,H,-,A,D,0,NA,NA,NA,Y,Y,NA,A,01,0,0,1,0,0,0,0,0,0,-,-,NA,NA,SAN BERNARDINO,VICTORVILLE,-117.29206011,34.4955201
6872016,2015,2015-04-17,3602,2015-01-12,0815,3200,1,1,5,5,3602,0,0,0,NA,0,004,SCHAEFER AV,BENSON AV,0,NA,Y,C,-,N,NA,NA,NA,NA,NA,NA,NA,NA,NA,Y,3,0,1,2,A,-,09,21801,A,N,A,C,A,B,H,-,A,A,0,NA,NA,NA,NA,Y,NA,A,08,0,1,0,0,0,0,0,0,0,-,-,NA,NA,SAN BERNARDINO,CHINO,-117.68047005,34.00459007
6872080,2015,2015-04-17,3602,2015-01-16,1518,2798,NA,5,5,5,3602,0,0,0,NA,0,003,SCHAEFER AV,ROSWELL AV,2,W,N,A,-,N,NA,NA,NA,NA,NA,NA,NA,NA,NA,N,3,0,6,3,A,-,08,22107,NA,N,A,C,A,A,H,-,A,D,0,NA,NA,NA,NA,Y,NA,A,01,0,2,4,0,0,0,0,0,0,-,-,NA,NA,SAN BERNARDINO,CHINO,-117.72183658,34.00434005
6873058,2015,2015-09-01,3600,2015-03-05,1431,B5098,YC204,4,5,4,3640,0,0,0,NA,0,YC1,SUNNYSIDE DR,TAHOE DR,0,NA,Y,A,-,N,NA,NA,NA,NA,NA,NA,NA,NA,NA,N,4,0,2,2,D,-,00,NA,NA,N,D,G,A,A,H,-,A,A,0,NA,Y,NA,NA,Y,NA,-,-,0,0,2,0,0,0,2,0,0,-,-,NA,NA,SAN BERNARDINO,YUCAIPA,-117.04070013,34.05314009
6888516,2015,2016-11-28,9860,2015-04-04,1845,014777,NA,6,2,6,3610,0,1,3,NA,2,259,RT 259,E ST,638,S,N,A,-,Y,SBD,8,259,-,-,1.33,H,-,S,N,3,0,2,1,A,-,08,22107,NA,N,E,I,A,A,H,-,A,D,1,NA,NA,Y,NA,Y,NA,C,02,0,2,0,0,0,0,0,0,2,-,-,34.14607,-117.29644,SAN BERNARDINO,SAN BERNARDINO,-117.29702809,34.14605884
6890987,2015,2015-04-30,3604,2015-03-29,2142,1161,NA,7,5,6,3604,0,0,0,NA,0,NA,MANGO,BASELINE,0,NA,Y,A,-,N,NA,NA,NA,NA,NA,NA,NA,NA,NA,Y,4,0,2,2,D,-,00,NA,NA,N,D,C,A,A,H,-,C,A,0,NA,NA,NA,NA,Y,NA,-,-,0,0,2,0,0,0,0,0,0,-,-,NA,NA,SAN BERNARDINO,FONTANA,-117.43171007,34.12128007
6910920,2015,2016-06-13,3609,2015-04-13,0157,9252,132,1,5,5,3609,0,0,0,NA,0,001,FOOTHILL BL,CEDAR AV,63,E,N,A,-,N,NA,NA,NA,NA,NA,NA,NA,NA,NA,Y,4,0,2,3,A,-,01,23152,A,N,B,C,A,A,H,-,E,A,0,NA,NA,NA,NA,Y,Y,A,01,0,0,2,0,0,0,0,0,0,-,-,NA,NA,SAN BERNARDINO,RIALTO,-117.39636249,34.10673
6912255,2015,2016-09-06,9855,2015-03-26,0800,15461,NA,4,1,6,3607,0,1,3,NA,2,601,RT 60,RT 83,528,E,N,A,-,Y,SBD,8,60,-,R,4.86,H,-,W,Y,3,0,3,2,A,-,08,22107,NA,N,D,C,A,A,H,-,A,D,1,NA,NA,NA,NA,Y,NA,A,01,0,1,2,0,0,0,0,0,0,-,-,34.03064,-117.63831,SAN BERNARDINO,ONTARIO,-117.64599825,34.03053128
6894196,2015,2015-05-04,3607,2015-03-16,1610,80130,67,1,5,6,3607,0,0,0,NA,0,031,4TH ST,VINEYARD AV,1584,E,N,A,-,N,NA,NA,NA,NA,NA,NA,NA,NA,NA,N,3,0,1,2,A,-,10,21952,NA,F,G,B,D,A,H,-,A,D,0,Y,NA,NA,NA,Y,NA,-,99,0,1,0,0,1,0,0,0,0,-,-,NA,NA,SAN BERNARDINO,ONTARIO,-117.60582327,34.07757073