CASE_ID,ACCIDENT_YEAR,PROC_DATE,JURIS,COLLISION_DATE,COLLISION_TIME,OFFICER_ID,REPORTING_DISTRICT,DAY_OF_WEEK,CHP_SHIFT,POPULATION,CNTY_CITY_LOC,SPECIAL_COND,BEAT_TYPE,CHP_BEAT_TYPE,CITY_DIVISION_LAPD,CHP_BEAT_CLASS,BEAT_NUMBER,PRIMARY_RD,SECONDARY_RD,DISTANCE,DIRECTION,INTERSECTION,WEATHER_1,WEATHER_2,STATE_HWY_IND,CALTRANS_COUNTY,CALTRANS_DISTRICT,STATE_ROUTE,ROUTE_SUFFIX,POSTMILE_PREFIX,POSTMILE,LOCATION_TYPE,RAMP_INTERSECTION,SIDE_OF_HWY,TOW_AWAY,COLLISION_SEVERITY,NUMBER_KILLED,NUMBER_INJURED,PARTY_COUNT,PRIMARY_COLL_FACTOR,PCF_CODE_OF_VIOL,PCF_VIOL_CATEGORY,PCF_VIOLATION,PCF_VIOL_SUBSECTION,HIT_AND_RUN,TYPE_OF_COLLISION,MVIW,PED_ACTION,ROAD_SURFACE,ROAD_COND_1,ROAD_COND_2,LIGHTING,CONTROL_DEVICE,CHP_ROAD_TYPE,PEDESTRIAN_ACCIDENT,BICYCLE_ACCIDENT,MOTORCYCLE_ACCIDENT,TRUCK_ACCIDENT,NOT_PRIVATE_PROPERTY,ALCOHOL_INVOLVED,STWD_VEHTYPE_AT_FAULT,CHP_VEHTYPE_AT_FAULT,COUNT_SEVERE_INJ,COUNT_VISIBLE_INJ,COUNT_COMPLAINT_PAIN,COUNT_PED_KILLED,COUNT_PED_INJURED,COUNT_BICYCLIST_KILLED,COUNT_BICYCLIST_INJURED,COUNT_MC_KILLED,COUNT_MC_INJURED,PRIMARY_RAMP,SECONDARY_RAMP,LATITUDE,LONGITUDE,COUNTY,CITY,POINT_X,POINT_Y
82147092,2023,2023-08-18,3607,2023-08-02,1610,20999,308,3,5,6,3607,0,0,0,NA,0,MILL,ONTARIO MILLS PW,FRANKLIN AV,10,W,N,A,-,N,NA,NA,NA,NA,NA,NA,NA,NA,NA,N,4,0,2,2,A,-,21,22106,NA,N,C,C,A,A,H,-,A,A,0,NA,NA,NA,NA,Y,NA,D,22,0,0,2,0,0,0,0,0,0,-,-,NA,NA,SAN BERNARDINO,ONTARIO,-117.55255126953124,34.07004928588867
82155057,2023,2023-08-28,3602,2023-08-15,740,3978,NA,2,5,5,3602,0,0,0,NA,0,002,EDAM STREET (6600 BLOCK),SAN ANTONIO AVENUE,0,NA,Y,A,-,N,NA,NA,NA,NA,NA,NA,NA,NA,NA,Y,3,0,1,2,A,-,12,22450,A,N,D,C,A,A,H,-,A,A,0,NA,NA,NA,NA,Y,NA,A,01,0,1,0,0,0,0,0,0,0,-,-,NA,NA,SAN BERNARDINO,CHINO,-117.65859985351563,34.000038146972656
82156825,2023,2023-08-29,3607,2023-08-18,130,20850,19,5,5,6,3607,0,0,0,NA,0,031,SIXTH ST,VINEYARD AV,0,NA,Y,A,-,N,NA,NA,NA,NA,NA,NA,NA,NA,NA,Y,3,0,3,2,A,-,12,21453,A,N,D,C,A,A,H,-,C,A,0,NA,NA,NA,NA,Y,NA,J,48,0,3,0,0,0,0,0,0,0,-,-,NA,NA,SAN BERNARDINO,ONTARIO,-117.6112060546875,34.08488845825195
82158011,2023,2023-08-30,3607,2023-08-04,815,20999,76,5,5,6,3607,0,0,0,NA,0,MILL,MILLIKEN AV,CONCOURS DR,0,NA,Y,A,-,N,NA,NA,NA,NA,NA,NA,NA,NA,NA,Y,4,0,2,2,A,-,12,21453,A,N,A,C,A,A,H,-,A,A,0,NA,NA,NA,NA,Y,NA,A,07,0,0,2,0,0,0,0,0,0,-,-,NA,NA,SAN BERNARDINO,ONTARIO,-117.55778503417967,34.07460403442383
82161175,2023,2023-09-04,3609,2023-08-08,1305,01813,139,2,5,5,3609,0,0,0,NA,0,004,FOOTHILL BLVD,RIVERSIDE AVE (E),0,NA,Y,A,-,N,NA,NA,NA,NA,NA,NA,NA,NA,NA,Y,4,0,1,2,A,-,03,22350,NA,N,C,C,A,A,H,-,A,A,0,NA,NA,NA,NA,Y,NA,A,01,0,0,1,0,0,0,0,0,0,-,-,NA,NA,SAN BERNARDINO,RIALTO,-117.3703842163086,34.10675811767578
82163001,2023,2023-09-06,3607,2023-08-06,830,19893,3607,7,5,6,3607,0,0,0,NA,0,042,MILLIKEN AV,JURUPA ST,100,S,N,A,-,N,NA,NA,NA,NA,NA,NA,NA,NA,NA,Y,3,0,1,1,A,-,01,23152,A,N,E,J,A,A,H,-,A,D,0,NA,NA,NA,NA,Y,Y,A,01,0,1,0,0,0,0,0,0,0,-,-,NA,NA,SAN BERNARDINO,ONTARIO,-117.55838775634766,34.04781723022461
82164153,2023,2023-10-06,3607,2023-09-01,1832,20310,10,5,5,6,3607,0,0,0,NA,0,021,EUCLID AV,SIXTH ST,0,NA,Y,B,C,Y,NA,NA,NA,NA,NA,NA,NA,NA,NA,Y,3,0,2,2,A,-,12,21453,A,N,D,C,A,B,H,-,B,A,0,NA,NA,NA,NA,Y,NA,D,22,0,2,0,0,0,0,0,0,0,-,-,NA,NA,SAN BERNARDINO,ONTARIO,-117.65093231201172,34.08518600463867
82171586,2023,2023-09-18,3609,2023-08-06,2330,01948,81,7,5,5,3609,0,0,0,NA,0,002,WALNUT AVE,PRIMROSE AVE,82,E,N,A,-,N,NA,NA,NA,NA,NA,NA,NA,NA,NA,Y,4,0,1,1,A,-,01,23152,A,N,E,I,A,A,H,-,C,D,0,NA,NA,NA,NA,Y,Y,A,01,0,0,1,0,0,0,0,0,0,-,-,34.12860107421875,-117.3591537475586,SAN BERNARDINO,RIALTO,-117.35880279541016,34.12863540649414
82180873,2023,2023-09-27,3607,2023-09-15,1444,21368,339,5,5,6,3607,0,0,0,NA,0,041,ONTARIO MILLS DR,N ETIWANDA AVE,20,E,N,A,-,N,NA,NA,NA,NA,NA,NA,NA,NA,NA,N,3,0,1,2,A,-,03,22350,NA,F,C,C,A,A,H,-,A,A,0,NA,NA,NA,NA,Y,NA,A,01,0,1,0,0,0,0,0,0,0,-,-,NA,NA,SAN BERNARDINO,ONTARIO,-117.52420806884766,34.070980072021484
82182142,2023,2023-09-28,3607,2023-09-01,1115,20839,67,5,5,6,3607,0,0,0,NA,0,031,FOURTH ST,BAKER AV,200,W,N,A,-,N,NA,NA,NA,NA,NA,NA,NA,NA,NA,Y,4,0,2,2,A,-,03,22350,NA,N,C,C,A,A,H,-,A,D,0,NA,NA,NA,NA,Y,NA,A,01,0,0,2,0,0,0,0,0,0,-,-,NA,NA,SAN BERNARDINO,ONTARIO,-117.62049102783205,34.07762908935547
82188565,2023,2023-10-03,3607,2023-08-30,1707,80521,550,3,5,6,3607,0,0,0,NA,0,082,ONTARIO AV,CHINO AV,0,NA,Y,A,-,N,NA,NA,NA,NA,NA,NA,NA,NA,NA,Y,1,1,1,2,A,-,12,22450,A,N,D,C,A,A,H,-,A,A,0,NA,NA,NA,NA,Y,NA,A,01,0,1,0,0,0,0,0,0,0,-,-,NA,NA,SAN BERNARDINO,ONTARIO,-117.60214996337892,34.011817932128906
82188576,2023,2023-10-06,3607,2023-09-09,1445,21369,212,6,5,6,3607,0,0,0,NA,0,042,MISSION BL,ARCHIBALD AV,1000,W,N,A,-,N,NA,NA,NA,NA,NA,NA,NA,NA,NA,Y,3,0,2,1,A,-,08,22107,NA,N,H,A,A,A,H,-,A,D,0,NA,NA,NA,NA,Y,NA,A,01,0,2,0,0,0,0,0,0,0,-,-,NA,NA,SAN BERNARDINO,ONTARIO,-117.59640502929688,34.04499435424805
82188578,2023,2023-10-03,3607,2023-09-10,1520,20642,332,7,5,6,3607,0,0,0,NA,0,041,INLAND EMPIRE BL,PORSCHE WY (N),250,S,N,A,-,N,NA,NA,NA,NA,NA,NA,NA,NA,NA,Y,3,0,1,1,A,-,07,21658,A,N,E,J,A,A,H,-,A,D,0,NA,NA,NA,NA,Y,NA,A,01,0,1,0,0,0,0,0,0,0,-,-,NA,NA,SAN BERNARDINO,ONTARIO,-117.57281494140624,34.07094192504883
82188591,2023,2023-10-03,3607,2023-09-15,2120,20850,105,5,5,6,3607,0,0,0,NA,0,022,SULTANA AV,F ST,0,NA,Y,A,-,N,NA,NA,NA,NA,NA,NA,NA,NA,NA,Y,3,0,1,2,A,-,09,21802,A,N,D,C,A,A,H,-,C,D,0,NA,NA,NA,NA,Y,NA,A,01,0,1,0,0,0,0,0,0,0,-,-,NA,NA,SAN BERNARDINO,ONTARIO,-117.64605712890624,34.069427490234375
82190697,2022,2023-10-04,3611,2022-08-07,0334,3390,3611,7,5,5,3611,0,0,0,NA,0,001,FOOTHILL BLVD,CENTRAL AVE,937,E,N,A,-,N,NA,NA,NA,NA,NA,NA,NA,NA,NA,N,3,0,1,1,A,-,01,23152,A,N,E,I,A,A,H,-,C,D,0,NA,NA,NA,NA,Y,Y,A,07,0,1,0,0,0,0,0,0,0,-,-,NA,NA,SAN BERNARDINO,UPLAND,-117.68682098388672,34.106990814208984
82190707,2022,2023-10-05,3611,2022-08-19,1451,3207,3611,5,5,5,3611,0,0,0,NA,0,001,FOOTHILL BLVD,MOUNTAIN AVE,788,E,N,A,-,N,NA,NA,NA,NA,NA,NA,NA,NA,NA,Y,2,0,1,1,A,-,08,22107,NA,N,E,I,A,A,H,-,A,A,0,NA,NA,NA,NA,Y,NA,D,22,1,0,0,0,0,0,0,0,0,-,-,NA,NA,SAN BERNARDINO,UPLAND,-117.66767120361328,34.107032775878906
82190843,2022,2023-10-04,3611,2022-12-16,0001,3394,3611,5,5,5,3611,0,0,0,NA,0,002,MOUNTAIN AVE,10 W/B FREEWAY OFFRAMP,0,NA,Y,A,-,N,NA,NA,NA,NA,NA,NA,NA,NA,NA,N,3,0,1,2,A,-,12,21453,A,N,D,C,A,A,H,-,C,A,0,NA,NA,NA,NA,Y,NA,A,07,0,1,0,0,0,0,0,0,0,-,-,NA,NA,SAN BERNARDINO,UPLAND,NA,NA
82190847,2022,2023-10-04,3611,2022-12-16,1745,3432,3611,5,5,5,3611,0,0,0,NA,0,002,11TH ST,CENTRAL AVE,576,E,N,A,-,N,NA,NA,NA,NA,NA,NA,NA,NA,NA,Y,4,0,1,2,A,-,03,22350,NA,N,C,C,A,A,H,-,C,A,0,NA,NA,NA,NA,Y,NA,A,01,0,0,1,0,0,0,0,0,0,-,-,34.10321044921875,-117.68959808349608,SAN BERNARDINO,UPLAND,-117.68775939941406,34.10322189331055
82190859,2022,2023-10-04,3611,2022-12-21,1336,3385,3611,3,5,5,3611,0,0,0,NA,0,001,13TH ST,SAN ANTONIO AVE,0,NA,Y,A,-,N,NA,NA,NA,NA,NA,NA,NA,NA,NA,Y,4,0,1,2,A,-,12,22450,A,N,D,C,A,A,H,-,A,A,0,NA,NA,NA,NA,Y,NA,A,01,0,0,1,0,0,0,0,0,0,-,-,34.11061096191406,-117.66082000732422,SAN BERNARDINO,UPLAND,-117.66079711914063,34.11062240600586
82190861,2022,2023-10-04,3611,2022-12-22,1647,3272,3611,4,5,5,3611,0,0,0,NA,0,001,MOUNTAIN AVE,FOOTHILL BLVD,407,N,N,A,-,N,NA,NA,NA,NA,NA,NA,NA,NA,NA,Y,3,0,3,4,A,-,09,21804,A,N,D,C,A,A,H,-,A,D,0,NA,NA,NA,Y,Y,NA,A,08,0,1,2,0,0,0,0,0,0,-,-,34.10689926147461,-117.6702117919922,SAN BERNARDINO,UPLAND,-117.67022705078124,34.10807418823242
82190864,2022,2023-10-05,3611,2022-12-23,1531,3434,3611,5,5,5,3611,0,0,0,NA,0,001,EUCLID AVE,FOOTHILL BLVD,0,NA,Y,A,-,N,NA,NA,NA,NA,NA,NA,NA,NA,NA,Y,4,0,3,2,A,-,09,21453,C,N,D,C,A,A,H,-,A,A,0,NA,NA,NA,NA,Y,NA,A,01,0,0,3,0,0,0,0,0,0,-,-,34.10702896118164,-117.65096282958984,SAN BERNARDINO,UPLAND,-117.6513671875,34.106929779052734
82190878,2023,2023-10-04,3611,2023-01-04,1432,3434,3611,3,5,5,3611,0,0,0,NA,0,001,FOOTHILL BLVD,MONTE VISTA AVE,547,E,N,C,-,N,NA,NA,NA,NA,NA,NA,NA,NA,NA,Y,3,0,1,2,A,-,09,21801,A,N,D,C,A,B,H,-,A,D,0,NA,NA,NA,NA,Y,NA,D,22,0,1,0,0,0,0,0,0,0,-,-,34.10689163208008,-117.6982421875,SAN BERNARDINO,UPLAND,-117.69674682617188,34.10673141479492
82190893,2023,2023-10-04,3611,2023-01-10,2114,3280,3611,2,5,5,3611,0,0,0,NA,0,002,8TH ST,MONTROSE AVE,235,E,N,A,-,N,NA,NA,NA,NA,NA,NA,NA,NA,NA,Y,4,0,2,2,A,-,08,22107,NA,N,D,C,A,A,H,-,C,D,0,NA,NA,NA,Y,Y,Y,A,01,0,0,2,0,0,0,0,0,0,-,-,34.09246063232422,-117.6781005859375,SAN BERNARDINO,UPLAND,-117.67739868164063,34.092369079589844
82190913,2023,2023-10-04,3611,2023-01-20,1640,3272,3611,5,5,5,3611,0,0,0,NA,0,004,ARROW HWY,2ND AVE,0,NA,Y,A,-,N,NA,NA,NA,NA,NA,NA,NA,NA,NA,Y,4,0,1,2,A,-,09,21801,A,N,A,C,A,A,H,-,A,A,0,NA,NA,NA,NA,Y,NA,A,01,0,0,1,0,0,0,0,0,0,-,-,34.099910736083984,-117.6483917236328,SAN BERNARDINO,UPLAND,-117.64840698242188,34.0997314453125
82190929,2023,2023-10-04,3611,2023-02-07,1459,3024,3611,2,5,5,3611,0,0,0,NA,0,004,OLIVE ST,SULTANA AVE,0,NA,Y,A,-,N,NA,NA,NA,NA,NA,NA,NA,NA,NA,N,3,0,2,2,A,-,09,21802,A,N,H,G,A,A,H,-,A,D,0,NA,Y,NA,NA,Y,NA,D,22,0,1,1,0,0,0,2,0,0,-,-,34.09067916870117,-117.64627838134766,SAN BERNARDINO,UPLAND,-117.64617156982422,34.09064865112305
82190931,2023,2023-10-04,3611,2023-02-08,834,3477,3611,3,5,5,3611,0,0,0,NA,0,003,CAMPUS AVE,14TH ST,0,S,Y,A,-,N,NA,NA,NA,NA,NA,NA,NA,NA,NA,Y,3,0,1,2,A,-,09,21801,A,N,A,C,A,A,H,-,A,A,0,NA,NA,NA,NA,Y,NA,A,01,0,1,0,0,0,0,0,0,0,-,-,34.11444854736328,-117.64157104492188,SAN BERNARDINO,UPLAND,-117.64154815673828,34.11430358886719
82190979,2023,2023-10-04,3611,2023-03-16,815,3487,3611,4,5,5,3611,0,0,0,NA,0,002,FOOTHILL BLVD,SAN ANTONIO AVE,550,E,N,A,-,N,NA,NA,NA,NA,NA,NA,NA,NA,NA,Y,3,0,1,2,A,-,03,22350,NA,N,C,C,A,A,H,-,A,D,0,NA,NA,NA,NA,Y,NA,A,01,0,1,0,0,0,0,0,0,0,-,-,34.106868743896484,-117.66069793701172,SAN BERNARDINO,UPLAND,-117.65916442871094,34.107154846191406
82190981,2023,2023-10-04,3611,2023-03-16,951,3194,3611,4,5,5,3611,0,0,0,NA,0,002,MOUNTAIN AVE,ARROW HWY,355,N,N,B,-,N,NA,NA,NA,NA,NA,NA,NA,NA,NA,Y,3,0,1,2,A,-,07,21658,A,N,C,C,A,A,H,-,A,D,0,NA,NA,NA,Y,Y,NA,A,01,0,1,0,0,0,0,0,0,0,-,-,34.09965133666992,-117.67024230957033,SAN BERNARDINO,UPLAND,-117.67025756835938,34.100643157958984
82191032,2023,2023-10-04,3611,2023-04-21,1724,3423,3611,5,5,5,3611,0,0,0,NA,0,004,ARROW HWY,CAMPUS AVE,51,E,N,A,-,N,NA,NA,NA,NA,NA,NA,NA,NA,NA,N,3,0,1,2,A,-,03,22350,NA,F,C,C,A,A,H,-,A,A,0,NA,NA,NA,NA,Y,NA,A,01,0,1,0,0,0,0,0,0,0,-,-,34.09994888305664,-117.64144134521484,SAN BERNARDINO,UPLAND,-117.6413116455078,34.099769592285156
82191113,2023,2023-10-04,3611,2023-06-13,1920,3280,3611,2,5,5,3611,0,0,0,NA,0,004,SAN BERNARDINO RD,13TH AVE,266,E,N,A,-,N,NA,NA,NA,NA,NA,NA,NA,NA,NA,Y,3,0,1,2,A,-,09,21804,A,N,D,C,A,A,H,-,A,D,0,NA,NA,NA,NA,Y,NA,A,07,0,1,0,0,0,0,0,0,0,-,-,34.102569580078125,-117.63401794433594,SAN BERNARDINO,UPLAND,-117.63323974609376,34.10264587402344
82191127,2023,2023-10-05,3611,2023-06-27,2045,3423,3611,2,5,5,3611,0,0,0,NA,0,001,W. 16TH ST,SAN ANTONIO AVE,0,NA,Y,A,-,N,NA,NA,NA,NA,NA,NA,NA,NA,NA,Y,2,0,3,3,A,-,09,21801,A,N,D,C,A,A,H,-,B,A,0,NA,NA,Y,NA,Y,NA,A,07,1,2,0,0,0,0,0,0,3,-,-,34.121490478515625,-117.6609115600586,SAN BERNARDINO,UPLAND,-117.66085815429688,34.12150955200195
82191155,2023,2023-10-04,3611,2023-07-17,1419,3385,3611,1,5,5,3611,0,0,0,NA,0,001,SAN ANTONIO AVE,FOOTHILL BLVD,114,N,N,A,-,N,NA,NA,NA,NA,NA,NA,NA,NA,NA,Y,4,0,3,2,A,-,09,21801,A,N,D,C,A,A,H,-,A,A,0,NA,NA,NA,NA,Y,NA,A,07,0,0,3,0,0,0,0,0,0,-,-,34.106868743896484,-117.66069793701172,SAN BERNARDINO,UPLAND,-117.66078948974608,34.10728073120117
82193862,2023,2023-10-09,3602,2023-09-18,1833,4171,CHINO,1,5,5,3602,0,0,0,NA,0,001,EDISON AVENUE,RAMONA AVENUE,0,NA,Y,A,-,N,NA,NA,NA,NA,NA,NA,NA,NA,NA,N,4,0,2,2,A,-,12,21453,A,N,D,C,A,A,H,-,A,A,0,NA,NA,NA,NA,Y,NA,A,01,0,0,2,0,0,0,0,0,0,-,-,33.997230529785156,-117.7065887451172,SAN BERNARDINO,CHINO,-117.70652770996094,33.9971923828125
82193989,2023,2023-10-09,3602,2023-09-26,758,4066,36,2,5,5,3602,0,0,0,NA,0,002,WALNUT AVE,MOUNTAIN AVE,95,E,N,A,-,N,NA,NA,NA,NA,NA,NA,NA,NA,NA,N,4,0,1,2,A,-,03,22350,NA,N,C,C,A,A,H,-,A,A,0,NA,NA,NA,NA,Y,NA,A,01,0,0,1,0,0,0,0,0,0,-,-,34.02642059326172,-117.66763305664063,SAN BERNARDINO,CHINO,-117.66730499267578,34.02642822265625
82194953,2023,2023-10-10,3607,2023-10-03,725,20392,161,2,5,6,3607,0,0,0,NA,0,082,EDISON AV,HAVEN AV,0,NA,Y,A,-,N,NA,NA,NA,NA,NA,NA,NA,NA,NA,Y,4,0,1,2,A,-,09,21800,A,N,D,C,A,A,H,-,A,D,0,NA,NA,NA,NA,Y,NA,A,07,0,0,1,0,0,0,0,0,0,-,-,NA,NA,SAN BERNARDINO,ONTARIO,-117.5758819580078,33.9972038269043
82208901,2023,2023-10-26,3607,2023-10-18,1433,80511,326,3,5,6,3607,0,0,0,NA,0,041,INLAND EMPIRE BL,VIA MOLINARA,0,NA,Y,A,-,N,NA,NA,NA,NA,NA,NA,NA,NA,NA,Y,4,0,1,2,A,-,03,22350,NA,N,D,C,A,A,H,-,A,A,0,NA,NA,NA,NA,Y,NA,A,01,0,0,1,0,0,0,0,0,0,-,-,NA,NA,SAN BERNARDINO,ONTARIO,-117.58795928955078,34.070220947265625
82220997,2023,2023-10-27,3602,2023-09-27,1354,3051,NA,3,5,5,3602,0,0,0,NA,0,001,D ST,SECOND STREET,161,E,N,A,-,N,NA,NA,NA,NA,NA,NA,NA,NA,NA,N,4,0,1,2,A,-,09,21804,A,N,D,C,A,A,H,-,A,D,0,NA,NA,Y,NA,Y,NA,O,05,0,0,1,0,0,0,0,0,1,-,-,34.013641357421875,-117.69558715820313,SAN BERNARDINO,CHINO,-117.69628143310548,34.01362609863281
82224956,2023,2023-11-02,3607,2023-10-25,1450,80536,129,3,5,6,3607,0,0,0,NA,0,022,HOLT BL,ALLYN AV,0,NA,Y,A,-,N,NA,NA,NA,NA,NA,NA,NA,NA,NA,N,3,0,2,3,A,-,12,21453,A,N,A,C,A,A,H,-,A,D,0,NA,NA,NA,NA,Y,NA,A,01,0,2,0,0,0,0,0,0,0,-,-,NA,NA,SAN BERNARDINO,ONTARIO,-117.63720703125,34.06338119506836
82228444,2023,2023-11-06,3611,2023-09-24,2234,3525,3611,7,5,5,3611,0,0,0,NA,0,003,FOOTHILL BLVD,EUCLID AVE,0,NA,Y,A,-,N,NA,NA,NA,NA,NA,NA,NA,NA,NA,N,3,0,3,2,A,-,01,23152,A,N,D,C,A,A,H,-,C,A,0,NA,NA,NA,NA,Y,Y,A,01,0,3,0,0,0,0,0,0,0,-,-,34.10702896118164,-117.65096282958984,SAN BERNARDINO,UPLAND,-117.6513671875,34.106929779052734
82232838,2023,2023-11-13,3609,2023-10-23,2013,02310,125,1,5,5,3609,0,0,0,NA,0,002,FOOTHILL BLVD,MILLARD AVE,35,W,N,A,-,N,NA,NA,NA,NA,NA,NA,NA,NA,NA,Y,4,0,1,2,A,-,03,22350,NA,N,D,C,A,A,H,-,C,D,0,NA,NA,NA,NA,Y,Y,A,01,0,0,1,0,0,0,0,0,0,-,-,34.10689163208008,-117.37680053710938,SAN BERNARDINO,RIALTO,-117.37702178955078,34.10675048828125
82233805,2023,2023-11-13,3609,2023-10-05,1705,02458,132,4,5,5,3609,0,0,0,NA,0,003,CEDAR AVE,RIALTO AVE,115,N,N,A,-,N,NA,NA,NA,NA,NA,NA,NA,NA,NA,N,3,0,1,2,A,-,01,23152,A,N,C,D,A,A,H,-,A,A,0,NA,NA,NA,NA,Y,Y,A,01,0,1,0,0,0,0,0,0,0,-,-,34.0994987487793,-117.39662170410156,SAN BERNARDINO,RIALTO,-117.39656066894533,34.09952163696289
82236325,2023,2023-11-15,3607,2023-07-19,643,80442,60,3,5,6,3607,0,0,0,NA,0,011,EUCLID AV,FOURTH ST,20,S,N,A,-,Y,NA,NA,NA,NA,NA,NA,NA,NA,NA,Y,3,0,1,1,A,-,08,22107,NA,N,E,I,A,A,H,-,A,D,0,NA,NA,NA,NA,Y,NA,A,01,0,1,0,0,0,0,0,0,0,-,-,NA,NA,SAN BERNARDINO,ONTARIO,-117.6512451171875,34.07785415649414
82244694,2023,2023-11-27,3602,2023-11-09,656,2798,NA,4,5,5,3602,0,0,0,NA,0,003,EL PRADO RD,GATES ST,53,N,N,A,-,N,NA,NA,NA,NA,NA,NA,NA,NA,NA,Y,3,0,3,3,A,-,03,22350,NA,N,C,C,A,A,H,-,A,D,0,NA,NA,NA,NA,Y,NA,A,01,0,3,0,0,0,0,0,0,0,-,-,33.969749450683594,-117.68173980712892,SAN BERNARDINO,CHINO,-117.68184661865234,33.96979522705078
82252576,2023,2023-12-05,3607,2023-11-29,1825,20001,288,3,5,6,3607,0,0,0,NA,0,022,HOLT BL,SULTANA AV,0,NA,Y,A,-,N,NA,NA,NA,NA,NA,NA,NA,NA,NA,Y,3,0,1,2,A,-,09,21801,A,N,D,C,A,A,H,-,C,A,0,NA,NA,NA,NA,Y,NA,A,01,0,1,0,0,0,0,0,0,0,-,-,NA,NA,SAN BERNARDINO,ONTARIO,-117.64603424072266,34.06338119506836
82255708,2023,2023-12-11,3607,2023-11-26,2357,20249,126,7,5,6,3607,0,0,0,NA,0,022,HOLT BL,EUCLID AV,0,NA,Y,A,-,N,NA,NA,NA,NA,NA,NA,NA,NA,NA,Y,3,0,1,3,A,-,12,21453,A,F,D,C,A,A,H,-,C,A,0,NA,NA,NA,NA,Y,NA,A,01,0,1,0,0,0,0,0,0,0,-,-,NA,NA,SAN BERNARDINO,ONTARIO,-117.65119171142578,34.06336212158203
82255718,2023,2023-12-07,3607,2023-12-05,1125,80515,222,2,5,6,3607,0,0,0,NA,0,052,MOUNTAIN AV,PHILADELPHIA ST,0,NA,Y,A,-,N,NA,NA,NA,NA,NA,NA,NA,NA,NA,N,3,0,1,2,A,-,12,21453,A,N,D,C,A,A,H,-,A,A,0,NA,NA,NA,NA,Y,NA,A,01,0,1,0,0,0,0,0,0,0,-,-,NA,NA,SAN BERNARDINO,ONTARIO,-117.66905212402344,34.033687591552734
82256805,2023,2023-12-08,3602,2023-11-19,1233,4190,NA,7,5,5,3602,0,0,0,NA,0,001,PIPELINE AVE,GRAND AVE,690,S,N,A,-,N,NA,NA,NA,NA,NA,NA,NA,NA,NA,N,3,0,2,2,A,-,03,22350,NA,N,C,C,A,A,H,-,A,A,0,NA,NA,NA,NA,Y,NA,A,07,0,2,0,0,0,0,0,0,0,-,-,33.99708938598633,-117.71530151367188,SAN BERNARDINO,CHINO,-117.71522521972656,33.99515914916992
82258184,2023,2023-12-11,3609,2023-11-10,2204,02389,162,5,5,5,3609,0,0,0,NA,0,004,RIVERSIDE AVE,ALRU ST,85,N,N,A,-,N,NA,NA,NA,NA,NA,NA,NA,NA,NA,Y,3,0,1,2,A,-,01,23152,A,N,C,C,A,A,H,-,C,D,0,NA,NA,NA,NA,Y,Y,A,01,0,1,0,0,0,0,0,0,0,-,-,NA,NA,SAN BERNARDINO,RIALTO,-117.37033081054688,34.08740234375
82259423,2023,2023-12-12,3607,2023-12-08,809,80510,232,5,5,6,3607,0,0,0,NA,0,062,EUCLID AV,CEDAR ST,0,NA,Y,A,-,Y,NA,NA,NA,NA,NA,NA,NA,NA,NA,Y,3,0,1,2,A,-,09,21802,A,N,D,C,A,A,H,-,A,D,0,NA,NA,NA,NA,Y,NA,A,01,0,1,0,0,0,0,0,0,0,-,-,NA,NA,SAN BERNARDINO,ONTARIO,-117.65073394775392,34.03743362426758
82262696,2023,2023-12-15,3611,2023-11-06,1301,3392,3611,1,5,5,3611,0,0,0,NA,0,003,FOOTHILL BLVD,13TH AVE,0,NA,Y,-,-,N,NA,NA,NA,NA,NA,NA,NA,NA,NA,Y,4,0,1,2,A,-,09,21802,A,N,D,C,A,A,H,-,A,A,0,NA,NA,NA,NA,Y,NA,A,01,0,0,1,0,0,0,0,0,0,-,-,34.10704040527344,-117.6335220336914,SAN BERNARDINO,UPLAND,-117.63352966308594,34.10723876953125
82268855,2023,2023-12-25,3611,2023-11-06,2335,3532,3611,1,5,5,3611,0,0,0,NA,0,003,CAMPUS AVE,16TH ST,33,S,N,A,-,N,NA,NA,NA,NA,NA,NA,NA,NA,NA,Y,3,0,2,2,A,-,01,23152,A,N,C,C,A,A,H,-,C,A,0,NA,NA,NA,NA,Y,Y,A,01,0,2,0,0,0,0,0,0,0,-,-,34.12174987792969,-117.6416473388672,SAN BERNARDINO,UPLAND,-117.6415786743164,34.1214714050293
82281053,2023,2024-01-08,3602,2023-12-10,1040,4139,3602,7,5,5,3602,0,0,0,NA,0,001,YORBA AVE,SCHAEFER AVE,0,NA,Y,A,-,N,NA,NA,NA,NA,NA,NA,NA,NA,NA,Y,4,0,1,2,A,-,12,21453,A,N,D,C,A,A,H,-,A,A,0,NA,NA,NA,NA,Y,NA,A,01,0,0,1,0,0,0,0,0,0,-,-,34.00447082519531,-117.70224761962892,SAN BERNARDINO,CHINO,-117.70220947265624,34.00442123413086
82281064,2023,2024-01-08,3611,2023-11-17,1729,3296,3611,5,5,5,3611,0,0,0,NA,0,004,FOOTHILL BLVD,HOSPITAL PKWY,80,E,N,A,-,N,NA,NA,NA,NA,NA,NA,NA,NA,NA,N,3,0,1,2,A,-,11,21954,A,N,G,B,D,A,H,-,C,D,0,Y,NA,NA,NA,Y,NA,N,60,0,1,0,0,1,0,0,0,0,-,-,34.10702133178711,-117.63681793212892,SAN BERNARDINO,UPLAND,-117.63655853271484,34.107051849365234