CASE_ID,ACCIDENT_YEAR,PROC_DATE,JURIS,COLLISION_DATE,COLLISION_TIME,OFFICER_ID,REPORTING_DISTRICT,DAY_OF_WEEK,CHP_SHIFT,POPULATION,CNTY_CITY_LOC,SPECIAL_COND,BEAT_TYPE,CHP_BEAT_TYPE,CITY_DIVISION_LAPD,CHP_BEAT_CLASS,BEAT_NUMBER,PRIMARY_RD,SECONDARY_RD,DISTANCE,DIRECTION,INTERSECTION,WEATHER_1,WEATHER_2,STATE_HWY_IND,CALTRANS_COUNTY,CALTRANS_DISTRICT,STATE_ROUTE,ROUTE_SUFFIX,POSTMILE_PREFIX,POSTMILE,LOCATION_TYPE,RAMP_INTERSECTION,SIDE_OF_HWY,TOW_AWAY,COLLISION_SEVERITY,NUMBER_KILLED,NUMBER_INJURED,PARTY_COUNT,PRIMARY_COLL_FACTOR,PCF_CODE_OF_VIOL,PCF_VIOL_CATEGORY,PCF_VIOLATION,PCF_VIOL_SUBSECTION,HIT_AND_RUN,TYPE_OF_COLLISION,MVIW,PED_ACTION,ROAD_SURFACE,ROAD_COND_1,ROAD_COND_2,LIGHTING,CONTROL_DEVICE,CHP_ROAD_TYPE,PEDESTRIAN_ACCIDENT,BICYCLE_ACCIDENT,MOTORCYCLE_ACCIDENT,TRUCK_ACCIDENT,NOT_PRIVATE_PROPERTY,ALCOHOL_INVOLVED,STWD_VEHTYPE_AT_FAULT,CHP_VEHTYPE_AT_FAULT,COUNT_SEVERE_INJ,COUNT_VISIBLE_INJ,COUNT_COMPLAINT_PAIN,COUNT_PED_KILLED,COUNT_PED_INJURED,COUNT_BICYCLIST_KILLED,COUNT_BICYCLIST_INJURED,COUNT_MC_KILLED,COUNT_MC_INJURED,PRIMARY_RAMP,SECONDARY_RAMP,LATITUDE,LONGITUDE,COUNTY,CITY,POINT_X,POINT_Y
8296746,2017,2017-02-08,3609,2017-01-15,1748,5436,OTHER,7,5,5,3609,0,0,0,NA,0,004,AGUA MANSA RD,EDISON POLE #4196084E,0,NA,N,A,-,N,NA,NA,NA,NA,NA,NA,NA,NA,NA,Y,2,0,4,2,A,-,05,21650,A,N,A,C,A,A,H,-,D,D,0,NA,NA,NA,NA,Y,NA,A,01,3,1,0,0,0,0,0,0,0,-,-,34.03404,-117.37177,SAN BERNARDINO,RIALTO,NA,NA
8296762,2017,2017-02-08,3609,2017-01-26,1642,1953,RIALT,4,5,5,3609,0,0,0,NA,0,002,LILAC AV,BASELINE RD,0,NA,Y,A,-,N,NA,NA,NA,NA,NA,NA,NA,NA,NA,N,4,0,1,2,D,-,00,NA,NA,N,D,C,A,A,H,-,B,A,0,NA,NA,NA,NA,Y,NA,-,-,0,0,1,0,0,0,0,0,0,-,-,34.07171,-117.22449,SAN BERNARDINO,RIALTO,-117.37916012,34.12141008
8301010,2017,2017-02-09,3600,2017-01-22,1214,G3233,HE307,7,5,5,3619,0,0,0,NA,0,HE1,MAPLE AV,JUNIPER ST,0,NA,Y,C,-,N,NA,NA,NA,NA,NA,NA,NA,NA,NA,Y,3,0,1,2,A,-,09,21801,A,N,D,C,A,B,H,-,A,A,0,NA,NA,NA,NA,Y,NA,A,01,0,1,0,0,0,0,0,0,0,-,-,NA,NA,SAN BERNARDINO,HESPERIA,-117.34651006,34.42816005
8303944,2016,2017-02-08,3602,2016-12-20,1806,2798,NA,2,5,5,3602,0,0,0,NA,0,002,CYPRESS AV,RIVERSIDE DR,0,NA,Y,A,-,N,NA,NA,NA,NA,NA,NA,NA,NA,NA,N,3,0,1,2,A,-,09,21801,A,N,D,C,A,A,H,-,C,A,0,NA,NA,NA,NA,Y,NA,A,01,0,1,0,0,0,0,0,0,0,-,-,NA,NA,SAN BERNARDINO,CHINO,-117.66317003,34.01924007
8303948,2016,2017-02-08,3602,2016-12-16,1440,3054,NA,5,5,5,3602,0,0,0,NA,0,003,RAMONA AV,RIVERSIDE DR,50,S,N,A,-,N,NA,NA,NA,NA,NA,NA,NA,NA,NA,N,4,0,1,2,A,-,08,22107,NA,N,B,C,A,A,H,-,A,A,0,NA,NA,NA,NA,Y,NA,A,01,0,0,1,0,0,0,0,0,0,-,-,NA,NA,SAN BERNARDINO,CHINO,-117.70675772,34.01880297
8306040,2017,2017-02-24,3605,2017-01-30,1830,272,NA,1,5,4,3605,0,0,0,NA,0,NA,LINDERO AV,MORENO ST,7,S,N,A,-,N,NA,NA,NA,NA,NA,NA,NA,NA,NA,N,4,0,1,2,A,-,03,22350,NA,N,D,G,A,A,H,-,C,A,0,NA,Y,NA,NA,Y,NA,A,01,0,0,1,0,0,0,1,0,0,-,-,NA,NA,SAN BERNARDINO,MONTCLAIR,-117.69559,34.08871
8306720,2017,2018-07-20,3610,2017-01-16,1137,50962,NA,1,5,6,3610,0,0,0,NA,0,NA,N ARDEN AV,PUMALO ST,9,N,N,A,-,N,NA,NA,NA,NA,NA,NA,NA,NA,NA,Y,4,0,1,2,A,-,09,21802,A,N,D,C,A,A,H,-,A,D,0,NA,NA,NA,NA,Y,NA,A,01,0,0,1,0,0,0,0,0,0,-,-,34.13856,-117.23493,SAN BERNARDINO,SAN BERNARDINO,-117.23493,34.13855465
8308570,2017,2017-02-21,3600,2017-01-19,0221,F6907,VC026,4,5,5,3612,0,0,0,NA,0,VC2,GREEN TREE BL,WIMBLETON DR,134,E,N,B,-,N,NA,NA,NA,NA,NA,NA,NA,NA,NA,Y,3,0,1,1,A,-,01,23152,B,N,E,I,A,B,H,-,C,A,0,NA,NA,NA,NA,Y,Y,A,07,0,1,0,0,0,0,0,0,0,-,-,NA,NA,SAN BERNARDINO,VICTORVILLE,-117.31699232,34.50734501
8310208,2017,2017-12-28,3607,2017-02-04,1146,80557,880,6,5,6,3607,0,0,0,NA,0,082,HAMNER AV,BELLEGRAVE AV,250,N,N,A,-,N,NA,NA,NA,NA,NA,NA,NA,NA,NA,N,4,0,2,2,A,-,03,22350,NA,N,C,C,A,A,H,-,A,A,0,NA,NA,NA,NA,Y,NA,-,NA,0,0,2,0,0,0,0,0,0,-,-,NA,NA,SAN BERNARDINO,ONTARIO,-117.5583905,33.98919425
8310398,2017,2017-03-29,3607,2017-01-28,0109,80536,30,6,5,6,3607,0,0,0,NA,0,031,EAST 5TH ST,NORTH EL DORADO AV,600,E,N,A,-,N,NA,NA,NA,NA,NA,NA,NA,NA,NA,Y,3,0,1,3,A,-,01,23152,C,N,D,E,A,A,H,-,C,D,0,NA,NA,NA,NA,Y,Y,-,NA,0,1,0,0,0,0,0,0,0,-,-,NA,NA,SAN BERNARDINO,ONTARIO,-117.62272379,34.0812434
8310785,2017,2017-03-01,3600,2017-01-26,1139,D2561,VC068,4,5,5,3612,0,0,0,NA,0,NA,AMETHYST RD,LA MESA RD,100,S,N,A,-,N,NA,NA,NA,NA,NA,NA,NA,NA,NA,N,3,0,1,2,A,-,03,22350,NA,N,C,C,A,A,H,-,A,A,0,NA,NA,NA,NA,Y,NA,A,01,0,1,0,0,0,0,0,0,0,-,-,NA,NA,SAN BERNARDINO,VICTORVILLE,-117.36431,34.48463603
8311567,2017,2017-03-08,3603,2017-01-25,0734,CL4807,COLTO,3,5,4,3603,0,0,0,NA,0,001,PENNSYLVANIA AV,LAUREL ST,0,NA,Y,A,-,N,NA,NA,NA,NA,NA,NA,NA,NA,NA,N,3,0,1,2,A,-,09,21802,B,N,D,G,A,A,H,-,A,D,0,NA,Y,NA,NA,Y,NA,L,04,0,1,0,0,0,0,1,0,0,-,-,NA,NA,SAN BERNARDINO,COLTON,-117.32710009,34.0812201
8311956,2017,2017-12-28,3609,2017-02-03,2322,0456,095,5,5,5,3609,0,0,0,NA,0,001,AYALA,BASELINE,0,NA,Y,A,-,N,NA,NA,NA,NA,NA,NA,NA,NA,NA,Y,2,0,1,2,A,-,03,22350,NA,N,A,C,A,A,H,-,C,D,0,NA,NA,NA,NA,Y,NA,A,01,1,0,0,0,0,0,0,0,0,-,-,34.0813,-117.579,SAN BERNARDINO,RIALTO,-117.3966201,34.12132001
8313069,2017,2017-03-03,3600,2017-02-07,0732,G0803,RC039,2,5,6,3616,0,0,0,NA,0,004,HELLMAN AV,CHURCH ST,230,N,N,C,-,N,NA,NA,NA,NA,NA,NA,NA,NA,NA,Y,4,0,1,1,C,-,18,NA,NA,N,H,J,A,B,H,-,A,D,0,NA,NA,NA,NA,Y,NA,-,-,0,0,1,0,0,0,0,0,0,-,-,NA,NA,SAN BERNARDINO,RANCHO CUCAMONGA,-117.60232,34.11485032
8313319,2017,2017-02-28,3600,2017-01-14,1355,D8558,AP008,6,5,5,3621,0,0,0,NA,0,NA,APPLE VALLEY RD,SITTING BULL RD,0,NA,Y,A,-,N,NA,NA,NA,NA,NA,NA,NA,NA,NA,Y,4,0,2,2,A,-,03,22350,NA,N,C,C,A,A,H,-,A,A,0,NA,NA,NA,NA,Y,NA,A,07,0,0,2,0,0,0,0,0,0,-,-,NA,NA,SAN BERNARDINO,APPLE VALLEY,-117.24245013,34.48579005
8313412,2017,2017-02-28,3605,2017-02-02,1058,318,NA,4,5,4,3605,0,0,0,NA,0,NA,MISSION BL,SILICON AV,624,E,N,A,-,N,NA,NA,NA,NA,NA,NA,NA,NA,NA,Y,3,0,2,2,A,-,09,21804,A,N,D,C,A,A,H,-,A,D,0,NA,NA,NA,NA,Y,NA,A,07,0,1,1,0,0,0,0,0,0,-,-,NA,NA,SAN BERNARDINO,MONTCLAIR,-117.71241527,34.05607476
8315394,2017,2018-06-07,3610,2017-02-04,1356,50985,POLIC,6,5,6,3610,0,0,0,NA,0,BAKER,W BASELINE ST,RT 215,0,NA,Y,A,-,Y,SBD,8,215,-,-,7.892,R,4,N,Y,4,0,2,2,A,-,12,21453,A,N,D,C,A,A,H,-,A,A,0,NA,NA,NA,NA,Y,NA,-,-,0,0,2,0,0,0,0,0,0,-,NO,34.12135,-117.3009,SAN BERNARDINO,SAN BERNARDINO,-117.3026586,34.118546190000004
8315916,2017,2017-03-07,3610,2017-02-04,2138,51029,NA,6,5,6,3610,0,0,0,NA,0,POLICE,WEST HIGHLAND AV,N MOUNTAIN VIEW AV,50,W,N,A,-,N,NA,NA,NA,NA,NA,NA,NA,NA,NA,Y,3,0,5,3,A,-,03,22350,NA,N,C,C,A,A,H,-,C,A,0,NA,NA,NA,NA,Y,NA,A,01,0,1,4,0,0,0,0,0,0,-,-,34.13595,-117.28742,SAN BERNARDINO,SAN BERNARDINO,-117.28751473,34.13596
8315933,2017,2017-03-09,3610,2017-02-09,0845,50469,NA,4,5,6,3610,0,0,0,NA,0,CHARLI,HIGHLAND AV,SEPULVEDA AV,0,NA,Y,A,-,N,NA,NA,NA,NA,NA,NA,NA,NA,NA,Y,3,0,3,2,A,-,09,21801,A,N,D,C,A,A,H,-,A,D,0,NA,NA,NA,NA,Y,NA,A,01,0,1,2,0,0,0,0,0,0,-,-,NA,NA,SAN BERNARDINO,SAN BERNARDINO,-117.28294014,34.13595007
8316676,2017,2017-03-14,3600,2017-02-13,1817,E2055,HE211,1,5,5,3619,0,0,0,NA,0,HE2,I AV,SMOKE TREE ST,13,N,N,A,-,N,NA,NA,NA,NA,NA,NA,NA,NA,NA,Y,4,0,2,3,A,-,09,21802,A,N,D,C,A,A,H,-,C,A,0,NA,NA,NA,NA,Y,NA,A,07,0,0,2,0,0,0,0,0,0,-,-,NA,NA,SAN BERNARDINO,HESPERIA,-117.28225277,34.42264511
8317721,2017,2017-03-10,3604,2017-01-28,1151,851,NA,6,5,6,3604,0,0,0,NA,0,004,JURUPA AV,POPLAR AV,0,NA,Y,A,-,N,NA,NA,NA,NA,NA,NA,NA,NA,NA,N,4,0,1,2,A,-,12,21453,A,N,D,C,A,A,H,-,A,A,0,NA,NA,NA,NA,Y,NA,D,22,0,0,1,0,0,0,0,0,0,-,-,NA,NA,SAN BERNARDINO,FONTANA,-117.46258014,34.04804003
8317725,2017,2017-03-10,3604,2017-01-24,1552,678,FONTA,2,5,6,3604,0,0,0,NA,0,NA,SANTA ANA,CATAWBA,0,NA,Y,A,-,N,NA,NA,NA,NA,NA,NA,NA,NA,NA,N,4,0,1,2,A,-,09,21802,A,N,D,C,A,A,D,H,A,A,0,NA,NA,NA,NA,Y,NA,A,01,0,0,1,0,0,0,0,0,0,-,-,NA,NA,SAN BERNARDINO,FONTANA,-117.45819009,34.05570002
8320179,2017,2018-06-07,3600,2017-02-10,2023,F5137,VC070,5,5,5,3612,0,0,0,NA,0,VC5,RT 395,DOS PALMAS RD,500,S,N,B,C,Y,SBD,8,395,-,-,10.58,H,-,S,Y,3,0,4,2,A,-,05,21650,NA,N,A,C,A,B,H,-,D,A,0,NA,NA,NA,NA,Y,NA,A,01,0,2,2,0,0,0,0,0,0,-,-,NA,NA,SAN BERNARDINO,VICTORVILLE,-117.39954882,34.49827553
8320474,2017,2017-03-15,3600,2017-02-09,1218,F4772,VC014,4,5,5,3612,0,0,0,NA,0,002,LA PAZ DR,VALLEY CENTER DR,135,E,N,A,-,N,NA,NA,NA,NA,NA,NA,NA,NA,NA,Y,4,0,1,1,A,-,03,22350,NA,N,-,I,A,A,H,-,A,D,0,NA,NA,NA,NA,Y,NA,A,01,0,0,1,0,0,0,0,0,0,-,-,NA,NA,SAN BERNARDINO,VICTORVILLE,-117.31552073,34.51860934
8320970,2017,2018-02-07,3608,2017-03-03,2359,3824,3608,5,5,5,3608,0,0,0,NA,0,NA,RT 38,6TH ST,180,W,N,A,-,Y,SBD,8,38,-,-,0.66,H,-,W,Y,3,0,1,1,A,-,01,23152,A,N,F,I,A,A,H,-,C,D,0,NA,NA,NA,NA,Y,Y,D,22,0,1,0,0,0,0,0,0,0,-,-,NA,NA,SAN BERNARDINO,REDLANDS,-117.18094858,34.07003815
8321984,2017,2017-03-17,3611,2017-01-20,1328,2488,3611,5,5,5,3611,0,0,0,NA,0,002,ARROW HWY,SAN ANTONIO AV,250,E,N,C,-,Y,NA,NA,NA,NA,NA,NA,NA,NA,NA,Y,3,0,1,2,A,-,01,23152,A,N,C,E,A,B,H,-,A,D,0,NA,NA,NA,NA,Y,Y,A,07,0,1,0,0,0,0,0,0,0,-,-,NA,NA,SAN BERNARDINO,UPLAND,-117.6599564,34.09970385
8322021,2017,2017-03-17,3611,2017-01-09,1742,2831,3611,1,5,5,3611,0,0,0,NA,0,001,BENSON AV,FOOTHILL BL,39,N,N,A,B,N,NA,NA,NA,NA,NA,NA,NA,NA,NA,Y,4,0,2,3,A,-,03,22350,NA,N,C,C,A,A,H,-,C,A,0,NA,NA,NA,NA,Y,NA,D,22,0,0,2,0,0,0,0,0,0,-,-,NA,NA,SAN BERNARDINO,UPLAND,-117.68085118,34.10699689
8322539,2016,2017-03-21,3602,2016-12-08,1830,3639,NA,4,5,5,3602,0,0,0,NA,0,004,CHINO AV,5TH ST,0,NA,Y,A,-,N,NA,NA,NA,NA,NA,NA,NA,NA,NA,Y,4,0,1,2,A,-,09,21802,A,N,D,C,A,A,H,-,A,A,0,NA,NA,NA,NA,Y,NA,A,01,0,0,1,0,0,0,0,0,0,-,-,NA,NA,SAN BERNARDINO,CHINO,-117.6930301,34.01191006
8322668,2016,2017-03-14,3600,2016-08-20,2056,F5702,RC081,6,5,6,3616,0,0,0,NA,0,003,ETIWANDA AV,DAY CREEK BL,409,N,N,A,-,N,NA,NA,NA,NA,NA,NA,NA,NA,NA,Y,3,0,1,1,A,-,08,22107,NA,N,F,A,A,A,H,-,C,D,0,NA,NA,Y,NA,Y,NA,C,02,0,1,0,0,0,0,0,0,1,-,-,NA,NA,SAN BERNARDINO,RANCHO CUCAMONGA,-117.52338953,34.16063074
8322709,2016,2017-03-13,3600,2016-08-18,1201,G0803,RC053,4,5,6,3616,0,0,0,NA,0,001,SAPPHIRE ST,VINMAR AV,134,S,N,A,-,N,NA,NA,NA,NA,NA,NA,NA,NA,NA,Y,3,0,1,1,A,-,03,22350,NA,N,E,I,A,A,H,-,A,D,0,NA,NA,NA,NA,Y,NA,A,01,0,1,0,0,0,0,0,0,0,-,-,NA,NA,SAN BERNARDINO,RANCHO CUCAMONGA,-117.62533082,34.15115284
8324484,2017,2017-03-17,3608,2017-03-01,1125,4202,3608,3,5,5,3608,0,0,0,NA,0,NA,E CITRUS AV,LINCOLN ST,262,W,N,A,-,N,NA,NA,NA,NA,NA,NA,NA,NA,NA,Y,4,0,1,1,A,-,08,22107,NA,N,E,I,A,A,H,-,A,D,0,NA,NA,NA,NA,Y,NA,A,07,0,0,1,0,0,0,0,0,0,-,-,NA,NA,SAN BERNARDINO,REDLANDS,-117.15290221,34.0556
8325372,2017,2017-03-21,3603,2017-03-01,1747,CL4251,COLTO,3,5,4,3603,0,0,0,NA,0,002,MT VERNON AV,SHASTA DR,0,NA,Y,A,-,N,NA,NA,NA,NA,NA,NA,NA,NA,NA,Y,4,0,1,2,A,-,09,21801,A,N,D,C,A,A,H,-,C,D,0,NA,NA,NA,NA,Y,NA,A,01,0,0,1,0,0,0,0,0,0,-,-,NA,NA,SAN BERNARDINO,COLTON,-117.31386004,34.07271009
8325621,2017,2017-03-23,3603,2017-01-28,2059,CL4744,COLTO,6,5,4,3603,0,0,0,NA,0,001,EUCALYPTUS AV,WESTWIND ST,0,NA,Y,A,-,N,NA,NA,NA,NA,NA,NA,NA,NA,NA,Y,4,0,4,2,A,-,05,21650,NA,N,A,E,A,A,H,-,C,D,0,NA,NA,NA,NA,Y,NA,A,01,0,0,4,0,0,0,0,0,0,-,-,NA,NA,SAN BERNARDINO,COLTON,-117.35724001,34.08287009
8326320,2017,2017-03-27,3604,2017-02-17,1642,599,NA,5,5,6,3604,0,0,0,NA,0,NA,CITRUS AV,HAWTHORNE AV,150,N,N,B,C,N,NA,NA,NA,NA,NA,NA,NA,NA,NA,Y,4,0,1,2,A,-,09,21804,A,N,D,C,A,B,H,-,A,A,0,NA,NA,NA,NA,Y,NA,A,01,0,0,1,0,0,0,0,0,0,-,-,NA,NA,SAN BERNARDINO,FONTANA,-117.4537,34.08204101
8326952,2017,2017-03-17,3604,2017-02-17,1427,599,NA,5,5,6,3604,0,0,0,NA,0,17-310,CHERRY AV,JURUPA AV,0,NA,Y,B,-,N,NA,NA,NA,NA,NA,NA,NA,NA,NA,N,4,0,1,2,A,-,10,21950,A,F,G,B,-,A,H,-,A,A,0,Y,NA,NA,NA,Y,NA,A,07,0,0,1,0,1,0,0,0,0,-,-,NA,NA,SAN BERNARDINO,FONTANA,-117.48910008,34.04801004
8327474,2017,2017-03-21,3611,2017-01-04,1839,2387,3611,3,5,5,3611,0,0,0,NA,0,001,FOOTHILL BL,DEWEY,20,E,N,A,-,N,NA,NA,NA,NA,NA,NA,NA,NA,NA,Y,3,0,1,2,A,-,03,22350,NA,N,C,C,A,A,H,-,C,A,0,NA,NA,NA,NA,Y,NA,A,01,0,1,0,0,0,0,0,0,0,-,-,NA,NA,SAN BERNARDINO,UPLAND,-117.69387411,34.10679899
8327478,2017,2017-03-21,3611,2017-01-05,0911,1677,3611,4,5,5,3611,0,0,0,NA,0,002,FOOTHILL BL,REDDING WY,291,W,N,C,-,N,NA,NA,NA,NA,NA,NA,NA,NA,NA,Y,4,0,1,3,A,-,08,22107,NA,N,C,E,A,B,H,-,A,D,0,NA,NA,NA,NA,Y,NA,A,01,0,0,1,0,0,0,0,0,0,-,-,NA,NA,SAN BERNARDINO,UPLAND,-117.65702873,34.10699598
8329069,2017,2017-03-27,3600,2017-02-23,1949,D3311,RC072,4,5,6,3616,0,0,0,NA,0,RC3,BASE LINE RD,EAST AV,0,NA,Y,A,-,N,NA,NA,NA,NA,NA,NA,NA,NA,NA,Y,4,0,1,2,A,-,12,21453,A,N,D,C,A,A,H,-,C,A,0,NA,NA,NA,NA,Y,NA,A,07,0,0,1,0,0,0,0,0,0,-,-,NA,NA,SAN BERNARDINO,RANCHO CUCAMONGA,-117.51452009,34.12155005
8330206,2017,2017-04-03,3600,2017-01-22,0044,L2259,YC106,7,5,4,3640,0,0,0,NA,0,YC1,3RD ST,LOCKWOOD DR,0,NA,Y,B,-,N,NA,NA,NA,NA,NA,NA,NA,NA,NA,Y,3,0,2,2,A,-,01,23152,E,N,C,E,A,-,H,-,C,A,0,NA,NA,NA,NA,Y,Y,A,01,0,1,1,0,0,0,0,0,0,-,-,NA,NA,SAN BERNARDINO,YUCAIPA,-117.04753009,34.03833008
8332615,2017,2017-03-30,3600,2017-03-07,2315,S3378,YC309,2,5,4,3640,0,0,0,NA,0,003,WILDWOOD CANYON RD,6TH ST,287,W,N,A,-,N,NA,NA,NA,NA,NA,NA,NA,NA,NA,Y,4,0,1,1,A,-,03,22350,NA,N,E,I,A,A,H,-,C,D,0,NA,NA,NA,NA,Y,NA,A,01,0,0,1,0,0,0,0,0,0,-,-,NA,NA,SAN BERNARDINO,YUCAIPA,-117.06090455,34.01522766
8334633,2017,2017-03-30,3610,2017-02-26,2020,50842,NA,7,5,6,3610,0,0,0,NA,0,NA,EAST HIGHLAND AV,N GOLDEN AV,26,E,N,C,-,N,NA,NA,NA,NA,NA,NA,NA,NA,NA,Y,4,0,1,2,A,-,08,22107,NA,F,D,C,A,B,H,-,C,A,0,NA,NA,NA,NA,Y,NA,-,NA,0,0,1,0,0,0,0,0,0,-,-,34.13585,-117.2611,SAN BERNARDINO,SAN BERNARDINO,-117.26103435,34.13587
8337106,2017,2018-07-20,3610,2017-04-20,1011,50360,NA,4,5,6,3610,0,0,0,NA,0,NA,W BASELINE ST,NORTH ARROWHEAD AV,0,NA,Y,A,-,N,NA,NA,NA,NA,NA,NA,NA,NA,NA,Y,4,0,1,2,A,-,01,23152,E,N,D,C,A,A,H,-,A,A,0,NA,NA,NA,NA,Y,NA,A,07,0,0,1,0,0,0,0,0,0,-,-,NA,NA,SAN BERNARDINO,SAN BERNARDINO,-117.28967001,34.121340000000004
8337770,2017,2017-04-07,3600,2017-02-09,1108,E6896,HI025,4,5,4,3618,0,0,0,NA,0,NI3,BASELINE ST,CHURCH ST,0,NA,Y,A,-,N,NA,NA,NA,NA,NA,NA,NA,NA,NA,Y,4,0,5,2,A,-,00,21453,NA,N,D,C,A,A,H,-,A,A,0,NA,NA,NA,NA,Y,NA,A,01,0,0,5,0,0,0,0,0,0,-,-,NA,NA,SAN BERNARDINO,HIGHLAND,-117.17385011,34.12113005
8338811,2017,2017-04-11,3610,2017-03-08,0922,50266,NA,3,5,6,3610,0,0,0,NA,0,POLICE,EAST HIGHLAND AV,ELKS DR,114,W,N,A,-,N,NA,NA,NA,NA,NA,NA,NA,NA,NA,Y,4,0,1,2,A,-,03,22350,NA,N,C,C,A,A,H,-,-,D,0,NA,NA,NA,NA,Y,NA,A,01,0,0,1,0,0,0,0,0,0,-,-,NA,NA,SAN BERNARDINO,SAN BERNARDINO,-117.26284557,34.13588
8338819,2017,2017-04-11,3610,2017-03-07,2500,51088,NA,2,5,6,3610,0,0,0,NA,0,POLICE,S TIPPECANOE AV,E ORANGE SHOW RD,0,NA,Y,A,-,N,NA,NA,NA,NA,NA,NA,NA,NA,NA,Y,4,0,3,2,D,-,00,NA,NA,N,A,C,A,A,H,-,A,A,0,NA,NA,NA,NA,Y,NA,-,-,0,0,3,0,0,0,0,0,0,-,-,34.07755,-117.25973,SAN BERNARDINO,SAN BERNARDINO,-117.25975001,34.07754001
8338839,2017,2017-04-11,3610,2017-03-08,1746,50184,NA,3,5,6,3610,0,0,0,NA,0,POLICE,E ST,5TH ST,0,NA,Y,A,-,N,NA,NA,NA,NA,NA,NA,NA,NA,NA,N,3,0,1,2,A,-,06,21755,NA,N,C,G,A,A,H,-,A,A,0,NA,Y,NA,NA,Y,NA,L,04,0,1,0,0,0,0,1,0,0,-,-,NA,NA,SAN BERNARDINO,SAN BERNARDINO,-117.29414009,34.10831004
8339152,2017,2017-12-28,3609,2017-03-09,1620,0456,144,4,5,5,3609,0,0,0,NA,0,003,CEDAR AV,RIALTO AV,0,NA,Y,A,-,N,NA,NA,NA,NA,NA,NA,NA,NA,NA,Y,4,0,2,3,A,-,07,21658,A,N,D,C,A,A,H,-,A,D,0,NA,NA,NA,NA,Y,NA,A,01,0,0,2,0,0,0,0,0,0,-,-,NA,NA,SAN BERNARDINO,RIALTO,-117.39656006,34.09952008
8339570,2017,2017-04-04,3608,2017-03-18,1355,4388,NA,6,5,5,3608,0,0,0,NA,0,NA,LUGONIA AV,UNIVERSITY AV,0,NA,Y,A,-,N,NA,NA,NA,NA,NA,NA,NA,NA,NA,N,4,0,1,2,A,-,03,22350,NA,N,C,C,A,A,H,-,A,A,0,NA,NA,NA,NA,Y,NA,A,01,0,0,1,0,0,0,0,0,0,-,-,NA,NA,SAN BERNARDINO,REDLANDS,-117.16720004,34.07005001
8339601,2017,2018-04-11,3608,2017-03-22,1321,3372,REDLA,3,5,5,3608,0,0,0,NA,0,NA,ALABAMA ST,RT 10,93,N,N,A,-,Y,SBD,8,10,-,-,29.172,R,4,W,N,4,0,1,2,A,-,03,22350,NA,N,C,C,A,A,H,-,A,A,0,NA,NA,NA,NA,Y,NA,A,01,0,0,1,0,0,0,0,0,0,-,WO,NA,NA,SAN BERNARDINO,REDLANDS,-117.21140932,34.06675274
8340976,2017,2017-04-12,3610,2017-03-26,0440,51078,NA,7,5,6,3610,0,0,0,NA,0,NA,SOUTH WATERMAN AV,E ORANGE SHOW RD,0,NA,Y,A,-,N,NA,NA,NA,NA,NA,NA,NA,NA,NA,Y,3,0,2,2,A,-,12,21453,A,N,D,C,A,A,H,-,C,A,0,NA,NA,Y,NA,Y,NA,C,02,0,1,1,0,0,0,0,0,1,-,-,34.07972,-117.27871,SAN BERNARDINO,SAN BERNARDINO,-117.27864002,34.07978003
8340982,2017,2017-04-12,3610,2017-03-31,1730,50916,NA,5,5,6,3610,0,0,0,NA,0,POLICE,W MILL ST,S MACY ST,0,NA,Y,A,-,N,NA,NA,NA,NA,NA,NA,NA,NA,NA,Y,4,0,1,2,A,-,03,22350,NA,F,C,C,A,A,H,-,A,A,0,NA,NA,NA,NA,Y,NA,A,01,0,0,1,0,0,0,0,0,0,-,-,34.09231,-117.33992,SAN BERNARDINO,SAN BERNARDINO,-117.33992012,34.09231001
8341963,2017,2018-02-07,3608,2017-03-29,1314,3804,3608,3,5,5,3608,0,0,0,NA,0,NA,RT 38,WESTERN AV,221,S,N,A,-,Y,SBD,8,38,-,-,0.4,H,-,E,N,3,0,1,2,A,-,05,21650,1,N,A,G,A,A,H,-,A,D,0,NA,Y,NA,NA,Y,NA,L,04,0,1,0,0,0,0,1,0,0,-,-,NA,NA,SAN BERNARDINO,REDLANDS,-117.18252057,34.06759716
8344283,2017,2017-04-19,3607,2017-03-20,1843,15043,280,1,5,6,3607,0,0,0,NA,0,072,DEER CREEK LOOP,BUFFALO RD,100,E,N,A,-,N,NA,NA,NA,NA,NA,NA,NA,NA,NA,Y,4,0,1,1,A,-,08,22107,NA,N,E,I,A,A,H,-,B,D,0,NA,NA,NA,NA,Y,NA,-,NA,0,0,1,0,0,0,0,0,0,-,-,NA,NA,SAN BERNARDINO,ONTARIO,-117.58123906,34.02783791
8344295,2017,2017-04-19,3607,2017-03-13,1813,80555,252,1,5,6,3607,0,0,0,NA,0,071,RIVERSIDE DR,COLONIAL AV,600,W,N,A,-,N,NA,NA,NA,NA,NA,NA,NA,NA,NA,N,4,0,1,2,A,-,04,21703,NA,N,C,C,A,A,H,-,A,D,0,NA,NA,NA,NA,Y,NA,-,NA,0,0,1,0,0,0,0,0,0,-,-,NA,NA,SAN BERNARDINO,ONTARIO,-117.59893423,34.01919
8344867,2017,2017-04-20,3611,2017-02-09,1123,2325,3611,4,5,5,3611,0,0,0,NA,0,003,CAMPUS AV,VIEWPOINT,518,N,N,B,-,N,NA,NA,NA,NA,NA,NA,NA,NA,NA,Y,3,0,1,2,A,-,08,22107,NA,N,H,C,A,A,H,-,A,A,0,NA,NA,Y,NA,Y,NA,A,01,0,1,0,0,0,0,0,0,1,-,-,NA,NA,SAN BERNARDINO,UPLAND,-117.64169336,34.1276451
8346575,2017,2017-04-19,3609,2017-03-14,0540,7379,NA,2,5,5,3609,0,0,0,NA,0,001,FITZGERALD AV,BASELINE RD,500,N,N,A,-,N,NA,NA,NA,NA,NA,NA,NA,NA,NA,Y,2,0,1,2,A,-,03,22350,NA,N,D,C,A,A,-,-,B,D,0,NA,NA,NA,NA,Y,NA,A,01,1,0,0,0,0,0,0,0,0,-,-,34.123,-117.394,SAN BERNARDINO,RIALTO,-117.39335841,34.12268992
8346714,2017,2017-04-17,3603,2017-03-31,1321,CL4817,COLTO,5,5,4,3603,0,0,0,NA,0,001,6TH ST,E ST,0,NA,Y,A,C,N,NA,NA,NA,NA,NA,NA,NA,NA,NA,Y,4,0,1,2,A,-,03,22350,NA,N,B,E,A,A,H,-,A,D,0,NA,NA,NA,NA,Y,NA,A,01,0,0,1,0,0,0,0,0,0,-,-,NA,NA,SAN BERNARDINO,COLTON,-117.32630006,34.07164004