CASE_ID,ACCIDENT_YEAR,PROC_DATE,JURIS,COLLISION_DATE,COLLISION_TIME,OFFICER_ID,REPORTING_DISTRICT,DAY_OF_WEEK,CHP_SHIFT,POPULATION,CNTY_CITY_LOC,SPECIAL_COND,BEAT_TYPE,CHP_BEAT_TYPE,CITY_DIVISION_LAPD,CHP_BEAT_CLASS,BEAT_NUMBER,PRIMARY_RD,SECONDARY_RD,DISTANCE,DIRECTION,INTERSECTION,WEATHER_1,WEATHER_2,STATE_HWY_IND,CALTRANS_COUNTY,CALTRANS_DISTRICT,STATE_ROUTE,ROUTE_SUFFIX,POSTMILE_PREFIX,POSTMILE,LOCATION_TYPE,RAMP_INTERSECTION,SIDE_OF_HWY,TOW_AWAY,COLLISION_SEVERITY,NUMBER_KILLED,NUMBER_INJURED,PARTY_COUNT,PRIMARY_COLL_FACTOR,PCF_CODE_OF_VIOL,PCF_VIOL_CATEGORY,PCF_VIOLATION,PCF_VIOL_SUBSECTION,HIT_AND_RUN,TYPE_OF_COLLISION,MVIW,PED_ACTION,ROAD_SURFACE,ROAD_COND_1,ROAD_COND_2,LIGHTING,CONTROL_DEVICE,CHP_ROAD_TYPE,PEDESTRIAN_ACCIDENT,BICYCLE_ACCIDENT,MOTORCYCLE_ACCIDENT,TRUCK_ACCIDENT,NOT_PRIVATE_PROPERTY,ALCOHOL_INVOLVED,STWD_VEHTYPE_AT_FAULT,CHP_VEHTYPE_AT_FAULT,COUNT_SEVERE_INJ,COUNT_VISIBLE_INJ,COUNT_COMPLAINT_PAIN,COUNT_PED_KILLED,COUNT_PED_INJURED,COUNT_BICYCLIST_KILLED,COUNT_BICYCLIST_INJURED,COUNT_MC_KILLED,COUNT_MC_INJURED,PRIMARY_RAMP,SECONDARY_RAMP,LATITUDE,LONGITUDE,COUNTY,CITY,POINT_X,POINT_Y
8464410,2017,2017-11-02,3608,2017-09-20,1713,4709,3608,3,5,5,3608,0,0,0,NA,0,NA,W REDLANDS AV,IOWA ST,135,W,N,A,-,N,NA,NA,NA,NA,NA,NA,NA,NA,NA,Y,3,0,1,2,A,-,09,21804,A,M,D,C,A,A,H,-,A,A,0,NA,NA,NA,NA,Y,NA,A,08,0,1,0,0,0,0,0,0,0,-,-,NA,NA,SAN BERNARDINO,REDLANDS,-117.21362433,34.06293194
84647323,2025,2025-04-14,3611,2025-03-07,1350,3452,NA,5,5,5,3611,0,0,0,NA,0,001,BASELINE RD,SYCAMORE HILLS PLAZA,0,NA,Y,B,-,N,NA,NA,NA,NA,NA,NA,NA,NA,NA,Y,3,0,2,2,A,-,12,21453,NA,N,D,C,A,A,H,-,A,A,0,NA,NA,NA,NA,Y,NA,A,01,0,2,0,0,0,0,0,0,0,-,-,NA,NA,SAN BERNARDINO,UPLAND,-117.36605834960938,34.121368408203125
84649143,2025,2025-04-15,3604,2025-02-07,8,1519,NA,5,5,6,3604,0,0,0,NA,0,004,SLOVER AVE,ALMOND AVE,0,N,-,C,-,N,NA,NA,NA,NA,NA,NA,NA,NA,NA,N,3,0,1,2,A,-,03,22350,NA,N,C,C,A,B,H,-,C,A,0,NA,NA,NA,Y,Y,NA,A,01,0,1,0,0,0,0,0,0,0,-,-,NA,NA,SAN BERNARDINO,FONTANA,-117.49321746826172,34.06285858154297
8465411,2017,2018-10-10,3600,2017-07-17,2255,B9547,AD109,1,5,3,3613,0,0,0,NA,0,AD2,RT 395,RANCHO RD,2538,S,N,A,-,Y,SBD,8,395,-,-,14.31,H,-,S,Y,1,1,5,2,A,-,01,23152,F,N,A,C,A,A,H,-,D,D,0,NA,NA,NA,NA,Y,NA,D,22,0,4,1,0,0,0,0,0,0,-,-,NA,NA,SAN BERNARDINO,ADELANTO,-117.40302488,34.55263677
8465464,2017,2019-04-10,3600,2017-08-25,1251,F3069,YCC66,5,5,5,3612,0,0,0,NA,0,VC4,RT 395,EUCALYPTUS ST,1120,S,N,A,-,Y,SBD,8,395,-,-,40.61,H,-,N,Y,1,1,0,1,A,-,03,22350,NA,N,F,A,A,A,H,-,A,D,0,NA,NA,NA,NA,Y,Y,A,01,0,0,0,0,0,0,0,0,0,-,-,NA,NA,SAN BERNARDINO,VICTORVILLE,-117.5164093,34.91859785
8465480,2017,2018-11-06,3610,2017-09-23,2201,51029,NA,6,5,6,3610,0,0,0,NA,0,BAKER,N E ST,29TH ST,227,N,N,A,-,N,NA,NA,NA,NA,NA,NA,NA,NA,NA,N,1,1,0,2,A,-,11,21954,A,N,A,B,D,A,H,-,C,A,0,Y,NA,NA,NA,Y,NA,N,60,0,0,0,1,0,0,0,0,0,-,-,34.14486,-117.29373,SAN BERNARDINO,SAN BERNARDINO,-117.29411,34.14476187
8465502,2017,2018-11-20,3610,2017-08-20,0448,50571,NA,7,5,6,3610,0,0,0,NA,0,ADAM,N CAJON BL 66,MEDICAL CENTER DR,70,W,N,B,-,N,NA,NA,NA,NA,NA,NA,NA,NA,NA,Y,1,1,0,2,A,-,03,22350,NA,N,C,G,A,A,H,-,D,D,0,NA,Y,NA,NA,Y,NA,A,01,0,0,0,0,0,1,0,0,0,-,-,34.14188,-117.32055,SAN BERNARDINO,SAN BERNARDINO,-117.3206833,34.14200689
8465728,2018,2020-05-22,3600,2018-02-11,2036,F6907,VC070,7,5,5,3612,0,0,0,NA,0,VC5,RT 18,EMERALD RD,400,W,N,A,-,Y,SBD,8,18,-,-,99.96,H,-,S,Y,1,1,0,2,A,-,01,23152,A,N,G,B,E,A,H,-,D,D,0,Y,NA,NA,NA,Y,Y,D,72,0,0,0,1,0,0,0,0,0,-,-,NA,NA,SAN BERNARDINO,VICTORVILLE,-117.38204956054688,34.506778717041016
8465919,2018,2019-07-12,3600,2018-08-14,2009,G3224,YV008,2,5,3,3631,0,0,0,NA,0,YV1,RT 247,WILHART DR,120,N,N,A,-,Y,SBD,8,247,-,-,3.92,H,-,S,Y,1,1,3,2,A,-,05,21460,A,N,A,C,A,A,H,-,D,D,0,NA,NA,NA,NA,Y,Y,A,01,3,0,0,0,0,0,0,0,0,-,-,34.17734146118164,-116.42704010009766,SAN BERNARDINO,YUCCA VALLEY,-116.42601776123048,34.175479888916016
8466039,2018,2019-09-11,3607,2018-06-12,1800,80310,212,2,5,6,3607,0,0,0,NA,0,042,ARCHIBALD AV,MISSION BL,85,N,N,A,-,N,NA,NA,NA,NA,NA,NA,NA,NA,NA,Y,1,1,0,2,A,-,12,22451,NA,N,H,F,A,A,H,-,A,A,0,NA,NA,NA,NA,Y,NA,A,01,0,0,0,0,0,0,0,0,0,-,-,NA,NA,SAN BERNARDINO,ONTARIO,-117.5933074951172,34.04420852661133
84663564,2025,2025-04-25,3609,2025-04-12,1442,02803,NA,6,5,5,3609,0,0,0,NA,0,003,RIALTO AVE,MAPLE AVE,395,E,N,A,-,N,NA,NA,NA,NA,NA,NA,NA,NA,NA,Y,3,0,1,2,A,-,09,21804,A,N,D,C,A,A,H,-,A,A,0,NA,NA,NA,NA,Y,NA,A,01,0,1,0,0,0,0,0,0,0,-,-,34.09947967529297,-117.40522003173828,SAN BERNARDINO,RIALTO,-117.40396118164063,34.099491119384766
84664955,2025,2025-04-28,3607,2025-04-23,1236,80547,NA,3,5,6,3607,0,0,0,NA,0,021,GROVE AV,EIGHTH ST,0,NA,Y,A,-,N,NA,NA,NA,NA,NA,NA,NA,NA,NA,Y,3,0,1,2,A,-,12,21453,A,N,D,C,A,A,H,-,A,D,0,NA,NA,NA,NA,Y,NA,-,-,0,1,0,0,0,0,0,0,0,-,-,NA,NA,SAN BERNARDINO,ONTARIO,-117.62857818603516,34.09211730957031
84672563,2025,2025-05-02,3611,2025-03-23,1230,3390,NA,7,5,5,3611,0,0,0,NA,0,002,7TH ST,BERLYN AVE,232,E,N,A,-,N,NA,NA,NA,NA,NA,NA,NA,NA,NA,Y,4,0,2,2,A,-,01,23152,A,N,A,C,A,A,H,-,A,D,0,NA,NA,NA,NA,Y,Y,A,01,0,0,2,0,0,0,0,0,0,-,-,34.08890914916992,-117.6391830444336,SAN BERNARDINO,UPLAND,-117.63824462890624,34.08884048461914
84677705,2025,2025-05-07,3604,2025-04-03,114,1461,NA,4,5,6,3604,0,0,0,NA,0,NA,FOOTHILL BLVD,JUNIPER AVE,450,W,-,A,-,N,NA,NA,NA,NA,NA,NA,NA,NA,NA,Y,4,0,1,2,A,-,01,23152,A,N,C,C,A,A,H,-,C,A,0,NA,NA,NA,NA,Y,Y,A,01,0,0,1,0,0,0,0,0,0,-,-,NA,NA,SAN BERNARDINO,FONTANA,-117.4416732788086,34.10660171508789
84682492,2025,2025-05-12,3602,2025-04-19,1526,4084,NA,6,5,5,3602,0,0,0,NA,0,001,RAMONA AVE (12800 BLOCK),RIVERSIDE DR,40,N,N,A,-,N,NA,NA,NA,NA,NA,NA,NA,NA,NA,N,4,0,2,2,A,-,21,22106,NA,N,C,C,A,A,H,-,A,A,0,NA,NA,NA,NA,Y,NA,J,48,0,0,2,0,0,0,0,0,0,-,-,34.022499084472656,-117.70677185058594,SAN BERNARDINO,CHINO,-117.70675659179688,34.01905059814453
84684698,2025,2025-05-13,3609,2025-04-22,1120,02734,NA,2,5,5,3609,0,0,0,NA,0,002,FOOTHILL BLVD,SYCAMORE AVE,0,NA,Y,A,-,N,NA,NA,NA,NA,NA,NA,NA,NA,NA,Y,4,0,1,3,A,-,12,21453,A,N,D,C,A,A,H,-,A,A,0,NA,NA,NA,NA,Y,NA,A,01,0,0,1,0,0,0,0,0,0,-,-,34.106719970703125,-117.36599731445313,SAN BERNARDINO,RIALTO,-117.3659896850586,34.10675811767578
84686420,2025,2025-05-15,3607,2025-05-09,447,21088,NA,5,5,6,3607,0,0,0,NA,0,061,BELMONT ST,GROVE AV,45,W,N,A,-,N,NA,NA,NA,NA,NA,NA,NA,NA,NA,Y,4,0,1,1,A,-,03,22350,NA,N,E,I,A,A,H,-,C,A,0,NA,NA,NA,NA,Y,NA,A,01,0,0,1,0,0,0,0,0,0,-,-,NA,NA,SAN BERNARDINO,ONTARIO,-117.62877655029295,34.05181884765625
84691379,2025,2025-05-19,3609,2025-04-25,1900,02594,NA,5,5,5,3609,0,0,0,NA,0,001,MIRO WAY,ALDER AVE,50,E,N,A,-,N,NA,NA,NA,NA,NA,NA,NA,NA,NA,N,3,0,1,2,A,-,12,21453,A,F,C,C,A,A,H,-,A,A,0,NA,NA,NA,NA,Y,NA,-,99,0,1,0,0,0,0,0,0,0,-,-,NA,NA,SAN BERNARDINO,RIALTO,-117.41837310791016,34.12498474121094
8469400,2017,2018-06-07,3600,2017-07-22,2121,D4308,TW006,6,5,3,3617,0,0,0,NA,0,0TW,TWENTYNINE PALMS HWY,UTAH TRL,0,NA,N,A,-,Y,SBD,8,62,-,-,33.95,H,-,E,N,4,0,1,2,A,-,07,21658,A,N,G,B,E,A,H,-,D,D,0,Y,NA,NA,NA,Y,NA,A,01,0,0,1,0,1,0,0,0,0,-,-,34.13574,-116.0415,SAN BERNARDINO,TWENTYNINE PALMS,-116.04148502,34.13578182
8469709,2017,2017-12-28,3600,2017-09-25,1139,C4462,VC021,1,5,5,3612,0,0,0,NA,0,VC3,HESPERIA RD,JASMINE ST,0,NA,Y,A,-,N,NA,NA,NA,NA,NA,NA,NA,NA,NA,Y,4,0,1,2,A,-,09,21801,NA,N,D,C,A,A,H,-,A,D,0,NA,NA,Y,NA,Y,NA,A,01,0,0,1,0,0,0,0,0,1,-,-,NA,NA,SAN BERNARDINO,VICTORVILLE,-117.29146,34.47488002
84700296,2025,2025-05-26,3607,2025-05-17,1424,21439,NA,6,5,6,3607,0,0,0,NA,0,021,E 4TH ST,N BERLYN AVE,406,E,N,B,-,N,NA,NA,NA,NA,NA,NA,NA,NA,NA,N,4,0,1,2,A,-,21,22106,NA,N,D,C,A,A,H,-,A,D,0,NA,NA,NA,NA,Y,NA,A,01,0,0,1,0,0,0,0,0,0,-,-,NA,NA,SAN BERNARDINO,ONTARIO,-117.63763427734376,34.07794189453125
84700304,2025,2025-05-26,3607,2025-05-19,1545,80551,NA,1,5,6,3607,0,0,0,NA,0,022,CAMPUS AV,E ST,0,NA,Y,A,-,N,NA,NA,NA,NA,NA,NA,NA,NA,NA,Y,3,0,2,2,A,-,09,21800,A,N,D,C,A,A,H,-,A,D,0,NA,NA,NA,NA,Y,NA,A,01,0,2,0,0,0,0,0,0,0,-,-,NA,NA,SAN BERNARDINO,ONTARIO,-117.64134979248048,34.06822967529297
84700782,2025,2025-05-27,3602,2025-05-11,1421,4287,NA,7,5,5,3602,0,0,0,NA,0,001,CHINO HILLS PKWY,RAMONA AVE,22,E,N,A,-,N,NA,NA,NA,NA,NA,NA,NA,NA,NA,N,3,0,1,2,A,-,03,22350,NA,N,C,C,A,A,H,-,A,A,0,NA,NA,NA,NA,Y,NA,A,01,0,1,0,0,0,0,0,0,0,-,-,33.982688903808594,-117.70639038085938,SAN BERNARDINO,CHINO,-117.70639801025392,33.98265838623047
84704349,2025,2025-05-29,3604,2025-02-28,500,1496,NA,5,5,6,3604,0,0,0,NA,0,NA,CITRUS AVE,SAN BERNARDINO AVE,286,N,-,A,-,N,NA,NA,NA,NA,NA,NA,NA,NA,NA,N,4,0,3,2,A,-,03,22350,NA,N,B,C,A,A,H,-,B,A,0,NA,NA,NA,NA,Y,NA,-,-,0,0,3,0,0,0,0,0,0,-,-,NA,NA,SAN BERNARDINO,FONTANA,-117.45374298095705,34.078311920166016
84706172,2025,2025-05-30,3604,2025-04-14,1538,1461,NA,1,5,6,3604,0,0,0,NA,0,NA,SAN BERNARDINO AVE,MANGO AVE,0,N,-,A,-,N,NA,NA,NA,NA,NA,NA,NA,NA,NA,Y,4,0,1,2,A,-,09,21802,A,N,D,C,A,A,H,-,A,A,0,NA,NA,NA,NA,Y,NA,-,-,0,0,1,0,0,0,0,0,0,-,-,NA,NA,SAN BERNARDINO,FONTANA,-117.43132781982422,34.07758331298828
84706238,2025,2025-05-30,3604,2025-04-26,1417,1367,NA,6,5,6,3604,0,0,0,NA,0,NA,SIERRA AVE,MARYGOLD AVE,0,N,-,B,C,N,NA,NA,NA,NA,NA,NA,NA,NA,NA,N,3,0,1,2,A,-,11,21456,A,N,G,B,B,B,H,-,A,A,0,Y,NA,NA,Y,Y,NA,N,60,0,1,0,0,1,0,0,0,0,-,-,NA,NA,SAN BERNARDINO,FONTANA,-117.43568420410156,34.07400131225586
84706333,2025,2025-05-30,3604,2025-05-10,1604,1312,NA,6,5,6,3604,0,0,0,NA,0,002,BASELINE AVE,PALMETTO AVE,0,N,-,A,-,N,NA,NA,NA,NA,NA,NA,NA,NA,NA,Y,4,0,2,2,A,-,09,21802,A,N,D,C,A,A,H,-,A,D,0,NA,NA,NA,NA,Y,NA,A,01,0,0,2,0,0,0,0,0,0,-,-,NA,NA,SAN BERNARDINO,FONTANA,-117.42714691162108,34.121341705322266
84707823,2025,2025-06-02,3604,2025-02-14,1340,1492,NA,5,5,6,3604,0,0,0,NA,0,001,DUNCAN CANYON RD,ELDER WAY,9,N,-,A,-,N,NA,NA,NA,NA,NA,NA,NA,NA,NA,N,3,0,1,2,A,-,05,21650,1,N,G,G,A,A,H,-,A,A,0,NA,Y,NA,NA,Y,NA,L,04,0,1,0,0,0,0,1,0,0,-,-,NA,NA,SAN BERNARDINO,FONTANA,NA,NA
84707830,2025,2025-06-02,3604,2025-04-01,1452,1506,NA,2,5,6,3604,0,0,0,NA,0,004,SLOVER AVE,SIERRA AVE,506,E,-,A,-,N,NA,NA,NA,NA,NA,NA,NA,NA,NA,N,3,0,1,2,A,-,09,21801,A,N,D,C,A,A,H,-,A,D,0,NA,NA,NA,NA,Y,NA,A,01,0,1,0,0,0,0,0,0,0,-,-,NA,NA,SAN BERNARDINO,FONTANA,-117.43406677246094,34.0631103515625
84715493,2025,2025-06-06,3609,2025-05-11,1011,02570,NA,7,5,5,3609,0,0,0,NA,0,002,BASELINE RD,RIVERSIDE AVE,19,E,N,A,-,N,NA,NA,NA,NA,NA,NA,NA,NA,NA,N,2,0,1,2,A,-,01,23152,A,N,A,C,A,A,H,-,A,A,0,NA,NA,NA,NA,Y,Y,A,01,1,0,0,0,0,0,0,0,0,-,-,34.12137985229492,-117.37035369873048,SAN BERNARDINO,RIALTO,-117.37042236328124,34.1213493347168
84716727,2025,2025-06-09,3604,2025-05-28,2034,1288,NA,3,5,6,3604,0,0,0,NA,0,002,SAN JACINTO AVE,SIERRA AVE,22,W,-,A,-,N,NA,NA,NA,NA,NA,NA,NA,NA,NA,N,4,0,1,2,A,-,08,22107,NA,M,A,C,A,A,H,-,C,A,0,NA,NA,NA,NA,Y,NA,A,01,0,0,1,0,0,0,0,0,0,-,-,NA,NA,SAN BERNARDINO,FONTANA,-117.43593597412108,34.11756896972656
84717574,2025,2025-06-09,3602,2025-05-22,1539,4122,NA,4,5,5,3602,0,0,0,NA,0,001,PHILADELPHIA ST,MONTE VISTA AVE,0,NA,Y,A,-,N,NA,NA,NA,NA,NA,NA,NA,NA,NA,Y,3,0,4,2,A,-,09,21801,A,N,D,C,A,A,H,-,A,A,0,NA,NA,NA,NA,Y,NA,D,22,0,1,3,0,0,0,0,0,0,-,-,34.03350830078125,-117.69835662841795,SAN BERNARDINO,CHINO,-117.69815063476563,34.03351974487305
84719244,2025,2025-06-10,3607,2025-05-20,1521,21558,NA,2,5,6,3607,0,0,0,NA,0,011,MOUNTAIN AV,FOURTH ST,0,NA,Y,A,-,N,NA,NA,NA,NA,NA,NA,NA,NA,NA,Y,4,0,2,3,A,-,12,21453,A,N,D,C,A,A,H,-,A,A,0,NA,NA,NA,NA,Y,NA,A,01,0,0,2,0,0,0,0,0,0,-,-,NA,NA,SAN BERNARDINO,ONTARIO,-117.67010498046876,34.0778694152832
84719252,2025,2025-06-10,3607,2025-05-27,814,80548,NA,2,5,6,3607,0,0,0,NA,0,022,ALLYN AV,G ST,0,NA,Y,B,-,N,NA,NA,NA,NA,NA,NA,NA,NA,NA,Y,4,0,2,2,A,-,09,21800,A,N,D,C,A,A,H,-,A,D,0,NA,NA,NA,NA,Y,NA,A,01,0,0,2,0,0,0,0,0,0,-,-,NA,NA,SAN BERNARDINO,ONTARIO,-117.63723754882813,34.07067108154297
8472211,2017,2018-06-18,3600,2017-09-01,0811,T1686,AP004,5,5,5,3621,0,0,0,NA,0,NA,RT 18,KASOTA RD,555,W,N,A,-,Y,SBD,8,18,-,-,94.19,H,-,N,Y,4,0,1,2,A,-,03,22350,NA,N,-,-,A,A,H,-,A,A,0,NA,NA,NA,NA,Y,NA,A,07,0,0,1,0,0,0,0,0,0,-,-,NA,NA,SAN BERNARDINO,APPLE VALLEY,-117.26877637,34.54057376
8473177,2017,2017-11-28,3604,2017-09-29,1952,1154,NA,5,5,6,3604,0,0,0,NA,0,NA,FONTANA AV,LIME AV,0,NA,Y,A,-,N,NA,NA,NA,NA,NA,NA,NA,NA,NA,N,4,0,1,2,A,-,03,22350,NA,N,C,C,A,A,H,-,C,D,0,NA,NA,NA,NA,Y,NA,A,01,0,0,1,0,0,0,0,0,0,-,-,NA,NA,SAN BERNARDINO,FONTANA,-117.46467012,34.07928008
8473868,2017,2017-12-28,3600,2017-10-03,1349,A4209,AP026,2,5,5,3621,0,0,0,NA,0,AP1,BEAR VALLEY RD,WESTMONT DR,15,W,N,A,-,N,NA,NA,NA,NA,NA,NA,NA,NA,NA,N,4,0,1,2,A,-,09,21801,A,N,D,C,A,A,A,-,A,A,0,NA,NA,NA,NA,Y,NA,A,01,0,0,1,0,0,0,0,0,0,-,-,NA,NA,SAN BERNARDINO,APPLE VALLEY,NA,NA
84741568,2025,2025-06-27,3611,2025-04-28,1918,3452,NA,1,5,5,3611,0,0,0,NA,0,002,SAN ANTONIO AVE,FOOTHILL BLVD,95,S,N,A,-,Y,NA,NA,NA,NA,NA,NA,NA,NA,NA,Y,3,0,2,2,A,-,08,22102,NA,N,D,C,A,A,H,-,B,A,0,NA,NA,NA,NA,Y,NA,A,01,0,2,0,0,0,0,0,0,0,-,-,34.10694885253906,-117.66072845458984,SAN BERNARDINO,UPLAND,-117.66078948974608,34.10670852661133
8474286,2017,2017-11-03,3605,2017-09-13,1311,400,NA,3,5,4,3605,0,0,0,NA,0,NA,BENITO ST,VERNON AV,0,NA,Y,A,-,N,NA,NA,NA,NA,NA,NA,NA,NA,NA,N,4,0,1,2,A,-,12,22450,A,N,D,C,A,A,H,-,A,A,0,NA,NA,NA,NA,Y,NA,-,-,0,0,1,0,0,0,0,0,0,-,-,NA,NA,SAN BERNARDINO,MONTCLAIR,-117.68517009,34.07402001
84746711,2025,2025-07-07,3604,2025-06-26,1335,1339,NA,4,5,6,3604,0,0,0,NA,0,NA,DATE ST,RANDALL AVE,200,N,-,A,-,N,NA,NA,NA,NA,NA,NA,NA,NA,NA,Y,4,0,1,2,A,-,09,21802,A,N,D,C,A,A,H,-,A,A,0,NA,NA,NA,NA,Y,NA,A,01,0,0,1,0,0,0,0,0,0,-,-,NA,NA,SAN BERNARDINO,FONTANA,-117.44661712646484,34.08536911010742
84754615,2025,2025-07-09,3607,2025-07-03,1539,21888,NA,4,5,6,3607,0,0,0,NA,0,042,MILLIKEN AV,AIRPORT DR,20,S,N,A,-,N,NA,NA,NA,NA,NA,NA,NA,NA,NA,Y,4,0,1,2,A,-,03,22350,NA,N,C,C,A,A,H,-,A,A,0,NA,NA,NA,NA,Y,NA,A,01,0,0,1,0,0,0,0,0,0,-,-,NA,NA,SAN BERNARDINO,ONTARIO,-117.55825042724608,34.06260681152344
8475521,2017,2018-01-11,3609,2017-10-29,1648,8439,78,7,5,5,3609,0,0,0,NA,0,004,N RIVERSIDE AV,RT 210,90,S,N,A,-,Y,NA,NA,NA,NA,NA,NA,NA,NA,NA,Y,4,0,1,2,A,-,05,21651,A,F,B,C,A,A,H,-,A,D,0,NA,NA,NA,NA,Y,NA,A,08,0,0,1,0,0,0,0,0,0,-,EF,34.1348,-117.36999,SAN BERNARDINO,RIALTO,-117.37045725,34.13581349
84757489,2025,2025-07-11,3604,2025-07-08,942,680,NA,2,5,6,3604,0,0,0,NA,0,NA,DUNCAN CANYON RD,IS15 FWY,70,E,-,A,-,Y,NA,NA,NA,NA,NA,NA,NA,NA,NA,N,4,0,1,3,A,-,03,22350,NA,N,C,C,A,A,H,-,A,A,0,NA,NA,NA,NA,Y,NA,A,01,0,0,1,0,0,0,0,0,0,-,-,NA,NA,SAN BERNARDINO,FONTANA,-117.46076965332033,34.16505813598633
8475785,2017,2017-12-04,3600,2017-10-24,1745,B3501,RC033,2,5,6,3616,0,0,0,NA,0,RC4,ARCHIBALD AV,FERON BL,0,NA,Y,A,-,N,NA,NA,NA,NA,NA,NA,NA,NA,NA,Y,3,0,1,4,A,-,03,22350,NA,N,C,C,A,A,H,-,A,A,0,NA,NA,NA,NA,Y,NA,J,48,0,1,0,0,0,0,0,0,0,-,-,NA,NA,SAN BERNARDINO,RANCHO CUCAMONGA,-117.59348008,34.09385005
84759414,2025,2025-07-14,3609,2025-06-23,620,01642,NA,1,5,5,3609,0,0,0,NA,0,004,PALM AVE,1ST ST,0,NA,Y,A,-,N,NA,NA,NA,NA,NA,NA,NA,NA,NA,N,4,0,1,2,A,-,12,22450,A,F,D,G,A,A,H,-,A,A,0,NA,Y,NA,NA,Y,NA,-,99,0,0,1,0,0,0,1,0,0,-,-,34.10049057006836,-117.37278747558594,SAN BERNARDINO,RIALTO,-117.37283325195313,34.10056686401367
8476392,2017,2017-10-25,3600,2017-09-28,1304,D5273,LL008,4,5,3,3615,0,0,0,NA,0,LL2,BARTON RD,EDISON POLE #4169762E,15,E,N,A,-,N,NA,NA,NA,NA,NA,NA,NA,NA,NA,Y,3,0,1,3,A,-,03,22350,NA,N,C,C,A,A,H,-,A,A,0,NA,NA,NA,NA,Y,NA,A,07,0,1,0,0,0,0,0,0,0,-,-,NA,NA,SAN BERNARDINO,LOMA LINDA,NA,NA
84776410,2025,2025-07-25,3611,2025-06-08,2246,3558,NA,7,5,5,3611,0,0,0,NA,0,002,8TH ST,MONTROSE AVE,250,E,N,A,-,N,NA,NA,NA,NA,NA,NA,NA,NA,NA,Y,3,0,2,2,A,-,09,21801,A,N,A,C,A,A,H,-,C,D,0,NA,NA,NA,NA,Y,NA,A,01,0,2,0,0,0,0,0,0,0,-,-,34.092411041259766,-117.6781997680664,SAN BERNARDINO,UPLAND,-117.67734527587892,34.092369079589844
84776460,2025,2025-07-25,3609,2025-06-07,714,02322,NA,6,5,5,3609,0,0,0,NA,0,002,RIVERSIDE AVE,GALWAY ST,272,S,N,B,-,Y,NA,NA,NA,NA,NA,NA,NA,NA,NA,Y,3,0,1,3,A,-,01,23152,A,N,D,D,A,A,H,-,A,A,0,NA,NA,NA,NA,Y,Y,A,01,0,1,0,0,0,0,0,0,0,-,-,34.13724899291992,-117.37052917480467,SAN BERNARDINO,RIALTO,-117.37046813964844,34.1365852355957
84780446,2025,2025-07-29,3607,2025-07-13,1145,19993,NA,7,5,6,3607,0,0,0,NA,0,031,BAKER AV,SIXTH ST,10,N,N,A,-,N,NA,NA,NA,NA,NA,NA,NA,NA,NA,Y,3,0,1,2,A,-,03,22350,NA,N,C,C,A,A,H,-,A,A,0,NA,NA,NA,NA,Y,NA,A,01,0,1,0,0,0,0,0,0,0,-,-,NA,NA,SAN BERNARDINO,ONTARIO,-117.61985778808594,34.08492660522461
84787582,2025,2025-08-04,3602,2025-07-23,1506,4170,NA,3,5,5,3602,0,0,0,NA,0,003,HELLMAN AVE,MARKET ST,370,S,N,A,-,N,NA,NA,NA,NA,NA,NA,NA,NA,NA,N,4,0,2,2,A,-,07,21658,A,N,B,C,A,A,H,-,A,D,0,NA,NA,NA,NA,Y,NA,A,01,0,0,2,0,0,0,0,0,0,-,-,33.957359313964844,-117.61090850830078,SAN BERNARDINO,CHINO,-117.61105346679688,33.95609664916992
84798283,2025,2025-08-12,3609,2025-07-31,2100,02699,NA,4,5,5,3609,0,0,0,NA,0,003,CEDAR AVE,RIALTO AVE,37,S,N,-,-,N,NA,NA,NA,NA,NA,NA,NA,NA,NA,N,4,0,1,2,A,-,03,22350,NA,N,C,C,A,A,H,-,C,A,0,NA,NA,NA,NA,Y,NA,A,01,0,0,1,0,0,0,0,0,0,-,-,34.0994987487793,-117.39662170410156,SAN BERNARDINO,RIALTO,-117.39656066894533,34.09941864013672
8479887,2017,2017-11-22,3602,2017-08-22,1519,3402,NA,2,5,5,3602,0,0,0,NA,0,001,CENTRAL AV,WALNUT AV,618,S,N,A,-,N,NA,NA,NA,NA,NA,NA,NA,NA,NA,N,3,0,3,3,A,-,03,22350,NA,N,C,C,A,A,H,-,A,A,0,NA,NA,NA,NA,Y,NA,D,22,0,1,2,0,0,0,0,0,0,-,-,NA,NA,SAN BERNARDINO,CHINO,-117.68944898,34.02459653
8480768,2017,2017-11-13,3602,2017-09-04,2001,3402,NA,1,5,5,3602,0,0,0,NA,0,005,CENTRAL AV,CHINO HILLS PKWY,61,N,N,A,-,N,NA,NA,NA,NA,NA,NA,NA,NA,NA,Y,4,0,1,2,A,-,03,22350,NA,N,C,C,A,A,H,-,C,A,0,NA,NA,Y,NA,Y,NA,C,02,0,0,1,0,0,0,0,0,1,-,-,NA,NA,SAN BERNARDINO,CHINO,-117.68898,33.98293719
84813235,2025,2025-08-22,3604,2025-05-19,220,1395,NA,1,5,6,3604,0,0,0,NA,0,NA,ARROW BLVD,NUEVO AVE,40,W,-,A,-,N,NA,NA,NA,NA,NA,NA,NA,NA,NA,Y,1,2,3,1,A,-,01,23152,A,N,E,I,A,A,H,-,C,A,0,NA,NA,NA,NA,Y,Y,A,01,3,0,0,0,0,0,0,0,0,-,-,NA,NA,SAN BERNARDINO,FONTANA,-117.43708038330078,34.09920120239258