CASE_ID,ACCIDENT_YEAR,PROC_DATE,JURIS,COLLISION_DATE,COLLISION_TIME,OFFICER_ID,REPORTING_DISTRICT,DAY_OF_WEEK,CHP_SHIFT,POPULATION,CNTY_CITY_LOC,SPECIAL_COND,BEAT_TYPE,CHP_BEAT_TYPE,CITY_DIVISION_LAPD,CHP_BEAT_CLASS,BEAT_NUMBER,PRIMARY_RD,SECONDARY_RD,DISTANCE,DIRECTION,INTERSECTION,WEATHER_1,WEATHER_2,STATE_HWY_IND,CALTRANS_COUNTY,CALTRANS_DISTRICT,STATE_ROUTE,ROUTE_SUFFIX,POSTMILE_PREFIX,POSTMILE,LOCATION_TYPE,RAMP_INTERSECTION,SIDE_OF_HWY,TOW_AWAY,COLLISION_SEVERITY,NUMBER_KILLED,NUMBER_INJURED,PARTY_COUNT,PRIMARY_COLL_FACTOR,PCF_CODE_OF_VIOL,PCF_VIOL_CATEGORY,PCF_VIOLATION,PCF_VIOL_SUBSECTION,HIT_AND_RUN,TYPE_OF_COLLISION,MVIW,PED_ACTION,ROAD_SURFACE,ROAD_COND_1,ROAD_COND_2,LIGHTING,CONTROL_DEVICE,CHP_ROAD_TYPE,PEDESTRIAN_ACCIDENT,BICYCLE_ACCIDENT,MOTORCYCLE_ACCIDENT,TRUCK_ACCIDENT,NOT_PRIVATE_PROPERTY,ALCOHOL_INVOLVED,STWD_VEHTYPE_AT_FAULT,CHP_VEHTYPE_AT_FAULT,COUNT_SEVERE_INJ,COUNT_VISIBLE_INJ,COUNT_COMPLAINT_PAIN,COUNT_PED_KILLED,COUNT_PED_INJURED,COUNT_BICYCLIST_KILLED,COUNT_BICYCLIST_INJURED,COUNT_MC_KILLED,COUNT_MC_INJURED,PRIMARY_RAMP,SECONDARY_RAMP,LATITUDE,LONGITUDE,COUNTY,CITY,POINT_X,POINT_Y
84978561,2025,2025-12-19,3609,2025-12-05,1815,01697,NA,5,5,5,3609,0,0,0,NA,0,004,RIALTO AVE,WILLOW AVE (N),192,W,N,A,-,N,NA,NA,NA,NA,NA,NA,NA,NA,NA,N,4,0,1,2,A,-,11,21950,B,N,G,B,F,A,H,-,C,D,0,Y,NA,NA,NA,Y,NA,N,60,0,0,1,0,1,0,0,0,0,-,-,34.099639892578125,-117.37452697753906,SAN BERNARDINO,RIALTO,-117.37535858154295,34.09952926635742
84983026,2025,2025-12-23,3609,2025-12-03,1647,01932,NA,3,5,5,3609,0,0,0,NA,0,003,FOOTHILL BLVD,SHOPPING CTR,0,NA,Y,A,-,N,NA,NA,NA,NA,NA,NA,NA,NA,NA,Y,4,0,1,2,A,-,17,21451,A,N,D,C,A,A,H,-,B,A,0,NA,NA,NA,NA,Y,NA,A,01,0,0,1,0,0,0,0,0,0,-,-,34.10676956176758,-117.39874267578124,SAN BERNARDINO,RIALTO,NA,NA
8499087,2017,2017-11-27,3600,2017-09-30,0903,F8471,HE410,6,5,5,3619,0,0,0,NA,0,NA,ARROWHEAD LAKE RD,DANBURY AV,0,NA,Y,A,-,N,NA,NA,NA,NA,NA,NA,NA,NA,NA,Y,4,0,2,2,A,-,09,21802,A,N,D,C,A,A,H,-,A,D,0,NA,NA,NA,NA,Y,NA,A,01,0,0,2,0,0,0,0,0,0,-,-,NA,NA,SAN BERNARDINO,HESPERIA,-117.24935014,34.40211005
84990922,2025,2025-12-30,3609,2025-12-13,503,02599,NA,6,5,5,3609,0,0,0,NA,0,004,RESOURCE DR,ENTERPRISE DR,870,E,N,A,-,N,NA,NA,NA,NA,NA,NA,NA,NA,NA,Y,3,0,1,2,A,-,09,21804,A,N,D,C,A,A,H,-,C,D,0,NA,NA,NA,NA,Y,NA,A,01,0,1,0,0,0,0,0,0,0,-,-,34.04130172729492,-117.3712921142578,SAN BERNARDINO,RIALTO,-117.36866760253906,34.0421142578125
84994918,2025,2026-01-01,3609,2025-12-11,1243,01813,NA,4,5,5,3609,0,0,0,NA,0,001,RENAISSANCE PKWY,AYALA DR,0,NA,Y,A,-,N,NA,NA,NA,NA,NA,NA,NA,NA,NA,N,4,0,1,2,A,-,10,21950,A,N,G,B,B,A,H,-,A,A,0,Y,NA,NA,NA,Y,NA,A,07,0,0,1,0,1,0,0,0,0,-,-,NA,NA,SAN BERNARDINO,RIALTO,-117.39220428466795,34.133480072021484
84995504,2025,2026-01-02,3600,2025-11-26,1852,I3325,NA,3,5,6,3616,0,0,0,NA,0,004,6TH ST,GOLDEN OAK RD,0,NA,-,A,-,N,NA,NA,NA,NA,NA,NA,NA,NA,NA,Y,3,0,3,3,A,-,09,21801,A,N,A,C,A,A,H,-,C,A,0,NA,NA,NA,NA,Y,NA,A,07,0,1,2,0,0,0,0,0,0,-,-,NA,NA,SAN BERNARDINO,RANCHO CUCAMONGA,-117.5998077392578,34.08481979370117
85003508,2025,2026-01-08,3604,2025-12-26,1932,1367,NA,5,5,6,3604,0,0,0,NA,0,NA,POPLAR AVE,JURUPA AVE,0,NA,-,B,C,N,NA,NA,NA,NA,NA,NA,NA,NA,NA,N,4,0,1,2,A,-,09,21453,C,M,D,C,A,B,H,-,C,A,0,NA,NA,NA,NA,Y,NA,A,01,0,0,1,0,0,0,0,0,0,-,-,NA,NA,SAN BERNARDINO,FONTANA,-117.46258544921876,34.048187255859375
85005284,2025,2026-01-09,3604,2025-12-19,910,968,NA,5,5,6,3604,0,0,0,NA,0,002,BASELINE AVE,PALMETTO AVE,115,W,-,A,-,N,NA,NA,NA,NA,NA,NA,NA,NA,NA,N,4,0,1,2,A,-,09,21804,A,N,D,C,A,A,H,-,A,A,0,NA,NA,NA,NA,Y,NA,A,01,0,0,1,0,0,0,0,0,0,-,-,NA,NA,SAN BERNARDINO,FONTANA,-117.42752838134766,34.121341705322266
85005407,2025,2026-01-09,3611,2025-11-11,1145,3612,NA,2,5,5,3611,0,0,0,NA,0,001,EUCLID AVE,19TH ST,0,NA,Y,A,-,N,NA,NA,NA,NA,NA,NA,NA,NA,NA,Y,3,0,1,2,A,-,12,21453,A,N,D,D,A,A,H,-,A,A,0,NA,NA,NA,NA,Y,NA,A,01,0,1,0,0,0,0,0,0,0,-,-,34.13246154785156,-117.65117645263672,SAN BERNARDINO,UPLAND,-117.65143585205078,34.13241958618164
8500713,2017,2018-07-06,3600,2017-10-31,0953,D2004,YV20,2,5,3,3631,0,0,0,NA,0,023,29 PALMS HWY,RT 62,0,NA,Y,A,-,Y,SBD,8,62,-,-,14.06,H,-,E,N,4,0,1,2,A,-,08,22107,NA,N,C,C,A,A,H,-,A,A,0,NA,NA,NA,NA,Y,NA,A,07,0,0,1,0,0,0,0,0,0,-,-,NA,NA,SAN BERNARDINO,YUCCA VALLEY,-116.38745614,34.1331293
85008370,2025,2026-01-12,3609,2025-12-25,2005,02599,NA,4,5,5,3609,0,0,0,NA,0,004,RIVERSIDE AVE,SANTA ANA AVE,0,NA,Y,B,-,N,NA,NA,NA,NA,NA,NA,NA,NA,NA,Y,3,0,2,3,A,-,01,23152,A,N,B,C,A,A,H,-,C,D,0,NA,NA,NA,NA,Y,Y,A,07,0,2,0,0,0,0,0,0,0,-,-,34.0559196472168,-117.36992645263672,SAN BERNARDINO,RIALTO,-117.3702392578125,34.05590057373047
8501970,2017,2017-12-18,3600,2017-11-28,1217,G3926,HE128,2,5,5,3619,0,0,0,NA,0,HE1,LOCUST AV,LIVE OAK ST,0,NA,Y,A,-,N,NA,NA,NA,NA,NA,NA,NA,NA,NA,N,3,0,4,2,A,-,09,21802,A,N,D,C,A,A,H,-,A,A,0,NA,NA,NA,NA,Y,NA,A,01,0,3,1,0,0,0,0,0,0,-,-,NA,NA,SAN BERNARDINO,HESPERIA,-117.33389013,34.43320011
8502549,2017,2017-12-14,3600,2017-10-28,1528,G7687,VC064,6,5,5,3612,0,0,0,NA,0,VC5,LA MESA RD,AMARGOSA RD,0,NA,Y,A,-,N,NA,NA,NA,NA,NA,NA,NA,NA,NA,N,4,0,3,2,A,-,07,21658,A,F,B,C,A,A,H,-,A,A,0,NA,NA,NA,NA,Y,NA,A,01,0,0,3,0,0,0,0,0,0,-,-,NA,NA,SAN BERNARDINO,VICTORVILLE,-117.33716002,34.48544003
85044609,2025,2026-02-09,3611,2025-12-17,1828,3389,NA,3,5,5,3611,0,0,0,NA,0,002,EUCLID AVE,VERNON DR,68,S,N,A,-,N,NA,NA,NA,NA,NA,NA,NA,NA,NA,N,3,0,1,2,A,-,01,23152,G,N,B,G,A,A,H,-,C,A,0,NA,Y,NA,NA,Y,Y,A,01,0,1,0,0,0,0,1,0,0,-,-,34.09809112548828,-117.651123046875,SAN BERNARDINO,UPLAND,-117.65129852294922,34.09787368774414
85050073,2025,2026-02-10,3604,2025-12-12,1517,1139,NA,5,5,6,3604,0,0,0,NA,0,NA,CITRUS AVE,VALLEY BLVD,0,NA,-,A,-,N,NA,NA,NA,NA,NA,NA,NA,NA,NA,Y,3,0,2,2,A,-,03,22350,NA,N,D,C,A,A,H,-,A,A,0,NA,NA,NA,NA,Y,NA,A,01,0,1,1,0,0,0,0,0,0,-,-,NA,NA,SAN BERNARDINO,FONTANA,-117.45377349853516,34.07032012939453
8505683,2017,2017-12-08,3600,2017-11-17,1100,G3596,HE104,5,5,5,3619,0,0,0,NA,0,HE1,SEQUOIA ST,3RD AV,0,NA,Y,A,-,N,NA,NA,NA,NA,NA,NA,NA,NA,NA,N,4,0,1,2,A,-,09,21802,A,N,D,C,A,A,H,-,A,A,0,NA,NA,NA,NA,Y,NA,A,07,0,0,1,0,0,0,0,0,0,-,-,NA,NA,SAN BERNARDINO,HESPERIA,-117.30358009,34.46901002
8505915,2017,2018-01-11,3600,2017-10-30,1530,D3381,VC021,1,5,5,3612,0,0,0,NA,0,VC3,HESPERIA RD,SILICA RD,0,NA,Y,A,-,N,NA,NA,NA,NA,NA,NA,NA,NA,NA,Y,4,0,1,2,A,-,09,21801,A,N,D,C,A,A,H,-,A,A,0,NA,NA,Y,NA,Y,Y,A,01,0,0,1,0,0,0,0,0,1,-,-,NA,NA,SAN BERNARDINO,VICTORVILLE,-117.29105004,34.47823003
8506036,2017,2018-04-13,3600,2017-10-18,1728,D2561,VC020,3,5,5,3612,0,0,0,NA,0,VC3,BEAR VALLEY RD,MARIPOSA RD,0,NA,Y,A,-,N,NA,NA,NA,NA,NA,NA,NA,NA,NA,N,4,0,2,2,A,-,03,22350,NA,N,C,C,A,A,H,-,A,A,0,NA,NA,NA,NA,Y,NA,A,01,0,0,2,0,0,0,0,0,0,-,-,NA,NA,SAN BERNARDINO,VICTORVILLE,-117.34287009,34.47045011
85064164,2025,2026-02-20,3611,2025-12-16,733,3612,NA,2,5,5,3611,0,0,0,NA,0,001,16TH ST,ORANGEWOOD AVE,54,W,N,A,-,N,NA,NA,NA,NA,NA,NA,NA,NA,NA,N,4,0,1,2,A,-,08,22107,NA,N,B,C,A,A,H,-,A,A,0,NA,NA,NA,NA,Y,NA,A,01,0,0,1,0,0,0,0,0,0,-,-,34.121559143066406,-117.67977905273438,SAN BERNARDINO,UPLAND,-117.6798858642578,34.12154006958008
85071367,2025,2026-02-26,3607,2025-06-20,729,20100,NA,5,5,6,3607,0,0,0,NA,0,011,EUCLID AV,G ST,0,NA,Y,A,-,N,NA,NA,NA,NA,NA,NA,NA,NA,NA,Y,4,0,2,2,A,-,12,21453,A,N,B,C,A,A,H,-,A,A,0,NA,NA,NA,NA,Y,NA,A,01,0,0,2,0,0,0,0,0,0,-,-,NA,NA,SAN BERNARDINO,ONTARIO,-117.65084838867188,34.07059860229492
85071442,2025,2026-02-25,3607,2025-08-14,544,80410,NA,4,5,6,3607,0,0,0,NA,0,ARP,ARCHIBALD AV,AIRPORT DR,100,S,N,A,-,N,NA,NA,NA,NA,NA,NA,NA,NA,NA,Y,3,0,1,1,A,-,03,22350,NA,N,E,I,A,A,H,-,C,A,0,NA,NA,NA,NA,Y,NA,D,22,0,1,0,0,0,0,0,0,0,-,-,NA,NA,SAN BERNARDINO,ONTARIO,-117.5934829711914,34.06262969970703
85071505,2025,2026-02-25,3607,2025-09-02,1529,21787,NA,2,5,6,3607,0,0,0,NA,0,061,GROVE AV,MISSION BL,200,S,N,A,-,N,NA,NA,NA,NA,NA,NA,NA,NA,NA,Y,4,0,1,2,A,-,04,21703,NA,N,C,C,A,A,H,-,A,D,0,NA,NA,NA,NA,Y,NA,A,01,0,0,1,0,0,0,0,0,0,-,-,NA,NA,SAN BERNARDINO,ONTARIO,-117.62870025634766,34.05445098876953
85071571,2025,2026-02-25,3607,2025-09-19,2117,20392,NA,5,5,6,3607,0,0,0,NA,0,062,RIVERSIDE DR,CAMPUS AV,0,NA,Y,A,-,N,NA,NA,NA,NA,NA,NA,NA,NA,NA,Y,2,0,1,1,A,-,00,23153,G,N,E,I,A,A,H,-,C,A,0,NA,NA,NA,Y,Y,Y,F,26,1,0,0,0,0,0,0,0,0,-,-,NA,NA,SAN BERNARDINO,ONTARIO,-117.64141082763672,34.019378662109375
85071843,2025,2026-02-25,3607,2025-11-04,807,20745,NA,2,5,6,3607,0,0,0,NA,0,051,BELMONT ST,EUCLID AV,260,W,N,A,-,N,NA,NA,NA,NA,NA,NA,NA,NA,NA,N,3,0,1,2,A,-,21,22106,NA,N,C,C,A,A,H,-,A,D,0,NA,NA,NA,NA,Y,NA,A,01,0,1,0,0,0,0,0,0,0,-,-,NA,NA,SAN BERNARDINO,ONTARIO,-117.65078735351563,34.05147171020508
85071908,2025,2026-02-25,3607,2025-11-20,1450,21843,NA,4,5,6,3607,0,0,0,NA,0,022,CAMPUS AV,NOCTA ST,0,NA,Y,C,-,N,NA,NA,NA,NA,NA,NA,NA,NA,NA,Y,4,0,1,2,A,-,09,21802,A,N,D,C,A,B,H,-,A,D,0,NA,NA,NA,NA,Y,NA,A,01,0,0,1,0,0,0,0,0,0,-,-,NA,NA,SAN BERNARDINO,ONTARIO,-117.6413345336914,34.0651969909668
85071925,2025,2026-02-25,3607,2025-11-25,2010,22028,NA,2,5,6,3607,0,0,0,NA,0,011,MOUNTAIN AV,I-10 E/B OFFRAMP,0,NA,Y,A,-,N,NA,NA,NA,NA,NA,NA,NA,NA,NA,N,4,0,1,2,A,-,12,21453,A,N,D,C,A,A,H,-,C,A,0,NA,NA,NA,NA,Y,NA,A,01,0,0,1,0,0,0,0,0,0,-,-,NA,NA,SAN BERNARDINO,ONTARIO,-117.6701431274414,34.08717727661133
8509302,2017,2017-12-05,3610,2017-10-13,1758,51108,NA,5,5,6,3610,0,0,0,NA,0,NA,W 9TH ST,E ST,132,E,N,A,-,N,NA,NA,NA,NA,NA,NA,NA,NA,NA,Y,2,0,1,2,A,-,11,21955,NA,N,G,B,D,A,H,-,A,A,0,Y,NA,NA,NA,Y,NA,N,60,1,0,0,0,1,0,0,0,0,-,-,34.11579,-117.29418,SAN BERNARDINO,SAN BERNARDINO,-117.29373522,34.11576
8510021,2017,2018-01-30,3608,2017-12-05,1126,3905,2608,2,5,5,3608,0,0,0,NA,0,901,CAJON ST,FERN AV,201,S,N,A,-,N,NA,NA,NA,NA,NA,NA,NA,NA,NA,Y,3,0,1,2,A,-,09,21804,A,N,D,C,A,A,H,-,A,D,0,NA,NA,NA,NA,Y,NA,A,01,0,1,0,0,0,0,0,0,0,-,-,NA,NA,SAN BERNARDINO,REDLANDS,-117.17852171,34.04993266
8510648,2017,2017-12-18,3610,2017-10-24,1756,51045,NA,2,5,6,3610,0,0,0,NA,0,POLICE,WEST HIGHLAND AV,N MOUNTAIN VIEW AV,0,NA,Y,A,-,N,NA,NA,NA,NA,NA,NA,NA,NA,NA,N,4,0,1,2,A,-,12,21453,A,F,D,C,A,A,H,-,A,A,0,NA,NA,NA,NA,Y,NA,-,99,0,0,1,0,0,0,0,0,0,-,-,34.13595,-117.2874,SAN BERNARDINO,SAN BERNARDINO,-117.28735006,34.13596003
8510992,2017,2017-12-26,3610,2017-11-17,2022,50985,NA,5,5,6,3610,0,0,0,NA,0,BAKER,W KENDALL DR,N MOUNTAIN DR,0,NA,Y,A,-,N,NA,NA,NA,NA,NA,NA,NA,NA,NA,N,4,0,1,2,A,-,03,22350,NA,N,C,C,A,A,H,-,C,D,0,NA,NA,NA,NA,Y,NA,A,01,0,0,1,0,0,0,0,0,0,-,-,34.16439,-117.30587,SAN BERNARDINO,SAN BERNARDINO,-117.30697011,34.16491003
8511469,2017,2017-12-28,3600,2017-10-30,1036,G3874,AD309,1,5,3,3613,0,0,0,NA,0,AD2,DAISY RD,HOLLY RD,0,NA,Y,A,-,N,NA,NA,NA,NA,NA,NA,NA,NA,NA,Y,4,0,1,2,B,-,22,NA,NA,N,C,C,A,A,H,-,A,D,0,NA,NA,NA,NA,Y,NA,A,07,0,0,1,0,0,0,0,0,0,-,-,NA,NA,SAN BERNARDINO,ADELANTO,-117.43027003,34.543
8513534,2017,2018-02-07,3608,2017-12-31,0330,4345,NA,7,5,5,3608,0,0,0,NA,0,NA,SAN TIMOTEO CANYON RD,NEVADA ST,1320,E,N,A,-,N,NA,NA,NA,NA,NA,NA,NA,NA,NA,Y,4,0,1,1,A,-,03,22350,NA,N,E,I,A,A,H,-,D,D,0,NA,NA,NA,NA,Y,NA,A,01,0,0,1,0,0,0,0,0,0,-,-,NA,NA,SAN BERNARDINO,REDLANDS,-117.21293768,34.04224512
8515683,2017,2017-12-21,3604,2017-10-31,1228,509,NA,2,5,6,3604,0,0,0,NA,0,NA,EUGENIA AV,IRIS DR,160,N,N,A,-,N,NA,NA,NA,NA,NA,NA,NA,NA,NA,N,4,0,2,2,A,-,21,22106,NA,N,C,C,A,A,H,-,A,D,0,NA,NA,NA,NA,Y,NA,A,01,0,0,2,0,0,0,0,0,0,-,-,NA,NA,SAN BERNARDINO,FONTANA,-117.46335755,34.07287841
8516668,2017,2018-01-12,3610,2017-12-26,1734,50343,NA,2,5,6,3610,0,0,0,NA,0,CHARLI,EAST HIGHLAND AV,STERLING AV,12,E,N,A,-,N,NA,NA,NA,NA,NA,NA,NA,NA,NA,Y,4,0,1,1,C,-,18,NA,NA,N,H,I,A,A,H,-,C,A,0,NA,NA,NA,NA,Y,NA,-,-,0,0,1,0,0,0,0,0,0,-,-,NA,NA,SAN BERNARDINO,SAN BERNARDINO,-117.24362049,34.13582104
8516725,2017,2018-01-12,3600,2017-12-24,0955,G3596,HE113,7,5,5,3619,0,0,0,NA,0,HE1,MESA ST,OAKWOOD AV,0,NA,Y,A,-,N,NA,NA,NA,NA,NA,NA,NA,NA,NA,Y,4,0,2,2,A,-,12,22450,NA,N,D,C,A,A,H,-,A,A,0,NA,NA,NA,NA,Y,NA,A,01,0,0,2,0,0,0,0,0,0,-,-,NA,NA,SAN BERNARDINO,HESPERIA,-117.34273009,34.4486701
8516871,2017,2018-01-11,3609,2017-11-28,1305,7274,202,2,5,5,3609,0,0,0,NA,0,004,SLOVER AV,LILAC AV,0,NA,Y,A,-,N,NA,NA,NA,NA,NA,NA,NA,NA,NA,N,4,0,1,2,A,-,09,21801,A,N,D,C,A,A,H,-,A,A,0,NA,NA,NA,NA,Y,NA,-,NA,0,0,1,0,0,0,0,0,0,-,-,34.0632,-117.379,SAN BERNARDINO,RIALTO,-117.37895006,34.06323002
8518324,2017,2018-01-03,3600,2017-11-29,1635,G3926,HE115,3,5,5,3619,0,0,0,NA,0,HE1,11TH AV,MESA ST,0,NA,Y,A,-,N,NA,NA,NA,NA,NA,NA,NA,NA,NA,N,3,0,3,2,A,-,09,21802,A,N,D,C,A,A,H,-,B,A,0,NA,NA,NA,NA,Y,NA,D,22,0,1,2,0,0,0,0,0,0,-,-,NA,NA,SAN BERNARDINO,HESPERIA,-117.32095011,34.44879004
8518371,2017,2018-01-08,3600,2017-10-18,1156,D3311,RC046,3,5,6,3616,0,0,0,NA,0,RC1,CARNELIAN ST,LEMON AV,0,NA,Y,A,-,N,NA,NA,NA,NA,NA,NA,NA,NA,NA,Y,3,0,3,3,A,-,08,22107,NA,N,B,C,A,A,H,-,A,A,0,NA,NA,NA,Y,Y,NA,A,01,0,3,0,0,0,0,0,0,0,-,-,NA,NA,SAN BERNARDINO,RANCHO CUCAMONGA,-117.61629007,34.14000007
8520697,2017,2018-07-05,3600,2017-12-01,1246,C4462,VC043,5,5,5,3612,0,0,0,NA,0,VC1,RT 18,STODDARD WELLS RD,0,NA,Y,A,-,Y,SBD,8,18,-,-,95.24,H,-,N,Y,4,0,2,2,A,-,03,22350,NA,N,C,C,A,A,H,-,A,A,0,NA,NA,NA,NA,Y,NA,D,22,0,0,2,0,0,0,0,0,0,-,-,NA,NA,SAN BERNARDINO,VICTORVILLE,-117.28544688,34.53500289
8521208,2017,2018-01-08,3604,2017-10-26,0755,D2867,RC069,4,5,6,3604,0,0,0,NA,0,003,WILSON AV,CHERRY AV,916,W,N,A,-,N,NA,NA,NA,NA,NA,NA,NA,NA,NA,Y,4,0,1,1,A,-,03,22350,NA,N,A,I,A,A,H,-,A,A,0,NA,NA,NA,NA,Y,NA,A,07,0,0,1,0,0,0,0,0,0,-,-,NA,NA,SAN BERNARDINO,FONTANA,-117.48948035,34.15047
8521557,2017,2017-12-29,3610,2017-11-06,2000,50965,NA,1,5,6,3610,0,0,0,NA,0,BAKER,N E ST,20TH ST,79,N,N,A,-,N,NA,NA,NA,NA,NA,NA,NA,NA,NA,Y,3,0,1,2,A,-,09,21801,B,N,A,C,A,A,H,-,C,D,0,NA,NA,NA,NA,Y,NA,A,01,0,1,0,0,0,0,0,0,0,-,-,34.13337,-117.29594,SAN BERNARDINO,SAN BERNARDINO,-117.29416,34.13408642
8522837,2017,2018-01-08,3600,2017-11-29,1522,G4628,HI003,3,5,4,3618,0,0,0,NA,0,HI1,BASELINE ST,STERLING AV,0,NA,Y,A,-,N,NA,NA,NA,NA,NA,NA,NA,NA,NA,N,4,0,1,2,A,-,08,22107,NA,M,B,C,A,A,H,-,A,A,0,NA,NA,NA,NA,Y,NA,-,NA,0,0,1,0,0,0,0,0,0,-,-,NA,NA,SAN BERNARDINO,HIGHLAND,-117.24366002,34.12131009
8523029,2017,2018-01-11,3610,2017-11-09,1035,GILL,NA,4,5,6,3610,0,0,0,NA,0,ADAM,S MT VERNON AV,MILL ST,207,S,N,A,-,N,NA,NA,NA,NA,NA,NA,NA,NA,NA,Y,4,0,1,2,A,-,09,21804,A,N,D,C,A,A,H,-,A,D,0,NA,NA,NA,NA,Y,NA,A,01,0,0,1,0,0,0,0,0,0,-,-,34.09214,-117.31381,SAN BERNARDINO,SAN BERNARDINO,-117.31383,34.0915729
8524897,2017,2018-01-11,3610,2017-12-04,1806,50733,NA,1,5,6,3610,0,0,0,NA,0,BAKER,W 34TH ST,N  E ST,0,NA,Y,A,-,N,NA,NA,NA,NA,NA,NA,NA,NA,NA,N,2,0,1,2,A,-,10,21950,A,N,G,B,B,A,H,-,C,A,0,Y,NA,NA,NA,Y,NA,D,22,1,0,0,0,1,0,0,0,0,-,-,34.15303,-117.29403,SAN BERNARDINO,SAN BERNARDINO,-117.29405002,34.15303006
8526107,2017,2018-07-05,3608,2017-12-14,1839,3675,NA,4,5,5,3608,0,0,0,NA,0,NA,LUGONIA AV,UNIVERSITY ST,0,NA,Y,A,-,Y,SBD,8,38,-,-,1.42,H,-,E,Y,4,0,1,2,A,-,03,22350,NA,N,C,C,A,A,H,-,C,A,0,NA,NA,NA,NA,Y,NA,A,01,0,0,1,0,0,0,0,0,0,-,-,NA,NA,SAN BERNARDINO,REDLANDS,-117.16766063,34.07005302
8526241,2017,2018-01-12,3610,2017-12-10,1720,51054,NA,7,5,6,3610,0,0,0,NA,0,CHARLI,VICTORIA AV,MIRADA ST,0,NA,Y,B,-,N,NA,NA,NA,NA,NA,NA,NA,NA,NA,Y,4,0,1,2,A,-,03,22350,NA,N,C,C,A,A,H,-,C,A,0,NA,NA,NA,NA,Y,NA,A,01,0,0,1,0,0,0,0,0,0,-,-,34.1358,-117.2262,SAN BERNARDINO,SAN BERNARDINO,-117.22608012,34.14346008
8528836,2017,2018-01-11,3609,2017-12-17,0416,8439,161,7,5,5,3609,0,0,0,NA,0,004,BLOOMINGTON AV,W MERRILL AV,378,S,N,A,-,N,NA,NA,NA,NA,NA,NA,NA,NA,NA,Y,4,0,3,2,A,-,09,21802,A,N,B,C,A,A,H,-,B,D,0,NA,NA,NA,NA,Y,NA,A,07,0,0,3,0,0,0,0,0,0,-,-,34.09167,-117.37129,SAN BERNARDINO,RIALTO,-117.37127592,34.09160654
8532049,2017,2018-01-19,3602,2017-12-06,1834,3805,NA,3,5,5,3602,0,0,0,NA,0,003,SCHAEFER AV,RAMONA AV,0,NA,-,A,-,N,NA,NA,NA,NA,NA,NA,NA,NA,NA,Y,4,0,1,3,A,-,09,21801,A,N,D,C,A,A,H,-,C,A,0,NA,NA,NA,NA,Y,NA,A,01,0,0,1,0,0,0,0,0,0,-,-,NA,NA,SAN BERNARDINO,CHINO,-117.70659008,34.00444005
8532053,2017,2018-01-19,3602,2017-12-09,1117,3034,NA,6,5,5,3602,0,0,0,NA,0,001,RIVERSIDE DR,MONTE VISTA AV,0,NA,Y,A,-,N,NA,NA,NA,NA,NA,NA,NA,NA,NA,Y,4,0,1,2,A,-,12,21453,A,N,D,C,A,A,H,-,A,A,0,NA,NA,NA,NA,Y,NA,A,01,0,0,1,0,0,0,0,0,0,-,-,NA,NA,SAN BERNARDINO,CHINO,-117.69806006,34.0190001
8532549,2017,2018-01-26,3604,2017-12-18,1437,1127,NA,1,5,6,3604,0,0,0,NA,0,NA,LIVE OAK AV,JURUPA AV,0,NA,Y,A,-,N,NA,NA,NA,NA,NA,NA,NA,NA,NA,N,4,0,1,2,A,-,10,21950,A,N,G,B,B,A,H,-,A,A,0,Y,NA,NA,NA,Y,NA,A,01,0,0,1,0,1,0,0,0,0,-,-,NA,NA,SAN BERNARDINO,FONTANA,-117.48036005,34.04799012
8534062,2018,2018-01-26,3609,2018-01-05,0629,8510,123,5,5,5,3609,0,0,0,NA,0,001,CACTUS AV,EDISON POLE #4779044E,22,S,N,A,-,N,NA,NA,NA,NA,NA,NA,NA,NA,NA,N,2,0,1,2,A,-,11,21954,A,F,C,B,E,A,H,-,D,D,0,Y,NA,NA,NA,Y,NA,N,60,1,0,0,0,1,0,0,0,0,-,-,NA,NA,SAN BERNARDINO,RIALTO,NA,NA
8534400,2017,2018-01-23,3604,2017-11-26,1159,C357,NA,7,5,6,3604,0,0,0,NA,0,NA,SULTANA,ADAMS,0,NA,Y,A,-,N,NA,NA,NA,NA,NA,NA,NA,NA,NA,Y,4,0,3,2,A,-,08,22107,NA,N,D,C,A,A,H,-,A,A,0,NA,NA,NA,NA,Y,NA,A,01,0,0,3,0,0,0,0,0,0,-,-,NA,NA,SAN BERNARDINO,FONTANA,-117.46893012,34.1118201
8534990,2017,2018-01-22,3602,2017-11-18,0103,3687,NA,6,5,5,3602,0,0,0,NA,0,003,PIPELINE AV,CHINO AV,616,N,N,A,-,N,NA,NA,NA,NA,NA,NA,NA,NA,NA,Y,4,0,1,1,A,-,08,22107,NA,N,E,I,A,A,H,-,D,D,0,NA,NA,NA,NA,Y,NA,A,08,0,0,1,0,0,0,0,0,0,-,-,NA,NA,SAN BERNARDINO,CHINO,-117.71538255,34.01333829
8534994,2017,2018-01-22,3602,2017-11-02,0730,3527,NA,4,5,5,3602,0,0,0,NA,0,004,MOUNTAIN AV,CHINO AV,0,NA,Y,A,-,N,NA,NA,NA,NA,NA,NA,NA,NA,NA,N,3,0,1,2,A,-,09,21801,A,F,D,C,A,A,H,-,A,A,0,NA,Y,NA,NA,Y,NA,-,99,0,1,0,0,0,0,1,0,0,-,-,NA,NA,SAN BERNARDINO,CHINO,-117.66744,34.01196004
8535623,2017,2018-01-29,3608,2017-12-30,0300,4345,NA,6,5,5,3608,0,0,0,NA,0,NA,PIONEER AV,TENNESSEE ST,9,W,N,A,-,N,NA,NA,NA,NA,NA,NA,NA,NA,NA,Y,2,0,1,1,A,-,01,23152,A,N,E,I,A,A,H,-,D,A,0,NA,NA,NA,NA,Y,Y,A,07,1,0,0,0,0,0,0,0,0,-,-,NA,NA,SAN BERNARDINO,REDLANDS,-117.19757963,34.08093978
8537069,2017,2018-01-29,3600,2017-12-30,1533,F6910,HI015,6,5,4,3618,0,0,0,NA,0,HI2,PALM AV,9TH ST,54,E,N,A,-,N,NA,NA,NA,NA,NA,NA,NA,NA,NA,Y,4,0,4,3,A,-,03,22350,NA,N,D,C,A,A,H,-,A,B,0,NA,NA,NA,NA,Y,NA,D,22,0,0,4,0,0,0,0,0,0,-,-,NA,NA,SAN BERNARDINO,HIGHLAND,-117.20877,34.11562