CASE_ID,ACCIDENT_YEAR,PROC_DATE,JURIS,COLLISION_DATE,COLLISION_TIME,OFFICER_ID,REPORTING_DISTRICT,DAY_OF_WEEK,CHP_SHIFT,POPULATION,CNTY_CITY_LOC,SPECIAL_COND,BEAT_TYPE,CHP_BEAT_TYPE,CITY_DIVISION_LAPD,CHP_BEAT_CLASS,BEAT_NUMBER,PRIMARY_RD,SECONDARY_RD,DISTANCE,DIRECTION,INTERSECTION,WEATHER_1,WEATHER_2,STATE_HWY_IND,CALTRANS_COUNTY,CALTRANS_DISTRICT,STATE_ROUTE,ROUTE_SUFFIX,POSTMILE_PREFIX,POSTMILE,LOCATION_TYPE,RAMP_INTERSECTION,SIDE_OF_HWY,TOW_AWAY,COLLISION_SEVERITY,NUMBER_KILLED,NUMBER_INJURED,PARTY_COUNT,PRIMARY_COLL_FACTOR,PCF_CODE_OF_VIOL,PCF_VIOL_CATEGORY,PCF_VIOLATION,PCF_VIOL_SUBSECTION,HIT_AND_RUN,TYPE_OF_COLLISION,MVIW,PED_ACTION,ROAD_SURFACE,ROAD_COND_1,ROAD_COND_2,LIGHTING,CONTROL_DEVICE,CHP_ROAD_TYPE,PEDESTRIAN_ACCIDENT,BICYCLE_ACCIDENT,MOTORCYCLE_ACCIDENT,TRUCK_ACCIDENT,NOT_PRIVATE_PROPERTY,ALCOHOL_INVOLVED,STWD_VEHTYPE_AT_FAULT,CHP_VEHTYPE_AT_FAULT,COUNT_SEVERE_INJ,COUNT_VISIBLE_INJ,COUNT_COMPLAINT_PAIN,COUNT_PED_KILLED,COUNT_PED_INJURED,COUNT_BICYCLIST_KILLED,COUNT_BICYCLIST_INJURED,COUNT_MC_KILLED,COUNT_MC_INJURED,PRIMARY_RAMP,SECONDARY_RAMP,LATITUDE,LONGITUDE,COUNTY,CITY,POINT_X,POINT_Y
90248897,2016,2016-08-22,9860,2016-08-12,2155,019725,NA,5,2,6,3610,0,1,1,NA,2,202,SR-210 W/B,VALENCIA AVE,1056,W,N,A,-,Y,NA,NA,210,NA,NA,NA,NA,NA,W,Y,4,0,2,4,A,-,04,21703,NA,N,C,C,A,A,H,-,C,D,0,NA,NA,NA,NA,Y,NA,A,01,0,0,2,0,0,0,0,0,0,-,-,34.14513,-117.27548,SAN BERNARDINO,SAN BERNARDINO,-117.2754799,34.14513205
9027511,2020,2020-02-25,3604,2020-01-30,1720,1154,NA,4,5,6,3604,0,0,0,NA,0,NA,CITRUS AV,SUMMIT AV,0,NA,Y,A,-,N,NA,NA,NA,NA,NA,NA,NA,NA,NA,Y,4,0,1,2,A,-,00,24153,A,N,D,C,A,A,H,-,C,A,0,NA,NA,NA,NA,Y,NA,A,07,0,0,1,0,0,0,0,0,0,-,-,NA,NA,SAN BERNARDINO,FONTANA,-117.45352935791016,34.15037155151367
90250563,2016,2016-08-23,9870,2016-08-14,1220,018842,NA,7,1,9,3600,0,1,3,NA,1,031,SR-62 (TWENTYNINE PALMS HIGHWAY),SADDLEBACK ROAD,0,NA,Y,A,-,Y,NA,NA,62,NA,NA,NA,NA,NA,NA,Y,4,0,1,2,A,-,08,22107,NA,N,D,A,A,A,H,-,A,D,0,NA,NA,NA,NA,Y,NA,A,01,0,0,1,0,0,0,0,0,0,-,-,34.13501,-116.33046,SAN BERNARDINO,UNINCORPORATED,-116.33045977,34.13494484
9025194,2019,2020-01-31,3602,2019-11-04,0831,3618,NA,1,5,5,3602,0,0,0,NA,0,001,WALNUT AV,SHOLANDER AV,0,NA,Y,A,-,N,NA,NA,NA,NA,NA,NA,NA,NA,NA,N,4,0,1,2,A,-,09,21802,A,N,D,C,A,A,H,-,A,A,0,NA,NA,NA,NA,Y,NA,A,07,0,0,1,0,0,0,0,0,0,-,-,NA,NA,SAN BERNARDINO,CHINO,-117.71381378173828,34.02613067626953
9027593,2020,2020-06-09,3600,2020-02-07,1219,G3225,AP005,5,5,5,3621,0,0,0,NA,0,AP1,APPLE VALLEY RD,TUSCOLA RD,0,NA,Y,A,-,N,NA,NA,NA,NA,NA,NA,NA,NA,NA,Y,3,0,2,2,A,-,12,21453,NA,N,D,C,A,A,H,-,A,A,0,NA,NA,NA,NA,Y,NA,A,01,0,1,1,0,0,0,0,0,0,-,-,NA,NA,SAN BERNARDINO,APPLE VALLEY,-117.26856231689452,34.53573989868164
90276575,2016,2016-09-27,9850,2016-09-18,1128,018211,NA,7,1,5,3612,0,1,1,NA,2,083,I-15 S/B,STODDARD WELLS RD. (SOUTH),1056,S,N,A,-,Y,NA,NA,15,NA,NA,NA,NA,NA,S,Y,3,0,1,1,A,-,08,22107,NA,N,F,A,A,A,D,-,A,D,0,NA,NA,NA,NA,Y,NA,A,01,0,1,0,0,0,0,0,0,0,-,-,34.54999,-117.29337,SAN BERNARDINO,VICTORVILLE,-117.29333815,34.5499381
90255834,2016,2016-08-29,9855,2016-08-19,1720,020002,NA,5,2,6,3604,0,1,1,NA,2,101,I-10 E/B (SAN BERNARDINO FWY),ETIWANDA AVE.,1500,E,N,A,-,Y,NA,NA,10,NA,NA,NA,NA,NA,E,Y,4,0,1,2,A,-,07,21658,A,F,C,C,A,A,H,-,A,D,0,NA,NA,Y,NA,Y,NA,-,99,0,0,1,0,0,0,0,0,1,-,-,34.06737,-117.51498,SAN BERNARDINO,FONTANA,-117.51498181,34.06735856
90257258,2016,2016-08-30,9855,2016-08-29,1645,014973,NA,1,2,6,3616,0,1,1,NA,2,203,SR-210 E/B (FOOTHILL FWY),HAVEN AVE.,250,W,N,A,-,Y,NA,NA,210,NA,NA,NA,NA,NA,E,Y,4,0,1,2,A,-,03,22350,NA,N,C,C,A,A,H,-,A,D,0,NA,NA,NA,NA,Y,NA,A,01,0,0,1,0,0,0,0,0,0,-,-,34.13597,-117.57681,SAN BERNARDINO,RANCHO CUCAMONGA,-117.57680448,34.13586925
90257332,2016,2016-08-30,9865,2016-08-19,1315,020438,NA,5,1,9,3600,0,1,3,NA,1,034,SR-18,CAMP ROCK RD,10560,S,N,A,-,Y,NA,NA,18,NA,NA,NA,NA,NA,NA,Y,2,0,1,1,A,-,03,22350,NA,N,E,I,A,A,H,-,A,D,0,NA,NA,NA,Y,Y,NA,F,26,1,0,0,0,0,0,0,0,0,-,-,34.34774,-116.84437,SAN BERNARDINO,UNINCORPORATED,-116.84436268,34.34765906
90259993,2016,2016-09-02,9860,2016-08-21,1530,017018,NA,7,2,9,3600,0,3,5,NA,2,002,STERLING AVE,EDGEMONT DR,0,NA,Y,A,-,N,NA,NA,NA,NA,NA,NA,NA,NA,NA,Y,4,0,6,2,A,-,09,21802,A,N,D,C,A,A,H,-,A,A,0,NA,NA,NA,NA,Y,NA,A,01,0,0,6,0,0,0,0,0,0,-,-,34.15084,-117.24322,SAN BERNARDINO,UNINCORPORATED,-117.24370003,34.15062
90260411,2016,2016-09-05,9860,2016-08-27,1540,017919,NA,6,2,5,3608,0,1,1,NA,2,105,I-10 E/B,FORD ST,1920,W,N,A,-,Y,NA,NA,10,NA,NA,NA,NA,NA,E,Y,4,0,3,4,A,-,08,22107,NA,N,B,C,A,A,H,-,A,D,0,NA,NA,NA,NA,Y,NA,A,01,0,0,3,0,0,0,0,0,0,-,-,34.04641,-117.15787,SAN BERNARDINO,REDLANDS,-117.1577335,34.04646806
90270884,2016,2016-09-19,9855,2016-09-10,1620,019809,NA,6,2,9,3600,0,3,5,NA,2,004,FRANCIS AVE,EAST END AVE,0,NA,Y,A,-,N,NA,NA,NA,NA,NA,NA,NA,NA,NA,Y,3,0,3,2,A,-,12,22450,A,N,D,C,A,A,H,-,A,A,0,NA,NA,NA,NA,Y,NA,D,22,0,2,1,0,0,0,0,0,0,-,-,34.04061,-117.72436,SAN BERNARDINO,UNINCORPORATED,-117.72437004,34.04062009
90288859,2016,2016-10-11,9855,2016-10-02,1435,020769,NA,7,2,9,3600,0,3,5,NA,2,001,ELM ST.,ORCHID AVE.,60,S,N,A,-,N,NA,NA,NA,NA,NA,NA,NA,NA,NA,N,4,0,1,2,A,-,08,22103,NA,N,D,C,A,A,H,-,A,D,0,NA,NA,NA,NA,Y,NA,A,01,0,0,1,0,0,0,0,0,0,-,-,34.08945,-117.4667,SAN BERNARDINO,UNINCORPORATED,-117.46675836,34.0896256
90260800,2016,2016-09-05,9860,2016-08-14,1830,019706,NA,7,2,9,3600,0,3,5,NA,2,002,MACY ST.,PORTER ST.,43,N,N,A,-,N,NA,NA,NA,NA,NA,NA,NA,NA,NA,N,3,0,1,2,A,-,21,22106,NA,F,G,B,D,A,H,-,A,D,0,Y,NA,NA,NA,Y,NA,D,22,0,1,0,0,1,0,0,0,0,-,-,34.14168,-117.33984,SAN BERNARDINO,UNINCORPORATED,-117.33984065,34.141607810000004
90260809,2016,2016-10-24,9860,2016-08-29,0530,014686,NA,1,3,9,3600,0,1,1,NA,2,152,I-15 S/B,SR-138,3168,N,N,A,-,Y,NA,NA,15,NA,NA,NA,NA,NA,S,Y,2,0,3,3,A,-,07,21658,A,N,C,C,A,A,H,-,D,D,0,NA,NA,NA,NA,Y,NA,A,01,1,0,2,0,0,0,0,0,0,-,-,34.3189,-117.4809,SAN BERNARDINO,UNINCORPORATED,-117.48093454,34.31888351
9026186,2019,2020-02-11,3600,2019-12-20,1224,D2561,VC059,5,5,5,3612,0,0,0,NA,0,VC4,BEAR VALLEY RD,AMETHYST RD,0,NA,Y,A,-,N,NA,NA,NA,NA,NA,NA,NA,NA,NA,Y,4,0,2,2,A,-,09,21804,A,N,D,C,A,A,H,-,A,A,0,NA,NA,NA,NA,Y,NA,A,01,0,0,2,0,0,0,0,0,0,-,-,NA,NA,SAN BERNARDINO,VICTORVILLE,-117.36431884765624,34.47040939331055
9026230,2019,2020-02-11,3600,2019-12-23,1521,G6905,VC032,1,5,5,3612,0,0,0,NA,0,VC2,HESPERIA RD,SENECA RD,0,NA,Y,A,-,N,NA,NA,NA,NA,NA,NA,NA,NA,NA,Y,4,0,1,2,A,-,12,21453,A,F,D,C,A,B,H,-,A,D,0,NA,NA,NA,NA,Y,NA,A,01,0,0,1,0,0,0,0,0,0,-,-,NA,NA,SAN BERNARDINO,VICTORVILLE,-117.29863739013672,34.51451110839844
90263653,2016,2016-09-08,9860,2016-09-06,0520,016590,NA,2,3,9,3600,0,1,1,NA,2,152,I-15 S/B,THE ESCAPE RAMP,8448,N,N,A,-,Y,NA,NA,15,NA,NA,NA,NA,NA,S,Y,4,0,1,5,A,-,07,21658,A,F,C,C,A,A,H,-,B,D,0,NA,NA,NA,NA,Y,Y,A,01,0,0,1,0,0,0,0,0,0,-,-,34.34625,-117.4664,SAN BERNARDINO,UNINCORPORATED,-117.46654213,34.34602983
90272924,2016,2016-09-21,9850,2016-09-15,1940,021365,NA,4,2,5,3619,0,1,1,NA,2,081,I-15 S/B,RANCHERO RD,1848,S,N,A,-,Y,NA,NA,15,NA,NA,NA,NA,NA,S,Y,4,0,1,2,A,-,07,21658,A,N,C,C,A,A,H,-,C,A,0,NA,NA,NA,NA,Y,NA,A,01,0,0,1,0,0,0,0,0,0,-,-,34.37804,-117.41901,SAN BERNARDINO,HESPERIA,-117.4193575,34.37832217
90263694,2016,2016-09-08,9860,2016-09-03,1235,015940,NA,6,1,5,3608,0,1,1,NA,2,104,I-10 E/B,ALABAMA STREET,1584,W,N,A,-,Y,NA,NA,10,NA,NA,NA,NA,NA,E,N,4,0,2,2,A,-,03,22350,NA,N,C,C,A,A,H,-,A,D,0,NA,NA,NA,NA,Y,NA,D,22,0,0,2,0,0,0,0,0,0,-,-,34.06642,-117.21482,SAN BERNARDINO,REDLANDS,-117.21482011,34.06647798
90264311,2016,2016-09-08,9855,2016-09-07,0805,012480,NA,3,1,6,3616,0,1,1,NA,2,201,SR-210 W/B (FOOTHILL FWY),ETIWANDA AVE.,750,W,N,A,-,Y,NA,NA,210,NA,NA,NA,NA,NA,W,Y,4,0,1,3,A,-,03,22350,NA,N,C,C,A,A,H,-,A,D,0,NA,NA,NA,NA,Y,NA,A,01,0,0,1,0,0,0,0,0,0,-,-,34.1366,-117.5261,SAN BERNARDINO,RANCHO CUCAMONGA,-117.52610045,34.13653397
90266256,2016,2016-09-13,9835,2016-09-05,2215,019992,NA,1,3,9,3600,0,1,1,NA,2,073,I-15 S/B,ALVORD MOUNTAIN ROAD,8131,S,N,A,-,Y,NA,NA,15,NA,NA,NA,NA,NA,S,Y,3,0,3,1,A,-,08,22107,NA,N,F,A,A,A,H,-,D,D,0,NA,NA,NA,NA,Y,NA,D,22,0,1,2,0,0,0,0,0,0,-,-,34.97786,-116.61194,SAN BERNARDINO,UNINCORPORATED,-116.61206492,34.97814639
90267046,2016,2016-09-13,9860,2016-09-04,1125,018905,NA,7,1,9,3600,0,1,1,NA,2,152,I-15 N/B,SR-138,2640,N,N,A,-,Y,NA,NA,15,NA,NA,NA,NA,NA,N,Y,4,0,1,1,A,-,08,22107,NA,N,E,I,A,A,H,-,A,D,0,NA,NA,NA,NA,Y,NA,A,07,0,0,1,0,0,0,0,0,0,-,-,34.3176,-117.48002,SAN BERNARDINO,UNINCORPORATED,-117.47994433,34.31764528
90268815,2016,2016-09-15,9860,2016-09-08,1150,012988,NA,4,1,9,3600,0,3,5,NA,2,002,ARDEN  AVE,CITRUS ST,0,NA,Y,A,-,N,NA,NA,NA,NA,NA,NA,NA,NA,NA,Y,4,0,3,2,A,-,09,21802,A,N,D,C,A,A,H,-,A,A,0,NA,NA,NA,NA,Y,NA,A,01,0,0,3,0,0,0,0,0,0,-,-,34.144,-117.23481,SAN BERNARDINO,UNINCORPORATED,-117.2349401,34.14396012
90287199,2016,2016-10-10,9860,2016-10-01,1820,020654,NA,6,2,9,3600,0,1,3,NA,1,012,SR-138,LONE PINE CANYON RD,1584,W,N,A,-,Y,NA,NA,138,NA,NA,NA,NA,NA,NA,Y,3,0,1,2,A,-,05,21460,A,N,B,C,A,A,D,-,B,D,0,NA,NA,NA,NA,Y,NA,-,-,0,1,0,0,0,0,0,0,0,-,-,34.31762,-117.50145,SAN BERNARDINO,UNINCORPORATED,-117.50144536,34.31763495
90288799,2016,2016-10-11,9855,2016-09-27,2018,016215,NA,2,2,6,3607,0,1,3,NA,2,601,SR-60 E/B (POMONA FWY),MILLIKEN AVE.,1600,W,N,A,-,Y,NA,NA,60,NA,NA,NA,NA,NA,E,N,4,0,1,2,A,-,07,21658,A,F,B,C,A,A,H,-,C,D,0,NA,NA,NA,NA,Y,NA,-,99,0,0,1,0,0,0,0,0,0,-,-,34.02683,-117.56833,SAN BERNARDINO,ONTARIO,-117.56834904,34.02676293
90269518,2016,2016-09-16,9860,2016-09-10,0501,018223,NA,6,3,3,3690,0,1,1,NA,2,214,I-215 N/B,NEWPORT AVE,500,S,N,A,-,Y,NA,NA,215,NA,NA,NA,NA,NA,N,Y,3,0,2,2,A,-,03,22350,NA,N,C,C,A,A,D,-,D,D,0,NA,NA,NA,Y,Y,NA,A,08,0,1,1,0,0,0,0,0,0,-,-,34.03776,-117.32026,SAN BERNARDINO,GRAND TERRACE,-117.32034854,34.03785905
9026966,2019,2020-02-26,3607,2019-07-17,1712,80266,155,3,5,6,3607,0,0,0,NA,0,051,SAN ANTONIO AV,STATE ST,0,NA,Y,A,-,N,NA,NA,NA,NA,NA,NA,NA,NA,NA,N,4,0,1,2,A,-,12,22450,A,N,D,C,A,A,H,-,A,A,0,NA,NA,NA,NA,Y,NA,A,01,0,0,1,0,0,0,0,0,0,-,-,NA,NA,SAN BERNARDINO,ONTARIO,-117.66059112548828,34.060001373291016
90270721,2016,2016-09-19,9855,2016-09-09,1440,019809,NA,5,2,5,3611,0,1,1,NA,2,103,I-10 W/B (SAN BERNARDINO FWY),GROVE AVE.,800,W,N,A,-,Y,NA,NA,NA,NA,NA,NA,NA,NA,NA,N,4,0,1,2,A,-,03,22350,NA,N,C,C,A,A,H,-,A,D,0,NA,NA,NA,NA,Y,NA,A,01,0,0,1,0,0,0,0,0,0,-,-,34.07415,-117.6171,SAN BERNARDINO,UPLAND,-117.63073225,34.08201304
90272785,2016,2016-09-21,9855,2016-09-17,1410,019809,NA,6,2,5,3630,0,1,3,NA,2,071,SR-71 S/B (CHINO FWY),SOQUEL CANYON PKWY.,1000,N,N,A,-,Y,NA,NA,71,NA,NA,NA,NA,NA,S,N,4,0,2,2,A,-,03,22350,NA,N,C,C,A,A,H,-,A,D,0,NA,NA,NA,NA,Y,NA,D,22,0,0,2,0,0,0,0,0,0,-,-,33.97287,-117.69468,SAN BERNARDINO,CHINO HILLS,-117.6946903,33.97285988
90274374,2016,2016-09-23,9860,2016-09-15,0555,017919,NA,4,3,4,3640,0,1,1,NA,2,106,I-10 W/B,OAK GLEN RD,4085,E,N,A,-,Y,NA,NA,10,NA,NA,NA,NA,NA,W,Y,3,0,2,2,A,-,03,22350,NA,N,C,C,A,A,H,-,B,D,0,NA,NA,NA,Y,Y,NA,F,26,0,1,1,0,0,0,0,0,0,-,-,34.01441,-117.0826,SAN BERNARDINO,YUCAIPA,-117.08259044,34.01445629
90275131,2016,2016-09-26,9855,2016-09-11,1625,020659,NA,7,2,9,3600,0,3,5,NA,2,001,BEECH AVE.,ARROW HWY.,0,NA,Y,A,-,Y,NA,NA,NA,NA,NA,NA,NA,NA,NA,Y,4,0,2,2,A,-,09,21801,A,N,D,C,A,A,H,-,A,D,0,NA,NA,Y,NA,Y,NA,C,02,0,0,2,0,0,0,0,0,1,-,-,34.09974,-117.47129,SAN BERNARDINO,UNINCORPORATED,-117.4712201,34.09928001
90275311,2016,2016-09-26,9835,2016-09-16,0450,020327,NA,5,3,9,3600,0,1,1,NA,2,072,I-15 N/B,FORT IRWIN RD,2112,N,N,A,-,Y,NA,NA,15,NA,NA,NA,NA,NA,N,Y,4,0,1,1,A,-,08,22107,NA,N,E,I,A,A,H,-,C,D,0,NA,NA,NA,NA,Y,NA,A,01,0,0,1,0,0,0,0,0,0,-,-,34.90087,-116.92053,SAN BERNARDINO,UNINCORPORATED,-116.92052281,34.90131396
90284071,2016,2016-10-05,9850,2016-09-19,1830,015860,NA,1,2,5,3612,0,1,1,NA,2,083,I-15 S/B,STODDARD WELLS RD,5280,N,N,A,-,Y,NA,NA,15,NA,NA,NA,NA,NA,S,Y,2,0,1,2,A,-,08,22107,NA,N,C,E,A,A,H,-,A,D,0,NA,NA,NA,Y,Y,NA,A,01,1,0,0,0,0,0,0,0,0,-,-,34.56702,-117.28104,SAN BERNARDINO,VICTORVILLE,-117.2810448,34.56702444
90307461,2016,2016-10-31,9860,2016-10-24,0800,15763,NA,1,1,6,3610,0,1,1,NA,2,214,I-215 S/B,2ND STREET,528,S,N,B,C,Y,NA,NA,215,NA,NA,NA,NA,NA,S,Y,4,0,1,1,A,-,08,22107,NA,N,E,I,A,B,H,-,A,D,0,NA,NA,NA,NA,Y,NA,A,01,0,0,1,0,0,0,0,0,0,-,-,34.10071,-117.30189,SAN BERNARDINO,SAN BERNARDINO,-117.30206466,34.10070842
90284776,2016,2016-10-05,9855,2016-09-18,1645,020487,NA,7,2,6,3616,0,1,1,NA,2,203,SR-210 E/B (FOOTHILL FWY),MOUNTAIN AVE.,300,E,N,A,-,Y,NA,NA,NA,NA,NA,NA,NA,NA,NA,Y,4,0,1,2,A,-,03,22350,NA,N,C,C,A,A,H,-,A,D,0,NA,NA,NA,NA,Y,NA,A,01,0,0,1,0,0,0,0,0,0,-,-,NA,NA,SAN BERNARDINO,RANCHO CUCAMONGA,-117.66945123,34.13451605
90285819,2016,2016-10-06,9855,2016-10-04,0745,014366,NA,2,1,6,3607,0,1,3,NA,2,601,SR-60 W/B (POMONA FWY),VINEYARD AVE.,600,E,N,A,-,Y,NA,NA,NA,NA,NA,NA,NA,NA,NA,Y,4,0,1,2,A,-,03,22350,NA,N,C,C,A,A,H,-,A,D,0,NA,NA,Y,NA,Y,NA,C,02,0,0,1,0,0,0,0,0,1,-,-,NA,NA,SAN BERNARDINO,ONTARIO,-117.60904502,34.03065916
9028935,2019,2020-01-31,3604,2019-12-18,2129,1286,NA,3,5,6,3604,0,0,0,NA,0,NA,CERES AV,CITRUS AV,0,NA,Y,A,-,N,NA,NA,NA,NA,NA,NA,NA,NA,NA,Y,3,0,6,2,A,-,09,21802,A,N,D,C,A,A,H,-,C,A,0,NA,NA,NA,NA,Y,NA,A,01,0,2,4,0,0,0,0,0,0,-,-,NA,NA,SAN BERNARDINO,FONTANA,-117.45366668701172,34.09381103515625
9031108,2020,2020-09-25,3600,2020-01-17,1802,F4486,YV,5,5,3,3631,0,0,0,NA,0,YV1,RT 62,ACOMA TRL,0,NA,Y,A,-,Y,SBD,8,62,-,-,10.907,I,5,W,Y,4,0,2,2,A,-,12,21453,A,N,D,C,A,A,H,-,C,A,0,NA,NA,NA,NA,Y,NA,A,01,0,0,2,0,0,0,0,0,0,-,-,34.120731353759766,-116.4394989013672,SAN BERNARDINO,YUCCA VALLEY,-116.43949127197266,34.12066650390625
9028988,2019,2020-01-27,3604,2019-11-14,0610,1047,NA,4,5,6,3604,0,0,0,NA,0,NA,VALLEY BL,OCEANDER AV,0,NA,Y,A,-,N,NA,NA,NA,NA,NA,NA,NA,NA,NA,Y,3,0,1,2,A,-,09,21802,A,N,D,C,A,A,H,-,B,A,0,NA,NA,NA,NA,Y,NA,A,01,0,1,0,0,0,0,0,0,0,-,-,NA,NA,SAN BERNARDINO,FONTANA,-117.44874,34.070322
9031114,2019,2020-01-29,3610,2019-12-05,1750,NA,NA,4,5,6,3610,0,0,0,NA,0,CHARLI,EAST HIGHLAND AV,NORTH ARROWHEAD AV,0,NA,Y,A,-,N,NA,NA,NA,NA,NA,NA,NA,NA,NA,Y,3,0,4,2,A,-,09,21801,A,N,D,C,A,A,H,-,C,A,0,NA,NA,NA,NA,Y,NA,A,01,0,4,0,0,0,0,0,0,0,-,-,34.13589859008789,-117.27249145507813,SAN BERNARDINO,SAN BERNARDINO,-117.28964996337892,34.13597106933594
90290212,2016,2016-10-12,9855,2016-10-04,0530,014366,NA,2,3,9,3600,0,3,5,NA,2,004,RAMONA AVE.,FRANCIS AVE,1056,S,N,A,-,N,NA,NA,NA,NA,NA,NA,NA,NA,NA,N,3,0,1,2,A,-,11,21954,A,N,G,B,E,A,D,E,D,D,0,Y,NA,NA,NA,Y,NA,N,60,0,1,0,0,1,0,0,0,0,-,-,NA,NA,SAN BERNARDINO,UNINCORPORATED,-117.70691868,34.03782583
9029103,2019,2020-02-04,3608,2019-12-13,1618,4523,3608,5,5,5,3608,0,0,0,NA,0,NA,SAN TIMOTEO CANYON RD,EDISON POLE F1E77975036,72,E,N,A,-,N,NA,NA,NA,NA,NA,NA,NA,NA,NA,Y,4,0,1,2,A,-,03,22350,NA,N,C,C,A,A,H,-,A,D,0,NA,NA,NA,NA,Y,NA,A,07,0,0,1,0,0,0,0,0,0,-,-,NA,NA,SAN BERNARDINO,REDLANDS,NA,NA
90291629,2016,2016-10-13,9865,2016-05-22,1400,020822,NA,7,2,9,3600,0,1,3,NA,2,020,SR-330,HIGHLAND AVE,12144,N,N,A,-,Y,NA,NA,330,NA,NA,NA,NA,NA,NA,Y,2,0,21,2,C,-,18,NA,NA,N,C,C,A,A,H,-,A,D,0,NA,NA,NA,NA,Y,NA,-,-,6,4,11,0,0,0,0,0,0,-,-,34.16582,-117.1815,SAN BERNARDINO,UNINCORPORATED,-117.18149783,34.16582008
90291836,2016,2016-10-14,9860,2016-09-29,0716,017018,NA,4,1,4,3603,0,1,1,NA,2,214,I-215 SOUTHBOUND,WASHINGTON ST,1056,N,N,A,-,Y,NA,NA,215,NA,NA,NA,NA,NA,S,Y,3,0,1,2,A,-,07,21658,A,N,B,C,A,A,H,-,A,D,0,NA,NA,Y,NA,Y,NA,A,01,0,1,0,0,0,0,0,0,1,-,-,34.04904,-117.30559,SAN BERNARDINO,COLTON,-117.30562644,34.04909203
90292217,2016,2016-10-14,9855,2016-08-20,0303,020904,NA,6,3,6,3607,0,1,1,NA,2,103,I-10 E/B (SAN BERNARDINO FWY),4TH ST.,1910,W,N,A,-,Y,NA,NA,10,NA,NA,NA,NA,NA,E,Y,1,2,1,2,A,-,03,22350,NA,N,C,C,A,A,H,-,D,D,0,NA,NA,NA,NA,Y,NA,D,22,0,0,1,0,0,0,0,0,0,-,-,34.08064,-117.62882,SAN BERNARDINO,ONTARIO,-117.62882244,34.08063583
90292863,2016,2016-10-17,9860,2016-10-09,0148,020387,NA,7,3,5,3608,0,1,1,NA,2,105,I-10 EASTBOUND,WABASH AVE.,500,W,N,A,-,Y,NA,NA,10,NA,NA,NA,NA,NA,E,Y,3,0,1,1,A,-,01,23152,A,N,E,I,A,A,H,-,D,D,0,NA,NA,NA,NA,Y,Y,A,01,0,1,0,0,0,0,0,0,0,-,-,34.03348,-117.14017,SAN BERNARDINO,REDLANDS,-117.1401427,34.03356887
90293435,2016,2016-10-17,9860,2016-10-12,0615,019674,NA,3,1,9,3600,0,1,1,NA,2,152,I-15 S/B,SR-138,422,N,N,A,-,Y,NA,NA,15,NA,NA,NA,NA,NA,S,Y,3,0,2,4,A,-,01,23152,A,N,C,C,A,A,H,-,B,D,0,NA,NA,NA,NA,Y,Y,D,22,0,1,1,0,0,0,0,0,0,-,-,34.3196,-117.48136,SAN BERNARDINO,UNINCORPORATED,-117.48127584,34.31963277
9031541,2019,2020-02-04,3607,2019-04-10,1538,80545,137,3,5,6,3607,0,0,0,NA,0,032,VINEYARD AV,D ST,50,N,N,A,-,N,NA,NA,NA,NA,NA,NA,NA,NA,NA,N,4,0,2,2,A,-,07,21658,A,N,B,C,A,A,H,-,A,A,0,NA,NA,NA,NA,Y,NA,A,01,0,0,2,0,0,0,0,0,0,-,-,NA,NA,SAN BERNARDINO,ONTARIO,-117.61102294921876,34.06727600097656
90284387,2016,2016-10-05,9860,2016-09-28,0915,016590,NA,3,1,3,3690,0,1,1,NA,2,214,I-215 S/B,NEWPORT AVE.,600,N,N,A,-,Y,NA,NA,215,NA,NA,NA,NA,NA,S,N,4,0,1,3,A,-,03,22350,NA,N,C,C,A,A,H,-,A,D,0,NA,NA,NA,NA,Y,NA,A,01,0,0,1,0,0,0,0,0,0,-,-,34.04209,-117.31574,SAN BERNARDINO,GRAND TERRACE,-117.31569653,34.04203203
90294900,2016,2016-10-18,9855,2016-10-12,0501,021400,NA,3,3,5,3602,0,1,3,NA,2,603,SR-60 W/B (POMONA FWY),RAMONA AVE.,1300,W,N,B,-,Y,NA,NA,60,NA,NA,NA,NA,NA,W,Y,4,0,1,2,A,-,03,22350,NA,N,C,C,A,A,H,-,C,D,0,NA,NA,NA,NA,Y,NA,A,01,0,0,1,0,0,0,0,0,0,-,-,34.02982,-117.71391,SAN BERNARDINO,CHINO,-117.71388271,34.02969967
90296329,2016,2016-10-19,9835,2016-10-11,0835,019300,NA,2,1,9,3600,0,1,1,NA,2,075,I-15 S/B,E BAKER BLVD,33792,N,N,A,-,Y,NA,NA,NA,NA,NA,NA,NA,NA,NA,Y,4,0,1,2,A,-,02,22400,A,N,C,C,A,A,H,-,A,D,0,NA,NA,NA,NA,Y,NA,A,07,0,0,1,0,0,0,0,0,0,-,-,35.1569,-115.9634,SAN BERNARDINO,UNINCORPORATED,NA,NA
90297575,2016,2016-10-20,9855,2016-09-26,0910,017704,NA,1,1,6,3607,0,1,3,NA,2,601,SR-60 W/B (POMONA FWY),HAVEN AVE.,1500,E,N,A,-,Y,NA,NA,NA,NA,NA,NA,NA,NA,NA,Y,3,0,3,4,A,-,03,22350,NA,N,C,C,A,A,H,-,A,D,0,NA,NA,NA,Y,Y,NA,F,26,0,1,2,0,0,0,0,0,0,-,-,34.1364,-117.4872,SAN BERNARDINO,ONTARIO,-117.57103645,34.02774942
90298680,2016,2016-10-24,9860,2016-10-20,1352,016575,NA,4,1,9,3600,0,3,5,NA,2,004,SANTA ANA AVE,MAPLE AVE.,0,NA,Y,A,-,N,NA,NA,NA,NA,NA,NA,NA,NA,NA,Y,4,0,1,2,A,-,09,21802,A,N,D,C,A,A,H,-,A,A,0,NA,NA,NA,NA,Y,NA,A,01,0,0,1,0,0,0,0,0,0,-,-,34.05595,-117.40514,SAN BERNARDINO,UNINCORPORATED,-117.40511009,34.05588002