CASE_ID,ACCIDENT_YEAR,PROC_DATE,JURIS,COLLISION_DATE,COLLISION_TIME,OFFICER_ID,REPORTING_DISTRICT,DAY_OF_WEEK,CHP_SHIFT,POPULATION,CNTY_CITY_LOC,SPECIAL_COND,BEAT_TYPE,CHP_BEAT_TYPE,CITY_DIVISION_LAPD,CHP_BEAT_CLASS,BEAT_NUMBER,PRIMARY_RD,SECONDARY_RD,DISTANCE,DIRECTION,INTERSECTION,WEATHER_1,WEATHER_2,STATE_HWY_IND,CALTRANS_COUNTY,CALTRANS_DISTRICT,STATE_ROUTE,ROUTE_SUFFIX,POSTMILE_PREFIX,POSTMILE,LOCATION_TYPE,RAMP_INTERSECTION,SIDE_OF_HWY,TOW_AWAY,COLLISION_SEVERITY,NUMBER_KILLED,NUMBER_INJURED,PARTY_COUNT,PRIMARY_COLL_FACTOR,PCF_CODE_OF_VIOL,PCF_VIOL_CATEGORY,PCF_VIOLATION,PCF_VIOL_SUBSECTION,HIT_AND_RUN,TYPE_OF_COLLISION,MVIW,PED_ACTION,ROAD_SURFACE,ROAD_COND_1,ROAD_COND_2,LIGHTING,CONTROL_DEVICE,CHP_ROAD_TYPE,PEDESTRIAN_ACCIDENT,BICYCLE_ACCIDENT,MOTORCYCLE_ACCIDENT,TRUCK_ACCIDENT,NOT_PRIVATE_PROPERTY,ALCOHOL_INVOLVED,STWD_VEHTYPE_AT_FAULT,CHP_VEHTYPE_AT_FAULT,COUNT_SEVERE_INJ,COUNT_VISIBLE_INJ,COUNT_COMPLAINT_PAIN,COUNT_PED_KILLED,COUNT_PED_INJURED,COUNT_BICYCLIST_KILLED,COUNT_BICYCLIST_INJURED,COUNT_MC_KILLED,COUNT_MC_INJURED,PRIMARY_RAMP,SECONDARY_RAMP,LATITUDE,LONGITUDE,COUNTY,CITY,POINT_X,POINT_Y
90353737,2016,2016-12-27,9860,2016-12-16,1115,018905,NA,5,1,4,3603,0,1,1,NA,2,214,I-215 S/B,WASHINGTON ST,179,S,N,B,C,Y,NA,NA,215,NA,NA,NA,NA,NA,S,Y,4,0,4,3,A,-,08,22107,NA,N,B,C,A,B,H,-,A,D,0,NA,NA,NA,NA,Y,NA,A,01,0,0,4,0,0,0,0,0,0,-,-,34.04731,-117.30778,SAN BERNARDINO,COLTON,-117.30791418,34.04750259
9034295,2019,2020-03-03,3610,2019-11-10,2114,51104,NA,7,5,6,3610,0,0,0,NA,0,POLICE,W 4TH ST,N H ST,0,NA,Y,A,-,N,NA,NA,NA,NA,NA,NA,NA,NA,NA,Y,4,0,1,2,A,-,09,21801,A,F,A,C,A,A,H,-,C,D,0,NA,NA,NA,NA,Y,Y,A,07,0,0,1,0,0,0,0,0,0,-,-,34.1078987121582,-117.30049896240234,SAN BERNARDINO,SAN BERNARDINO,-117.30088043212892,34.10647964477539
9034575,2019,2020-02-10,3607,2019-12-24,1909,20343,111,2,5,6,3607,0,0,0,NA,0,022,GROVE AV,D ST,0,NA,Y,A,-,N,NA,NA,NA,NA,NA,NA,NA,NA,NA,N,4,0,1,3,A,-,09,21801,A,N,D,C,A,A,H,-,C,A,0,NA,NA,NA,NA,Y,NA,A,01,0,0,1,0,0,0,0,0,0,-,-,NA,NA,SAN BERNARDINO,ONTARIO,-117.62853240966795,34.067039489746094
9034580,2019,2020-02-08,3607,2019-12-16,2356,19810,3,1,5,6,3607,0,0,0,NA,0,031,8TH ST,BAKER AV,500,E,N,A,-,N,NA,NA,NA,NA,NA,NA,NA,NA,NA,N,3,0,2,2,A,-,08,22107,NA,N,C,E,A,A,H,-,C,D,0,NA,NA,NA,NA,Y,NA,A,01,0,1,1,0,0,0,0,0,0,-,-,NA,NA,SAN BERNARDINO,ONTARIO,-117.61823272705078,34.092079162597656
90332082,2016,2016-11-29,9855,2016-11-25,0545,017313,NA,5,3,5,3611,0,1,1,NA,2,103,I-10 W/B (SAN BERNARDINO FWY),CENTRAL AVE.,1584,E,N,A,-,Y,NA,NA,NA,NA,NA,NA,NA,NA,NA,N,4,0,2,2,A,-,03,22350,NA,N,C,C,A,A,H,-,A,D,0,NA,NA,NA,NA,Y,NA,A,01,0,0,2,0,0,0,0,0,0,-,-,34.08451,-117.67156,SAN BERNARDINO,UPLAND,-117.68941,34.08571
90347189,2016,2016-12-19,9855,2016-12-05,1245,015919,NA,1,1,6,3607,0,1,1,NA,2,101,I-10 W/B (SAN BERNARDINO FWY),MILLIKEN AVE.,500,W,N,A,-,Y,NA,NA,10,NA,NA,NA,NA,NA,W,Y,4,0,1,2,A,-,03,22350,NA,N,C,C,A,A,H,-,A,D,0,NA,NA,NA,NA,Y,NA,A,01,0,0,1,0,0,0,0,0,0,-,-,34.06768,-117.55975,SAN BERNARDINO,ONTARIO,-117.55975072,34.06757724
9034756,2019,2020-02-06,3607,2019-11-25,1434,19968,117,1,5,6,3607,0,0,0,NA,0,032,D ST,N PLACER PRIVADO,659,W,N,A,-,N,NA,NA,NA,NA,NA,NA,NA,NA,NA,Y,3,0,1,3,A,-,08,22107,NA,N,C,E,A,A,H,-,A,D,0,NA,NA,NA,NA,Y,NA,A,01,0,1,0,0,0,0,0,0,0,-,-,NA,NA,SAN BERNARDINO,ONTARIO,-117.61627960205078,34.06711196899414
9034774,2019,2020-02-05,3602,2019-12-02,2205,3964,1,1,5,5,3602,0,0,0,NA,0,002,RIVERSIDE DR,OAKS AV,0,NA,Y,B,-,N,NA,NA,NA,NA,NA,NA,NA,NA,NA,Y,3,0,2,2,A,-,08,22107,NA,N,A,C,A,A,H,-,C,A,0,NA,NA,NA,NA,Y,NA,A,01,0,2,0,0,0,0,0,0,0,-,-,NA,NA,SAN BERNARDINO,CHINO,-117.67623901367188,34.019168853759766
90339781,2016,2016-12-07,9860,2016-11-23,1730,016658,NA,3,2,9,3600,0,3,5,NA,2,004,LOCUST AVE. (SOUTHBOUND),SLOVER AVE,50,S,N,A,-,Y,NA,NA,NA,NA,NA,NA,NA,NA,NA,N,3,0,1,2,A,-,05,21202,A,N,B,G,A,A,H,-,C,D,0,NA,Y,NA,NA,Y,NA,L,04,0,1,0,0,0,0,1,0,0,-,-,34.06273,-117.40957,SAN BERNARDINO,UNINCORPORATED,-117.40950834,34.06301301
90340859,2016,2016-12-09,9860,2016-12-02,1535,014777,NA,5,2,6,3610,0,1,1,NA,2,202,SR-210 E/B,WATERMAN AVENUE,1584,W,N,A,G,Y,NA,NA,210,NA,NA,NA,NA,NA,E,Y,4,0,1,3,A,-,03,22350,NA,N,C,C,A,A,H,-,A,D,0,NA,NA,NA,NA,Y,NA,A,01,0,0,1,0,0,0,0,0,0,-,-,34.14522,-117.28476,SAN BERNARDINO,SAN BERNARDINO,-117.2847576,34.14527998
9035087,2019,2020-07-13,3600,2019-12-21,1651,H8276,NA,6,5,2,3680,0,0,0,NA,0,BL200,BIG BEAR BL,SUMMIT BL,0,NA,Y,A,-,Y,SBD,8,18,-,-,50.48,H,-,S,N,4,0,1,3,A,-,03,22350,NA,N,C,C,A,A,H,-,C,D,0,NA,NA,NA,NA,Y,NA,-,NA,0,0,1,0,0,0,0,0,0,-,-,NA,NA,SAN BERNARDINO,BIG BEAR LAKE,-116.8875732421875,34.243350982666016
90351895,2016,2017-03-06,9860,2016-12-21,0755,012530,NA,3,1,6,3610,0,1,1,NA,2,216,I-215 N/B,BASELINE STREET O/C.,684,N,N,B,-,Y,NA,NA,215,NA,NA,NA,NA,NA,N,Y,2,0,5,2,A,-,01,23152,A,N,E,I,A,A,H,-,A,D,0,NA,NA,NA,NA,Y,Y,D,22,3,1,1,0,0,0,0,0,0,-,-,34.12354,-117.30216,SAN BERNARDINO,SAN BERNARDINO,-117.30249572,34.12354737
90356599,2016,2016-12-28,9850,2016-12-08,1233,017730,NA,4,1,5,3619,1,4,S,NA,2,901,MESA ST,BALSAM AVE,0,NA,Y,A,-,N,NA,NA,NA,NA,NA,NA,NA,NA,NA,Y,3,0,2,2,A,-,12,22450,A,N,D,C,A,A,H,-,A,A,0,NA,NA,NA,NA,Y,NA,H,13,0,2,0,0,0,0,0,0,0,-,-,34.44875,-117.32961,SAN BERNARDINO,HESPERIA,-117.32968002,34.44873005
90358397,2016,2016-12-30,9860,2016-12-21,1815,019484,NA,3,2,9,3600,0,1,1,NA,2,152,I-15 S/B,SR-138,12672,N,N,C,-,Y,NA,NA,15,NA,NA,NA,NA,NA,S,N,4,0,1,2,A,-,01,23152,E,N,C,C,A,B,H,-,D,D,0,NA,NA,NA,NA,Y,NA,A,07,0,0,1,0,0,0,0,0,0,-,-,34.34667,-117.47767,SAN BERNARDINO,UNINCORPORATED,-117.47769368,34.34671695
90380755,2017,2017-01-30,9835,2017-01-20,1535,020883,NA,5,2,9,3600,0,1,1,NA,2,077,I-15 N/B,NIPTON RD,11299,S,N,B,C,Y,NA,NA,15,NA,NA,NA,NA,NA,N,Y,4,0,3,1,A,-,03,22350,NA,N,F,A,A,B,H,-,A,D,0,NA,NA,NA,NA,Y,NA,A,01,0,0,3,0,0,0,0,0,0,-,-,35.46397,-115.48138,SAN BERNARDINO,UNINCORPORATED,-115.4813453,35.46405386
90361128,2016,2017-07-12,9855,2016-12-26,0255,020664,NA,1,3,6,3607,0,1,1,NA,2,101,I-10 W/B TO I-15,I-15,2440,E,N,B,-,Y,NA,NA,10,NA,NA,NA,R,NA,W,Y,3,0,1,2,A,-,07,21658,A,N,C,C,A,A,H,-,C,D,0,NA,NA,NA,NA,Y,Y,A,08,0,1,0,0,0,0,0,0,0,-,-,34.06758,-117.53656,SAN BERNARDINO,ONTARIO,-117.53656,34.06758
90363401,2016,2017-01-06,9860,2016-12-31,2120,020596,NA,6,2,5,3608,0,1,1,NA,2,203,SR-210 W/B,SAN BERNARDINO AVE,5386,N,N,B,C,Y,NA,NA,210,NA,NA,NA,NA,NA,W,Y,3,0,1,1,A,-,03,22350,NA,N,E,I,A,B,H,-,D,D,0,NA,NA,NA,NA,Y,NA,A,01,0,1,0,0,0,0,0,0,0,-,-,34.09217,-117.20048,SAN BERNARDINO,REDLANDS,-117.20043037,34.0921679
90366126,2017,2017-01-10,9855,2017-01-07,1350,016375,NA,6,1,6,3616,0,1,1,NA,2,203,SR-210 W/B (FOOTHILL FWY),HAVEN AVE.,1746,W,N,B,-,Y,NA,NA,210,NA,NA,NA,NA,NA,W,Y,4,0,1,1,A,-,08,22107,NA,N,E,I,A,A,H,-,A,D,0,NA,NA,NA,NA,Y,NA,A,07,0,0,1,0,0,0,0,0,0,-,-,34.13595,-117.58216,SAN BERNARDINO,RANCHO CUCAMONGA,-117.58215953,34.13578657
90367172,2016,2017-01-11,9855,2016-12-27,1615,016889,NA,2,2,6,3604,0,1,1,NA,2,101,I-10 W/B (SBF) FROM CITRUS AVE,CITRUS AVE.,1320,W,N,A,-,Y,NA,NA,10,NA,NA,NA,R,NA,W,Y,3,0,2,2,A,-,03,22350,NA,N,C,C,A,A,H,-,A,A,0,NA,NA,NA,NA,Y,NA,A,01,0,1,1,0,0,0,0,0,0,-,-,34.06703,-117.45717,SAN BERNARDINO,FONTANA,-117.45717,34.06703
9034792,2019,2020-02-06,3607,2019-11-20,1009,200,76,3,5,6,3607,0,0,0,NA,0,MILL,MILLIKEN AV,4TH ST,250,S,N,C,-,N,NA,NA,NA,NA,NA,NA,NA,NA,NA,N,4,0,1,2,A,-,07,21658,A,N,B,C,A,B,H,-,A,A,0,NA,NA,NA,NA,Y,NA,A,01,0,0,1,0,0,0,0,0,0,-,-,NA,NA,SAN BERNARDINO,ONTARIO,-117.55831909179688,34.076473236083984
90347967,2016,2016-12-19,9855,2016-12-04,1010,017649,NA,7,1,9,3600,0,3,5,NA,2,004,RIVERSIDE DRIVE,TOWNE AVENUE,0,NA,Y,B,-,N,NA,NA,NA,NA,NA,NA,NA,NA,NA,Y,4,0,1,3,A,-,09,21801,A,N,D,C,A,A,H,-,A,A,0,NA,NA,NA,NA,Y,NA,A,01,0,0,1,0,0,0,0,0,0,-,-,34.01899,-117.74003,SAN BERNARDINO,UNINCORPORATED,-117.7401001,34.01903008
90349719,2016,2016-12-20,9870,2016-12-14,2240,020890,NA,3,3,9,3600,0,3,5,NA,2,003,CRESTVIEW DR,SUNBURST AVE,525,E,N,A,-,N,NA,NA,NA,NA,NA,NA,NA,NA,NA,Y,4,0,1,3,A,-,08,22107,NA,N,B,E,A,A,H,-,D,D,0,NA,NA,NA,NA,Y,NA,D,22,0,0,1,0,0,0,0,0,0,-,-,34.14849,-116.3068,SAN BERNARDINO,UNINCORPORATED,-116.30692255,34.14844395
90368579,2017,2017-01-13,9850,2017-01-02,1850,021422,NA,1,2,9,3600,0,1,1,NA,2,081,I-15 S/B,RANCHERO RD,1373,S,N,A,-,Y,NA,NA,15,NA,NA,NA,NA,NA,S,Y,4,0,1,2,A,-,03,22350,NA,N,C,C,A,A,H,-,D,D,0,NA,NA,NA,NA,Y,NA,A,01,0,0,1,0,0,0,0,0,0,-,-,34.37957,-117.41821,SAN BERNARDINO,UNINCORPORATED,-117.41829092,34.37963571
90386244,2017,2017-02-06,9835,2017-01-28,0120,020973,NA,6,3,9,3600,0,1,1,NA,2,043,I-40 E/B,DESERT OASIS REST AREA,4699,W,N,A,-,Y,NA,NA,40,NA,NA,NA,NA,NA,E,Y,4,0,2,1,A,-,08,22107,NA,N,E,I,A,A,H,-,D,D,0,NA,NA,NA,NA,Y,NA,A,01,0,0,2,0,0,0,0,0,0,-,-,34.79778,-116.50872,SAN BERNARDINO,UNINCORPORATED,-116.5087094,34.79781931
90369301,2017,2017-01-13,9855,2017-01-11,0620,015299,NA,3,1,6,3604,0,1,1,NA,2,153,I-15 S/B (ONTARIO FWY),SUMMIT AVE.,920,N,N,C,-,Y,NA,NA,15,NA,NA,NA,NA,NA,S,N,4,0,2,2,A,-,07,21658,A,N,B,C,A,B,H,-,B,D,0,NA,NA,NA,NA,Y,NA,D,22,0,0,2,0,0,0,0,0,0,-,-,34.153,-117.4761,SAN BERNARDINO,FONTANA,-117.47610936,34.15301153
90387582,2017,2017-02-07,9860,2017-02-01,1508,013945,NA,3,2,3,3690,0,1,1,NA,2,214,I-215 S/B,BARTON RD,200,N,N,A,-,Y,NA,NA,215,NA,NA,NA,NA,NA,S,Y,3,0,3,2,A,-,03,22350,NA,N,C,C,A,A,H,-,A,D,0,NA,NA,NA,NA,Y,NA,A,01,0,1,2,0,0,0,0,0,0,-,-,34.03436,-117.32443,SAN BERNARDINO,GRAND TERRACE,-117.32448827,34.03442522
90369635,2017,2017-01-16,9860,2017-01-08,1800,020135,NA,7,2,6,3610,0,1,1,NA,2,103,I-10 W/B,I-215,3168,E,N,A,-,Y,NA,NA,10,NA,NA,NA,NA,NA,W,N,4,0,1,2,A,-,03,22350,NA,N,C,C,A,A,H,-,D,D,0,NA,NA,NA,NA,Y,NA,A,01,0,0,1,0,0,0,0,0,0,-,-,34.06392,-117.28513,SAN BERNARDINO,SAN BERNARDINO,-117.2851297,34.06391626
90370359,2017,2017-01-17,9860,2017-01-04,1203,015495,NA,3,1,4,3603,0,1,1,NA,2,103,I-10 E/B,9TH ST,528,W,N,B,-,Y,NA,NA,10,NA,NA,NA,NA,NA,E,Y,4,0,1,2,A,-,07,21658,A,M,B,C,A,A,H,-,A,D,0,NA,NA,NA,NA,Y,NA,D,22,0,0,1,0,0,0,0,0,0,-,-,34.06617,-117.32593,SAN BERNARDINO,COLTON,-117.32593228,34.06613341
90370420,2017,2017-03-10,9855,2017-01-07,0211,020081,NA,6,3,5,3611,0,1,1,NA,2,203,SR-210 E/B (FOOTHILL FWY),EUCLID AVE.,1600,E,N,B,-,Y,NA,NA,210,NA,NA,NA,NA,NA,E,Y,4,0,1,2,A,-,03,22350,NA,N,C,C,A,A,H,-,C,D,0,NA,NA,NA,NA,Y,NA,A,01,0,0,1,0,0,0,0,0,0,-,-,34.13458,-117.64791,SAN BERNARDINO,UPLAND,-117.64791055,34.13462787
9036750,2019,2020-01-31,3602,2019-11-16,1525,3800,NA,6,5,5,3602,0,0,0,NA,0,005,MOUNTAIN AV,CHINO AV,0,NA,Y,A,-,N,NA,NA,NA,NA,NA,NA,NA,NA,NA,Y,3,0,3,2,A,-,09,21801,A,N,A,C,A,A,H,-,A,A,0,NA,NA,NA,NA,Y,NA,A,01,0,3,0,0,0,0,0,0,0,-,-,NA,NA,SAN BERNARDINO,CHINO,-117.66744232177734,34.011959075927734
90370492,2017,2017-03-10,9855,2017-01-09,0440,020690,NA,1,3,6,3607,0,1,1,NA,2,103,I-10 W/B (SAN BERNARDINO FWY),VINEYARD AVE.,2500,E,N,B,C,Y,NA,NA,10,NA,NA,NA,NA,NA,W,Y,4,0,1,1,A,-,08,22107,NA,N,E,I,A,B,H,-,D,D,0,NA,NA,NA,NA,Y,NA,A,01,0,0,1,0,0,0,0,0,0,-,-,34.06819,-117.60277,SAN BERNARDINO,ONTARIO,-117.60275548,34.06833489
9037183,2019,2020-02-07,3600,2019-11-20,2001,F6913,RC046,3,5,6,3616,0,0,0,NA,0,001,CARNELIAN ST,LEMON AV,31,N,N,C,-,N,NA,NA,NA,NA,NA,NA,NA,NA,NA,Y,4,0,2,2,A,-,03,22350,NA,N,C,C,A,B,H,-,C,A,0,NA,NA,NA,NA,Y,NA,-,NA,0,0,2,0,0,0,0,0,0,-,-,NA,NA,SAN BERNARDINO,RANCHO CUCAMONGA,-117.61628723144533,34.14008331298828
90372839,2017,2017-01-19,9865,2017-01-17,1410,014696,NA,2,2,9,3600,0,1,3,NA,2,012,SR-18,ARROWHEAD VILLA RD,119,S,N,A,-,Y,NA,NA,18,NA,NA,NA,NA,NA,NA,N,4,0,1,1,A,-,08,22107,NA,N,F,A,A,A,H,-,A,D,0,NA,NA,Y,NA,Y,NA,C,02,0,0,1,0,0,0,0,0,1,-,-,34.23498,-117.19001,SAN BERNARDINO,UNINCORPORATED,-117.18997229,34.23492283
90373208,2017,2017-01-19,9860,2017-01-11,0250,017784,NA,3,3,6,3610,0,1,1,NA,2,216,I-215 SOUTHBOUND TO STATE ROUTE 210,STATE ROUTE 210,2112,N,N,B,C,Y,NA,NA,215,NA,NA,NA,R,NA,S,Y,2,0,1,1,A,-,03,22350,NA,N,E,I,A,B,H,-,C,D,0,NA,NA,NA,NA,Y,NA,A,07,1,0,0,0,0,0,0,0,0,-,-,34.14974,-117.32276,SAN BERNARDINO,SAN BERNARDINO,-117.32276,34.14974
90373372,2017,2017-01-19,9860,2017-01-13,0020,017784,NA,5,3,9,3600,0,1,1,NA,2,152,INTERSTATE 15 SOUTHBOUND,SANTA FE ROAD,900,S,N,B,C,Y,NA,NA,15,NA,NA,NA,NA,NA,S,N,4,0,1,2,A,-,08,22107,NA,F,B,C,A,B,H,-,D,D,0,NA,NA,NA,NA,Y,NA,-,99,0,0,1,0,0,0,0,0,0,-,-,34.34565,-117.47947,SAN BERNARDINO,UNINCORPORATED,-117.47944569,34.34561559
90374137,2017,2017-01-20,9860,2017-01-14,1928,020387,NA,6,2,6,3610,0,1,1,NA,2,202,SR-210 EASTBOUND,DEL ROSA AVE.,1300,E,N,A,-,Y,NA,NA,210,NA,NA,NA,NA,NA,E,N,4,0,1,3,A,-,03,22350,NA,N,C,C,A,A,H,-,D,D,0,NA,NA,NA,NA,Y,NA,A,01,0,0,1,0,0,0,0,0,0,-,-,34.14075,-117.24841,SAN BERNARDINO,SAN BERNARDINO,-117.24838799,34.14080323
9037789,2020,2020-03-16,3605,2020-01-14,1414,406,NA,2,5,4,3605,0,0,0,NA,0,NA,BENITO ST,CENTRAL AV,41,W,N,A,-,N,NA,NA,NA,NA,NA,NA,NA,NA,NA,N,4,0,2,2,A,-,03,22350,A,N,C,C,A,A,H,-,A,A,0,NA,NA,NA,NA,Y,NA,A,08,0,0,2,0,0,0,0,0,0,-,-,NA,NA,SAN BERNARDINO,MONTCLAIR,-117.68976593017578,34.07400894165039
90378482,2017,2017-01-26,9860,2017-01-12,1530,016651,NA,4,2,6,3610,0,1,1,NA,2,216,I-215 N/B,16TH ST,1200,S,N,C,-,Y,NA,NA,215,NA,NA,NA,NA,NA,N,Y,4,0,2,4,A,-,07,21658,A,F,B,C,A,B,H,-,A,D,0,NA,NA,NA,NA,Y,NA,A,01,0,0,2,0,0,0,0,0,0,-,-,34.12461,-117.30225,SAN BERNARDINO,SAN BERNARDINO,-117.30246673,34.1246201
90380525,2017,2017-01-27,9860,2017-01-18,0735,15763,NA,3,1,5,3608,0,1,1,NA,2,104,I-10 W/B,ALABAMA STREET,292,E,N,A,-,Y,NA,NA,10,NA,NA,NA,NA,NA,W,Y,3,0,1,3,A,-,03,22350,NA,N,C,C,A,A,H,-,A,D,0,NA,NA,NA,NA,Y,NA,D,22,0,1,0,0,0,0,0,0,0,-,-,34.06675,-117.20766,SAN BERNARDINO,REDLANDS,-117.20765996,34.06674351
90380928,2017,2017-01-30,9860,2017-01-20,1300,017919,NA,5,1,9,3600,0,1,1,NA,2,102,I-10 E/B,CEDAR AVE,3330,E,N,B,C,Y,NA,NA,10,NA,NA,NA,NA,NA,E,Y,4,0,1,4,A,-,03,22350,NA,N,B,C,A,B,H,-,A,D,0,NA,NA,NA,NA,Y,NA,A,01,0,0,1,0,0,0,0,0,0,-,-,34.0682,-117.38497,SAN BERNARDINO,UNINCORPORATED,-117.38497025,34.0682103
90382475,2017,2017-01-31,9860,2017-01-16,1501,014686,NA,1,2,9,3600,0,1,1,NA,2,152,I-15 S/B,SR-138,2640,N,N,A,-,Y,NA,NA,15,NA,NA,NA,NA,NA,S,Y,3,0,4,7,A,-,03,22350,NA,N,C,C,A,A,H,-,A,D,0,NA,NA,NA,Y,Y,NA,G,25,0,2,2,0,0,0,0,0,0,-,-,34.31187,-117.47628,SAN BERNARDINO,UNINCORPORATED,-117.47580105,34.31242401
90383578,2017,2017-02-01,9865,2017-01-30,0945,015158,NA,1,1,9,3600,0,3,5,NA,2,001,NORTH ROAD,LAKE GREGORY DRIVE,1320,E,N,A,-,N,NA,NA,NA,NA,NA,NA,NA,NA,NA,Y,4,0,1,1,C,-,18,NA,NA,N,E,J,A,A,H,-,A,D,0,NA,NA,NA,NA,Y,NA,-,-,0,0,1,0,0,0,0,0,0,-,-,34.23147,-117.25023,SAN BERNARDINO,UNINCORPORATED,-117.25020938,34.23157938
90385963,2017,2017-02-06,9860,2017-01-28,1047,019419,NA,6,1,9,3600,0,3,5,NA,2,002,CAJON BLVD,5TH AVE,49,S,N,A,-,N,NA,NA,NA,NA,NA,NA,NA,NA,NA,Y,2,0,1,2,A,-,03,22350,NA,N,C,C,A,A,H,-,A,D,0,NA,NA,NA,NA,Y,NA,A,01,1,0,0,0,0,0,0,0,0,-,-,34.17472,-117.35202,SAN BERNARDINO,UNINCORPORATED,-117.30955045,34.42863673
90406273,2017,2017-03-10,9855,2017-02-18,1750,021048,NA,6,2,9,3600,0,3,5,NA,2,001,LYTLE CREEK,SIERRA AVE.,3990,W,N,B,C,N,NA,NA,NA,NA,NA,NA,NA,NA,NA,Y,2,0,3,2,A,-,01,23152,A,N,C,C,A,B,H,-,B,D,0,NA,NA,NA,NA,Y,Y,A,01,2,1,0,0,0,0,0,0,0,-,-,34.1782,-117.449,SAN BERNARDINO,UNINCORPORATED,-117.44812796,34.1789204
90386094,2017,2017-02-06,9860,2017-01-29,1442,019706,NA,7,2,3,3690,0,1,1,NA,2,214,I-215 SOUTHBOUND,IOWA AVE.,1500,N,N,A,-,Y,NA,NA,215,NA,NA,NA,NA,NA,S,Y,4,0,2,3,A,-,03,22350,NA,N,C,C,A,A,H,-,A,D,0,NA,NA,NA,NA,Y,NA,A,01,0,0,2,0,0,0,0,0,0,-,-,34.02755,-117.33225,SAN BERNARDINO,GRAND TERRACE,-117.33224486,34.02754462
90376667,2017,2017-01-24,9865,2017-01-11,0745,015271,NA,3,1,9,3600,0,1,3,NA,1,010,SR-18,UPPER WATERMAN CANYON RD.,2112,N,N,C,-,Y,NA,NA,18,NA,NA,NA,NA,NA,NA,Y,4,0,1,2,A,-,03,22350,NA,N,C,C,A,B,H,-,A,D,0,NA,NA,NA,NA,Y,NA,A,01,0,0,1,0,0,0,0,0,0,-,-,34.21615,-117.28516,SAN BERNARDINO,UNINCORPORATED,-117.28515828,34.21614882
90377600,2017,2017-01-25,9855,2017-01-23,1325,016889,NA,1,1,6,3607,0,1,1,NA,2,152,I-15 S/B (ONTARIO FWY),PHILADELPHIA ST.,300,N,N,B,-,Y,NA,NA,15,NA,NA,NA,NA,NA,S,Y,4,0,1,2,A,-,03,22350,NA,N,C,C,A,B,H,-,A,D,0,NA,NA,NA,NA,Y,NA,A,01,0,0,1,0,0,0,0,0,0,-,-,34.03408,-117.55051,SAN BERNARDINO,ONTARIO,-117.55045515,34.03407981
90387789,2017,2017-02-07,9860,2017-01-31,1507,016651,NA,2,2,4,3640,0,1,1,NA,2,106,I-10 E/B,COUNTY LINE RD,300,W,N,A,-,Y,NA,NA,10,NA,NA,NA,NA,NA,E,Y,4,0,1,2,A,-,03,22350,NA,M,C,C,A,A,H,-,A,D,0,NA,NA,NA,NA,Y,NA,A,01,0,0,1,0,0,0,0,0,0,-,-,34.00527,-117.06576,SAN BERNARDINO,YUCAIPA,-117.06587211,34.00520878
90391051,2017,2017-02-13,9860,2017-02-06,0350,020282,NA,1,3,6,3610,0,1,1,NA,2,216,I-215 N/B,PALM AVE,3960,S,N,B,C,Y,NA,NA,215,NA,NA,NA,NA,NA,N,Y,3,0,1,2,A,-,03,22350,NA,N,C,C,A,B,H,-,D,D,0,NA,NA,NA,NA,Y,NA,A,01,0,1,0,0,0,0,0,0,0,-,-,34.1838,-117.35066,SAN BERNARDINO,SAN BERNARDINO,-117.35067976,34.1837717
90385828,2017,2017-02-03,9860,2017-01-29,1717,019419,NA,7,2,9,3600,0,1,3,NA,1,012,SR-138 E/B,MAPACA RD.,10,E,N,A,-,Y,NA,NA,138,NA,NA,NA,NA,NA,E,N,4,0,2,2,A,-,03,22350,NA,N,C,C,A,A,H,-,D,D,0,NA,NA,NA,NA,Y,NA,D,22,0,0,2,0,0,0,0,0,0,-,-,34.35545,-117.5301,SAN BERNARDINO,UNINCORPORATED,-117.53008109,34.35546713
90385840,2017,2017-02-03,9860,2017-01-29,1650,019429,NA,7,2,5,3608,0,1,1,NA,2,105,I-10 E/B TO ORANGE ST,EUREKA ST,500,W,N,A,-,Y,NA,NA,10,NA,NA,NA,R,NA,E,Y,4,0,2,2,A,-,03,22350,NA,N,C,C,A,A,H,-,A,D,0,NA,NA,NA,NA,Y,NA,A,01,0,0,2,0,0,0,0,0,0,-,-,34.06145,-117.18775,SAN BERNARDINO,REDLANDS,-117.18775,34.06145
90398874,2017,2017-02-23,9855,2017-02-20,1255,015299,NA,1,1,6,3607,0,1,1,NA,2,103,I-10 E/B (SAN BERNARDINO FWY),HAVEN AVE.,1370,W,N,A,-,Y,NA,NA,10,NA,NA,NA,NA,NA,E,N,4,0,2,3,A,-,03,22350,NA,N,C,C,A,A,H,-,A,D,0,NA,NA,NA,NA,Y,NA,A,01,0,0,2,0,0,0,0,0,0,-,-,34.0674,-117.5805,SAN BERNARDINO,ONTARIO,-117.58050056,34.06747454
90385887,2017,2017-02-06,9865,2017-01-22,1230,021139,NA,7,1,9,3600,0,1,3,NA,1,039,SR-38,BALDWIN LN,400,W,N,D,-,Y,NA,NA,38,NA,NA,NA,NA,NA,NA,Y,4,0,1,1,A,-,08,22107,NA,N,E,I,A,C,H,-,A,D,0,NA,NA,NA,NA,Y,NA,A,07,0,0,1,0,0,0,0,0,0,-,-,34.24937,-116.81426,SAN BERNARDINO,UNINCORPORATED,-116.8142498,34.2493824
90386551,2017,2017-02-06,9855,2017-01-23,1327,017808,NA,1,1,6,3616,0,1,1,NA,2,201,SR-210 E/B (FOOTHILL FWY),MILLIKEN AVE.,1320,W,N,C,-,Y,NA,NA,210,NA,NA,NA,NA,NA,E,Y,4,0,1,2,A,-,08,22107,NA,N,E,I,A,B,H,-,A,D,0,NA,NA,NA,NA,Y,NA,A,01,0,0,1,0,0,0,0,0,0,-,-,34.13647,-117.56509,SAN BERNARDINO,RANCHO CUCAMONGA,-117.56509039,34.13655874