CASE_ID,ACCIDENT_YEAR,PROC_DATE,JURIS,COLLISION_DATE,COLLISION_TIME,OFFICER_ID,REPORTING_DISTRICT,DAY_OF_WEEK,CHP_SHIFT,POPULATION,CNTY_CITY_LOC,SPECIAL_COND,BEAT_TYPE,CHP_BEAT_TYPE,CITY_DIVISION_LAPD,CHP_BEAT_CLASS,BEAT_NUMBER,PRIMARY_RD,SECONDARY_RD,DISTANCE,DIRECTION,INTERSECTION,WEATHER_1,WEATHER_2,STATE_HWY_IND,CALTRANS_COUNTY,CALTRANS_DISTRICT,STATE_ROUTE,ROUTE_SUFFIX,POSTMILE_PREFIX,POSTMILE,LOCATION_TYPE,RAMP_INTERSECTION,SIDE_OF_HWY,TOW_AWAY,COLLISION_SEVERITY,NUMBER_KILLED,NUMBER_INJURED,PARTY_COUNT,PRIMARY_COLL_FACTOR,PCF_CODE_OF_VIOL,PCF_VIOL_CATEGORY,PCF_VIOLATION,PCF_VIOL_SUBSECTION,HIT_AND_RUN,TYPE_OF_COLLISION,MVIW,PED_ACTION,ROAD_SURFACE,ROAD_COND_1,ROAD_COND_2,LIGHTING,CONTROL_DEVICE,CHP_ROAD_TYPE,PEDESTRIAN_ACCIDENT,BICYCLE_ACCIDENT,MOTORCYCLE_ACCIDENT,TRUCK_ACCIDENT,NOT_PRIVATE_PROPERTY,ALCOHOL_INVOLVED,STWD_VEHTYPE_AT_FAULT,CHP_VEHTYPE_AT_FAULT,COUNT_SEVERE_INJ,COUNT_VISIBLE_INJ,COUNT_COMPLAINT_PAIN,COUNT_PED_KILLED,COUNT_PED_INJURED,COUNT_BICYCLIST_KILLED,COUNT_BICYCLIST_INJURED,COUNT_MC_KILLED,COUNT_MC_INJURED,PRIMARY_RAMP,SECONDARY_RAMP,LATITUDE,LONGITUDE,COUNTY,CITY,POINT_X,POINT_Y
91114448,2019,2019-11-06,9855,2019-10-26,0208,020690,NA,6,3,6,3616,0,1,1,NA,2,201,SR-210 E/B (FOOTHILL FWY),EAST AVE.,2160,E,N,A,-,Y,NA,NA,210,NA,NA,NA,NA,NA,E,Y,2,0,3,2,A,-,01,23152,A,N,C,E,A,A,H,-,C,D,0,NA,NA,NA,NA,Y,Y,A,01,2,1,0,0,0,0,0,0,0,-,-,34.13629150390625,-117.50720977783205,SAN BERNARDINO,RANCHO CUCAMONGA,-117.50720977783205,34.13620376586914
9111461,2020,2020-08-20,3600,2020-06-06,1743,G9467,AP008,6,5,5,3621,0,0,0,NA,0,AP3,YUCCA LOMA RD,CRONESE RD,0,NA,Y,A,-,N,NA,NA,NA,NA,NA,NA,NA,NA,NA,N,3,0,1,2,A,-,00,22802,A,N,D,C,A,A,H,-,A,A,0,NA,NA,Y,NA,Y,NA,D,22,0,1,0,0,0,0,0,0,1,-,-,NA,NA,SAN BERNARDINO,APPLE VALLEY,-117.2281494140625,34.50041198730469
91115751,2019,2019-11-07,9855,2019-11-04,1745,015208,NA,1,2,6,3616,0,1,1,NA,2,203,SR-210 W/B (FOOTHILL FWY),CARNELIAN ST.,2500,E,N,A,-,Y,NA,NA,210,NA,NA,NA,NA,NA,W,Y,4,0,2,2,A,-,03,22350,NA,N,C,C,A,A,H,-,D,D,0,NA,NA,NA,NA,Y,NA,A,07,0,0,2,0,0,0,0,0,0,-,-,34.13505172729492,-117.60362243652344,SAN BERNARDINO,RANCHO CUCAMONGA,-117.60362243652344,34.1351432800293
91121892,2019,2019-11-18,9860,2019-11-06,1715,020051,NA,3,2,5,3609,0,1,1,NA,2,201,SR-210 W/B,AYALA DR,3168,E,N,A,-,Y,NA,NA,210,NA,NA,NA,NA,NA,W,N,4,0,1,3,A,-,03,22350,NA,N,C,C,A,A,H,-,D,D,0,NA,NA,NA,NA,Y,NA,A,01,0,0,1,0,0,0,0,0,0,-,-,34.135921478271484,-117.3816375732422,SAN BERNARDINO,RIALTO,-117.3816375732422,34.13593292236328
9112212,2020,2020-11-16,3610,2020-05-25,0537,51208,NA,1,5,6,3610,0,0,0,NA,0,POLICE,W BASELINE ST,N E ST,216,E,N,A,-,N,NA,NA,NA,NA,NA,NA,NA,NA,NA,Y,4,0,1,1,A,-,03,22350,1,N,E,I,A,A,H,-,A,A,0,NA,NA,NA,NA,Y,NA,A,01,0,0,1,0,0,0,0,0,0,-,-,34.12105178833008,-117.3005599975586,SAN BERNARDINO,SAN BERNARDINO,-117.29344940185548,34.1213493347168
91122409,2019,2019-11-18,9850,2019-11-07,1825,021675,NA,4,2,5,3612,0,1,1,NA,2,083,I-15 S/B,BEAR VALLEY RD,1056,N,N,A,-,Y,NA,NA,15,NA,NA,NA,NA,NA,S,N,4,0,3,4,A,-,03,22350,NA,N,C,C,A,A,H,-,B,D,0,NA,NA,NA,NA,Y,NA,D,22,0,0,3,0,0,0,0,0,0,-,-,34.473289489746094,-117.34404754638672,SAN BERNARDINO,VICTORVILLE,-117.34409332275392,34.473323822021484
9112478,2020,2020-08-19,3605,2020-06-08,0947,378,3605,1,5,4,3605,0,0,0,NA,0,NA,VERNON AV,SHIRLEY LN,108,S,N,A,-,N,NA,NA,NA,NA,NA,NA,NA,NA,NA,Y,4,0,2,2,A,-,09,21804,A,N,D,C,A,A,H,-,A,-,0,NA,NA,Y,NA,Y,NA,C,02,0,0,2,0,0,0,0,0,2,-,-,NA,NA,SAN BERNARDINO,MONTCLAIR,-117.68518829345705,34.06510543823242
9112479,2020,2020-08-19,3605,2020-06-10,1419,378,3605,3,5,4,3605,0,0,0,NA,0,NA,RAMONA AV,MISSION BL,82,N,N,A,-,N,NA,NA,NA,NA,NA,NA,NA,NA,NA,Y,4,0,2,2,A,-,09,21801,A,N,D,C,A,A,H,-,A,A,0,NA,NA,Y,NA,Y,NA,C,02,0,0,2,0,0,0,0,0,2,-,-,NA,NA,SAN BERNARDINO,MONTCLAIR,-117.7069091796875,34.0562629699707
91125120,2019,2019-11-20,9850,2019-11-14,1430,021643,NA,4,2,9,3600,0,1,3,NA,2,060,SR-138,DESERT VIEW ROAD,0,NA,Y,A,-,Y,NA,NA,138,NA,NA,NA,NA,NA,NA,Y,4,0,2,2,A,-,08,22107,NA,N,D,C,A,A,H,-,A,D,0,NA,NA,NA,NA,Y,NA,A,01,0,0,2,0,0,0,0,0,0,-,-,34.434898376464844,-117.63407135009766,SAN BERNARDINO,UNINCORPORATED,-117.63406372070313,34.434913635253906
91127849,2019,2019-11-22,9860,2019-11-09,1818,021363,NA,6,2,9,3600,0,2,4,NA,2,411,CEDAR AVE,SLOVER AVE,100,N,N,A,-,N,NA,NA,NA,NA,NA,NA,NA,NA,NA,N,4,0,1,2,A,-,09,21804,A,N,E,C,A,A,H,-,B,D,0,NA,NA,NA,NA,Y,NA,A,01,0,0,1,0,0,0,0,0,0,-,-,34.06359100341797,-117.3964385986328,SAN BERNARDINO,UNINCORPORATED,-117.3964385986328,34.06341552734375
91128379,2019,2019-11-25,9860,2019-11-18,1615,019725,NA,1,2,4,3640,0,1,1,NA,2,106,I-10 E/B,YUCAIPA BLVD,1584,W,N,A,-,Y,NA,NA,10,NA,NA,NA,NA,NA,E,Y,4,0,2,2,A,-,03,22350,NA,N,C,C,A,A,H,-,A,D,0,NA,NA,NA,NA,Y,NA,A,07,0,0,2,0,0,0,0,0,0,-,-,34.027618408203125,-117.12449645996094,SAN BERNARDINO,YUCAIPA,-117.12448120117188,34.02773666381836
91130317,2019,2019-11-26,9860,2019-11-18,2113,019467,NA,1,2,9,3600,0,1,1,NA,2,152,I-15 N/B,OAK HILL RD,6336,S,N,A,-,Y,NA,NA,15,NA,NA,NA,NA,NA,N,Y,4,0,1,2,A,-,08,22107,NA,N,C,C,A,A,H,-,D,D,0,NA,NA,NA,Y,Y,NA,A,01,0,0,1,0,0,0,0,0,0,-,-,34.34700012207031,-117.44184112548828,SAN BERNARDINO,UNINCORPORATED,-117.44202423095705,34.34721755981445
91130749,2019,2019-11-27,9865,2019-11-20,1146,015271,NA,3,1,9,3600,1,1,3,NA,1,022,SR-18,ONGO CAMP RD,2640,S,N,D,-,Y,NA,NA,18,NA,NA,NA,NA,NA,NA,Y,3,0,1,2,A,-,03,22350,NA,N,A,E,A,C,H,-,A,A,0,NA,NA,NA,NA,Y,NA,A,01,0,1,0,0,0,0,0,0,0,-,-,34.23303985595703,-117.14571380615234,SAN BERNARDINO,UNINCORPORATED,-117.14572143554688,34.23302459716797
91133173,2019,2019-12-02,9860,2019-11-25,1749,021363,NA,1,2,5,3608,0,1,1,NA,2,105,I-10 W/B,TENNESSEE ST,1000,E,N,A,-,Y,NA,NA,10,NA,NA,NA,NA,NA,W,Y,4,0,3,3,A,-,03,22350,NA,N,C,C,A,A,H,-,B,D,0,NA,NA,NA,NA,Y,NA,A,07,0,0,3,0,0,0,0,0,0,-,-,34.06399917602539,-117.19754791259766,SAN BERNARDINO,REDLANDS,-117.1975555419922,34.06399154663086
91134274,2019,2019-12-03,9855,2019-11-19,1545,016268,NA,2,2,6,3607,0,1,1,NA,2,152,I-15 S/B (ONTARIO FWY),JURUPA ST.,200,N,N,B,-,Y,NA,NA,15,NA,NA,NA,NA,NA,S,Y,3,0,1,2,A,-,07,21658,A,N,C,C,A,A,H,-,A,D,0,NA,NA,Y,NA,Y,NA,A,01,0,1,0,0,0,0,0,0,1,-,-,34.04941177368164,-117.54984283447266,SAN BERNARDINO,ONTARIO,-117.54981231689452,34.049400329589844
9113503,2020,2020-08-12,3600,2020-05-21,1401,E8923,HI018,4,5,4,3618,0,0,0,NA,0,SBSUP,BOULDER AV,BASELINE ST,570,N,N,A,-,N,NA,NA,NA,NA,NA,NA,NA,NA,NA,N,3,0,1,2,A,-,12,21453,A,N,D,C,A,A,H,-,A,A,0,NA,NA,NA,NA,Y,NA,A,07,0,1,0,0,0,0,0,0,0,-,-,34.12123107910156,-117.19561767578124,SAN BERNARDINO,HIGHLAND,-117.195419,34.122785
91135089,2019,2019-12-04,9860,2019-11-23,0300,020572,NA,6,3,6,3610,0,1,3,NA,2,259,SR-259 S/B,HIGHLAND AVENUE,500,N,N,A,-,Y,NA,NA,259,NA,NA,NA,NA,NA,S,Y,3,0,1,1,A,-,01,23152,A,N,E,I,A,A,H,-,D,C,0,NA,NA,NA,NA,Y,Y,A,01,0,1,0,0,0,0,0,0,0,-,-,34.14033126831055,-117.30256652832033,SAN BERNARDINO,SAN BERNARDINO,-117.30261993408205,34.14033889770508
91135287,2019,2019-12-04,9855,2019-11-27,2355,018727,NA,3,3,5,3611,0,1,1,NA,2,203,SR-210 W/B (FOOTHILL FWY),EUCLID AVE.,450,W,N,B,C,Y,NA,NA,210,NA,NA,NA,NA,NA,W,Y,4,0,1,2,A,-,01,23152,A,N,C,C,A,B,H,-,C,D,0,NA,NA,NA,NA,Y,Y,A,01,0,0,1,0,0,0,0,0,0,-,-,34.13483810424805,-117.65297698974608,SAN BERNARDINO,UPLAND,-117.65297698974608,34.13484191894531
91135869,2019,2019-12-04,9860,2019-11-29,1415,020654,NA,5,2,3,3615,0,1,1,NA,2,104,I-10 E/B,MOUNTAIN VIEW AVENUE,528,W,N,A,-,Y,NA,NA,10,NA,NA,NA,NA,NA,E,Y,3,0,4,4,A,-,03,22350,NA,N,C,C,A,A,H,-,A,D,0,NA,NA,NA,NA,Y,NA,A,07,0,2,2,0,0,0,0,0,0,-,-,34.0665397644043,-117.24606323242188,SAN BERNARDINO,LOMA LINDA,-117.24606323242188,34.06648635864258
91140127,2019,2019-12-10,9860,2019-11-26,1730,018275,NA,2,2,6,3610,0,1,1,NA,2,201,SR-210 E/B,STATE STREET,528,W,N,A,-,Y,NA,NA,210,NA,NA,NA,NA,NA,E,Y,4,0,1,2,A,-,03,22350,NA,N,C,C,A,A,H,-,D,D,0,NA,NA,NA,NA,Y,NA,A,01,0,0,1,0,0,0,0,0,0,-,-,34.13446044921875,-117.33734893798828,SAN BERNARDINO,SAN BERNARDINO,-117.33734893798828,34.13447189331055
91140318,2019,2019-12-10,9835,2019-09-20,0708,022308,NA,5,1,9,3600,0,1,1,NA,2,047,I-40 E/B,KELBAKER RD,19853,W,N,A,-,Y,NA,NA,40,NA,NA,NA,NA,NA,E,Y,1,1,0,1,A,-,08,22107,NA,N,E,I,A,A,H,-,B,D,0,NA,NA,NA,Y,Y,NA,G,25,0,0,0,0,0,0,0,0,0,-,-,34.71648025512695,-115.75132751464844,SAN BERNARDINO,UNINCORPORATED,-115.75132751464844,34.716522216796875
91141941,2019,2019-12-12,9835,2019-12-07,0155,017111,NA,6,3,3,3601,0,1,1,NA,2,075,I-15 N/B,HALLORAN SPRINGS RD,4752,N,N,A,-,Y,NA,NA,NA,NA,NA,NA,NA,NA,NA,Y,2,0,1,2,A,-,03,22350,NA,N,C,C,A,A,H,-,D,D,0,NA,NA,NA,Y,Y,NA,F,25,1,0,0,0,0,0,0,0,0,-,-,35.37913131713867,-115.87625885009766,SAN BERNARDINO,BARSTOW,-115.87623596191406,35.37890625
91143110,2019,2019-12-13,9860,2019-09-07,2244,021229,NA,6,3,6,3610,0,1,1,NA,2,214,INTERSTATE 215 NORTHBOUND,MASSACHUSETTS AVENUE,975,S,N,A,-,Y,NA,NA,215,NA,NA,NA,NA,NA,N,N,1,1,0,2,A,-,11,21954,A,N,G,B,E,A,H,-,D,D,0,Y,NA,NA,NA,Y,NA,N,60,0,0,0,1,0,0,0,0,0,-,-,34.13079833984375,-117.30487823486328,SAN BERNARDINO,SAN BERNARDINO,-117.3048858642578,34.13079833984375
91144292,2019,2019-12-16,9865,2019-12-08,1445,021720,NA,7,2,9,3600,0,1,3,NA,1,039,SR-38,BALDWIN LN,528,W,N,B,-,Y,NA,NA,38,NA,NA,NA,NA,NA,NA,Y,4,0,1,2,A,-,09,21804,A,N,D,C,A,B,H,-,A,D,0,NA,NA,NA,NA,Y,NA,A,07,0,0,1,0,0,0,0,0,0,-,-,34.24884033203125,-116.8137435913086,SAN BERNARDINO,UNINCORPORATED,-116.8136978149414,34.248878479003906
91144895,2019,2019-12-17,9860,2019-12-16,1030,017098,NA,1,1,6,3610,0,1,1,NA,2,202,SR-210 E/B,MTN VIEW AVE,100,E,N,A,-,Y,NA,NA,210,NA,NA,NA,NA,NA,E,Y,4,0,1,2,A,-,03,22350,NA,N,C,C,A,A,H,-,A,D,0,NA,NA,NA,NA,Y,NA,A,01,0,0,1,0,0,0,0,0,0,-,-,34.14527130126953,-117.2863311767578,SAN BERNARDINO,SAN BERNARDINO,-117.2863311767578,34.14531326293945
91146859,2019,2019-12-19,9860,2019-12-16,0150,020518,NA,1,3,6,3610,0,1,1,NA,2,216,I-215 N/B,UNIVERSITY PARKWAY,4224,S,N,A,-,Y,NA,NA,215,NA,NA,NA,NA,NA,N,Y,4,0,1,1,A,-,08,22107,NA,N,E,I,A,A,H,-,D,D,0,NA,NA,NA,NA,Y,NA,A,01,0,0,1,0,0,0,0,0,0,-,-,34.15460968017578,-117.32530212402344,SAN BERNARDINO,SAN BERNARDINO,-117.32518768310548,34.15467834472656
91149102,2019,2019-12-20,9835,2019-12-15,0725,019989,NA,7,1,9,3600,0,1,1,NA,2,076,I-15 N/B,BAILEY RD,18850,S,N,A,-,Y,NA,NA,15,NA,NA,NA,NA,NA,N,Y,4,0,1,1,A,-,08,22107,NA,N,F,A,A,A,H,-,A,D,0,NA,NA,NA,NA,Y,NA,A,07,0,0,1,0,0,0,0,0,0,-,-,35.47309875488281,-115.5905532836914,SAN BERNARDINO,UNINCORPORATED,-115.59056091308594,35.47315979003906
91149772,2019,2019-12-23,9860,2019-12-16,1255,019321,NA,1,1,5,3609,0,1,1,NA,2,201,SR-210 E/B,RIVERSIDE AVE,250,W,N,A,-,Y,NA,NA,210,NA,NA,NA,NA,NA,E,Y,3,0,1,1,A,-,08,22107,NA,N,F,A,A,A,H,-,A,D,0,NA,NA,NA,NA,Y,NA,A,07,0,1,0,0,0,0,0,0,0,-,-,34.13581848144531,-117.371337890625,SAN BERNARDINO,RIALTO,-117.371337890625,34.135780334472656
9114997,2020,2020-09-15,3600,2020-06-13,2136,D6683,NA,6,5,6,3616,0,0,0,NA,0,NA,DAY CREEK BL,CULTURAL CENTER DR,0,NA,Y,A,-,N,NA,NA,NA,NA,NA,NA,NA,NA,NA,NA,3,0,1,2,A,-,05,21650,1,N,B,G,A,A,H,-,C,A,0,NA,Y,NA,NA,Y,NA,L,04,0,1,0,0,0,0,1,0,0,-,-,NA,NA,SAN BERNARDINO,RANCHO CUCAMONGA,-117.53675079345705,34.113548278808594
9115025,2020,2020-09-10,3600,2020-05-28,1448,E3370,RC005,4,5,6,3616,0,0,0,NA,0,005,VICTORIA GARDENS LN,KEW AV,513,W,N,A,-,N,NA,NA,NA,NA,NA,NA,NA,NA,NA,Y,3,0,2,1,A,-,03,22350,NA,N,E,I,A,A,H,-,A,A,0,NA,NA,NA,NA,Y,NA,A,01,0,2,0,0,0,0,0,0,0,-,-,NA,NA,SAN BERNARDINO,RANCHO CUCAMONGA,-117.53263854980467,34.10832977294922
91152359,2019,2019-12-25,9850,2019-12-14,0600,019908,NA,6,1,9,3600,0,1,3,NA,2,044,STATE ROUTE 247,CALADA ROAD,475,E,N,A,-,Y,NA,NA,247,NA,NA,NA,NA,NA,NA,Y,1,1,0,1,A,-,08,22107,NA,N,F,A,A,A,H,-,B,D,0,NA,NA,NA,NA,Y,NA,A,07,0,0,0,0,0,0,0,0,0,-,-,34.4439582824707,-116.89601135253906,SAN BERNARDINO,UNINCORPORATED,-116.89601135253906,34.443992614746094
91153243,2019,2019-12-26,9855,2019-12-18,1730,021483,NA,3,2,6,3607,0,1,1,NA,2,152,I-15 S/B (ONTARIO FWY),AIRPORT DR.,2000,S,N,A,-,Y,NA,NA,15,NA,NA,NA,NA,NA,S,N,4,0,1,2,A,-,03,22350,NA,N,C,C,A,A,H,-,C,D,0,NA,NA,NA,NA,Y,NA,A,07,0,0,1,0,0,0,0,0,0,-,-,34.059410095214844,-117.54515838623048,SAN BERNARDINO,ONTARIO,-117.54537963867188,34.059452056884766
9115363,2019,2020-07-03,3607,2019-12-13,1221,20017,222,5,5,6,3607,0,0,0,NA,0,052,PHILADELPHIA ST,MAGNOLIA AV,0,NA,Y,A,-,N,NA,NA,NA,NA,NA,NA,NA,NA,NA,N,4,0,1,2,A,-,10,21950,A,M,G,B,B,A,H,-,A,A,0,Y,NA,NA,NA,Y,NA,-,99,0,0,1,0,1,0,0,0,0,-,-,NA,NA,SAN BERNARDINO,ONTARIO,-117.67198944091795,34.033668518066406
91154437,2019,2019-12-30,9860,2019-12-21,1152,017919,NA,6,1,6,3610,0,1,1,NA,2,104,I-10 E/B FROM WATERMAN AVE.,WATERMAN AVE,340,E,N,A,-,Y,NA,NA,10,NA,NA,NA,R,NA,E,Y,4,0,2,2,A,-,03,22350,NA,N,C,C,A,A,H,-,A,A,0,NA,NA,NA,NA,Y,NA,A,01,0,0,2,0,0,0,0,0,0,-,-,34.063758850097656,-117.27580261230467,SAN BERNARDINO,SAN BERNARDINO,-117.27580261230467,34.063758850097656
91154635,2019,2019-12-30,9860,2019-12-21,1650,020626,NA,6,2,9,3600,0,3,5,NA,2,001,CAJON BLVD.,OAKIE FLAT RD,3400,S,N,A,-,N,NA,NA,NA,NA,NA,NA,NA,NA,NA,Y,2,0,5,2,A,-,08,22107,NA,N,A,C,A,A,H,-,A,D,0,NA,NA,NA,NA,Y,NA,D,22,1,1,3,0,0,0,0,0,0,-,-,34.26483917236328,-117.46508026123048,SAN BERNARDINO,UNINCORPORATED,-117.4650650024414,34.26481246948242
91156801,2019,2019-12-31,9855,2019-12-22,2030,018335,NA,7,2,6,3616,0,1,1,NA,2,203,SR-210 E/B TO CARNELIAN ST.,CARNELIAN ST.,100,W,N,A,-,Y,NA,NA,210,NA,NA,NA,R,NA,E,N,4,0,3,2,A,-,03,22350,NA,N,C,C,A,A,H,-,C,A,0,NA,NA,NA,NA,Y,NA,A,01,0,0,3,0,0,0,0,0,0,-,-,34.13446044921875,-117.61662292480467,SAN BERNARDINO,RANCHO CUCAMONGA,-117.61662292480467,34.13446044921875
91157515,2019,2020-01-02,9855,2019-12-24,0755,016375,NA,2,1,9,3600,0,3,5,NA,2,001,SAN BERNARDINO AVE.,KAISER WAY,100,E,N,B,-,N,NA,NA,NA,NA,NA,NA,NA,NA,NA,Y,4,0,1,3,A,-,03,22350,NA,N,C,C,A,A,H,-,A,A,0,NA,NA,NA,NA,Y,NA,A,01,0,0,1,0,0,0,0,0,0,-,-,34.07725143432617,-117.51801300048828,SAN BERNARDINO,UNINCORPORATED,-117.51807403564452,34.07723617553711
9115858,2020,2020-07-01,3607,2020-02-07,1441,20268,290,5,5,6,3607,0,0,0,NA,0,072,OLD ARCHIBALD RANCH,CHINO AV,120,N,N,A,-,N,NA,NA,NA,NA,NA,NA,NA,NA,NA,NA,4,0,1,2,A,-,09,21804,A,N,A,C,A,A,H,-,A,A,0,NA,NA,NA,NA,Y,NA,A,01,0,0,1,0,0,0,0,0,0,-,-,NA,NA,SAN BERNARDINO,ONTARIO,-117.5886688232422,34.012088775634766
91159348,2019,2020-01-06,9855,2019-12-26,0350,020161,NA,4,3,6,3607,0,1,1,NA,2,152,I-15 S/B (ONTARIO FWY),I-15,1300,S,N,B,C,Y,NA,NA,15,NA,NA,NA,NA,NA,S,Y,4,0,1,2,A,-,03,22350,NA,N,D,C,A,B,H,-,C,D,0,NA,NA,NA,NA,Y,NA,A,01,0,0,1,0,0,0,0,0,0,-,-,34.06412124633789,-117.54508972167967,SAN BERNARDINO,ONTARIO,-117.54508209228516,34.06412124633789
91159350,2019,2020-05-07,9855,2019-12-26,1340,018335,NA,4,1,6,3616,0,1,1,NA,2,201,SR-210 W/B (FOOTHILL FWY),EAST AVE.,300,E,N,B,-,Y,NA,NA,210,NA,NA,NA,NA,NA,W,N,4,0,1,2,A,-,03,22350,NA,N,C,C,A,B,H,-,A,D,0,NA,NA,NA,NA,Y,NA,A,07,0,0,1,0,0,0,0,0,0,-,-,34.13648986816406,-117.51334381103516,SAN BERNARDINO,RANCHO CUCAMONGA,-117.51333618164063,34.13645935058594
91160021,2019,2020-01-06,9870,2019-12-26,2215,020213,NA,4,3,9,3600,0,1,3,NA,1,031,SR-62 (TWENTYNINE PALMS HIGHWAY),SUNFAIR ROAD,1647,E,N,B,C,Y,NA,NA,62,NA,NA,NA,NA,NA,NA,Y,4,0,1,1,A,-,03,22350,NA,N,F,A,A,B,F,-,D,D,0,NA,NA,NA,NA,Y,NA,D,22,0,0,1,0,0,0,0,0,0,-,-,34.135231018066406,-116.2417221069336,SAN BERNARDINO,UNINCORPORATED,-116.2417221069336,34.13516616821289
91160311,2019,2020-01-06,9860,2019-12-30,1225,016800,NA,1,1,6,3610,0,1,1,NA,2,202,SR-210 E/B,DEL ROSA AVE,900,E,N,B,-,Y,NA,NA,210,NA,NA,NA,NA,NA,E,Y,3,0,4,3,A,-,03,22350,NA,N,C,C,A,A,H,-,A,D,0,NA,NA,NA,NA,Y,NA,A,01,0,4,0,0,0,0,0,0,0,-,-,34.14120864868164,-117.24947357177734,SAN BERNARDINO,SAN BERNARDINO,-117.24945831298828,34.14124298095703
91164584,2019,2020-01-27,9850,2019-10-17,2350,021562,NA,4,3,5,3612,0,1,1,NA,2,084,I-15 SOUTHBOUND,STODDARD WELLS ROAD (NORTH),7392,S,N,A,-,Y,NA,NA,15,NA,NA,NA,NA,NA,S,Y,1,1,0,3,A,-,03,22350,NA,N,C,C,A,A,D,-,D,A,0,NA,NA,NA,Y,Y,NA,G,25,0,0,0,0,0,0,0,0,0,-,-,34.57419967651367,-117.27471160888672,SAN BERNARDINO,VICTORVILLE,-117.27460479736328,34.5741081237793
91164733,2020,2020-01-14,9860,2020-01-11,1800,020282,NA,6,2,9,3600,0,1,1,NA,2,202,SR-210 W/B,VALENCIA AVE,670,W,N,A,-,Y,NA,NA,NA,NA,NA,NA,NA,NA,NA,Y,4,0,2,2,A,-,08,22107,NA,N,C,C,A,A,H,-,C,D,0,NA,NA,NA,NA,Y,NA,A,01,0,0,2,0,0,0,0,0,0,-,-,34.1449089050293,-117.2701416015625,SAN BERNARDINO,UNINCORPORATED,-117.27472686767578,34.145103454589844
91166686,2020,2020-01-16,9850,2020-01-09,0905,019278,NA,4,1,9,3600,0,3,5,NA,2,003,DALE EVANS PKY,QUARRY RD,0,NA,Y,A,-,N,NA,NA,NA,NA,NA,NA,NA,NA,NA,N,3,0,1,2,A,-,12,22450,A,N,D,C,A,A,H,-,A,A,0,NA,NA,NA,Y,Y,NA,F,27,0,1,0,0,0,0,0,0,0,-,-,34.615821838378906,-117.20706939697266,SAN BERNARDINO,UNINCORPORATED,-117.20706939697266,34.61579895019531
9116867,2020,2020-09-10,3600,2020-05-16,1604,H8234,VC023,6,5,5,3612,0,0,0,NA,0,VC3,BEAR VALLEY RD,7TH AV,400,E,N,A,-,N,NA,NA,NA,NA,NA,NA,NA,NA,NA,Y,3,0,2,2,A,-,09,21802,NA,N,D,C,A,A,H,-,A,D,0,NA,NA,NA,NA,Y,NA,D,22,0,2,0,0,0,0,0,0,0,-,-,NA,NA,SAN BERNARDINO,VICTORVILLE,-117.31105041503906,34.47074890136719
91168993,2020,2020-01-21,9855,2020-01-13,0320,020913,NA,1,3,6,3607,0,1,1,NA,2,152,I-15 S/B (ONTARIO FWY),AIRPORT DRIVE,1682,S,N,A,-,Y,NA,NA,15,NA,NA,NA,NA,NA,S,Y,2,0,1,1,A,-,08,22107,NA,N,E,I,A,A,H,-,D,D,0,NA,NA,NA,NA,Y,NA,A,07,1,0,0,0,0,0,0,0,0,-,-,34.058380126953125,-117.54554748535156,SAN BERNARDINO,ONTARIO,-117.545654296875,34.05841064453125
91169685,2020,2020-01-21,9855,2020-01-14,1325,018313,NA,2,1,6,3607,0,1,1,NA,2,103,I-10 E/B (SAN BERNARDINO FWY),FOURTH ST.,2500,W,N,A,-,Y,NA,NA,10,NA,NA,NA,NA,NA,E,Y,4,0,1,3,A,-,03,22350,NA,N,C,C,A,A,H,-,A,D,0,NA,NA,NA,NA,Y,NA,A,01,0,0,1,0,0,0,0,0,0,-,-,34.08024978637695,-117.62816619873048,SAN BERNARDINO,ONTARIO,-117.62816619873048,34.080257415771484
91170308,2020,2020-01-22,9850,2020-01-10,2321,022386,NA,5,3,9,3600,0,3,5,NA,2,002,ARROWHEAD LAKE RD,WEST LN,760,S,N,A,-,N,NA,NA,NA,NA,NA,NA,NA,NA,NA,Y,2,0,6,1,A,-,08,22107,NA,N,E,I,A,A,H,-,D,D,0,NA,NA,NA,NA,Y,NA,A,01,5,0,1,0,0,0,0,0,0,-,-,34.35911178588867,-117.2480926513672,SAN BERNARDINO,UNINCORPORATED,NA,NA
91171125,2020,2020-01-23,9834,2020-01-17,1725,018343,NA,5,2,9,3600,0,1,3,NA,1,066,SR-62,RIO MESA DR,7920,E,N,A,-,Y,NA,NA,62,NA,NA,NA,NA,NA,NA,Y,4,0,1,1,C,-,18,NA,NA,N,H,H,A,A,H,-,D,D,0,NA,NA,NA,NA,Y,NA,-,-,0,0,1,0,0,0,0,0,0,-,-,34.157161712646484,-114.34396362304688,SAN BERNARDINO,UNINCORPORATED,-114.34395599365234,34.15707778930664