CASE_ID,ACCIDENT_YEAR,PROC_DATE,JURIS,COLLISION_DATE,COLLISION_TIME,OFFICER_ID,REPORTING_DISTRICT,DAY_OF_WEEK,CHP_SHIFT,POPULATION,CNTY_CITY_LOC,SPECIAL_COND,BEAT_TYPE,CHP_BEAT_TYPE,CITY_DIVISION_LAPD,CHP_BEAT_CLASS,BEAT_NUMBER,PRIMARY_RD,SECONDARY_RD,DISTANCE,DIRECTION,INTERSECTION,WEATHER_1,WEATHER_2,STATE_HWY_IND,CALTRANS_COUNTY,CALTRANS_DISTRICT,STATE_ROUTE,ROUTE_SUFFIX,POSTMILE_PREFIX,POSTMILE,LOCATION_TYPE,RAMP_INTERSECTION,SIDE_OF_HWY,TOW_AWAY,COLLISION_SEVERITY,NUMBER_KILLED,NUMBER_INJURED,PARTY_COUNT,PRIMARY_COLL_FACTOR,PCF_CODE_OF_VIOL,PCF_VIOL_CATEGORY,PCF_VIOLATION,PCF_VIOL_SUBSECTION,HIT_AND_RUN,TYPE_OF_COLLISION,MVIW,PED_ACTION,ROAD_SURFACE,ROAD_COND_1,ROAD_COND_2,LIGHTING,CONTROL_DEVICE,CHP_ROAD_TYPE,PEDESTRIAN_ACCIDENT,BICYCLE_ACCIDENT,MOTORCYCLE_ACCIDENT,TRUCK_ACCIDENT,NOT_PRIVATE_PROPERTY,ALCOHOL_INVOLVED,STWD_VEHTYPE_AT_FAULT,CHP_VEHTYPE_AT_FAULT,COUNT_SEVERE_INJ,COUNT_VISIBLE_INJ,COUNT_COMPLAINT_PAIN,COUNT_PED_KILLED,COUNT_PED_INJURED,COUNT_BICYCLIST_KILLED,COUNT_BICYCLIST_INJURED,COUNT_MC_KILLED,COUNT_MC_INJURED,PRIMARY_RAMP,SECONDARY_RAMP,LATITUDE,LONGITUDE,COUNTY,CITY,POINT_X,POINT_Y
92374444,2024,2024-04-24,9835,2024-04-21,1636,022192,NA,7,2,9,3600,0,3,5,NA,2,032,STODDARD WELLS ROAD,SR-247,9504,W,N,A,-,N,NA,NA,NA,NA,NA,NA,NA,NA,NA,Y,2,0,4,1,A,-,03,38305,NA,N,F,A,A,A,H,-,A,D,0,NA,NA,NA,NA,Y,NA,A,42,3,0,1,0,0,0,0,0,0,-,-,34.78527069091797,-117.05518341064452,SAN BERNARDINO,UNINCORPORATED,-117.0491943359375,34.802734375
92375257,2024,2024-04-25,9860,2024-04-21,1756,023001,NA,7,2,9,3600,0,1,1,NA,2,152,I-15 S/B,OAK HILL RD,12144,S,N,A,-,Y,SBD,NA,15,NA,R,24.748,H,NA,L,N,4,0,1,2,A,-,03,22350,NA,N,C,C,A,A,H,-,A,D,0,NA,NA,NA,NA,Y,NA,A,07,0,0,1,0,0,0,0,0,0,-,-,34.34552001953125,-117.46540832519533,SAN BERNARDINO,UNINCORPORATED,-117.4653778076172,34.34556198120117
92375371,2024,2024-04-25,9834,2024-04-25,1045,016564,NA,4,1,9,3600,0,1,2,NA,1,093,US-95,HAVASU LAKE ROAD,34320,N,N,A,-,Y,SBD,NA,95,NA,NA,44.456,H,NA,R,Y,4,0,1,1,A,-,08,22107,NA,N,E,I,A,A,H,-,A,D,0,NA,NA,NA,NA,Y,NA,A,01,0,0,1,0,0,0,0,0,0,-,-,34.64807891845703,-114.62731170654295,SAN BERNARDINO,UNINCORPORATED,-114.62735748291016,34.6480827331543
92375391,2024,2024-04-25,9860,2024-04-13,1855,022931,NA,6,2,9,3600,0,1,1,NA,2,151,I-15 S/B,KENWOOD AVE,1901,N,N,B,C,Y,SBD,NA,15,NA,R,15.354,H,NA,L,Y,2,0,4,1,A,-,07,21658,A,N,F,A,A,B,H,-,B,D,0,NA,NA,NA,NA,Y,NA,A,07,1,3,0,0,0,0,0,0,0,-,-,34.24005126953125,-117.43018341064452,SAN BERNARDINO,UNINCORPORATED,-117.43003845214844,34.240169525146484
92375794,2024,2024-04-26,9850,2024-04-21,745,021162,NA,7,1,5,3619,0,1,1,NA,2,082,I-15 N/B,MAIN ST,1320,S,N,A,-,Y,SBD,NA,15,NA,NA,33.676,H,NA,R,Y,3,0,3,2,A,-,03,22350,NA,N,C,C,A,A,H,-,A,D,0,NA,NA,NA,NA,Y,NA,A,01,0,3,0,0,0,0,0,0,0,-,-,34.422760009765625,-117.38330078125,SAN BERNARDINO,HESPERIA,-117.3833236694336,34.42277145385742
92377698,2024,2024-04-29,9860,2024-04-25,1059,019419,NA,4,1,9,3600,0,1,1,NA,2,152,I-15 S/B,SANTA FE RD,2640,N,N,A,-,Y,SBD,NA,15,NA,R,24.554,H,NA,L,Y,4,0,1,3,A,-,03,22350,NA,N,C,C,A,A,H,-,A,D,0,NA,NA,NA,NA,Y,NA,A,01,0,0,1,0,0,0,0,0,0,-,-,34.34703063964844,-117.46826934814452,SAN BERNARDINO,UNINCORPORATED,-117.46826171875,34.347042083740234
92378302,2023,2024-04-30,9860,2023-11-25,625,018275,NA,6,1,9,3600,0,3,5,NA,2,003,SAN BERNARDINO AVENUE,ALABAMA STREET,0,NA,Y,A,-,N,NA,NA,NA,NA,NA,NA,NA,NA,NA,Y,1,2,3,2,A,-,01,23152,A,F,D,2,A,A,H,-,A,A,0,NA,NA,NA,Y,Y,Y,A,07,1,0,2,0,0,0,0,0,0,-,-,34.077491760253906,-117.20874786376952,SAN BERNARDINO,UNINCORPORATED,-117.20889282226563,34.07752990722656
92379589,2024,2024-05-01,9835,2024-05-01,420,022980,NA,3,3,9,3600,0,1,1,NA,2,073,I-15 N/B,FIELD RD,5280,S,N,A,-,Y,NA,NA,NA,NA,NA,NA,NA,NA,NA,Y,3,0,1,1,A,-,08,22107,NA,N,E,I,A,A,H,-,D,D,0,NA,NA,NA,NA,Y,NA,D,22,0,1,0,0,0,0,0,0,0,-,-,35.004451751708984,-116.54815673828124,SAN BERNARDINO,UNINCORPORATED,-116.54500579833984,35.005889892578125
92379750,2024,2024-05-01,9835,2024-04-20,225,022410,NA,6,3,9,3600,0,1,1,NA,2,074,I-15 N/B,ZZYZX RD,500,S,N,A,-,Y,NA,NA,NA,NA,NA,NA,NA,NA,NA,Y,1,1,1,1,A,-,01,23152,A,N,F,A,A,A,H,-,D,D,0,NA,NA,NA,NA,Y,Y,A,01,1,0,0,0,0,0,0,0,0,-,-,35.19512939453125,-116.14192962646484,SAN BERNARDINO,UNINCORPORATED,-116.1435317993164,35.19520950317383
92380408,2024,2024-05-02,9860,2024-05-01,1600,017098,NA,3,2,9,3600,0,1,1,NA,2,151,I-15 N/B,OAKIE FLAT ROAD,7392,N,N,A,-,Y,SBD,NA,15,NA,R,18.837,H,NA,R,N,4,0,1,3,A,-,07,21658,A,N,F,A,A,A,H,-,A,D,0,NA,NA,Y,NA,Y,NA,D,22,0,0,1,0,0,0,0,0,1,-,-,34.28308868408203,-117.45197296142578,SAN BERNARDINO,UNINCORPORATED,-117.4519500732422,34.28308868408203
92381108,2024,2024-05-03,9855,2024-04-20,1754,021483,NA,6,2,5,3630,0,1,3,NA,2,071,SR-71 S/B (CHINO FWY),BUTTERFIELD RANCH ROAD,2785,N,N,A,-,Y,SBD,NA,71,NA,R,7.434,H,NA,L,N,4,0,1,2,A,-,03,22350,NA,N,C,C,A,A,H,-,A,D,0,NA,NA,NA,NA,Y,NA,A,01,0,0,1,0,0,0,0,0,0,-,-,33.93701934814453,-117.66522216796876,SAN BERNARDINO,CHINO HILLS,-117.66507720947266,33.937110900878906
92381503,2024,2024-05-14,9870,2024-04-26,1500,023411,NA,5,2,9,3600,0,1,3,NA,1,011,STATE ROUTE 62 (TWENTYNINE PALMS HIGHWAY),SENILIS AVENUE,0,NA,Y,A,-,Y,SBD,NA,62,NA,NA,1.235,H,NA,R,N,4,0,1,2,A,-,04,21703,NA,N,C,C,A,A,H,-,A,D,0,NA,NA,Y,NA,Y,NA,C,02,0,0,1,0,0,0,0,0,1,-,-,34.047080993652344,-116.58035278320313,SAN BERNARDINO,UNINCORPORATED,-116.58039855957033,34.047115325927734
92381545,2024,2024-05-03,9855,2024-03-04,510,021006,NA,1,3,5,3611,0,1,1,NA,2,103,I-10 E/B (SAN BERNARDINO FWY),EUCLID AVE.,650,E,N,A,-,Y,SBD,NA,10,NA,NA,3.609,H,NA,R,Y,4,0,1,3,A,-,06,21755,A,M,E,8,A,A,H,-,B,D,0,NA,NA,NA,Y,Y,NA,-,99,0,0,1,0,0,0,0,0,0,-,-,34.08721160888672,-117.64868927001952,SAN BERNARDINO,UPLAND,-117.64868927001952,34.08728790283203
92382604,2024,2024-05-06,9855,2024-04-28,620,021156,NA,7,1,6,3616,0,1,1,NA,2,203,SR-210 E/B (FOOTHILL FWY),HAVEN AVE.,1600,W,N,A,-,Y,SBD,NA,210,NA,NA,6.598,H,NA,R,N,4,0,1,1,A,-,08,22107,NA,N,E,I,A,A,H,-,A,D,0,NA,NA,NA,NA,Y,NA,D,22,0,0,1,0,0,0,0,0,0,-,-,34.1355094909668,-117.58136749267578,SAN BERNARDINO,RANCHO CUCAMONGA,-117.58137512207033,34.1356201171875
92382708,2024,2024-05-06,9855,2024-04-28,1020,021006,NA,7,1,9,3600,0,3,5,NA,2,004,PHILLIPS BOULEVARD,GREENWOOD WAY,0,NA,Y,A,-,N,NA,NA,NA,NA,NA,NA,NA,NA,NA,Y,3,0,2,2,A,-,09,21802,A,N,D,C,A,A,H,-,A,A,0,NA,NA,NA,NA,Y,NA,A,01,0,1,1,0,0,0,0,0,0,-,-,34.04698944091797,-117.70262908935548,SAN BERNARDINO,UNINCORPORATED,-117.70263671875,34.04692840576172
92384195,2024,2024-05-07,9850,2024-04-27,915,021878,NA,6,1,5,3619,0,1,1,NA,2,081,I-15 S/B,US-395,415,S,N,A,-,Y,SBD,NA,15,NA,NA,31.735,H,NA,L,Y,3,0,1,4,A,-,03,22350,NA,N,C,C,A,A,H,-,A,D,0,NA,NA,NA,NA,Y,NA,A,01,0,1,0,0,0,0,0,0,0,-,-,34.39915084838867,-117.40203094482422,SAN BERNARDINO,HESPERIA,-117.40206146240234,34.399169921875
92384606,2024,2024-05-08,9860,2024-04-20,2230,022736,NA,6,3,9,3600,0,3,5,NA,2,002,KENDALL DR,YUCCA AVE,634,N,N,A,-,N,NA,NA,NA,NA,NA,NA,NA,NA,NA,Y,4,0,1,3,A,-,08,22107,NA,N,B,4,A,A,H,-,C,D,0,NA,NA,NA,Y,Y,NA,A,01,0,0,1,0,0,0,0,0,0,-,-,34.20402908325195,-117.3811492919922,SAN BERNARDINO,UNINCORPORATED,-117.38115692138672,34.203983306884766
9238558,2021,2021-04-07,3600,2021-02-03,1737,F4772,VC053,3,5,5,3612,0,0,0,NA,0,VC5,CIVIC DR,KENTWOOD BL,0,NA,Y,A,-,N,NA,NA,NA,NA,NA,NA,NA,NA,NA,Y,4,0,1,2,A,-,09,21802,A,N,D,C,A,A,H,-,C,A,0,NA,NA,NA,NA,Y,NA,A,07,0,0,1,0,0,0,0,0,0,-,-,NA,NA,SAN BERNARDINO,VICTORVILLE,-117.32748,34.50993
9238560,2021,2021-04-08,3600,2021-02-18,2023,G5177,VC021,4,5,5,3619,0,0,0,NA,0,VC3,BEAR VALLEY RD,APATITE AVE,0,NA,Y,A,-,N,NA,NA,NA,NA,NA,NA,NA,NA,NA,Y,4,0,1,3,A,-,09,21802,A,N,D,C,A,A,H,-,C,A,0,NA,NA,NA,NA,Y,NA,A,07,0,0,1,0,0,0,0,0,0,-,-,NA,NA,SAN BERNARDINO,HESPERIA,-117.28604888916016,34.47100830078125
9238665,2021,2021-04-20,3605,2021-03-03,0941,411,NA,3,5,4,3605,0,0,0,NA,0,3605,CENTRAL AV,ORCHARD ST,0,NA,Y,A,-,N,NA,NA,NA,NA,NA,NA,NA,NA,NA,Y,4,0,1,2,A,-,01,23153,A,N,D,C,A,A,H,-,A,A,0,NA,NA,NA,NA,Y,Y,A,01,0,0,1,0,0,0,0,0,0,-,-,NA,NA,SAN BERNARDINO,MONTCLAIR,-117.68962860107422,34.07038116455078
92388017,2024,2024-05-13,9860,2024-04-13,15,022906,NA,6,3,9,3600,0,1,1,NA,2,152,I-15 N/B,SR-138,7920,N,N,B,-,Y,SBD,NA,15,NA,R,22.984,H,NA,R,N,4,0,1,2,A,-,07,21658,A,N,B,C,A,A,H,-,C,D,0,NA,NA,NA,Y,Y,NA,F,25,0,0,1,0,0,0,0,0,0,-,-,34.3336296081543,-117.48207092285156,SAN BERNARDINO,UNINCORPORATED,-117.48198699951172,34.3336181640625
92388481,2024,2024-05-13,9860,2024-05-10,1628,021980,NA,5,2,6,3610,0,1,1,NA,2,202,SR-210 W/B,DEL ROSA AVE,1056,E,N,A,-,Y,SBD,NA,210,NA,R,25.966,H,NA,L,N,4,0,1,2,A,-,03,22350,NA,N,C,C,A,A,H,-,A,D,0,NA,NA,NA,NA,Y,NA,D,22,0,0,1,0,0,0,0,0,0,-,-,34.141170501708984,-117.24874114990234,SAN BERNARDINO,SAN BERNARDINO,-117.24871826171876,34.141204833984375
92388818,2024,2024-05-14,9855,2024-05-02,1814,021233,NA,4,2,6,3607,0,1,3,NA,2,601,SR-60 W/B (POMONA FWY),VINEYARD AVENUE,1800,W,N,A,-,Y,SBD,NA,60,NA,R,6.507,H,NA,L,Y,4,0,3,4,A,-,03,22350,NA,N,C,2,A,A,H,-,A,D,0,NA,NA,NA,NA,Y,NA,A,07,0,0,3,0,0,0,0,0,0,-,-,34.030601501464844,-117.61734008789063,SAN BERNARDINO,ONTARIO,-117.61734008789063,34.03060531616211
92389183,2024,2024-05-14,9855,2024-05-03,1410,021873,NA,5,2,6,3607,0,1,1,NA,2,103,I-10 W/B (SAN BERNARDINO FWY),HAVEN AVE.,430,W,N,A,-,Y,SBD,NA,10,NA,NA,8.07,H,NA,L,N,4,0,3,2,A,-,03,22350,NA,N,C,C,A,A,H,-,A,D,0,NA,NA,NA,NA,Y,NA,A,01,0,0,3,0,0,0,0,0,0,-,-,34.06766128540039,-117.57747650146484,SAN BERNARDINO,ONTARIO,-117.57748413085938,34.067626953125
92389426,2024,2024-05-14,9835,2024-05-05,1813,020976,NA,7,2,9,3600,0,1,1,NA,2,077,I-15 N/B,NEVADA STATE LINE,8448,S,N,A,-,Y,SBD,NA,15,NA,NA,184.646,H,NA,R,Y,3,0,1,2,A,-,01,23152,A,N,B,C,A,A,H,-,A,D,0,NA,NA,NA,Y,Y,Y,D,22,0,1,0,0,0,0,0,0,0,-,-,35.58538818359375,-115.40042114257813,SAN BERNARDINO,UNINCORPORATED,-115.40042114257813,35.58538818359375
9239004,2021,2021-04-05,3600,2021-02-23,2003,G8549,HI010,2,5,4,3618,0,0,0,NA,0,HI2,VICTORIA AV,HIGHLAND AV,0,NA,Y,A,-,N,NA,NA,NA,NA,NA,NA,NA,NA,NA,Y,4,0,1,2,A,-,09,21801,A,N,D,C,A,A,H,-,-,A,0,NA,NA,NA,NA,Y,NA,A,01,0,0,1,0,0,0,0,0,0,-,-,34.135860443115234,-117.22631072998048,SAN BERNARDINO,HIGHLAND,-117.22620391845705,34.13582992553711
92390255,2024,2024-05-15,9860,2024-05-14,610,016590,NA,2,1,6,3610,0,1,1,NA,2,202,SR-210 W/B,DEL ROSA AVE.,22,W,N,B,-,Y,SBD,NA,210,NA,R,25.706,H,NA,L,Y,3,0,1,1,A,-,08,22107,NA,N,E,I,A,A,H,-,A,D,0,NA,NA,NA,NA,Y,NA,D,22,0,1,0,0,0,0,0,0,0,-,-,34.142879486083984,-117.2528076171875,SAN BERNARDINO,SAN BERNARDINO,-117.25284576416016,34.142791748046875
92391628,2024,2024-05-16,9855,2024-05-09,1220,019183,NA,4,1,6,3607,0,1,1,NA,2,101,I-10 W/B (SAN BERNARDINO FWY),HAVEN AVE,1000,E,N,A,-,Y,SBD,NA,10,NA,NA,8.373,H,NA,L,N,4,0,1,3,A,-,03,22350,NA,N,C,C,A,A,H,-,A,D,0,NA,NA,NA,NA,Y,NA,A,01,0,0,1,0,0,0,0,0,0,-,-,34.06761169433594,-117.57219696044922,SAN BERNARDINO,ONTARIO,-117.57219696044922,34.0676383972168
9239387,2021,2021-04-22,3602,2021-03-25,1444,4084,NA,4,5,5,3602,0,0,0,NA,0,002,CENTRAL AV,CHINO AV,0,NA,Y,B,-,N,NA,NA,NA,NA,NA,NA,NA,NA,NA,N,3,0,2,2,D,-,00,NA,NA,N,D,C,A,A,H,-,A,A,0,NA,NA,NA,NA,Y,NA,-,-,0,2,0,0,0,0,0,0,0,-,-,34.0119514465332,-117.68921661376952,SAN BERNARDINO,CHINO,-117.6892547607422,34.01198196411133
92394185,2024,2024-05-20,9835,2024-05-12,15,022649,NA,7,3,3,3601,0,1,1,NA,2,070,I-15 NB,BARSTOW ROAD,1848,S,N,A,-,Y,SBD,NA,15,NA,NA,73.202,H,NA,R,N,3,0,1,2,A,-,03,22350,NA,N,C,C,A,A,H,-,C,D,0,NA,NA,NA,Y,Y,NA,A,07,0,1,0,0,0,0,0,0,0,-,-,34.88589096069336,-117.02890777587892,SAN BERNARDINO,BARSTOW,-117.02890777587892,34.885894775390625
92394194,2024,2024-05-20,9850,2024-05-09,2010,022591,NA,4,2,9,3600,0,3,5,NA,2,005,HELENDALE RD,SHADOW MOUNTAIN RD,17,N,N,A,-,N,NA,NA,NA,NA,NA,NA,NA,NA,NA,Y,2,0,1,1,A,-,03,22350,NA,N,F,I,A,A,H,-,A,D,0,NA,NA,Y,NA,Y,NA,C,02,1,0,0,0,0,0,0,0,1,-,-,34.726558685302734,-117.34513854980467,SAN BERNARDINO,UNINCORPORATED,-117.34517669677734,34.72652053833008
92395171,2024,2024-05-21,9860,2024-05-20,1645,018275,NA,1,2,4,3603,0,1,1,NA,2,214,I-215 S/B,IOWA AVE,1584,N,N,A,-,Y,SBD,NA,215,NA,NA,0.659,H,NA,L,Y,4,0,2,3,A,-,03,22350,NA,N,C,C,A,A,H,-,A,D,0,NA,NA,NA,NA,Y,NA,A,01,0,0,2,0,0,0,0,0,0,-,-,34.02705001831055,-117.33273315429688,SAN BERNARDINO,COLTON,-117.33274841308594,34.02706527709961
92395856,2023,2024-05-22,9865,2023-12-03,420,021229,NA,7,3,9,3600,0,1,3,NA,2,021,STATE ROUTE 330,LIVE OAK DRIVE,11.8,W,N,A,-,Y,SBD,NA,330,NA,NA,41.819,H,NA,R,Y,1,1,0,1,A,-,08,22107,NA,N,E,I,A,A,H,-,C,D,0,NA,NA,NA,NA,Y,NA,A,01,0,0,0,0,0,0,0,0,0,-,-,34.20415115356445,-117.1422119140625,SAN BERNARDINO,UNINCORPORATED,-117.14226531982422,34.204010009765625
92395883,2024,2024-05-22,9860,2024-05-13,1600,019419,NA,1,2,9,3600,0,1,1,NA,2,151,I-15 N/B,MATHEWS RANCH RD,82,S,N,A,-,Y,SBD,NA,15,NA,R,15.897,H,NA,R,N,4,0,1,2,A,-,08,22107,NA,N,B,C,A,A,H,-,A,D,0,NA,NA,NA,NA,Y,NA,E,22,0,0,1,0,0,0,0,0,0,-,-,34.245819091796875,-117.43582916259766,SAN BERNARDINO,UNINCORPORATED,-117.43592071533205,34.24575424194336
92396199,2024,2024-05-22,9860,2024-05-20,1144,018275,NA,1,1,6,3610,0,1,1,NA,2,214,I-215 N/B TO I-10 E/B,HUNTS LN,1700,W,N,A,-,Y,SBD,NA,10,NA,R,24.422,H,NA,R,Y,4,0,1,2,A,-,08,22107,NA,N,D,C,A,A,H,-,A,D,0,NA,NA,NA,NA,Y,NA,K,45,0,0,1,0,0,0,0,0,0,-,-,34.063499450683594,-117.29338073730467,SAN BERNARDINO,SAN BERNARDINO,-117.29335021972656,34.06365966796875
92396388,2024,2024-05-22,9850,2024-05-11,700,020817,NA,6,1,9,3600,0,1,2,NA,2,054,COLUSA RD,US-395,0,NA,Y,A,-,Y,SBD,NA,395,NA,NA,19.96,H,NA,L,N,3,0,2,2,A,-,09,21801,A,N,D,C,A,A,H,-,A,D,0,NA,NA,NA,NA,Y,NA,A,01,0,1,1,0,0,0,0,0,0,-,-,34.63053894042969,-117.4296875,SAN BERNARDINO,UNINCORPORATED,-117.4297103881836,34.63053512573242
92397070,2024,2024-05-23,9870,2024-05-13,2150,022580,NA,1,2,9,3600,0,1,3,NA,2,021,SR-247 (OLD WOMAN SPRINGS ROAD),JESSE RD,0,NA,Y,A,-,Y,SBD,NA,247,NA,NA,11.844,H,NA,R,Y,2,0,3,2,A,-,09,21802,A,F,D,C,A,A,H,-,D,A,0,NA,NA,NA,NA,Y,Y,A,07,1,2,0,0,0,0,0,0,0,-,-,34.282188415527344,-116.4527587890625,SAN BERNARDINO,UNINCORPORATED,-116.45278167724608,34.28218078613281
92397091,2024,2024-05-23,9855,2024-05-16,920,017323,NA,4,1,6,3607,0,1,3,NA,2,601,SR-60 W/B (POMONA FWY),EUCLID AVE.,1584,E,N,B,-,Y,SBD,NA,60,NA,R,4.981,H,NA,L,N,4,0,1,2,A,-,03,22350,NA,N,C,C,A,A,H,-,A,D,0,NA,NA,NA,NA,Y,NA,A,01,0,0,1,0,0,0,0,0,0,-,-,34.03057861328125,-117.64395141601563,SAN BERNARDINO,ONTARIO,-117.64395141601563,34.030540466308594
92401409,2024,2024-05-29,9855,2024-05-21,1915,018000,NA,2,2,6,3607,0,1,3,NA,2,601,SR-60 E/B (POMONA FWY),MILLIKEN AVE.,2050,W,N,A,-,Y,SBD,NA,60,NA,R,9.637,H,NA,R,Y,3,0,1,2,A,-,03,22350,NA,N,C,C,A,A,H,-,A,D,0,NA,NA,NA,NA,Y,NA,A,01,0,1,0,0,0,0,0,0,0,-,-,34.025291442871094,-117.56372833251952,SAN BERNARDINO,ONTARIO,-117.56366729736328,34.02543640136719
92401534,2024,2024-05-29,9850,2024-05-20,1410,020749,NA,1,2,5,3612,0,1,1,NA,2,084,INTERSTATE 15 SOUTHBOUND,SOUTH STODDARD WELLS ROAD,1109,N,N,A,-,Y,SBD,NA,15,NA,NA,44.62,H,NA,L,Y,4,0,1,2,A,-,03,22350,NA,N,C,C,A,A,H,-,A,D,0,NA,NA,NA,NA,Y,NA,A,01,0,0,1,0,0,0,0,0,0,-,-,34.55731964111328,-117.28791046142578,SAN BERNARDINO,VICTORVILLE,-117.28798675537108,34.55734634399414
9240240,2020,2021-04-23,3611,2020-10-24,1639,3207,3611,6,5,5,3611,0,0,0,NA,0,002,BENSON AV,7TH ST,0,NA,Y,B,-,N,NA,NA,NA,NA,NA,NA,NA,NA,NA,Y,4,0,2,2,D,-,00,NA,NA,N,D,C,A,-,H,-,A,A,0,NA,NA,NA,NA,Y,NA,-,-,0,0,2,0,0,0,0,0,0,-,-,NA,NA,SAN BERNARDINO,UPLAND,-117.68087005615234,34.088741302490234
9240353,2021,2021-04-08,3600,2021-02-23,1712,F3084,TW003,2,5,3,3617,0,0,0,NA,0,0TW,HATCH RD,EL SOL AV,0,NA,Y,A,-,N,NA,NA,NA,NA,NA,NA,NA,NA,NA,Y,4,0,1,2,A,-,09,21802,A,N,D,C,A,A,H,-,A,A,0,NA,NA,NA,NA,Y,NA,A,01,0,0,1,0,0,0,0,0,0,-,-,34.13243103027344,-116.08360290527344,SAN BERNARDINO,TWENTYNINE PALMS,-116.08357238769533,34.13239288330078
92404200,2024,2024-06-03,9850,2024-05-10,1832,022734,NA,5,2,5,3612,0,1,1,NA,2,083,I-15 S/B,MOJAVE DR,3822,N,N,A,-,Y,SBD,NA,15,NA,NA,42.718,H,NA,L,N,3,0,1,2,A,-,07,21658,A,N,B,C,A,A,H,-,A,D,0,NA,NA,NA,Y,Y,NA,A,07,0,1,0,0,0,0,0,0,0,-,-,34.53828811645508,-117.31105041503906,SAN BERNARDINO,VICTORVILLE,-117.31101989746094,34.53827667236328
92405479,2024,2024-06-04,9855,2024-05-26,1325,023630,NA,7,1,6,3607,0,1,1,NA,2,152,I-15 S/B (ONTARIO FWY),PHILADELPHIA ST.,1056,N,N,A,-,Y,SBD,NA,15,NA,NA,0.245,H,NA,L,Y,4,0,2,3,A,-,03,22350,NA,N,C,C,A,A,H,-,A,D,0,NA,NA,NA,NA,Y,NA,A,01,0,0,2,0,0,0,0,0,0,-,-,34.037010192871094,-117.55052185058594,SAN BERNARDINO,ONTARIO,-117.55044555664063,34.037010192871094
92406380,2024,2024-06-05,9855,2024-05-28,825,015919,NA,2,1,5,3602,0,1,3,NA,2,603,SR-60 W/B (POMONA FWY),RAMONA AVENUE,700,W,N,A,-,Y,SBD,NA,60,NA,R,1.226,H,NA,L,Y,4,0,1,3,A,-,03,22350,NA,N,C,C,A,A,H,-,A,D,0,NA,NA,NA,NA,Y,NA,D,22,0,0,1,0,0,0,0,0,0,-,-,34.030208587646484,-117.70932006835938,SAN BERNARDINO,CHINO,-117.70932006835938,34.03019714355469
92409329,2024,2024-06-07,9855,2024-05-26,1242,023529,NA,7,1,6,3607,0,1,3,NA,2,601,SR-60 E/B (POMONA FWY),MILLIKEN AVE.,528,W,N,A,-,Y,SBD,NA,60,NA,R,9.855,H,NA,R,Y,4,0,1,5,A,-,03,22350,NA,N,C,C,A,A,H,-,A,D,0,NA,NA,NA,NA,Y,NA,A,08,0,0,1,0,0,0,0,0,0,-,-,34.02431869506836,-117.56011199951172,SAN BERNARDINO,ONTARIO,-117.56007385253906,34.02442169189453
9240967,2021,2021-03-29,3600,2021-02-26,1448,I5491,HE214,5,5,5,3619,0,0,0,NA,0,HE2,YUCCA ST,PEACH AV,0,NA,Y,A,-,N,NA,NA,NA,NA,NA,NA,NA,NA,NA,Y,4,0,1,2,A,-,09,21802,A,N,D,C,A,A,H,-,A,A,0,NA,NA,NA,NA,Y,NA,A,01,0,0,1,0,0,0,0,0,0,-,-,NA,NA,SAN BERNARDINO,HESPERIA,-117.26084899902344,34.416873931884766
92410232,2024,2024-06-10,9850,2024-05-31,1420,021878,NA,5,2,5,3612,0,1,1,NA,2,083,I-15 S/B,NISQUALLI RD,1324,N,N,A,-,Y,SBD,NA,15,NA,NA,39.072,H,NA,L,N,4,0,1,2,A,-,03,22350,NA,N,C,C,A,A,H,-,A,D,0,NA,NA,NA,NA,Y,NA,A,01,0,0,1,0,0,0,0,0,0,-,-,34.488861083984375,-117.33338165283205,SAN BERNARDINO,VICTORVILLE,-117.33333587646484,34.48884201049805
9241174,2021,2021-04-01,3610,2021-02-01,0517,51122,NA,1,5,6,3610,0,0,0,NA,0,ADAM,N CAJON BL,N CALIFORNIA ST,522,E,N,A,-,NA,NA,NA,NA,NA,NA,NA,NA,NA,NA,N,3,0,2,2,A,-,03,22350,NA,N,C,C,A,-,H,-,D,D,0,NA,NA,NA,NA,Y,Y,A,01,0,1,1,0,0,0,0,0,0,-,-,34.1528205871582,-117.3311004638672,SAN BERNARDINO,SAN BERNARDINO,-117.32993316650392,34.151676177978516