CASE_ID,ACCIDENT_YEAR,PROC_DATE,JURIS,COLLISION_DATE,COLLISION_TIME,OFFICER_ID,REPORTING_DISTRICT,DAY_OF_WEEK,CHP_SHIFT,POPULATION,CNTY_CITY_LOC,SPECIAL_COND,BEAT_TYPE,CHP_BEAT_TYPE,CITY_DIVISION_LAPD,CHP_BEAT_CLASS,BEAT_NUMBER,PRIMARY_RD,SECONDARY_RD,DISTANCE,DIRECTION,INTERSECTION,WEATHER_1,WEATHER_2,STATE_HWY_IND,CALTRANS_COUNTY,CALTRANS_DISTRICT,STATE_ROUTE,ROUTE_SUFFIX,POSTMILE_PREFIX,POSTMILE,LOCATION_TYPE,RAMP_INTERSECTION,SIDE_OF_HWY,TOW_AWAY,COLLISION_SEVERITY,NUMBER_KILLED,NUMBER_INJURED,PARTY_COUNT,PRIMARY_COLL_FACTOR,PCF_CODE_OF_VIOL,PCF_VIOL_CATEGORY,PCF_VIOLATION,PCF_VIOL_SUBSECTION,HIT_AND_RUN,TYPE_OF_COLLISION,MVIW,PED_ACTION,ROAD_SURFACE,ROAD_COND_1,ROAD_COND_2,LIGHTING,CONTROL_DEVICE,CHP_ROAD_TYPE,PEDESTRIAN_ACCIDENT,BICYCLE_ACCIDENT,MOTORCYCLE_ACCIDENT,TRUCK_ACCIDENT,NOT_PRIVATE_PROPERTY,ALCOHOL_INVOLVED,STWD_VEHTYPE_AT_FAULT,CHP_VEHTYPE_AT_FAULT,COUNT_SEVERE_INJ,COUNT_VISIBLE_INJ,COUNT_COMPLAINT_PAIN,COUNT_PED_KILLED,COUNT_PED_INJURED,COUNT_BICYCLIST_KILLED,COUNT_BICYCLIST_INJURED,COUNT_MC_KILLED,COUNT_MC_INJURED,PRIMARY_RAMP,SECONDARY_RAMP,LATITUDE,LONGITUDE,COUNTY,CITY,POINT_X,POINT_Y
9320268,2021,2022-01-19,3600,2021-07-18,1154,H6883,HE115,7,5,5,3619,0,0,0,NA,0,HE1,9TH AV,MESA ST,0,NA,Y,A,-,N,NA,NA,NA,NA,NA,NA,NA,NA,NA,Y,1,1,1,2,A,-,01,23152,F,N,D,C,A,A,H,-,A,A,0,NA,NA,Y,NA,Y,NA,A,07,0,0,1,0,0,0,0,1,0,-,-,NA,NA,SAN BERNARDINO,HESPERIA,-117.31663513183594,34.4488410949707
9320689,2021,2023-07-18,3610,2021-12-06,1818,50912,NA,1,5,6,3610,0,0,0,NA,0,ADAM,W BASELINE ST,N LASSEN ST,1588,E,N,A,-,N,NA,NA,NA,NA,NA,NA,NA,NA,NA,Y,1,1,2,3,A,-,01,23152,A,N,A,C,A,A,H,-,C,D,0,NA,NA,NA,NA,Y,Y,A,01,1,0,1,0,0,0,0,0,0,-,-,NA,NA,SAN BERNARDINO,SAN BERNARDINO,-117.34004974365234,34.121368408203125
9320744,2021,2022-06-06,3610,2021-10-28,2131,50808,NA,4,5,6,3610,0,0,0,NA,0,NA,EAST HIGHLAND AV,VALARIA DR,123,W,N,A,-,N,NA,NA,NA,NA,NA,NA,NA,NA,NA,N,1,1,0,2,A,-,11,21956,NA,F,G,B,D,A,H,-,C,D,0,Y,NA,NA,NA,Y,NA,N,60,0,0,0,1,0,0,0,0,0,-,-,34.13582992553711,-117.23493194580078,SAN BERNARDINO,SAN BERNARDINO,-117.23055267333984,34.13582992553711
9321142,2023,2023-03-03,3600,2023-01-21,2340,F8172,HE134,6,5,5,3619,0,0,0,NA,0,HE3,RT 395,POPLAR ST,1510,NA,N,A,-,Y,SBD,8,395,-,-,5.14,H,-,N,Y,1,2,2,2,A,-,01,23152,A,N,D,C,A,A,H,-,D,D,0,NA,NA,NA,NA,Y,Y,A,07,2,0,0,0,0,0,0,0,0,-,-,34.42673110961914,-117.39998626708984,SAN BERNARDINO,HESPERIA,-117.3994140625,34.419986724853516
9321607,2021,2021-09-28,3605,2021-08-17,0759,457,NA,2,5,4,3605,0,0,0,NA,0,NA,BENSON AV,PALO VERDE ST,293,NA,N,A,-,N,NA,NA,NA,NA,NA,NA,NA,NA,NA,N,4,0,1,2,A,-,04,21703,NA,N,C,C,A,A,H,-,A,A,0,NA,NA,NA,NA,Y,NA,A,01,0,0,1,0,0,0,0,0,0,-,-,NA,NA,SAN BERNARDINO,MONTCLAIR,-117.68083953857422,34.081451416015625
9322341,2021,2021-09-28,3605,2021-07-10,1758,409,NA,6,5,4,3605,0,0,0,NA,0,NA,CENTRAL AV,RT 10,0,NA,Y,A,-,Y,SBD,8,10,-,-,1.356,R,4,E,N,4,0,2,3,A,-,03,22350,NA,F,C,C,A,A,H,-,A,A,0,NA,NA,NA,NA,Y,NA,A,01,0,0,2,0,0,0,0,0,0,-,-,NA,NA,SAN BERNARDINO,MONTCLAIR,-117.68785095214844,34.08610534667969
9322798,2021,2021-10-11,3600,2021-09-07,1535,G5408,AP013,2,5,5,3621,0,0,0,NA,0,AP2,RT 18,QUINNAULT RD,156,W,N,A,-,Y,SBD,8,18,-,-,88.4,H,-,S,N,4,0,1,3,A,-,03,22350,NA,N,C,C,A,A,H,-,A,A,0,NA,NA,NA,NA,Y,NA,D,22,0,0,1,0,0,0,0,0,0,-,-,NA,NA,SAN BERNARDINO,APPLE VALLEY,-117.18206024169922,34.500587463378906
9323921,2021,2021-09-15,3608,2021-08-12,0907,4709,3608,4,5,5,3608,0,0,0,NA,0,NA,CALIFORNIA ST,W REDLANDS BL,825,N,N,A,-,N,NA,NA,NA,NA,NA,NA,NA,NA,NA,N,4,0,1,2,A,-,09,21801,A,N,D,C,A,A,H,-,A,A,0,NA,NA,NA,NA,Y,NA,A,01,0,0,1,0,0,0,0,0,0,-,-,NA,NA,SAN BERNARDINO,REDLANDS,-117.22608947753906,34.0653190612793
9324844,2021,2021-10-18,3608,2021-09-04,1932,4202,3608,6,5,5,3608,0,0,0,NA,0,NA,N UNIVERSITY ST,E CITRUS AV,0,NA,Y,A,-,N,NA,NA,NA,NA,NA,NA,NA,NA,NA,Y,4,0,1,2,A,-,09,21801,A,N,D,C,A,A,A,-,B,A,0,NA,NA,NA,NA,Y,NA,A,07,0,0,1,0,0,0,0,0,0,-,-,NA,NA,SAN BERNARDINO,REDLANDS,-117.16683959960938,34.05554962158203
9326406,2021,2021-10-29,3600,2021-09-21,0957,H5128,VC014,2,5,5,3612,0,0,0,NA,0,VC2,LA PAZ DR,VALLEY CENTER DR,269,E,N,A,-,N,NA,NA,NA,NA,NA,NA,NA,NA,NA,Y,4,0,1,2,A,-,09,21801,A,N,D,C,A,A,H,-,A,A,0,NA,NA,NA,Y,Y,NA,A,01,0,0,1,0,0,0,0,0,0,-,-,NA,NA,SAN BERNARDINO,VICTORVILLE,-117.3152084350586,34.51838684082031
9326662,2021,2021-10-22,3605,2021-09-18,0248,441,NA,6,5,4,3605,0,0,0,NA,0,NA,MISSION BL,RAMONA AV,22,W,N,A,-,N,NA,NA,NA,NA,NA,NA,NA,NA,NA,Y,3,0,2,2,A,-,09,21801,A,N,A,C,A,A,H,-,C,A,0,NA,NA,NA,NA,Y,NA,A,07,0,1,1,0,0,0,0,0,0,-,-,NA,NA,SAN BERNARDINO,MONTCLAIR,-117.7069854736328,34.055850982666016
9327231,2021,2021-11-24,3602,2021-08-16,1349,3817,NA,1,5,5,3602,0,0,0,NA,0,003,PINE AV,MILL CREEK AV,512,E,N,A,-,N,NA,NA,NA,NA,NA,NA,NA,NA,NA,N,4,0,1,2,A,-,17,23114,A,N,E,J,A,A,H,-,A,D,0,NA,NA,Y,Y,Y,NA,F,26,0,0,1,0,0,0,0,0,1,-,-,33.95769119262695,-117.63120269775392,SAN BERNARDINO,CHINO,-117.63124847412108,33.95769500732422
93354617,2024,2024-08-02,9855,2024-07-29,1930,023027,NA,1,2,6,3607,0,1,1,NA,2,152,I-15 S/B (ONTARIO FWY),JURUPA ST,1400,S,N,A,-,Y,SBD,NA,15,NA,NA,0.738,H,NA,L,N,4,0,1,2,A,-,03,22350,NA,N,C,C,A,A,H,-,A,D,0,NA,NA,NA,NA,Y,NA,A,01,0,0,1,0,0,0,0,0,0,-,-,34.04412841796875,-117.55046081542967,SAN BERNARDINO,ONTARIO,-117.5504150390625,34.04412841796875
9337858,2021,2021-09-27,3608,2021-08-20,1015,3821,NA,5,5,5,3608,0,0,0,NA,0,NA,EUREKA ST,PEARL AV,0,NA,Y,A,-,N,NA,NA,NA,NA,NA,NA,NA,NA,NA,Y,4,0,1,2,A,-,12,21453,A,N,D,C,A,A,H,-,A,A,0,NA,NA,NA,NA,Y,NA,A,07,0,0,1,0,0,0,0,0,0,-,-,NA,NA,SAN BERNARDINO,REDLANDS,-117.18646240234376,34.06132888793945
9339412,2021,2021-10-25,3600,2021-03-13,1212,I3857,AD31,6,5,3,3613,0,0,0,NA,0,AD2,RT 395,RANCHO RD,0,NA,Y,A,-,Y,SBD,8,395,-,-,14.787,I,5,S,Y,3,0,2,2,A,-,17,21461,A,N,D,C,A,A,-,-,A,A,0,NA,NA,NA,Y,Y,NA,F,26,0,2,0,0,0,0,0,0,0,-,-,NA,NA,SAN BERNARDINO,ADELANTO,-117.4052734375,34.55928421020508
9339979,2021,2021-10-02,3610,2021-08-23,1530,51351,NA,1,5,6,3610,0,0,0,NA,0,NA,NORTH WATERMAN AV,E RIALTO AV,0,NA,Y,A,-,N,NA,NA,NA,NA,NA,NA,NA,NA,NA,N,4,0,1,3,A,-,08,22107,NA,F,D,C,A,A,H,-,A,A,0,NA,NA,NA,NA,Y,NA,A,01,0,0,1,0,0,0,0,0,0,-,-,NA,NA,SAN BERNARDINO,SAN BERNARDINO,-117.2787628173828,34.10085678100586
9340429,2021,2021-10-28,3610,2021-09-02,1540,51304,NA,4,5,6,3610,0,0,0,NA,0,POLICE,N VALARIA DR,E PACIFIC AV,0,NA,Y,A,-,N,NA,NA,NA,NA,NA,NA,NA,NA,NA,N,4,0,1,2,A,-,09,21801,A,N,C,C,A,A,H,-,A,A,0,NA,NA,Y,NA,Y,NA,A,07,0,0,1,0,0,0,0,0,1,-,-,34.128570556640625,-117.23056030273438,SAN BERNARDINO,SAN BERNARDINO,-117.23054504394533,34.12855911254883
9340518,2021,2021-11-10,3604,2021-09-12,1922,1313,NA,7,5,6,3604,0,0,0,NA,0,NA,SOUTH HIGHLAND AV,JUNIPER,350,E,N,A,-,N,NA,NA,NA,NA,NA,NA,NA,NA,NA,Y,2,0,1,1,A,-,08,22107,NA,N,E,I,A,A,H,-,C,A,0,NA,NA,NA,NA,Y,NA,A,01,1,0,0,0,0,0,0,0,0,-,-,NA,NA,SAN BERNARDINO,FONTANA,-117.43907928466795,34.13349533081055
9340551,2021,2021-10-07,3610,2021-08-14,2334,51281,NA,6,5,6,3610,0,0,0,NA,0,POLICE,N HERRINGTON AV,W 21ST ST,30,N,N,A,-,N,NA,NA,NA,NA,NA,NA,NA,NA,NA,Y,3,0,1,1,A,-,01,23152,A,N,F,A,A,A,H,-,C,D,0,NA,NA,NA,NA,Y,Y,A,01,0,1,0,0,0,0,0,0,0,-,-,NA,NA,SAN BERNARDINO,SAN BERNARDINO,-117.3154067993164,34.13473129272461
9340559,2021,2021-10-08,3610,2021-08-18,1854,51285,NA,3,5,6,3610,0,0,0,NA,0,POLICE,SOUTH WATERMAN AV,E HOSPITALITY LN,0,NA,Y,A,-,N,NA,NA,NA,NA,NA,NA,NA,NA,NA,Y,3,0,1,2,A,-,09,21801,A,N,D,C,A,A,H,-,B,A,0,NA,NA,NA,NA,Y,NA,A,01,0,1,0,0,0,0,0,0,0,-,-,NA,NA,SAN BERNARDINO,SAN BERNARDINO,-117.2788543701172,34.065826416015625
9340565,2021,2021-11-03,3609,2021-09-11,1410,02334,RI081,6,5,5,3609,0,0,0,NA,0,002,E EASTON ST,N EUCALYPTUS AV,200,W,N,A,-,N,NA,NA,NA,NA,NA,NA,NA,NA,NA,N,4,0,1,2,A,-,10,21950,C,N,A,B,E,A,H,-,A,A,0,Y,NA,NA,NA,Y,NA,A,07,0,0,1,0,1,0,0,0,0,-,-,34.13399887084961,-117.35829925537108,SAN BERNARDINO,RIALTO,-117.35821533203124,34.134090423583984
9340881,2021,2021-10-30,3609,2021-08-02,0358,02268,RI114,1,5,5,3609,0,0,0,NA,0,002,RIVERSIDE AV,WABASH ST,213,S,N,A,-,N,NA,NA,NA,NA,NA,NA,NA,NA,NA,N,4,0,1,2,A,-,03,22350,NA,N,C,E,A,A,H,-,C,A,0,NA,NA,NA,NA,Y,NA,A,01,0,0,1,0,0,0,0,0,0,-,-,34.117000579833984,-117.37000274658205,SAN BERNARDINO,RIALTO,-117.37039184570313,34.11748504638672
9340891,2021,2021-10-30,3610,2021-08-30,1100,51055,NA,1,5,6,3610,0,0,0,NA,0,POLICE,W 20TH ST,N E ST,0,NA,Y,A,-,N,NA,NA,NA,NA,NA,NA,NA,NA,NA,N,4,0,1,2,A,-,09,21800,B,F,D,C,A,A,H,-,A,D,0,NA,NA,NA,NA,Y,NA,A,01,0,0,1,0,0,0,0,0,0,-,-,NA,NA,SAN BERNARDINO,SAN BERNARDINO,-117.29415893554688,34.13338088989258
9340894,2021,2021-10-28,3610,2021-08-31,1336,51065,NA,2,5,6,3610,0,0,0,NA,0,POLICE,W BASELINE ST,NORTH ARROWHEAD AV,0,NA,Y,A,-,N,NA,NA,NA,NA,NA,NA,NA,NA,NA,Y,3,0,3,3,A,-,09,21806,A,N,D,C,A,A,H,-,A,A,0,NA,NA,NA,NA,Y,NA,A,07,0,2,1,0,0,0,0,0,0,-,-,34.12099838256836,-117.28900146484376,SAN BERNARDINO,SAN BERNARDINO,-117.2896728515625,34.121341705322266
9341309,2021,2021-11-05,3603,2021-09-30,1627,3807,3,4,5,4,3603,0,0,0,NA,0,003,LA CADENA DR,VALLEY BL,550,S,N,A,-,N,NA,NA,NA,NA,NA,NA,NA,NA,NA,N,3,0,1,2,A,-,08,22107,NA,N,C,C,A,A,H,-,A,D,0,NA,NA,Y,NA,Y,NA,C,02,0,1,0,0,0,0,0,0,1,-,-,NA,NA,SAN BERNARDINO,COLTON,-117.32447052001952,34.06610870361328
9342697,2021,2021-11-01,3603,2021-10-02,1726,4861,CPD,6,5,4,3603,0,0,0,NA,0,003,S LA CADENA DR,W FOGG ST,0,NA,Y,A,-,N,NA,NA,NA,NA,NA,NA,NA,NA,NA,Y,3,0,3,2,A,-,09,21801,A,N,D,C,A,A,H,-,A,D,0,NA,NA,NA,NA,Y,NA,J,48,0,3,0,0,0,0,0,0,0,-,-,34.05274963378906,-117.33035278320313,SAN BERNARDINO,COLTON,-117.33033752441406,34.05270767211914
9343933,2021,2021-10-05,3602,2021-08-17,1745,3466,NA,2,5,5,3602,0,0,0,NA,0,002,MOUNTAIN AV,PHILADELPHIA ST,747,S,N,A,-,N,NA,NA,NA,NA,NA,NA,NA,NA,NA,Y,2,0,2,2,A,-,21,22106,NA,N,D,C,A,A,H,-,A,D,0,NA,NA,NA,NA,Y,Y,A,01,2,0,0,0,0,0,0,0,0,-,-,34.031490325927734,-117.66764068603516,SAN BERNARDINO,CHINO,-117.66780853271484,34.03192901611328
9343934,2021,2021-10-05,3602,2021-08-28,2117,4084,NA,6,5,5,3602,0,0,0,NA,0,002,SAN ANTONIO AV,EAGLE DR,236,N,N,A,-,N,NA,NA,NA,NA,NA,NA,NA,NA,NA,Y,3,0,1,1,A,-,07,21658,A,F,E,I,A,A,H,-,C,D,0,NA,NA,NA,NA,Y,NA,A,01,0,1,0,0,0,0,0,0,0,-,-,34.016719818115234,-117.65875244140624,SAN BERNARDINO,CHINO,-117.65877532958984,34.01662826538086
9344829,2021,2021-10-19,3610,2021-09-29,2500,51266,NA,3,5,6,3610,0,0,0,NA,0,POLICE,W 9TH ST,D ST,0,NA,Y,A,-,N,NA,NA,NA,NA,NA,NA,NA,NA,NA,Y,4,0,2,2,A,-,12,21453,A,N,D,C,A,A,H,-,A,A,0,NA,NA,NA,NA,Y,NA,A,01,0,0,2,0,0,0,0,0,0,-,-,34.11579132080078,-117.29190826416016,SAN BERNARDINO,SAN BERNARDINO,-117.29188537597656,34.115760803222656
9344951,2021,2021-11-05,3610,2021-09-21,1545,51195,NA,2,5,6,3610,0,0,0,NA,0,BAKER,W KENDALL DR,N SHANDIN HILLS DR,324,E,N,A,-,N,NA,NA,NA,NA,NA,NA,NA,NA,NA,Y,4,0,1,2,A,-,09,21804,A,N,B,C,A,A,H,-,A,D,0,NA,NA,NA,NA,Y,NA,A,01,0,0,1,0,0,0,0,0,0,-,-,34.16392135620117,-117.304931640625,SAN BERNARDINO,SAN BERNARDINO,-117.30496215820313,34.16395568847656
9344957,2021,2021-11-04,3610,2021-09-24,2031,51257,NA,5,5,6,3610,0,0,0,NA,0,BAKER,N MOUNTAIN VIEW AV,W 30TH ST,0,NA,Y,A,-,N,NA,NA,NA,NA,NA,NA,NA,NA,NA,Y,2,0,3,2,A,-,12,21453,A,N,D,C,A,A,H,-,C,A,0,NA,NA,NA,NA,Y,NA,A,01,2,1,0,0,0,0,0,0,0,-,-,NA,NA,SAN BERNARDINO,SAN BERNARDINO,-117.28739166259766,34.145992279052734
9348100,2021,2021-10-27,3608,2021-08-18,1943,5044,NA,3,5,5,3608,0,0,0,NA,0,NA,SAN TIMOTEO CANYON RD,FERN AV,510,S,N,A,-,N,NA,NA,NA,NA,NA,NA,NA,NA,NA,N,3,0,2,3,A,-,12,22450,NA,N,C,C,A,A,H,-,D,A,0,NA,NA,NA,NA,Y,NA,-,-,0,1,1,0,0,0,0,0,0,-,-,34.033050537109375,-117.20858764648438,SAN BERNARDINO,REDLANDS,-117.20850372314452,34.03266525268555
9350539,2021,2021-11-09,3605,2021-09-29,1702,284,NA,3,5,4,3605,0,0,0,NA,0,NA,MILLS AV,SAN BERNARDINO ST,127,S,N,A,-,N,NA,NA,NA,NA,NA,NA,NA,NA,NA,N,4,0,1,2,A,-,03,22350,NA,N,C,C,A,A,H,-,A,A,0,NA,NA,NA,NA,Y,NA,A,01,0,0,1,0,0,0,0,0,0,-,-,NA,NA,SAN BERNARDINO,MONTCLAIR,-117.71277618408205,34.0755500793457
9351517,2021,2021-11-06,3603,2021-10-09,1608,5005,NA,6,5,4,3603,0,0,0,NA,0,NA,E VALLEY BL,N LA CADENA DR,0,NA,Y,A,-,N,NA,NA,NA,NA,NA,NA,NA,NA,NA,Y,4,0,2,4,A,-,12,21453,A,N,D,C,A,A,H,-,A,A,0,NA,NA,NA,NA,Y,NA,D,22,0,0,2,0,0,0,0,0,0,-,-,34.06686019897461,-117.32433319091795,SAN BERNARDINO,COLTON,-117.32432556152344,34.066871643066406
9351970,2021,2021-12-02,3608,2021-10-13,1021,5007,SBCEN,3,5,5,3608,0,0,0,NA,0,NA,LUGONIA AV,TENNESSEE ST,60,W,N,A,-,N,NA,NA,NA,NA,NA,NA,NA,NA,NA,N,4,0,1,2,A,-,04,21703,NA,N,C,D,A,A,H,-,A,D,0,NA,NA,NA,NA,Y,NA,A,01,0,0,1,0,0,0,0,0,0,-,-,NA,NA,SAN BERNARDINO,REDLANDS,-117.19937896728516,34.07018280029297
9352706,2021,2021-12-09,3600,2021-10-20,0834,13066,VC059,3,5,5,3612,0,0,0,NA,0,VC4,BEAR VALLEY RD,TOPAZ RD,43,E,N,A,-,N,NA,NA,NA,NA,NA,NA,NA,NA,NA,Y,3,0,1,2,A,-,06,21755,A,N,-,C,A,A,H,-,A,A,0,NA,NA,NA,Y,Y,NA,A,07,0,1,0,0,0,0,0,0,0,-,-,NA,NA,SAN BERNARDINO,VICTORVILLE,-117.3817901611328,34.470359802246094
9353448,2021,2021-11-06,3610,2021-10-15,1529,51118,NA,5,5,6,3610,0,0,0,NA,0,POLICE,W 5TH ST,N RAMONA AV,56,W,N,A,-,N,NA,NA,NA,NA,NA,NA,NA,NA,NA,N,4,0,1,2,A,-,09,21801,A,N,D,C,A,A,H,-,A,D,0,NA,NA,NA,NA,Y,NA,A,01,0,0,1,0,0,0,0,0,0,-,-,34.10865020751953,-117.32138824462892,SAN BERNARDINO,SAN BERNARDINO,-117.3210906982422,34.10834884643555
9356336,2021,2021-11-16,3610,2021-10-02,1921,51260,NA,6,5,6,3610,0,0,0,NA,0,NA,EAST HIGHLAND AV,N DEL ROSA AV,0,NA,Y,A,-,N,NA,NA,NA,NA,NA,NA,NA,NA,NA,Y,4,0,1,2,A,-,03,22350,NA,N,B,C,A,A,H,-,C,A,0,NA,NA,NA,NA,Y,NA,A,01,0,0,1,0,0,0,0,0,0,-,-,34.135860443115234,-117.25238037109376,SAN BERNARDINO,SAN BERNARDINO,-117.25240325927734,34.13585662841797
9360979,2021,2021-11-29,3605,2021-10-15,2119,406,NA,5,5,4,3605,0,0,0,NA,0,NA,RAMONA AV,BROOKS ST,0,NA,Y,A,-,N,NA,NA,NA,NA,NA,NA,NA,NA,NA,Y,4,0,1,2,A,-,12,22450,A,N,D,C,A,A,H,-,C,A,0,NA,NA,NA,NA,Y,NA,A,01,0,0,1,0,0,0,0,0,0,-,-,NA,NA,SAN BERNARDINO,MONTCLAIR,-117.7070083618164,34.0616340637207
9361246,2021,2021-12-21,3600,2021-11-01,1332,G6918,VC013,1,5,5,3612,0,0,0,NA,0,VC4,BEAR VALLEY RD,AMARGOSA RD,0,NA,Y,A,-,N,NA,NA,NA,NA,NA,NA,NA,NA,NA,Y,3,0,1,3,C,-,18,NA,NA,N,D,C,A,A,H,-,A,A,0,NA,NA,NA,NA,Y,NA,-,-,0,1,0,0,0,0,0,0,0,-,-,34.47032165527344,-117.34841918945313,SAN BERNARDINO,VICTORVILLE,-117.34842681884766,34.47041320800781
9361706,2021,2021-11-29,3600,2021-09-28,1543,E8923,HI005,2,5,4,3618,0,0,0,NA,0,HI1,BASELINE ST,MCKINLEY ST,200,E,N,A,-,N,NA,NA,NA,NA,NA,NA,NA,NA,NA,N,4,0,1,2,A,-,03,22350,NA,N,C,C,A,A,H,-,A,A,0,NA,NA,NA,NA,Y,NA,A,08,0,0,1,0,0,0,0,0,0,-,-,NA,NA,SAN BERNARDINO,HIGHLAND,-117.23680114746094,34.121299743652344
9363026,2021,2021-11-24,3610,2021-11-03,1024,50912,NA,3,5,6,3610,0,0,0,NA,0,POLICE,W BASELINE ST,NORTH SIERRA WY,0,NA,Y,A,-,N,NA,NA,NA,NA,NA,NA,NA,NA,NA,Y,3,0,1,2,A,-,08,22107,1,F,D,C,A,A,H,-,A,A,0,NA,NA,NA,NA,Y,NA,D,22,0,1,0,0,0,0,0,0,0,-,-,NA,NA,SAN BERNARDINO,SAN BERNARDINO,-117.28514862060548,34.121341705322266
9363144,2021,2021-12-15,3600,2021-09-21,1059,13849,BL2,2,5,2,3680,0,0,0,NA,0,BL2,BIG BEAR BL,SANDLEWOOD DR,0,NA,Y,A,-,N,NA,NA,18,NA,NA,NA,NA,NA,NA,Y,3,0,1,3,A,-,04,21703,NA,N,A,C,A,A,H,-,A,A,0,NA,NA,NA,NA,Y,NA,A,07,0,1,0,0,0,0,0,0,0,-,-,34.25600051879883,-116.88300323486328,SAN BERNARDINO,BIG BEAR LAKE,-116.88336944580078,34.25637435913086
9363795,2021,2021-12-16,3610,2021-11-09,0008,51246,4031,2,5,6,3610,0,0,0,NA,0,POLICE,W BASELINE ST,N H ST,0,NA,Y,A,-,N,NA,NA,NA,NA,NA,NA,NA,NA,NA,Y,4,0,1,2,A,-,12,21453,A,M,D,C,A,A,H,-,C,A,0,NA,NA,NA,NA,Y,NA,A,01,0,0,1,0,0,0,0,0,0,-,-,34.121341705322266,-117.3009033203125,SAN BERNARDINO,SAN BERNARDINO,-117.30091857910156,34.12133026123047
9363876,2021,2022-01-28,3604,2021-11-09,1548,956,NA,2,5,6,3604,0,0,0,NA,0,NA,CATAWBA AV,SANTA ANA AV,13,S,N,A,-,N,NA,NA,NA,NA,NA,NA,NA,NA,NA,N,4,0,1,2,A,-,05,21650,NA,N,D,G,A,A,H,-,A,A,0,NA,Y,NA,Y,Y,NA,L,04,0,0,1,0,0,0,1,0,0,-,-,NA,NA,SAN BERNARDINO,FONTANA,-117.45819091796876,34.0556640625
9364593,2021,2021-12-30,3600,2021-11-17,1315,D7727,YC106,3,5,4,3640,0,0,0,NA,0,YC1,YUCAIPA BL,2ND ST,11,W,N,A,-,N,NA,NA,NA,NA,NA,NA,NA,NA,NA,Y,4,0,1,1,A,-,17,21663,NA,N,E,-,A,A,H,-,A,A,0,NA,NA,NA,NA,Y,NA,A,01,0,0,1,0,0,0,0,0,0,-,-,NA,NA,SAN BERNARDINO,YUCAIPA,-117.04312896728516,34.033973693847656
9364676,2021,2021-12-16,3600,2021-11-12,2248,H8339,AP022,5,5,5,3621,0,0,0,NA,0,AP4,NAVAJO RD,TUSSING RANCH RD,865,S,N,A,-,N,NA,NA,NA,NA,NA,NA,NA,NA,NA,Y,3,0,1,1,A,-,03,22350,NA,N,E,I,A,A,H,-,D,D,0,NA,NA,NA,NA,Y,NA,A,01,0,1,0,0,0,0,0,0,0,-,-,NA,NA,SAN BERNARDINO,APPLE VALLEY,-117.19007873535156,34.4403190612793
9365149,2021,2022-08-22,3610,2021-11-17,1906,51304,NA,3,5,6,3610,0,0,0,NA,0,NA,EAST HIGHLAND AV,WATERMAN AV,337,W,N,A,-,N,NA,NA,NA,NA,NA,NA,NA,NA,NA,Y,3,0,1,1,A,-,07,21658,A,N,A,I,A,A,H,-,C,D,0,NA,NA,NA,NA,Y,NA,A,01,0,1,0,0,0,0,0,0,0,-,-,34.135921478271484,-117.27873992919922,SAN BERNARDINO,SAN BERNARDINO,-117.27986907958984,34.13594055175781
9365152,2021,2022-08-23,3610,2021-11-19,1546,51230,NA,5,5,6,3610,0,0,0,NA,0,NA,EAST HIGHLAND AV,N EUCAPLYPTUS DR,0,NA,Y,A,-,N,NA,NA,NA,NA,NA,NA,NA,NA,NA,N,3,0,2,2,A,-,08,22107,NA,N,D,C,A,-,H,-,A,A,0,NA,NA,NA,NA,Y,NA,A,01,0,2,0,0,0,0,0,0,0,-,-,NA,NA,SAN BERNARDINO,SAN BERNARDINO,-117.23204040527344,34.13581085205078
9365160,2021,2022-08-23,3610,2021-11-21,1426,51230,NA,7,5,6,3610,0,0,0,NA,0,NA,EAST HIGHLAND AV,NEWPORT AV,10,W,N,A,-,N,NA,NA,NA,NA,NA,NA,NA,NA,NA,N,3,0,1,1,A,-,08,22107,NA,N,E,I,A,-,H,-,A,A,0,NA,NA,NA,NA,Y,NA,A,07,0,1,0,0,0,0,0,0,0,-,-,NA,NA,SAN BERNARDINO,SAN BERNARDINO,-117.26295471191406,34.13587951660156
9366276,2021,2021-11-30,3600,2021-10-27,1324,H7553,YC404,3,5,4,3640,0,0,0,NA,0,YC2,AV D,PARADISE LN,145,W,N,A,-,N,NA,NA,NA,NA,NA,NA,NA,NA,NA,Y,3,0,1,1,A,-,03,22350,NA,N,E,I,A,A,H,-,A,D,0,NA,NA,NA,NA,Y,NA,A,01,0,1,0,0,0,0,0,0,0,-,-,NA,NA,SAN BERNARDINO,YUCAIPA,-117.09358978271484,34.03023147583008
9367157,2021,2021-11-24,3604,2021-10-08,0727,769,3604,5,5,6,3604,0,0,0,NA,0,002,FOOTHILL BL,MAPLE AV,403,W,N,B,C,N,NA,NA,NA,NA,NA,NA,NA,NA,NA,N,4,0,1,2,A,-,11,21954,A,N,G,B,D,B,H,-,A,D,0,Y,NA,NA,NA,Y,NA,N,60,0,0,1,0,1,0,0,0,0,-,-,NA,NA,SAN BERNARDINO,FONTANA,-117.40660095214844,34.106719970703125
9368700,2021,2021-12-15,3600,2021-11-03,2021,E6912,VC008,3,5,5,3612,0,0,0,NA,0,VC1,7TH ST,D ST,0,NA,Y,A,-,N,NA,NA,NA,NA,NA,NA,NA,NA,NA,Y,4,0,2,2,A,-,09,21801,A,N,A,C,A,A,H,-,C,D,0,NA,NA,NA,NA,Y,Y,A,01,0,0,2,0,0,0,0,0,0,-,-,NA,NA,SAN BERNARDINO,VICTORVILLE,-117.29285430908205,34.536319732666016