CASE_ID,ACCIDENT_YEAR,PROC_DATE,JURIS,COLLISION_DATE,COLLISION_TIME,OFFICER_ID,REPORTING_DISTRICT,DAY_OF_WEEK,CHP_SHIFT,POPULATION,CNTY_CITY_LOC,SPECIAL_COND,BEAT_TYPE,CHP_BEAT_TYPE,CITY_DIVISION_LAPD,CHP_BEAT_CLASS,BEAT_NUMBER,PRIMARY_RD,SECONDARY_RD,DISTANCE,DIRECTION,INTERSECTION,WEATHER_1,WEATHER_2,STATE_HWY_IND,CALTRANS_COUNTY,CALTRANS_DISTRICT,STATE_ROUTE,ROUTE_SUFFIX,POSTMILE_PREFIX,POSTMILE,LOCATION_TYPE,RAMP_INTERSECTION,SIDE_OF_HWY,TOW_AWAY,COLLISION_SEVERITY,NUMBER_KILLED,NUMBER_INJURED,PARTY_COUNT,PRIMARY_COLL_FACTOR,PCF_CODE_OF_VIOL,PCF_VIOL_CATEGORY,PCF_VIOLATION,PCF_VIOL_SUBSECTION,HIT_AND_RUN,TYPE_OF_COLLISION,MVIW,PED_ACTION,ROAD_SURFACE,ROAD_COND_1,ROAD_COND_2,LIGHTING,CONTROL_DEVICE,CHP_ROAD_TYPE,PEDESTRIAN_ACCIDENT,BICYCLE_ACCIDENT,MOTORCYCLE_ACCIDENT,TRUCK_ACCIDENT,NOT_PRIVATE_PROPERTY,ALCOHOL_INVOLVED,STWD_VEHTYPE_AT_FAULT,CHP_VEHTYPE_AT_FAULT,COUNT_SEVERE_INJ,COUNT_VISIBLE_INJ,COUNT_COMPLAINT_PAIN,COUNT_PED_KILLED,COUNT_PED_INJURED,COUNT_BICYCLIST_KILLED,COUNT_BICYCLIST_INJURED,COUNT_MC_KILLED,COUNT_MC_INJURED,PRIMARY_RAMP,SECONDARY_RAMP,LATITUDE,LONGITUDE,COUNTY,CITY,POINT_X,POINT_Y
9431718,2022,2022-04-28,3604,2022-03-17,2045,1302,NA,4,5,6,3604,0,0,0,NA,0,NA,BASELINE AV,JUNIPER AV,0,NA,Y,A,-,N,NA,NA,NA,NA,NA,NA,NA,NA,NA,Y,4,0,1,2,A,-,01,23152,A,N,D,C,A,A,H,-,C,A,0,NA,NA,NA,NA,Y,Y,A,01,0,0,1,0,0,0,0,0,0,-,-,NA,NA,SAN BERNARDINO,FONTANA,-117.44023895263672,34.12130355834961
9431851,2022,2022-04-27,3604,2022-03-18,1607,769,3604,5,5,6,3604,0,0,0,NA,0,002,WALNUT ST,BELLA STRADA,0,NA,Y,A,-,N,NA,NA,NA,NA,NA,NA,NA,NA,NA,NA,3,0,1,2,A,-,05,21650,NA,N,D,G,A,A,H,-,A,A,0,NA,Y,NA,NA,Y,NA,L,04,0,1,0,0,0,0,1,0,0,-,-,NA,NA,SAN BERNARDINO,FONTANA,-117.43837738037108,34.12862014770508
9432447,2022,2022-08-08,3600,2022-07-01,1120,I4861,TW003,5,5,3,3617,0,0,0,NA,0,0TW,RT 62,MANZANITA AV,0,NA,Y,A,-,Y,SBD,8,62,-,-,31.26,H,-,E,N,3,0,2,2,A,-,03,22350,NA,N,C,C,A,A,H,-,A,A,0,NA,NA,NA,NA,Y,NA,-,NA,0,2,0,0,0,0,0,0,0,-,-,34.13544845581055,-116.08830261230467,SAN BERNARDINO,TWENTYNINE PALMS,-116.0884017944336,34.13540267944336
9433243,2022,2022-09-12,3610,2022-07-19,0903,50469,NA,2,5,6,3610,0,0,0,NA,0,NA,N D ST,24TH ST,25,S,N,A,-,N,NA,NA,NA,NA,NA,NA,NA,NA,NA,Y,4,0,1,1,C,-,18,NA,NA,N,H,H,A,A,H,-,A,D,0,NA,NA,NA,NA,Y,NA,-,-,0,0,1,0,0,0,0,0,0,-,-,NA,NA,SAN BERNARDINO,SAN BERNARDINO,-117.29190826416016,34.13800048828125
94353823,2024,2024-08-14,9860,2024-08-14,645,019009,NA,3,1,6,3610,0,1,1,NA,2,216,I-215 S/B,UNIVERSITY PKWY,1130,N,N,A,-,Y,SBD,NA,215,NA,NA,11.868,H,NA,L,Y,3,0,1,2,A,-,03,22350,NA,N,C,2,A,A,H,-,A,D,0,NA,NA,NA,NA,Y,NA,D,22,0,1,0,0,0,0,0,0,0,-,-,34.16706848144531,-117.33567810058594,SAN BERNARDINO,SAN BERNARDINO,-117.33574676513672,34.16703414916992
94354992,2024,2024-08-15,9835,2024-08-11,2200,022218,NA,7,3,9,3600,0,2,4,NA,1,018,FORT IRWIN RD,STARBRIGHT MINE RD,1584,N,N,G,-,N,NA,NA,NA,NA,NA,NA,NA,NA,NA,N,3,0,1,1,C,-,18,NA,NA,N,E,H,A,A,H,-,D,D,0,NA,NA,NA,NA,Y,NA,-,-,0,1,0,0,0,0,0,0,0,-,-,35.082401275634766,-116.84880828857422,SAN BERNARDINO,UNINCORPORATED,-116.8455047607422,35.08534622192383
94355884,2024,2024-08-15,9860,2024-08-06,1530,019429,NA,2,2,6,3610,0,1,1,NA,2,216,I-215 N/B,DEVORE RD,5280,S,N,A,-,Y,SBD,NA,215,NA,NA,16.311,H,NA,R,Y,4,0,1,2,A,-,07,21658,A,N,B,2,A,A,H,-,A,D,0,NA,NA,NA,NA,Y,NA,A,01,0,0,1,0,0,0,0,0,0,-,-,34.212860107421875,-117.38948822021484,SAN BERNARDINO,SAN BERNARDINO,-117.38948822021484,34.21286392211914
94356226,2024,2024-08-15,9855,2024-08-09,1025,020564,NA,5,1,6,3607,0,1,3,NA,2,601,SR-60 E/B (POMONA FWY) TO VINEYARD AVENUE,VINEYARD AVE.,155,W,N,A,-,Y,NA,NA,NA,NA,NA,NA,NA,NA,NA,N,4,0,1,2,A,-,03,22350,NA,N,C,C,A,A,H,-,A,A,0,NA,NA,NA,Y,Y,NA,F,27,0,0,1,0,0,0,0,0,0,-,-,34.02994918823242,-117.61164093017578,SAN BERNARDINO,ONTARIO,-117.61306762695313,34.03042984008789
94356872,2024,2024-08-16,9860,2024-07-16,1710,021638,NA,2,2,9,3600,0,1,1,NA,2,102,I-10 E/B,CEDAR AVENUE,5300,W,N,A,-,Y,SBD,NA,10,NA,NA,17.318,H,NA,R,Y,4,0,1,2,A,-,07,21658,A,F,B,C,A,A,H,-,A,D,0,NA,NA,Y,NA,Y,NA,A,01,0,0,1,0,0,0,0,0,1,-,-,34.067440032958984,-117.41668701171876,SAN BERNARDINO,UNINCORPORATED,-117.41668701171876,34.067440032958984
94356974,2024,2024-08-16,9835,2024-08-07,1012,022308,NA,3,1,9,3600,0,1,1,NA,2,073,INTERSTATE 15,15 SBD R101.27,594,S,N,A,-,Y,SBD,NA,15,NA,R,101.161,H,NA,R,Y,2,0,2,1,A,-,08,22107,NA,N,E,I,A,A,H,-,A,D,0,NA,NA,NA,NA,Y,NA,A,01,1,1,0,0,0,0,0,0,0,-,-,34.99576950073242,-116.57061004638672,SAN BERNARDINO,UNINCORPORATED,-116.57064819335938,34.995826721191406
9435738,2022,2022-05-06,3610,2022-03-26,1757,51003,NA,6,5,6,3610,0,0,0,NA,0,POLICE,S INLAND CENTER DR,RT 215,0,NA,Y,A,-,Y,SBD,8,215,-,-,5.15,R,4,N,Y,4,0,1,2,A,-,12,21453,A,N,D,C,A,A,H,-,B,A,0,NA,NA,NA,NA,Y,NA,A,01,0,0,1,0,0,0,0,0,0,-,NO,NA,NA,SAN BERNARDINO,SAN BERNARDINO,-117.29737091064452,34.07977294921875
9435849,2022,2022-05-11,3603,2022-04-09,1843,4969,CPD,6,5,4,3603,0,0,0,NA,0,003,S LA CADENA DR,FOGG RD,0,NA,Y,A,-,N,NA,NA,NA,NA,NA,NA,NA,NA,NA,N,4,0,1,2,A,-,09,21801,A,N,D,D,A,A,H,-,B,A,0,NA,NA,NA,NA,Y,NA,A,01,0,0,1,0,0,0,0,0,0,-,-,34.05297088623047,-117.33068084716795,SAN BERNARDINO,COLTON,-117.33033752441406,34.05270767211914
9435929,2022,2022-05-05,3600,2022-04-04,1108,G6918,VC053,1,5,5,3612,0,0,0,NA,0,VC5,CIVIC DR,KENTWOOD BL,0,NA,Y,A,-,N,NA,NA,NA,NA,NA,NA,NA,NA,NA,Y,3,0,1,2,A,-,09,21801,A,N,D,C,A,A,H,-,A,A,0,NA,NA,NA,NA,Y,NA,A,01,0,1,0,0,0,0,0,0,0,-,-,34.50992965698242,-117.32749176025392,SAN BERNARDINO,VICTORVILLE,NA,NA
9436071,2022,2022-05-02,3600,2022-03-27,0625,I1592,VC072,7,5,5,3612,0,0,0,NA,0,VC6,TOPAZ AV,CAMINO DE ORO PL,150,N,N,A,-,N,NA,NA,NA,NA,NA,NA,NA,NA,NA,N,3,0,1,1,A,-,03,22350,NA,N,F,A,A,A,A,-,D,D,0,NA,NA,NA,NA,Y,NA,A,01,0,1,0,0,0,0,0,0,0,-,-,34.52671813964844,-117.38175964355467,SAN BERNARDINO,VICTORVILLE,-117.38175201416016,34.52669143676758
94361788,2024,2024-08-20,9855,2024-08-08,2257,022865,NA,4,3,5,3611,0,1,1,NA,2,103,I-10 W/B (SAN BERNARDINO FWY),MOUNTAINE AVE,528,W,N,A,-,Y,SBD,NA,10,NA,NA,2.21,H,NA,L,Y,4,0,1,2,A,-,08,22107,NA,N,C,C,A,A,D,-,C,D,0,NA,NA,NA,NA,Y,NA,D,22,0,0,1,0,0,0,0,0,0,-,-,34.0872917175293,-117.67318725585938,SAN BERNARDINO,UPLAND,-117.67319488525392,34.08737564086914
9436208,2022,2022-05-20,3600,2022-02-14,1604,H8299,VC073,1,5,5,3612,0,0,0,NA,0,VC6,RENO LOOP RD,SORREL WY,5,W,N,A,-,N,NA,NA,NA,NA,NA,NA,NA,NA,NA,Y,2,0,1,1,A,-,03,22350,NA,N,E,I,A,A,H,-,A,D,0,NA,NA,NA,NA,Y,NA,A,01,1,0,0,0,0,0,0,0,0,-,-,NA,NA,SAN BERNARDINO,VICTORVILLE,-117.3609619140625,34.5224609375
94362164,2024,2024-08-20,9860,2024-07-26,1210,022843,NA,5,1,9,3600,0,1,1,NA,2,152,I-15 S/B,SR-138,8976,N,N,A,-,Y,SBD,NA,15,NA,R,23.115,H,NA,L,N,4,0,1,2,A,-,03,22350,NA,N,C,C,A,A,H,-,A,D,0,NA,NA,NA,NA,Y,NA,A,01,0,0,1,0,0,0,0,0,0,-,-,34.335121154785156,-117.48245239257813,SAN BERNARDINO,UNINCORPORATED,-117.48249816894533,34.335121154785156
94365455,2024,2024-08-22,9850,2024-08-01,2240,023055,NA,4,3,5,3619,0,1,1,NA,2,082,I-15 N/B,MAIN ST,2323,S,N,A,-,Y,SBD,NA,15,NA,NA,33.558,H,NA,R,Y,4,0,1,3,A,-,01,23152,A,N,C,C,A,A,D,-,D,D,0,NA,NA,NA,NA,Y,Y,A,01,0,0,1,0,0,0,0,0,0,-,-,34.421321868896484,-117.38445281982422,SAN BERNARDINO,HESPERIA,-117.38446044921876,34.42132568359375
94367726,2024,2024-08-23,9860,2024-08-11,228,022890,NA,7,3,6,3610,0,1,1,NA,2,216,I-215 S/B,DEVORE RD,3749,S,N,A,-,Y,SBD,NA,215,NA,NA,16.587,H,NA,L,Y,2,0,3,2,A,-,01,23152,A,N,C,2,A,A,H,-,C,D,0,NA,NA,NA,NA,Y,Y,A,01,1,1,1,0,0,0,0,0,0,-,-,34.21527099609375,-117.39305877685548,SAN BERNARDINO,SAN BERNARDINO,-117.39300537109376,34.2153205871582
94370273,2024,2024-09-16,9850,2024-08-13,1525,021675,NA,2,2,9,3600,0,3,5,NA,2,001,RIDGECREST RD,BLUFF CREST ST,0,NA,Y,A,-,N,NA,NA,NA,NA,NA,NA,NA,NA,NA,N,4,0,1,3,A,-,09,21802,A,N,D,C,A,A,H,-,A,A,0,NA,NA,NA,NA,Y,NA,D,22,0,0,1,0,0,0,0,0,0,-,-,34.4929084777832,-117.27732849121094,SAN BERNARDINO,UNINCORPORATED,-117.27735137939452,34.49283218383789
9437251,2022,2022-06-02,3605,2022-04-09,1425,428,NA,6,5,4,3605,0,0,0,NA,0,NA,CENTRAL AV,PALO VERDE ST,0,NA,Y,A,-,N,NA,NA,NA,NA,NA,NA,NA,NA,NA,N,4,0,2,3,A,-,03,22350,NA,N,C,C,A,A,H,-,A,A,0,NA,NA,NA,NA,Y,NA,A,01,0,0,2,0,0,0,0,0,0,-,-,NA,NA,SAN BERNARDINO,MONTCLAIR,-117.68963623046876,34.081398010253906
94373294,2024,2024-08-28,9855,2024-08-20,1759,021233,NA,2,2,9,3600,0,3,5,NA,2,001,ELM AVENUE (9400 BLOCK),SEQUOIA AVENUE,270,S,N,A,-,N,NA,NA,NA,NA,NA,NA,NA,NA,NA,N,4,0,1,3,A,-,09,21804,A,N,D,2,A,A,H,-,A,D,0,NA,NA,NA,NA,Y,Y,-,-,0,0,1,0,0,0,0,0,0,-,-,34.08137130737305,-117.46685028076172,SAN BERNARDINO,UNINCORPORATED,-117.46680450439452,34.08137893676758
94374525,2024,2024-08-29,9860,2024-08-20,148,021149,NA,2,3,6,3604,0,1,1,NA,2,201,SR-210 E/B,ALDER AVE,1584,W,N,A,-,Y,SBD,NA,210,NA,NA,15.676,H,NA,R,Y,3,0,2,3,A,-,08,22107,NA,F,B,2,A,A,H,-,D,D,0,NA,NA,NA,NA,Y,NA,-,99,0,1,1,0,0,0,0,0,0,-,-,34.13629150390625,-117.42305755615234,SAN BERNARDINO,FONTANA,-117.42305755615234,34.13631057739258
94374986,2024,2024-08-29,9855,2024-08-22,655,018313,NA,4,1,5,3602,0,1,3,NA,2,603,SR-60 E/B (POMONA FWY),CENTRAL AVE,200,E,N,A,-,Y,SBD,NA,60,NA,R,2.496,H,NA,R,Y,4,0,2,4,A,-,03,22350,NA,N,C,C,A,A,H,-,B,D,0,NA,NA,NA,Y,Y,NA,G,27,0,0,2,0,0,0,0,0,0,-,-,34.03015899658203,-117.6872100830078,SAN BERNARDINO,CHINO,-117.6872100830078,34.030216217041016
94376394,2024,2024-08-30,9860,2024-08-14,1100,014963,NA,3,1,9,3600,0,3,5,NA,2,004,LOCUST AVE.,SLOVER AVE.,245,S,N,A,-,N,NA,NA,NA,NA,NA,NA,NA,NA,NA,Y,4,0,2,2,A,-,08,22107,NA,N,D,C,A,A,H,-,A,D,0,NA,NA,NA,NA,Y,NA,A,01,0,0,2,0,0,0,0,0,0,-,-,34.06232833862305,-117.40953826904295,SAN BERNARDINO,UNINCORPORATED,-117.40950012207033,34.062477111816406
94377240,2024,2024-08-30,9850,2024-06-30,30,022591,NA,7,3,5,3612,0,1,1,NA,2,083,I-15 N/B,D ST,597,S,N,A,-,Y,NA,NA,NA,NA,NA,NA,NA,NA,NA,Y,3,0,4,1,A,-,03,22350,NA,N,F,J,A,A,H,-,A,D,0,NA,NA,NA,NA,Y,Y,A,07,0,2,2,0,0,0,0,0,0,-,-,34.54349136352539,-117.30200958251952,SAN BERNARDINO,VICTORVILLE,-117.30217742919922,34.54438018798828
94377930,2024,2024-09-02,9860,2024-08-17,1740,022944,NA,6,2,5,3608,0,1,1,NA,2,105,I-10 W/B,CYPRESS AVENUE,236,W,N,A,-,Y,SBD,NA,10,NA,NA,32.041,H,NA,L,Y,3,0,1,2,A,-,03,22350,NA,N,C,2,A,A,H,-,A,D,0,NA,NA,Y,NA,Y,NA,A,01,0,1,0,0,0,0,0,0,1,-,-,34.05535888671875,-117.16446685791016,SAN BERNARDINO,REDLANDS,-117.16443634033205,34.055389404296875
94378340,2024,2024-09-02,9855,2024-08-31,2315,022874,NA,6,3,6,3607,0,1,1,NA,2,152,I-15 S/B (ONTARIO FWY),FOURTH STREET,3680,N,N,A,-,Y,SBD,NA,15,NA,NA,3.777,H,NA,L,Y,2,0,1,2,A,-,01,23152,A,N,C,C,A,A,H,-,D,D,0,NA,NA,NA,NA,Y,Y,D,22,1,0,0,0,0,0,0,0,0,-,-,34.08744812011719,-117.54485321044922,SAN BERNARDINO,ONTARIO,-117.54486083984376,34.08745193481445
94380026,2024,2024-09-03,9835,2024-08-30,38,023315,NA,5,3,9,3600,0,1,1,NA,2,077,I-15 S/B,YATES WELL RD,5016,N,N,A,-,Y,SBD,NA,15,NA,NA,182.342,H,NA,L,N,3,0,1,1,A,-,01,23152,A,N,E,J,A,A,H,-,D,D,0,NA,NA,NA,NA,Y,Y,A,01,0,1,0,0,0,0,0,0,0,-,-,35.55387878417969,-115.41429901123048,SAN BERNARDINO,UNINCORPORATED,-115.41436767578124,35.55390167236328
94382434,2024,2024-09-05,9835,2024-09-03,1536,017111,NA,2,2,9,3600,0,3,5,NA,2,034,PIONEER RD,NATIONAL TRAILS HWY,100,E,N,A,-,N,NA,NA,NA,NA,NA,NA,NA,NA,NA,Y,3,0,1,1,A,-,03,22350,NA,N,F,A,A,A,H,-,A,D,0,NA,NA,NA,NA,Y,NA,D,22,0,1,0,0,0,0,0,0,0,-,-,34.83147048950195,-116.6961669921875,SAN BERNARDINO,UNINCORPORATED,-116.69625091552734,34.831600189208984
94384026,2024,2024-09-06,9834,2024-08-31,1501,020845,NA,6,2,9,3600,0,2,4,NA,1,067,PARKER DAM RD.,SR-62,31680,N,N,A,-,N,NA,NA,NA,NA,NA,NA,NA,NA,NA,Y,2,0,1,1,A,-,01,23152,A,N,E,9,A,A,H,-,A,D,0,NA,NA,NA,NA,Y,Y,A,01,1,0,0,0,0,0,0,0,0,-,-,34.20466995239258,-114.22869110107422,SAN BERNARDINO,UNINCORPORATED,-114.22808074951172,34.19350814819336
9438545,2022,2022-05-16,3608,2022-03-17,0746,4345,SANBE,4,5,5,3608,0,0,0,NA,0,NA,PINE AV,ASH ST,123,W,N,A,-,N,NA,NA,NA,NA,NA,NA,NA,NA,NA,Y,4,0,2,2,A,-,09,21804,A,N,D,C,A,A,H,-,A,A,0,NA,NA,NA,NA,Y,NA,A,01,0,0,2,0,0,0,0,0,0,-,-,NA,NA,SAN BERNARDINO,REDLANDS,-117.19446563720705,34.05218505859375
94386162,2024,2024-09-09,9860,2024-08-18,355,023503,NA,7,3,6,3610,0,1,1,NA,2,216,I-215 S/B,PALM AVE,5808,S,N,A,-,Y,SBD,NA,215,NA,NA,13.083,H,NA,L,Y,3,0,1,2,A,-,03,22350,NA,N,A,C,A,A,H,-,D,D,0,NA,NA,NA,NA,Y,NA,D,22,0,1,0,0,0,0,0,0,0,-,-,34.18132019042969,-117.3480224609375,SAN BERNARDINO,SAN BERNARDINO,-117.34803009033205,34.181312561035156
94386201,2024,2024-09-09,9860,2024-08-04,346,023503,NA,7,3,9,3600,0,2,4,NA,2,411,VALLEY BLVD,CEDAR AVE,0,NA,Y,A,-,N,NA,NA,NA,NA,NA,NA,NA,NA,NA,N,3,0,1,3,A,-,01,23152,A,M,D,C,A,A,H,-,C,A,0,NA,NA,NA,NA,Y,Y,A,01,0,1,0,0,0,0,0,0,0,-,-,34.070499420166016,-117.39618682861328,SAN BERNARDINO,UNINCORPORATED,-117.39609527587892,34.07048034667969
94387887,2024,2024-09-10,9850,2024-09-01,1240,021675,NA,7,1,9,3600,0,3,5,NA,2,005,EL MIRAGE DRY LAKEBED,COLUSA RD,0,NA,Y,A,-,N,NA,NA,NA,NA,NA,NA,NA,NA,NA,N,2,0,1,1,A,-,08,38314,NA,N,F,I,A,A,H,-,A,D,0,NA,NA,Y,NA,Y,NA,C,06,1,0,0,0,0,0,0,0,1,-,-,34.64365005493164,-117.58106994628906,SAN BERNARDINO,UNINCORPORATED,NA,NA
94389202,2024,2024-09-10,9850,2024-09-02,20,022494,NA,1,3,9,3600,0,1,3,NA,2,060,SR-138,BEEKLEY RD,528,E,N,A,-,Y,SBD,NA,138,NA,NA,4.988,H,NA,R,Y,4,0,2,2,A,-,03,22350,NA,N,C,C,A,A,H,-,D,D,0,NA,NA,NA,NA,Y,NA,A,01,0,0,2,0,0,0,0,0,0,-,-,34.41083908081055,-117.58779144287108,SAN BERNARDINO,UNINCORPORATED,-117.58779144287108,34.41083908081055
94389668,2024,2024-09-11,9855,2024-08-30,2102,022998,NA,5,2,9,3600,0,3,5,NA,2,001,HUNTER AVE. (14000 BLOCK),REDWOOD AVE.,0,NA,Y,A,-,N,NA,NA,NA,NA,NA,NA,NA,NA,NA,Y,2,0,1,2,A,-,01,23152,A,N,E,8,A,A,H,-,C,D,0,NA,NA,NA,Y,Y,Y,D,22,1,0,0,0,0,0,0,0,0,-,-,34.071510314941406,-117.48426055908205,SAN BERNARDINO,UNINCORPORATED,-117.48429107666016,34.071533203125
94390326,2024,2024-09-11,9860,2024-09-06,544,022553,NA,5,3,6,3610,0,1,1,NA,2,216,I-215 N/B,DEVORE RD,5280,S,N,B,-,Y,SBD,NA,215,NA,NA,16.28,H,NA,R,Y,2,0,1,1,A,-,08,22107,NA,N,E,I,A,A,H,-,D,D,0,NA,NA,NA,NA,Y,NA,D,22,1,0,0,0,0,0,0,0,0,-,-,34.212581634521484,-117.38907623291016,SAN BERNARDINO,SAN BERNARDINO,-117.38909912109376,34.21255874633789
94390404,2024,2024-09-11,9860,2024-09-11,831,021934,NA,3,1,5,3608,0,1,1,NA,2,104,I-10 W/B FROM ALABAMA STREET,ALABAMA ST,250,W,N,A,-,Y,NA,NA,NA,NA,NA,NA,NA,NA,NA,Y,4,0,1,2,A,-,03,22350,NA,N,C,C,A,A,H,-,A,D,0,NA,NA,NA,NA,Y,NA,A,07,0,0,1,0,0,0,0,0,0,-,-,34.067081451416016,-117.21111297607422,SAN BERNARDINO,REDLANDS,-117.20956420898438,34.06674575805664
94391480,2024,2024-09-12,9855,2024-09-05,945,020564,NA,4,1,6,3616,0,1,1,NA,2,203,SR-210 E/B (FOOTHILL FWY) TO HAVEN AVENUE,HAVEN AVE,40,W,N,A,-,Y,NA,NA,NA,NA,NA,NA,NA,NA,NA,Y,3,0,1,2,A,-,03,22350,NA,N,C,C,A,A,H,-,A,D,0,NA,NA,NA,NA,Y,NA,A,01,0,1,0,0,0,0,0,0,0,-,-,34.135501861572266,-117.5762176513672,SAN BERNARDINO,RANCHO CUCAMONGA,-117.57657623291016,34.135860443115234
94393876,2024,2024-09-13,9850,2024-09-09,1210,021342,NA,1,1,9,3600,0,3,5,NA,2,001,SPRING VALLEY PKY,PEBBLE BEACH DR,0,NA,Y,B,-,N,NA,NA,NA,NA,NA,NA,NA,NA,NA,Y,4,0,1,2,A,-,09,21800,A,N,D,C,A,A,H,-,A,A,0,NA,NA,NA,NA,Y,NA,A,07,0,0,1,0,0,0,0,0,0,-,-,34.48482894897461,-117.2680206298828,SAN BERNARDINO,UNINCORPORATED,-117.26799011230467,34.48478698730469
94394221,2024,2024-09-16,9850,2024-09-07,555,021639,NA,6,3,5,3619,0,1,1,NA,2,082,I-15 N/B,MAIN ST,5280,N,N,A,-,Y,SBD,NA,15,NA,NA,35.011,H,NA,R,Y,2,0,1,1,C,-,18,NA,NA,N,E,8,A,A,D,-,D,D,0,NA,NA,NA,NA,Y,NA,-,-,1,0,0,0,0,0,0,0,0,-,-,34.438961029052734,-117.37068939208984,SAN BERNARDINO,HESPERIA,-117.37068176269533,34.43895721435547
9439466,2022,2022-06-21,3605,2022-05-12,1537,429,NA,4,5,4,3605,0,0,0,NA,0,NA,BENITO ST,FREMONT AV,103,E,N,A,-,N,NA,NA,NA,NA,NA,NA,NA,NA,NA,Y,3,0,1,3,A,-,06,21755,A,N,B,C,A,A,H,-,A,D,0,NA,NA,NA,NA,Y,NA,D,22,0,1,0,0,0,0,0,0,0,-,-,NA,NA,SAN BERNARDINO,MONTCLAIR,-117.69357299804688,34.07400131225586
94397368,2024,2024-09-17,9860,2024-09-16,710,014963,NA,1,1,9,3600,0,2,4,NA,2,411,CEDAR AVE.,VALLEY BLVD.,270,N,N,A,-,N,NA,NA,NA,NA,NA,NA,NA,NA,NA,N,3,0,1,3,A,-,08,22107,NA,N,C,C,A,A,H,-,A,D,0,NA,NA,Y,NA,Y,NA,C,02,0,1,0,0,0,0,0,0,1,-,-,34.07135009765625,-117.39633178710938,SAN BERNARDINO,UNINCORPORATED,-117.39620208740234,34.07121658325195
94397759,2024,2024-09-17,9855,2024-09-10,1545,021873,NA,2,2,9,3600,0,3,5,NA,2,001,RANDALL AVE.,REDWOOD AVE.,0,NA,Y,A,-,N,NA,NA,NA,NA,NA,NA,NA,NA,NA,Y,2,0,1,2,A,-,12,22450,A,N,D,C,A,A,H,-,A,A,0,NA,NA,NA,NA,Y,NA,-,-,1,0,0,0,0,0,0,0,0,-,-,34.084720611572266,-117.48426055908205,SAN BERNARDINO,UNINCORPORATED,-117.4842529296875,34.08469009399414
94398458,2024,2024-11-27,9860,2024-09-09,1710,022319,NA,1,2,5,3609,0,1,3,NA,2,211,SR-210 W/B,HIGHLAND AVE.,700,E,N,A,-,Y,SBD,NA,210,NA,NA,19.002,H,NA,L,N,4,0,1,2,A,-,07,21658,A,N,C,C,A,A,H,-,A,D,0,NA,NA,NA,NA,Y,NA,A,01,0,0,1,0,0,0,0,0,0,-,-,34.13628005981445,-117.36495971679688,SAN BERNARDINO,RIALTO,-117.36495971679688,34.13629150390625
94400059,2024,2024-09-19,9835,2024-09-15,2323,023936,NA,7,3,9,3600,0,2,4,NA,1,018,FORT IRWIN RD,ROCKING K RANCH RD,1584,S,N,G,-,Y,NA,NA,NA,NA,NA,NA,NA,NA,NA,Y,3,0,1,1,A,-,08,22107,NA,N,E,8,A,A,H,-,D,D,0,NA,NA,NA,NA,Y,NA,A,07,0,1,0,0,0,0,0,0,0,-,-,35.1533203125,-116.76862335205078,SAN BERNARDINO,UNINCORPORATED,-116.76840972900392,35.15353775024414
9440168,2022,2022-04-27,3600,2022-03-04,0824,G8608,3600,5,5,5,3621,0,0,0,NA,0,0AP,KIOWA RD,TUSSING RANCH RD,555,S,N,A,-,N,NA,NA,NA,NA,NA,NA,NA,NA,NA,Y,4,0,1,1,A,-,08,22107,NA,N,E,J,A,A,H,-,A,D,0,NA,NA,NA,NA,Y,NA,-,-,0,0,1,0,0,0,0,0,0,-,-,NA,NA,SAN BERNARDINO,APPLE VALLEY,-117.20758056640624,34.4410285949707
94404714,2024,2024-09-23,9850,2024-09-12,1230,021342,NA,4,1,9,3600,0,2,4,NA,2,057,SHEEP CREEK RD,SMOKE TREE RD,6,S,N,A,-,N,NA,NA,NA,NA,NA,NA,NA,NA,NA,N,4,0,1,2,A,-,03,22350,NA,N,C,C,A,A,H,-,A,D,0,NA,NA,NA,NA,Y,NA,A,07,0,0,1,0,0,0,0,0,0,-,-,34.44078826904297,-117.57267761230467,SAN BERNARDINO,UNINCORPORATED,-117.5727081298828,34.44081497192383
94407614,2024,2024-09-25,9860,2024-09-22,2230,022906,NA,7,3,6,3610,0,3,5,NA,2,002,STERLING AVE,PUMALO ST,0,NA,Y,A,-,N,NA,NA,NA,NA,NA,NA,NA,NA,NA,Y,3,0,3,2,A,-,17,21451,A,N,D,C,A,A,H,-,C,A,0,NA,NA,NA,NA,Y,NA,A,01,0,2,1,0,0,0,0,0,0,-,-,34.13943099975586,-117.24376678466795,SAN BERNARDINO,SAN BERNARDINO,-117.24368286132813,34.13937759399414