CASE_ID,ACCIDENT_YEAR,PROC_DATE,JURIS,COLLISION_DATE,COLLISION_TIME,OFFICER_ID,REPORTING_DISTRICT,DAY_OF_WEEK,CHP_SHIFT,POPULATION,CNTY_CITY_LOC,SPECIAL_COND,BEAT_TYPE,CHP_BEAT_TYPE,CITY_DIVISION_LAPD,CHP_BEAT_CLASS,BEAT_NUMBER,PRIMARY_RD,SECONDARY_RD,DISTANCE,DIRECTION,INTERSECTION,WEATHER_1,WEATHER_2,STATE_HWY_IND,CALTRANS_COUNTY,CALTRANS_DISTRICT,STATE_ROUTE,ROUTE_SUFFIX,POSTMILE_PREFIX,POSTMILE,LOCATION_TYPE,RAMP_INTERSECTION,SIDE_OF_HWY,TOW_AWAY,COLLISION_SEVERITY,NUMBER_KILLED,NUMBER_INJURED,PARTY_COUNT,PRIMARY_COLL_FACTOR,PCF_CODE_OF_VIOL,PCF_VIOL_CATEGORY,PCF_VIOLATION,PCF_VIOL_SUBSECTION,HIT_AND_RUN,TYPE_OF_COLLISION,MVIW,PED_ACTION,ROAD_SURFACE,ROAD_COND_1,ROAD_COND_2,LIGHTING,CONTROL_DEVICE,CHP_ROAD_TYPE,PEDESTRIAN_ACCIDENT,BICYCLE_ACCIDENT,MOTORCYCLE_ACCIDENT,TRUCK_ACCIDENT,NOT_PRIVATE_PROPERTY,ALCOHOL_INVOLVED,STWD_VEHTYPE_AT_FAULT,CHP_VEHTYPE_AT_FAULT,COUNT_SEVERE_INJ,COUNT_VISIBLE_INJ,COUNT_COMPLAINT_PAIN,COUNT_PED_KILLED,COUNT_PED_INJURED,COUNT_BICYCLIST_KILLED,COUNT_BICYCLIST_INJURED,COUNT_MC_KILLED,COUNT_MC_INJURED,PRIMARY_RAMP,SECONDARY_RAMP,LATITUDE,LONGITUDE,COUNTY,CITY,POINT_X,POINT_Y
94482285,2024,2024-11-25,9835,2024-11-17,2225,022787,NA,7,3,9,3600,0,1,1,NA,2,073,I-15 S/B,AFTON AVE,11088,S,N,A,-,Y,SBD,NA,15,NA,R,109.481,H,NA,L,Y,3,0,1,1,A,-,08,22107,NA,N,E,I,A,A,H,-,D,D,0,NA,NA,NA,NA,Y,NA,D,22,0,1,0,0,0,0,0,0,0,-,-,35.051979064941406,-116.44158935546876,SAN BERNARDINO,UNINCORPORATED,-116.44163513183594,35.052024841308594
94484249,2024,2024-11-26,9855,2024-11-22,45,021233,NA,5,3,6,3607,0,1,3,NA,2,603,SR-60 E/B (POMONA FWY),EUCLID AVE.,1500,W,N,A,-,Y,SBD,NA,60,NA,R,4.283,H,NA,R,Y,4,0,1,3,A,-,08,22107,NA,F,B,2,A,A,H,-,C,D,0,NA,NA,NA,Y,Y,NA,-,99,0,0,1,0,0,0,0,0,0,-,-,34.030311584472656,-117.6560516357422,SAN BERNARDINO,ONTARIO,-117.6560516357422,34.030311584472656
9448689,2022,2022-06-06,3610,2022-04-09,1654,51372,NA,6,5,6,3610,0,0,0,NA,0,POLICE,3RD ST,VICTORIA AV,0,NA,Y,A,-,N,NA,NA,NA,NA,NA,NA,NA,NA,NA,Y,4,0,3,2,A,-,12,21453,A,N,D,C,A,A,H,-,A,A,0,NA,NA,NA,NA,Y,NA,A,01,0,0,3,0,0,0,0,0,0,-,-,34.10675811767578,-117.22617340087892,SAN BERNARDINO,SAN BERNARDINO,-117.22618865966795,34.10675811767578
9448694,2022,2022-06-09,3610,2022-04-11,1441,50360,NA,1,5,6,3610,0,0,0,NA,0,POLICE,W 40TH ST,N H ST,0,NA,Y,B,-,N,NA,NA,NA,NA,NA,NA,NA,NA,NA,Y,3,0,2,5,A,-,09,21801,A,N,D,C,F,A,H,-,A,A,0,Y,NA,NA,NA,Y,NA,A,01,0,1,1,0,1,0,0,0,0,-,-,34.16461181640625,-117.30046081542967,SAN BERNARDINO,SAN BERNARDINO,-117.3004913330078,34.16461181640625
94488576,2024,2024-12-02,9855,2024-11-24,2020,022895,NA,7,2,6,3616,0,1,1,NA,2,201,SR-210 E/B (FOOTHILL FWY),HAVEN AVENUE,1275,E,N,A,-,Y,SBD,NA,210,NA,NA,7.167,H,NA,R,N,4,0,1,2,A,-,03,22350,NA,N,C,C,A,A,H,-,D,D,0,NA,NA,NA,NA,Y,NA,A,01,0,0,1,0,0,0,0,0,0,-,-,34.13615036010742,-117.57147979736328,SAN BERNARDINO,RANCHO CUCAMONGA,-117.5714874267578,34.13623809814453
94489276,2024,2024-12-02,9860,2024-11-16,500,022843,NA,6,3,6,3610,0,1,1,NA,2,216,I-215 S/B,PALM AVE,3168,S,N,A,-,Y,SBD,NA,215,NA,NA,13.55,H,NA,L,Y,3,0,1,2,A,-,08,22107,NA,N,C,2,A,B,H,-,C,D,0,NA,NA,NA,NA,Y,NA,A,01,0,1,0,0,0,0,0,0,0,-,-,34.185791015625,-117.35394287109376,SAN BERNARDINO,SAN BERNARDINO,-117.35395050048828,34.18577575683594
94489372,2024,2024-12-02,9850,2024-11-20,850,020572,NA,3,1,9,3600,0,1,3,NA,2,046,RABBIT SPRINGS RD,SR-247 (BARSTOW RD),0,NA,Y,A,-,Y,SBD,NA,247,NA,NA,46.112,H,NA,R,N,3,0,2,2,A,-,09,21800,A,N,D,C,A,A,H,-,A,D,0,NA,NA,NA,NA,Y,NA,A,01,0,1,1,0,0,0,0,0,0,-,-,34.45840835571289,-116.94580841064452,SAN BERNARDINO,UNINCORPORATED,-116.94579315185548,34.45840835571289
94490417,2024,2024-12-03,9855,2024-11-24,315,023010,NA,7,3,6,3607,0,1,3,NA,2,601,SR-60 W/B (POMONA FWY),GROVE AVE.,3100,W,N,A,-,Y,SBD,NA,60,NA,R,5.283,H,NA,L,N,4,0,1,1,A,-,01,23152,A,N,F,J,A,A,H,-,D,D,0,NA,NA,NA,NA,Y,Y,A,01,0,0,1,0,0,0,0,0,0,-,-,34.03068923950195,-117.63861083984376,SAN BERNARDINO,ONTARIO,-117.63861083984376,34.030555725097656
9449069,2022,2022-06-10,3604,2022-05-15,1640,1128,3604,7,5,6,3604,0,0,0,NA,0,003,MERRILL AV,LOCUST AV,0,NA,Y,A,-,N,NA,NA,NA,NA,NA,NA,NA,NA,NA,N,4,0,1,2,A,-,09,21801,A,N,D,C,A,A,H,-,A,A,0,NA,NA,NA,NA,Y,NA,A,01,0,0,1,0,0,0,0,0,0,-,-,NA,NA,SAN BERNARDINO,FONTANA,-117.40963745117188,34.09221649169922
94490910,2024,2024-12-03,9835,2024-10-24,1944,023106,NA,4,2,3,3601,0,1,1,NA,2,071,INTERSTATE 15 SOUTHBOUND,L ST,4752,N,N,A,-,Y,SBD,NA,15,NA,NA,72.514,H,NA,L,Y,1,1,0,1,A,-,08,22107,NA,N,E,I,A,A,H,-,D,D,0,NA,NA,NA,NA,Y,NA,A,07,0,0,0,0,0,0,0,0,0,-,-,34.886348724365234,-117.04102325439452,SAN BERNARDINO,BARSTOW,-117.04102325439452,34.88629150390625
9449421,2022,2022-05-31,3600,2022-04-02,1749,D3381,VC094,6,5,5,3612,0,0,0,NA,0,VC5,CIVIC DR,ROY ROGERS DR,446,S,N,A,-,N,NA,NA,NA,NA,NA,NA,NA,NA,NA,Y,3,0,1,2,A,-,09,21801,A,N,D,C,A,A,H,-,A,A,0,NA,NA,NA,NA,Y,NA,A,01,0,1,0,0,0,0,0,0,0,-,-,34.52151870727539,-117.32379150390624,SAN BERNARDINO,VICTORVILLE,-117.3237762451172,34.52029800415039
94499351,2024,2024-12-13,9855,2024-12-02,1509,020216,NA,1,2,9,3600,0,3,5,NA,2,001,ARROW RTE,ALMOND AVE.,0,NA,Y,A,-,N,NA,NA,NA,NA,NA,NA,NA,NA,NA,Y,4,0,2,3,A,-,09,21802,A,N,D,C,A,A,H,-,A,A,0,NA,NA,NA,NA,Y,NA,A,01,0,0,2,0,0,0,0,0,0,-,-,34.09928894042969,-117.4931411743164,SAN BERNARDINO,UNINCORPORATED,-117.49317169189452,34.099281311035156
94499850,2024,2024-12-13,9860,2024-12-01,1355,024070,NA,7,1,5,3608,0,1,1,NA,2,105,I-10 W/B,TENNESSEE ST,490,E,N,A,-,Y,SBD,NA,10,NA,NA,29.914,H,NA,L,Y,4,0,1,1,A,-,08,22107,NA,N,F,A,A,A,H,-,A,D,0,NA,NA,NA,NA,Y,NA,A,07,0,0,1,0,0,0,0,0,0,-,-,34.064849853515625,-117.19876098632813,SAN BERNARDINO,REDLANDS,-117.19883728027344,34.06475830078125
9450051,2022,2022-06-27,3605,2022-05-19,0534,434,NA,4,5,4,3605,0,0,0,NA,0,NA,CENTRAL AV,TELEPHONE POLE #4503119E,100,S,N,A,-,N,NA,NA,NA,NA,NA,NA,NA,NA,NA,N,3,0,1,4,A,-,08,22107,NA,N,-,E,A,A,H,-,A,A,0,NA,NA,NA,NA,Y,NA,A,07,0,1,0,0,0,0,0,0,0,-,-,NA,NA,SAN BERNARDINO,MONTCLAIR,NA,NA
9450401,2022,2022-06-03,3605,2022-04-17,2137,460,NA,7,5,4,3605,0,0,0,NA,0,NA,KINGSLEY ST,MONTE VISTA AV,279,W,N,A,-,N,NA,NA,NA,NA,NA,NA,NA,NA,NA,N,4,0,1,2,A,-,04,21703,NA,F,C,C,A,A,H,-,C,A,0,NA,NA,NA,NA,Y,NA,A,01,0,0,1,0,0,0,0,0,0,-,-,NA,NA,SAN BERNARDINO,MONTCLAIR,-117.69921112060548,34.06673812866211
94506952,2024,2024-12-17,9850,2024-12-05,342,022734,NA,4,3,5,3619,0,1,1,NA,2,082,I-15 N/B,MAIN ST,3960,S,N,A,-,Y,SBD,NA,15,NA,NA,33.259,H,NA,R,Y,3,0,1,1,A,-,08,22107,NA,N,E,I,A,A,D,-,A,D,0,NA,NA,NA,NA,Y,NA,A,01,0,1,0,0,0,0,0,0,0,-,-,34.41756820678711,-117.38716888427734,SAN BERNARDINO,HESPERIA,-117.38733673095705,34.417659759521484
94507072,2024,2024-12-17,9850,2024-12-06,2212,021384,NA,5,3,9,3600,0,3,5,NA,2,005,OASIS RD,DANBURY RD,0,NA,Y,A,-,N,NA,NA,NA,NA,NA,NA,NA,NA,NA,N,3,0,2,2,A,-,09,21802,A,N,D,C,A,A,H,-,D,A,0,NA,NA,NA,NA,Y,NA,A,01,0,1,1,0,0,0,0,0,0,-,-,34.47896957397461,-117.6432876586914,SAN BERNARDINO,UNINCORPORATED,-117.6432876586914,34.479007720947266
94508458,2024,2024-12-18,9835,2024-12-12,1920,020150,NA,4,2,9,3600,0,1,1,NA,2,075,I-15 S/B,KELBAKER ROAD,2640,N,N,A,-,Y,SBD,NA,15,NA,R,136.964,H,NA,L,Y,4,0,1,1,A,-,08,22107,NA,N,E,I,A,A,H,-,D,D,0,NA,NA,NA,NA,Y,NA,A,07,0,0,1,0,0,0,0,0,0,-,-,35.266910552978516,-116.0677490234375,SAN BERNARDINO,UNINCORPORATED,-116.06785583496094,35.26702117919922
94510201,2024,2024-12-19,9850,2024-12-11,1730,017775,NA,3,2,9,3600,0,3,5,NA,2,003,TUSSING RANCH ROAD,CENTRAL ROAD,0,NA,Y,A,-,N,NA,NA,NA,NA,NA,NA,NA,NA,NA,Y,3,0,2,2,A,-,12,22450,A,N,D,C,A,A,H,-,D,A,0,NA,NA,NA,NA,Y,NA,A,01,0,2,0,0,0,0,0,0,0,-,-,34.4427490234375,-117.17262268066406,SAN BERNARDINO,UNINCORPORATED,-117.17263793945313,34.44270324707031
94510892,2024,2024-12-19,9855,2024-12-09,1150,023630,NA,1,1,6,3607,0,1,1,NA,2,103,I-10 W/B (SAN BERNARDINO FWY),HAVEN AVENUE,2640,W,N,A,-,Y,SBD,NA,10,NA,NA,7.688,H,NA,L,Y,4,0,2,2,A,-,03,22350,NA,N,C,C,A,A,H,-,A,A,0,NA,NA,NA,NA,Y,NA,A,01,0,0,2,0,0,0,0,0,0,-,-,34.067710876464844,-117.58413696289063,SAN BERNARDINO,ONTARIO,-117.58413696289063,34.06768035888672
94513722,2024,2024-12-23,9855,2024-12-13,2055,023010,NA,5,2,6,3607,0,1,1,NA,2,152,I-15 S/B (ONTARIO FWY),JURUPA ST.,4000,N,N,A,-,Y,SBD,NA,15,NA,NA,1.767,H,NA,L,Y,2,0,1,1,A,-,01,23152,A,N,E,I,A,A,H,-,D,D,0,NA,NA,NA,NA,Y,Y,D,22,1,0,0,0,0,0,0,0,0,-,-,34.05841064453125,-117.54579925537108,SAN BERNARDINO,ONTARIO,-117.54566192626952,34.058380126953125
94513910,2024,2024-12-23,9855,2024-12-14,925,021873,NA,6,1,9,3600,0,3,5,NA,2,001,8400 BEECH AVE.,ARROW RTE,223,N,N,A,-,Y,NA,NA,NA,NA,NA,NA,NA,NA,NA,N,3,0,2,2,A,-,21,22106,NA,N,B,C,A,A,H,-,A,D,0,NA,NA,NA,NA,Y,NA,D,22,0,2,0,0,0,0,0,0,0,-,-,34.099979400634766,-117.47118377685548,SAN BERNARDINO,UNINCORPORATED,-117.47122192382813,34.099891662597656
94514963,2024,2024-12-24,9850,2024-12-16,1440,021675,NA,1,2,9,3600,0,3,5,NA,2,002,RANCHERO RD,COYOTE TRL,0,NA,Y,A,-,N,NA,NA,NA,NA,NA,NA,NA,NA,NA,N,4,0,1,2,A,-,09,21802,A,N,D,C,A,A,H,-,A,A,0,NA,NA,NA,NA,Y,NA,A,01,0,0,1,0,0,0,0,0,0,-,-,34.3831787109375,-117.38150024414063,SAN BERNARDINO,UNINCORPORATED,-117.38137817382813,34.383113861083984
9451598,2022,2022-06-01,3600,2022-05-04,1814,H6883,HE326,3,5,5,3619,0,0,0,NA,0,HE3,RANCHERO RD,MARIPOSA RD,0,NA,Y,A,-,N,NA,NA,NA,NA,NA,NA,NA,NA,NA,Y,4,0,1,2,A,-,12,21453,A,N,D,C,A,A,H,-,A,A,0,NA,NA,NA,NA,Y,NA,A,01,0,0,1,0,0,0,0,0,0,-,-,NA,NA,SAN BERNARDINO,HESPERIA,-117.41136932373048,34.38302230834961
94516622,2024,2024-12-26,9855,2024-12-15,1810,023007,NA,7,2,6,3607,0,1,1,NA,2,152,I-15 S/B (ONTARIO FWY),JURUPA STREET,1375,N,N,A,-,Y,SBD,NA,15,NA,NA,1.274,H,NA,L,N,4,0,1,3,A,-,03,22350,NA,N,C,C,A,A,H,-,D,D,0,NA,NA,NA,NA,Y,NA,A,07,0,0,1,0,0,0,0,0,0,-,-,34.05168151855469,-117.54873657226563,SAN BERNARDINO,ONTARIO,-117.54875946044922,34.05168533325195
94517690,2024,2024-12-27,9860,2024-12-13,420,022906,NA,5,3,6,3610,0,1,1,NA,2,201,I-215 FROM SR-210 E/B,W 27TH STREET,219,W,N,A,-,Y,SBD,NA,210,NA,NA,21.471,H,NA,R,Y,2,0,1,1,A,-,01,23152,A,N,E,I,A,A,H,-,C,D,0,NA,NA,NA,NA,Y,Y,A,01,1,0,0,0,0,0,0,0,0,-,-,34.13970184326172,-117.32412719726563,SAN BERNARDINO,SAN BERNARDINO,-117.32438659667967,34.13986587524414
94518096,2024,2024-12-27,9860,2024-12-26,1750,022875,NA,4,2,9,3600,0,3,5,NA,2,003,OAK GLEN ROAD,POTATO CANYON RD,0,NA,Y,A,-,N,NA,NA,NA,NA,NA,NA,NA,NA,NA,Y,4,0,1,2,A,-,09,21802,A,N,D,D,A,A,H,-,D,A,0,NA,NA,NA,NA,Y,NA,A,08,0,0,1,0,0,0,0,0,0,-,-,34.05363845825195,-116.96443176269533,SAN BERNARDINO,UNINCORPORATED,-116.99944305419922,34.0489616394043
9451917,2022,2022-08-24,3610,2022-04-17,0228,51268,NA,7,5,6,3610,0,0,0,NA,0,POLICE,N CALIFORNIA ST,N COLORADO AV,347,N,N,A,-,N,NA,NA,NA,NA,NA,NA,NA,NA,NA,Y,1,1,0,2,A,-,01,23152,A,N,C,E,A,A,H,-,C,D,0,NA,NA,Y,NA,Y,Y,C,06,0,0,0,0,0,0,0,1,0,-,-,NA,NA,SAN BERNARDINO,SAN BERNARDINO,-117.3311004638672,34.1233024597168
9452303,2022,2022-06-03,3610,2022-04-16,0545,51281,NA,6,5,6,3610,0,0,0,NA,0,CHARLI,E BASELINE ST,NORTH SIERRA WY,0,NA,Y,A,-,N,NA,NA,NA,NA,NA,NA,NA,NA,NA,N,4,0,1,2,A,-,12,21453,A,M,D,C,A,A,H,-,A,A,0,NA,NA,NA,NA,Y,NA,A,01,0,0,1,0,0,0,0,0,0,-,-,NA,NA,SAN BERNARDINO,SAN BERNARDINO,-117.28514862060548,34.121341705322266
94523318,2024,2025-01-02,9850,2024-12-22,427,022734,NA,7,3,6,3610,0,1,S,NA,2,904,I-15 S/B,SR-138,2851,S,N,A,-,Y,SBD,NA,15,NA,R,20.834,H,NA,L,Y,4,0,1,2,A,-,08,22107,NA,N,B,E,A,A,H,-,C,D,0,NA,NA,NA,Y,Y,NA,A,01,0,0,1,0,0,0,0,0,0,-,-,34.3060417175293,-117.4685287475586,SAN BERNARDINO,SAN BERNARDINO,-117.46839904785156,34.30616760253906
94529815,2024,2025-01-08,9855,2024-12-17,1705,021233,NA,2,2,5,3602,0,1,3,NA,2,603,SR-60 E/B (POMONA FWY),CENTRAL AVE,2500,E,N,A,-,Y,SBD,NA,60,NA,R,2.879,H,NA,R,N,4,0,2,2,A,-,03,22350,NA,N,C,C,A,A,H,-,C,D,0,NA,NA,NA,NA,Y,NA,E,22,0,0,2,0,0,0,0,0,0,-,-,34.030128479003906,-117.68051147460938,SAN BERNARDINO,CHINO,-117.68051147460938,34.030235290527344
94531211,2025,2025-01-09,9835,2025-01-06,2337,021482,NA,1,3,9,3600,0,1,1,NA,2,070,I-15 S/B,HODGE RD,8448,S,N,A,-,Y,SBD,NA,15,NA,NA,58.53,H,NA,L,Y,3,0,1,2,A,-,03,22350,NA,N,C,C,A,A,H,-,D,D,0,NA,NA,NA,Y,Y,NA,A,07,0,1,0,0,0,0,0,0,0,-,-,34.73426055908203,-117.18393707275392,SAN BERNARDINO,UNINCORPORATED,-117.18392181396484,34.7342529296875
94531535,2024,2025-01-09,9855,2024-12-25,2227,021483,NA,3,3,6,3616,0,1,1,NA,2,201,SR-210 E/B (FOOTHILL FWY),HAVEN AVENUE,2000,E,N,A,-,Y,SBD,NA,210,NA,NA,7.383,H,NA,R,Y,3,0,5,3,A,-,03,22350,NA,N,C,C,A,A,H,-,C,D,0,NA,NA,NA,NA,Y,NA,A,01,0,3,2,0,0,0,0,0,0,-,-,34.13644027709961,-117.56774139404295,SAN BERNARDINO,RANCHO CUCAMONGA,-117.56774139404295,34.1364860534668
94533350,2024,2025-01-10,9860,2024-12-28,1535,022843,NA,6,2,9,3600,0,1,1,NA,2,152,I-15 S/B,SR-138,194,N,N,A,-,Y,SBD,NA,15,NA,R,21.414,H,NA,L,N,4,0,1,2,A,-,03,22350,NA,N,C,C,A,A,H,-,A,D,0,NA,NA,NA,NA,Y,NA,A,01,0,0,1,0,0,0,0,0,0,-,-,34.31227111816406,-117.47550964355467,SAN BERNARDINO,UNINCORPORATED,-117.47557067871094,34.312225341796875
94535738,2024,2025-01-13,9855,2024-10-11,1924,022900,NA,5,2,5,3602,0,1,3,NA,2,603,STATE ROUTE 60 WESTBOUND (POMONA FWY),BENSON AVENUE,267,E,N,A,-,Y,SBD,NA,60,NA,R,2.924,H,NA,L,Y,1,1,0,2,A,-,11,21954,A,N,G,B,E,A,H,-,D,D,0,Y,NA,NA,NA,Y,NA,N,60,0,0,0,1,0,0,0,0,0,-,-,34.030391693115234,-117.67971801757813,SAN BERNARDINO,CHINO,-117.67971801757813,34.030452728271484
94536893,2025,2025-01-14,9865,2025-01-07,550,018392,NA,2,3,9,3600,0,3,5,NA,2,001,DALEY CANYON RD,SR-189,350,S,N,D,-,N,NA,NA,NA,NA,NA,NA,NA,NA,NA,Y,3,0,1,2,A,-,03,22350,NA,N,A,C,A,C,H,-,A,D,0,NA,NA,NA,NA,Y,NA,A,01,0,1,0,0,0,0,0,0,0,-,-,34.233360290527344,-117.21649932861328,SAN BERNARDINO,UNINCORPORATED,-117.217529296875,34.23585891723633
94537060,2025,2025-01-14,9855,2025-01-07,1855,023007,NA,2,2,6,3616,0,1,1,NA,2,201,SR-210 W/B (FOOTHILL FWY),DAY CREEK BLVD,1635,W,N,G,-,Y,SBD,NA,210,NA,NA,8.831,H,NA,L,Y,4,0,1,1,A,-,03,22350,NA,N,F,I,A,A,H,-,D,D,0,NA,NA,NA,Y,Y,NA,F,26,0,0,1,0,0,0,0,0,0,-,-,34.13665008544922,-117.54247283935548,SAN BERNARDINO,RANCHO CUCAMONGA,-117.54247283935548,34.13666534423828
94537168,2025,2025-01-14,9860,2025-01-06,640,016575,NA,1,1,4,3603,0,1,1,NA,2,214,I-215 S/B,IOWA AVE.,2100,N,N,A,-,Y,SBD,NA,215,NA,NA,0.816,H,NA,L,Y,4,0,1,2,A,-,03,22350,NA,N,C,C,A,A,H,-,A,D,0,NA,NA,NA,NA,Y,NA,D,22,0,0,1,0,0,0,0,0,0,-,-,34.028690338134766,-117.33090972900392,SAN BERNARDINO,COLTON,-117.3309326171875,34.02870559692383
94538742,2025,2025-01-15,9855,2025-01-12,1348,021873,NA,7,1,6,3607,0,1,1,NA,2,103,I-10 W/B (SAN BERNARDINO FWY),4TH ST.,2100,E,N,A,-,Y,SBD,NA,10,NA,NA,5.677,H,NA,L,Y,3,0,3,2,A,-,03,22350,NA,N,C,C,A,A,H,-,A,D,0,NA,NA,NA,NA,Y,NA,D,22,0,3,0,0,0,0,0,0,0,-,-,34.07416915893555,-117.6171417236328,SAN BERNARDINO,ONTARIO,-117.61713409423828,34.074180603027344
94539058,2025,2025-01-15,9855,2025-01-13,1514,015919,NA,1,2,6,3607,0,1,1,NA,2,101,I-10 E/B (SAN BERNARDINO FWY),ETIWANDA AVENUE,2300,W,N,A,-,Y,SBD,NA,10,NA,NA,10.663,H,NA,R,N,4,0,1,2,A,-,07,21658,A,N,C,C,A,A,H,-,A,D,0,NA,NA,NA,NA,Y,NA,A,07,0,0,1,0,0,0,0,0,0,-,-,34.06713104248047,-117.53225708007813,SAN BERNARDINO,ONTARIO,-117.53225708007813,34.06724548339844
94539550,2024,2025-01-16,9860,2024-12-11,2335,020282,NA,3,3,5,3608,0,1,1,NA,2,105,I-10 E/B,FORD ST,1056,W,N,A,-,Y,SBD,NA,10,NA,NA,32.843,H,NA,R,Y,3,0,1,2,A,-,01,23152,A,N,C,E,A,A,H,-,C,D,0,NA,NA,NA,Y,Y,Y,A,01,0,1,0,0,0,0,0,0,0,-,-,34.045509338378906,-117.15743255615234,SAN BERNARDINO,REDLANDS,-117.15734100341795,34.045536041259766
94540005,2025,2025-01-16,9850,2025-01-04,1615,021639,NA,6,2,9,3600,0,2,4,NA,2,037,BEAR VALLEY RD,CHIPMUNK RD,400,E,N,A,-,N,NA,NA,NA,NA,NA,NA,NA,NA,NA,Y,2,0,2,2,A,-,03,22350,NA,N,C,C,A,A,H,-,A,D,0,NA,NA,NA,NA,Y,NA,A,01,1,0,1,0,0,0,0,0,0,-,-,34.47187042236328,-117.14933013916016,SAN BERNARDINO,UNINCORPORATED,NA,NA
94540048,2025,2025-01-16,9850,2025-01-05,2040,022386,NA,7,2,9,3600,0,1,1,NA,2,084,I-15 S/B,DALE EVANS PKY,5280,N,N,A,-,Y,SBD,NA,15,NA,NA,53.265,H,NA,L,N,4,0,1,1,A,-,08,22107,NA,N,E,I,A,A,H,-,D,D,0,NA,NA,NA,NA,Y,NA,D,22,0,0,1,0,0,0,0,0,0,-,-,34.66407012939453,-117.21121215820313,SAN BERNARDINO,UNINCORPORATED,-117.21125030517578,34.66407775878906
94541423,2025,2025-01-17,9860,2025-01-10,850,020533,NA,5,1,9,3600,0,1,1,NA,2,102,I-10 W/B,CEDAR AVE,500,W,N,G,-,Y,SBD,NA,10,NA,R,18.388,H,NA,L,N,4,0,2,2,A,-,03,22350,NA,N,C,C,A,A,D,E,A,D,0,NA,NA,NA,NA,Y,NA,A,07,0,0,2,0,0,0,0,0,0,-,-,34.0684814453125,-117.39791870117188,SAN BERNARDINO,UNINCORPORATED,-117.3979263305664,34.068538665771484
94543548,2025,2025-01-21,9860,2025-01-05,1419,022359,NA,7,2,5,3609,0,1,1,NA,2,201,SR-210 E/B,PEPPER AVE,1754,W,N,A,-,Y,SBD,NA,210,NA,NA,19.342,H,NA,R,N,4,0,2,3,A,-,03,22350,NA,N,C,C,A,A,H,-,A,D,0,NA,NA,NA,NA,Y,NA,A,01,0,0,2,0,0,0,0,0,0,-,-,34.1356201171875,-117.35913848876952,SAN BERNARDINO,RIALTO,-117.35914611816406,34.13561248779297
94543699,2025,2025-01-21,9860,2025-01-10,1800,022679,NA,5,2,6,3610,0,1,1,NA,2,151,I-15 N/B,GLEN HELEN PARKWAY,2587,N,N,A,-,Y,SBD,NA,15,NA,NA,15.292,H,NA,R,N,4,0,1,2,A,-,03,22350,NA,F,C,C,A,A,H,-,D,D,0,NA,NA,NA,NA,Y,NA,-,99,0,0,1,0,0,0,0,0,0,-,-,34.20967102050781,-117.41280364990234,SAN BERNARDINO,SAN BERNARDINO,-117.41272735595705,34.209659576416016
94544063,2025,2025-01-21,9865,2025-01-10,910,020872,NA,5,1,9,3600,0,1,3,NA,2,020,SR-330,FOREST ROAD 1N09,1056,N,N,A,-,Y,SBD,NA,330,NA,NA,36.473,H,NA,R,Y,4,0,1,3,A,-,03,22350,NA,N,C,C,A,A,D,-,A,D,0,NA,NA,NA,NA,Y,NA,A,07,0,0,1,0,0,0,0,0,0,-,-,34.179351806640625,-117.1479721069336,SAN BERNARDINO,UNINCORPORATED,-117.14797973632813,34.179344177246094
94544202,2025,2025-01-21,9835,2025-01-12,512,022944,NA,7,3,9,3600,0,3,5,NA,2,032,NATIONAL TRAILS HIGHWAY,OAK GROVE ROAD,350,N,N,A,-,N,NA,NA,NA,NA,NA,NA,NA,NA,NA,Y,4,0,1,1,A,-,08,22107,NA,N,E,9,A,A,H,-,D,D,0,NA,NA,NA,NA,Y,NA,A,01,0,0,1,0,0,0,0,0,0,-,-,34.83699035644531,-117.16668701171876,SAN BERNARDINO,UNINCORPORATED,-117.16670989990234,34.83694839477539
94547281,2025,2025-01-23,9870,2025-01-22,1445,016935,NA,3,2,9,3600,0,2,4,NA,2,042,AMBOY ROAD,FELDSPAR AVENUE,600,W,N,A,-,N,NA,NA,NA,NA,NA,NA,NA,NA,NA,Y,3,0,1,1,A,-,08,22107,NA,N,F,A,A,A,H,-,A,D,0,NA,NA,NA,NA,Y,NA,A,07,0,1,0,0,0,0,0,0,0,-,-,34.165409088134766,-115.99034118652344,SAN BERNARDINO,UNINCORPORATED,-115.99027252197266,34.16536331176758
94547602,2025,2025-01-23,9860,2025-01-22,1730,022347,NA,3,2,6,3610,0,1,1,NA,2,202,SR-210 W/B TO I-215 N/B,SR-210,100,N,N,A,-,Y,SBD,NA,215,NA,NA,10.519,H,NA,R,Y,4,0,1,3,A,-,03,22350,NA,N,C,C,A,A,H,-,B,D,0,NA,NA,NA,NA,Y,NA,A,01,0,0,1,0,0,0,0,0,0,-,-,34.15073013305664,-117.32266235351563,SAN BERNARDINO,SAN BERNARDINO,-117.32281494140624,34.150665283203125