CASE_ID,ACCIDENT_YEAR,PROC_DATE,JURIS,COLLISION_DATE,COLLISION_TIME,OFFICER_ID,REPORTING_DISTRICT,DAY_OF_WEEK,CHP_SHIFT,POPULATION,CNTY_CITY_LOC,SPECIAL_COND,BEAT_TYPE,CHP_BEAT_TYPE,CITY_DIVISION_LAPD,CHP_BEAT_CLASS,BEAT_NUMBER,PRIMARY_RD,SECONDARY_RD,DISTANCE,DIRECTION,INTERSECTION,WEATHER_1,WEATHER_2,STATE_HWY_IND,CALTRANS_COUNTY,CALTRANS_DISTRICT,STATE_ROUTE,ROUTE_SUFFIX,POSTMILE_PREFIX,POSTMILE,LOCATION_TYPE,RAMP_INTERSECTION,SIDE_OF_HWY,TOW_AWAY,COLLISION_SEVERITY,NUMBER_KILLED,NUMBER_INJURED,PARTY_COUNT,PRIMARY_COLL_FACTOR,PCF_CODE_OF_VIOL,PCF_VIOL_CATEGORY,PCF_VIOLATION,PCF_VIOL_SUBSECTION,HIT_AND_RUN,TYPE_OF_COLLISION,MVIW,PED_ACTION,ROAD_SURFACE,ROAD_COND_1,ROAD_COND_2,LIGHTING,CONTROL_DEVICE,CHP_ROAD_TYPE,PEDESTRIAN_ACCIDENT,BICYCLE_ACCIDENT,MOTORCYCLE_ACCIDENT,TRUCK_ACCIDENT,NOT_PRIVATE_PROPERTY,ALCOHOL_INVOLVED,STWD_VEHTYPE_AT_FAULT,CHP_VEHTYPE_AT_FAULT,COUNT_SEVERE_INJ,COUNT_VISIBLE_INJ,COUNT_COMPLAINT_PAIN,COUNT_PED_KILLED,COUNT_PED_INJURED,COUNT_BICYCLIST_KILLED,COUNT_BICYCLIST_INJURED,COUNT_MC_KILLED,COUNT_MC_INJURED,PRIMARY_RAMP,SECONDARY_RAMP,LATITUDE,LONGITUDE,COUNTY,CITY,POINT_X,POINT_Y
9597852,2023,2023-08-09,3604,2023-06-30,1318,1397,NA,5,5,6,3604,0,0,0,NA,0,NA,SANTA ANA AV,SIERRA AV,10,W,N,A,-,N,NA,NA,NA,NA,NA,NA,NA,NA,NA,Y,4,0,1,3,A,-,03,22350,NA,N,D,C,A,A,H,-,A,D,0,NA,NA,NA,NA,Y,NA,A,01,0,0,1,0,0,0,0,0,0,-,-,NA,NA,SAN BERNARDINO,FONTANA,-117.43566131591795,34.055789947509766
9597911,2023,2023-08-17,3600,2023-07-14,2158,G3826,HI003,5,5,4,3618,0,0,0,NA,0,HI1,DEL ROSA AV,FISHER ST,1880,S,N,A,-,N,NA,NA,NA,NA,NA,NA,NA,NA,NA,NA,4,0,1,2,A,-,01,23152,A,M,C,C,A,A,H,-,C,D,0,NA,NA,NA,NA,Y,Y,A,01,0,0,1,0,0,0,0,0,0,-,-,NA,NA,SAN BERNARDINO,HIGHLAND,-117.25023651123048,34.120948791503906
9598113,2023,2023-08-10,3604,2023-06-30,1350,925,NA,5,5,6,3604,0,0,0,NA,0,NA,CITRUS AV,WALNUT AV,0,NA,Y,A,-,N,NA,NA,NA,NA,NA,NA,NA,NA,NA,Y,4,0,1,2,A,-,17,21451,A,N,A,C,A,A,H,-,A,A,0,NA,NA,NA,NA,Y,NA,A,01,0,0,1,0,0,0,0,0,0,-,-,NA,NA,SAN BERNARDINO,FONTANA,-117.45362854003906,34.12861251831055
9598685,2023,2023-07-25,3600,2023-06-09,1155,D4301,VC050,5,5,5,3612,0,0,0,NA,0,VC6,AMARGOSA RD,TAWNEY RIDGE LN,0,NA,Y,A,-,N,NA,NA,NA,NA,NA,NA,NA,NA,NA,Y,3,0,2,2,A,-,09,21802,A,N,D,C,A,A,H,-,A,A,0,NA,NA,NA,NA,Y,NA,A,01,0,1,1,0,0,0,0,0,0,-,-,NA,NA,SAN BERNARDINO,VICTORVILLE,-117.33026885986328,34.53596115112305
9598860,2024,2024-04-19,3600,2024-01-04,1135,F4772,VC013,4,5,5,3612,0,0,0,NA,0,VC4,BEAR VALLEY RD,AMARGOSA RD,0,NA,Y,A,-,N,NA,NA,NA,NA,NA,NA,NA,NA,NA,Y,4,0,1,3,A,-,03,22350,NA,N,C,C,A,A,H,-,A,A,0,NA,NA,NA,NA,Y,NA,I,11,0,0,1,0,0,0,0,0,0,-,-,34.470401763916016,-117.34818267822266,SAN BERNARDINO,VICTORVILLE,-117.34842681884766,34.47041320800781
9599398,2023,2023-07-28,3608,2023-06-16,1654,4766,NA,5,5,5,3608,0,0,0,NA,0,NA,E REDLANDS BL,ORANGE ST,61,E,N,A,-,N,NA,NA,NA,NA,NA,NA,NA,NA,NA,Y,4,0,1,2,A,-,03,22350,NA,N,C,C,A,A,H,-,A,D,0,NA,NA,NA,NA,Y,NA,A,01,0,0,1,0,0,0,0,0,0,-,-,NA,NA,SAN BERNARDINO,REDLANDS,-117.18238067626952,34.05730056762695
9599402,2023,2023-07-28,3608,2023-06-10,2040,3905,NA,6,5,5,3608,0,0,0,NA,0,NA,ORANGE ST,COLTON AV,0,NA,Y,A,-,N,NA,NA,NA,NA,NA,NA,NA,NA,NA,Y,4,0,1,2,A,-,09,21801,A,N,D,C,A,A,H,-,C,A,0,NA,NA,NA,NA,Y,NA,A,01,0,0,1,0,0,0,0,0,0,-,-,NA,NA,SAN BERNARDINO,REDLANDS,-117.18251800537108,34.06283187866211
9599909,2023,2023-08-02,3608,2023-06-22,1518,4766,NA,4,5,5,3608,0,0,0,NA,0,NA,ORANGE ST,REDLANDS BL,0,NA,Y,A,-,N,NA,NA,NA,NA,NA,NA,NA,NA,NA,Y,4,0,1,2,A,-,03,22350,NA,N,B,C,A,A,H,-,A,A,0,NA,NA,NA,NA,Y,NA,A,01,0,0,1,0,0,0,0,0,0,-,-,NA,NA,SAN BERNARDINO,REDLANDS,-117.18257904052734,34.05729675292969
9599920,2023,2023-08-10,3600,2023-06-27,1903,I5434,AD314,2,5,3,3613,0,0,0,NA,0,AD2,ROSEDALE DR,BELLFLOWER ST,0,NA,Y,A,-,N,NA,NA,NA,NA,NA,NA,NA,NA,NA,N,3,0,2,2,A,-,04,21703,NA,N,B,C,A,A,H,-,A,D,0,NA,NA,NA,NA,Y,NA,-,NA,0,2,0,0,0,0,0,0,0,-,-,34.520050048828125,-117.4169921875,SAN BERNARDINO,ADELANTO,-117.41700744628906,34.520057678222656
9599934,2023,2023-08-07,3600,2023-06-26,1626,H8288,HI030,1,5,4,3618,0,0,0,NA,0,003,SAN BENITO ST,GREENSPOT RD,0,NA,Y,A,-,N,NA,NA,NA,NA,NA,NA,NA,NA,NA,N,3,0,1,1,A,-,03,22350,NA,N,E,I,A,A,H,-,A,D,0,NA,NA,Y,NA,Y,NA,C,02,0,1,0,0,0,0,0,0,1,-,-,34.168819427490234,-117.13697814941406,SAN BERNARDINO,HIGHLAND,-117.136962890625,34.10883712768555
9601283,2023,2023-08-21,3610,2023-08-05,1350,51344,NA,6,5,6,3610,0,0,0,NA,0,NA,RT 18,MILE MARKER 10.1,0,NA,-,A,-,Y,SBD,8,18,-,R,10.08,H,-,N,N,3,0,1,1,A,-,08,22107,NA,N,E,I,A,A,H,-,A,D,0,NA,NA,Y,NA,Y,NA,C,02,0,1,0,0,0,0,0,0,1,-,-,NA,NA,SAN BERNARDINO,SAN BERNARDINO,-117.28765106201172,34.18735122680664
9601782,2023,2023-09-13,3600,2023-06-29,1250,F4772,VC057,4,5,5,3612,0,0,0,NA,0,VC5,EL EVADO RD,PALMDALE RD,0,NA,Y,A,-,N,NA,NA,NA,NA,NA,NA,NA,NA,NA,N,4,0,2,2,A,-,03,22350,NA,N,-,-,A,A,H,-,A,-,0,NA,NA,NA,NA,Y,NA,A,07,0,0,2,0,0,0,0,0,0,-,-,34.50709915161133,-117.34680938720705,SAN BERNARDINO,VICTORVILLE,-117.34674835205078,34.50672149658203
9602162,2023,2023-10-03,3600,2023-07-26,1234,C9499,YC211,3,5,4,3640,0,0,0,NA,0,YC2,BRYANT ST,AVE D,0,NA,Y,A,-,N,NA,NA,NA,NA,NA,NA,NA,NA,NA,N,4,0,3,2,A,-,09,21802,A,N,D,C,A,A,H,-,A,A,0,NA,NA,NA,NA,Y,NA,A,01,0,0,3,0,0,0,0,0,0,-,-,NA,NA,SAN BERNARDINO,YUCAIPA,-117.03447723388672,34.02968215942383
9602329,2023,2023-08-11,3610,2023-07-03,2124,51369,NA,1,5,6,3610,0,0,0,NA,0,NA,W MILL ST,S BORDWELL ST,0,NA,Y,A,-,N,NA,NA,NA,NA,NA,NA,NA,NA,NA,Y,4,0,1,2,A,-,01,23153,A,F,A,C,A,A,H,-,C,A,0,NA,NA,NA,NA,Y,Y,A,01,0,0,1,0,0,0,0,0,0,-,-,NA,NA,SAN BERNARDINO,SAN BERNARDINO,-117.3173370361328,34.09199142456055
9602429,2023,2023-08-11,3610,2023-07-19,530,51474,NA,3,5,6,3610,0,0,0,NA,0,NA,W 7TH ST,N MOUNT VERNON AV,0,NA,Y,A,-,N,NA,NA,NA,NA,NA,NA,NA,NA,NA,Y,3,0,1,2,A,-,03,22350,NA,F,C,C,A,A,H,-,A,A,0,NA,NA,NA,NA,Y,NA,A,01,0,1,0,0,0,0,0,0,0,-,-,NA,NA,SAN BERNARDINO,SAN BERNARDINO,-117.3138427734375,34.112060546875
9602598,2023,2023-08-17,3610,2023-07-05,1000,24925,NA,3,5,6,3610,0,0,0,NA,0,NA,N 1ST AV,EAST HIGHLAND AV,210,S,N,A,-,N,NA,NA,NA,NA,NA,NA,NA,NA,NA,N,4,0,1,2,A,-,09,21804,A,N,A,C,A,-,H,-,A,D,0,NA,NA,NA,NA,Y,NA,A,01,0,0,1,0,0,0,0,0,0,-,-,NA,NA,SAN BERNARDINO,SAN BERNARDINO,-122.79792785644533,39.09638214111328
9603575,2023,2023-09-08,3600,2023-04-09,1807,G3813,LL1,7,5,3,3615,0,0,0,NA,0,NA,ANDERSON ST,REDLANDS BL,0,NA,Y,A,-,N,NA,NA,NA,NA,NA,NA,NA,NA,NA,NA,4,0,1,3,D,-,00,NA,NA,N,D,C,A,A,-,-,A,A,0,NA,NA,NA,NA,Y,Y,-,-,0,0,1,0,0,0,0,0,0,-,-,NA,NA,SAN BERNARDINO,LOMA LINDA,-117.26119232177734,34.06305694580078
9605256,2023,2024-02-16,3610,2023-12-23,1259,51465,NA,6,5,6,3610,0,0,0,NA,0,NA,F ST,HIGHLAND AV,0,NA,Y,B,-,N,NA,NA,NA,NA,NA,NA,NA,NA,NA,Y,4,0,1,2,A,-,08,22107,NA,N,D,C,A,A,H,-,A,D,0,NA,NA,NA,NA,Y,NA,A,07,0,0,1,0,0,0,0,0,0,-,-,34.135990142822266,-117.29640197753906,SAN BERNARDINO,SAN BERNARDINO,-117.2964096069336,34.136009216308594
9605259,2023,2024-02-16,3608,2023-12-08,1503,4298,3608,5,5,5,3608,0,0,0,NA,0,901,BARTON RD,KANSAS,300,W,N,A,-,N,NA,NA,NA,NA,NA,NA,NA,NA,NA,Y,4,0,1,2,A,-,08,22107,NA,N,D,C,A,A,H,-,A,A,0,NA,NA,NA,NA,Y,NA,A,01,0,0,1,0,0,0,0,0,0,-,-,NA,NA,SAN BERNARDINO,REDLANDS,-117.20526885986328,34.0466194152832
9605298,2023,2024-02-21,3608,2023-11-12,1405,4866,NA,7,5,5,3608,0,0,0,NA,0,NA,CENTER ST,WALNUT AV,0,NA,Y,A,-,N,NA,NA,NA,NA,NA,NA,NA,NA,NA,N,4,0,1,2,A,-,09,21800,A,N,D,C,A,A,H,-,A,A,0,NA,NA,NA,NA,Y,NA,A,01,0,0,1,0,0,0,0,0,0,-,-,NA,NA,SAN BERNARDINO,REDLANDS,-117.17971801757813,34.03832244873047
9606170,2023,2023-08-24,3604,2023-07-07,1859,1163,NA,5,5,6,3604,0,0,0,NA,0,NA,MERRILL AV,TAMARIND AV,130,E,N,A,-,N,NA,NA,NA,NA,NA,NA,NA,NA,NA,Y,3,0,2,2,A,-,21,22106,NA,N,D,C,A,A,H,-,A,D,0,NA,NA,NA,NA,Y,NA,D,22,0,2,0,0,0,0,0,0,0,-,-,NA,NA,SAN BERNARDINO,FONTANA,-117.42224884033205,34.09217834472656
9606330,2023,2023-08-14,3600,2023-06-11,1830,68603,RC017,7,5,6,3616,0,0,0,NA,0,RC5,8TH ST,HAVEN AV,150,W,N,A,-,N,NA,NA,NA,NA,NA,NA,NA,NA,NA,Y,3,0,2,1,A,-,03,22350,NA,N,A,I,A,A,H,-,A,D,0,NA,NA,NA,NA,Y,NA,A,07,0,2,0,0,0,0,0,0,0,-,-,NA,NA,SAN BERNARDINO,RANCHO CUCAMONGA,-117.57636260986328,34.090049743652344
9606452,2023,2023-08-14,3600,2023-06-20,1251,F6904,RC016,2,5,6,3616,0,0,0,NA,0,RC6,BUFFALO AV,4TH ST,397,N,N,A,-,N,NA,NA,NA,NA,NA,NA,NA,NA,NA,Y,3,0,2,3,A,-,09,21804,A,N,D,C,A,A,H,-,A,A,0,NA,NA,NA,NA,Y,NA,A,01,0,1,1,0,0,0,0,0,0,-,-,NA,NA,SAN BERNARDINO,RANCHO CUCAMONGA,-117.55020141601563,34.078399658203125
9606455,2023,2023-08-14,3600,2023-06-05,1400,F8556,RC031,1,5,6,3616,0,0,0,NA,0,005,HERALD ST,ARROW RT,0,NA,Y,A,-,N,NA,NA,NA,NA,NA,NA,NA,NA,NA,Y,4,0,1,3,A,-,09,21453,B,N,C,C,A,A,H,-,A,A,0,NA,NA,NA,NA,Y,NA,A,07,0,0,1,0,0,0,0,0,0,-,-,NA,NA,SAN BERNARDINO,RANCHO CUCAMONGA,NA,NA
9607645,2023,2023-09-21,3610,2023-08-26,58,51325,NA,6,5,6,3610,0,0,0,NA,0,NA,W 16TH ST,N PENNSYLVANIA AV,0,NA,Y,A,-,N,NA,NA,NA,NA,NA,NA,NA,NA,NA,Y,4,0,3,2,A,-,01,23152,A,N,D,C,A,A,H,-,D,D,0,NA,NA,NA,NA,Y,Y,A,01,0,0,3,0,0,0,0,0,0,-,-,NA,NA,SAN BERNARDINO,SAN BERNARDINO,-117.32849884033205,34.12861251831055
9607655,2023,2023-09-25,3610,2023-08-19,824,51328,NA,6,5,6,3610,0,0,0,NA,0,NA,W 7TH ST,N H ST,0,NA,Y,B,-,N,NA,NA,NA,NA,NA,NA,NA,NA,NA,N,3,0,1,2,A,-,11,21954,A,N,G,B,D,A,H,-,C,D,0,Y,NA,NA,NA,Y,NA,N,60,0,1,0,0,1,0,0,0,0,-,-,34.1120491027832,-117.30088806152344,SAN BERNARDINO,SAN BERNARDINO,-117.3009033203125,34.11205291748047
9608001,2023,2023-09-29,3605,2023-07-13,1934,460,NA,4,5,4,3605,0,0,0,NA,0,002,CENTRAL AV,COSTCO DR,470,N,N,A,-,N,NA,NA,NA,NA,NA,NA,NA,NA,NA,Y,3,0,2,2,A,-,12,21453,A,N,D,C,A,A,H,-,A,A,0,NA,NA,NA,Y,Y,NA,-,-,0,2,0,0,0,0,0,0,0,-,-,34.083770751953125,-117.68079376220705,SAN BERNARDINO,MONTCLAIR,NA,NA
9608045,2023,2023-08-17,3605,2023-07-13,547,452,NA,4,5,4,3605,0,0,0,NA,0,NA,CAMULOS AV,STATE ST,0,NA,Y,A,-,N,NA,NA,NA,NA,NA,NA,NA,NA,NA,N,4,0,1,2,A,-,03,22350,NA,N,C,C,A,A,H,-,A,A,0,NA,NA,NA,Y,Y,Y,A,01,0,0,1,0,0,0,0,0,0,-,-,34.059669494628906,-117.70694732666016,SAN BERNARDINO,MONTCLAIR,NA,NA
9608201,2023,2023-08-17,3600,2023-06-28,1259,F8556,RC071,3,5,6,3616,0,0,0,NA,0,003,HIGHLAND AV,DAY CREEK BL,0,NA,Y,A,-,N,NA,NA,NA,NA,NA,NA,NA,NA,NA,Y,4,0,2,2,A,-,12,21453,A,N,D,C,A,A,H,-,A,A,0,NA,NA,NA,NA,Y,NA,A,01,0,0,2,0,0,0,0,0,0,-,-,NA,NA,SAN BERNARDINO,RANCHO CUCAMONGA,-117.53684997558594,34.13486862182617
9609236,2023,2023-09-07,3600,2023-08-05,2250,H5174,NA,6,5,3,3631,0,0,0,NA,0,0YV,YUCCA MESA RD,BARRON DR,0,NA,Y,A,-,N,NA,NA,NA,NA,NA,NA,NA,NA,NA,Y,3,0,3,2,A,-,01,23152,A,N,C,C,A,A,H,-,D,D,0,NA,NA,NA,NA,Y,Y,A,07,0,3,0,0,0,0,0,0,0,-,-,34.139488220214844,-116.36969757080078,SAN BERNARDINO,YUCCA VALLEY,-116.36968231201172,34.13960266113281
9609491,2023,2023-09-08,3600,2023-08-07,2347,G7900,HI020,1,5,4,3618,0,0,0,NA,0,HI3,STERLING AV,PACIFIC ST,237,NA,N,A,-,N,NA,NA,NA,NA,NA,NA,NA,NA,NA,N,3,0,1,1,A,-,07,21658,NA,N,E,I,A,A,H,-,B,A,0,NA,NA,NA,NA,Y,NA,A,01,0,1,0,0,0,0,0,0,0,-,-,34.12784957885742,-117.24356079101563,SAN BERNARDINO,HIGHLAND,-117.24365997314452,34.12854766845703
9609600,2023,2023-10-12,3603,2023-08-05,1652,4915,CPD,6,5,4,3603,0,0,0,NA,0,001,SAN BERNARDINO AV,PEPPER AV,0,NA,Y,A,-,N,NA,NA,NA,NA,NA,NA,NA,NA,NA,Y,3,0,3,3,A,-,12,21453,A,N,D,C,A,A,H,-,A,A,0,NA,NA,NA,NA,Y,NA,D,22,0,2,1,0,0,0,0,0,0,SO,-,34.0777702331543,-117.35295867919922,SAN BERNARDINO,COLTON,-117.35292053222656,34.07775115966797
9610051,2023,2023-08-22,3600,2023-05-16,1700,G3844,NA,2,5,6,3616,0,0,0,NA,0,RC2,RAMONA AV,MONTE VISTA ST,0,NA,Y,A,-,N,NA,NA,NA,NA,NA,NA,NA,NA,NA,Y,4,0,1,2,A,-,08,22103,NA,N,D,C,A,A,H,-,A,D,0,NA,NA,NA,NA,Y,NA,A,07,0,0,1,0,0,0,0,0,0,-,-,NA,NA,SAN BERNARDINO,RANCHO CUCAMONGA,-117.58927154541016,34.12735366821289
9610053,2023,2023-08-22,3600,2023-05-15,820,F6926,RC012,1,5,6,3616,0,0,0,NA,0,RC3,BANYAN ST,BUTLER PEAK PL,190,W,N,A,-,N,NA,NA,NA,NA,NA,NA,NA,NA,NA,N,3,0,1,2,A,-,21,22106,NA,N,B,C,A,A,H,-,A,D,0,NA,NA,NA,NA,Y,NA,A,01,0,1,0,0,0,0,0,0,0,-,-,NA,NA,SAN BERNARDINO,RANCHO CUCAMONGA,-117.55574798583984,34.143409729003906
9610168,2023,2023-08-24,3600,2023-08-04,1259,J1624,VC014,5,5,5,3612,0,0,0,NA,0,VC2,VALLEY CENTER DR,LA PAZ DR,787,S,N,A,-,N,NA,NA,NA,NA,NA,NA,NA,NA,NA,N,4,0,1,2,A,-,09,21802,NA,N,D,C,A,A,H,-,A,A,0,NA,NA,NA,NA,Y,NA,A,01,0,0,1,0,0,0,0,0,0,-,-,NA,NA,SAN BERNARDINO,VICTORVILLE,-117.31775665283205,34.51739501953125
9610169,2023,2023-09-18,3600,2023-08-03,1835,J3493,VC067,4,5,5,3612,0,0,0,NA,0,VC6,AIR EXPRESSWAY BL,GEORGE BL,0,E,N,A,-,N,NA,NA,NA,NA,NA,NA,NA,NA,NA,Y,3,0,1,1,A,-,03,22350,NA,N,F,A,A,A,H,-,A,A,0,NA,NA,NA,NA,Y,NA,A,01,0,1,0,0,0,0,0,0,0,-,-,34.572120666503906,-117.35910034179688,SAN BERNARDINO,VICTORVILLE,-117.36053466796876,34.57222366333008
9610556,2023,2023-09-01,3604,2023-07-24,1830,1339,NA,1,5,6,3604,0,0,0,NA,0,NA,CATAWBA AV,DEODAR CT,0,NA,Y,A,-,N,NA,NA,NA,NA,NA,NA,NA,NA,NA,N,3,0,1,2,A,-,08,22103,NA,N,D,C,A,A,H,-,A,A,0,NA,NA,NA,NA,Y,NA,A,01,0,1,0,0,0,0,0,0,0,-,-,NA,NA,SAN BERNARDINO,FONTANA,-117.45808410644533,34.0782470703125
9610842,2023,2023-09-11,3600,2023-04-30,2204,G6203,HE118,7,5,5,3619,0,0,0,NA,0,HE1,MARIPOSA RD,MAIN ST,750,N,N,A,-,N,NA,NA,NA,NA,NA,NA,NA,NA,NA,Y,2,0,3,2,A,-,01,23152,A,N,A,C,A,A,H,-,C,D,0,NA,NA,NA,NA,Y,Y,A,01,1,1,1,0,0,0,0,0,0,-,-,NA,NA,SAN BERNARDINO,HESPERIA,-117.37758636474608,34.42882537841797
9610860,2023,2023-09-11,3600,2023-06-28,1554,J5678,AD,3,5,3,3613,0,0,0,NA,0,AD2,VERBENA RD,VICTOR ST,0,NA,Y,A,-,N,NA,NA,NA,NA,NA,NA,NA,NA,NA,Y,3,0,2,2,A,-,08,22107,NA,N,B,C,A,A,H,-,A,D,0,NA,NA,NA,NA,Y,NA,A,01,0,2,0,0,0,0,0,0,0,-,-,NA,NA,SAN BERNARDINO,ADELANTO,-117.42591857910156,34.521217346191406
9610942,2023,2023-09-13,3604,2023-08-08,1944,680,NA,2,5,6,3604,0,0,0,NA,0,NA,SIERRA AV,CASA GRANDE DR,500,N,N,A,-,N,NA,NA,NA,NA,NA,NA,NA,NA,NA,Y,4,0,1,2,A,-,03,22350,NA,N,C,C,A,A,D,-,C,D,0,NA,NA,NA,NA,Y,NA,A,01,0,0,1,0,0,0,0,0,0,-,-,NA,NA,SAN BERNARDINO,FONTANA,-117.43614959716795,34.1591682434082
9611107,2023,2023-09-18,3604,2023-08-02,1757,1163,NA,3,5,6,3604,0,0,0,NA,0,NA,ALDER AV,MILLER AV,200,N,N,A,-,N,NA,NA,NA,NA,NA,NA,NA,NA,NA,Y,4,0,2,2,A,-,09,21804,A,N,D,C,A,A,H,-,A,D,0,NA,NA,NA,NA,Y,NA,A,01,0,0,2,0,0,0,0,0,0,-,-,NA,NA,SAN BERNARDINO,FONTANA,-117.41840362548828,34.114498138427734
9612418,2023,2023-09-18,3600,2023-05-13,2130,I5816,HE109,6,5,5,3619,0,0,0,NA,0,HE1,3RD AV,MANZANITA ST,297,N,N,A,-,N,NA,NA,NA,NA,NA,NA,NA,NA,NA,Y,3,0,1,2,A,-,09,21804,A,N,D,C,A,A,H,-,D,D,0,NA,NA,NA,NA,Y,NA,A,01,0,1,0,0,0,0,0,0,0,-,-,NA,NA,SAN BERNARDINO,HESPERIA,-117.30357360839844,34.46612548828125
9612693,2023,2023-09-08,3610,2023-08-02,1520,51415,W,3,5,6,3610,0,0,0,NA,0,NA,S MOUNT VERNON AV,W ESPERANZA ST,43,S,N,A,-,N,NA,NA,NA,NA,NA,NA,NA,NA,NA,Y,3,0,4,2,A,-,01,23152,A,N,C,C,A,A,H,-,A,D,0,NA,NA,NA,NA,Y,Y,A,01,0,3,1,0,0,0,0,0,0,-,-,34.087711334228516,-117.31089019775392,SAN BERNARDINO,SAN BERNARDINO,-117.31382751464844,34.08995056152344
9612696,2023,2023-09-25,3610,2023-08-04,2500,51436,NA,5,5,6,3610,0,0,0,NA,0,NA,NORTH WATERMAN AV,E 40TH ST,0,NA,Y,A,-,Y,SBD,8,18,-,T,7.548,H,-,N,NA,3,0,2,2,A,-,08,22107,NA,N,A,C,A,A,H,-,-,A,0,NA,NA,NA,NA,Y,NA,A,01,0,2,0,0,0,0,0,0,0,-,-,34.16495132446289,-117.27867889404295,SAN BERNARDINO,SAN BERNARDINO,-117.27865600585938,34.16498947143555
9612780,2023,2023-08-28,3608,2023-07-27,1850,4371,SBSUP,4,5,5,3608,0,0,0,NA,0,NA,E CITRUS AV,S GROVE ST,524,E,N,A,-,N,NA,NA,NA,NA,NA,NA,NA,NA,NA,Y,3,0,2,2,A,-,03,22350,NA,N,C,C,A,A,H,-,B,A,0,NA,NA,NA,NA,Y,NA,A,01,0,1,1,0,0,0,0,0,0,-,-,NA,NA,SAN BERNARDINO,REDLANDS,-117.15878295898438,34.055599212646484
9613722,2023,2023-08-29,3600,2023-07-24,1225,E3370,RC069,1,5,6,3616,0,0,0,NA,0,003,SAN SEVAINE RD,CRESCENTA WY,10,S,N,A,-,N,NA,NA,NA,NA,NA,NA,NA,NA,NA,Y,4,0,1,2,A,-,09,21801,A,N,D,C,A,A,H,-,A,A,0,NA,NA,NA,NA,Y,NA,A,01,0,0,1,0,0,0,0,0,0,-,-,NA,NA,SAN BERNARDINO,RANCHO CUCAMONGA,-117.49478912353516,34.1541748046875
9614563,2023,2023-10-04,3600,2023-06-27,1025,F5717,HE105,2,5,5,3619,0,0,0,NA,0,HE1,HESPERIA RD,SEQUOIA ST,296,S,N,A,-,N,NA,NA,NA,NA,NA,NA,NA,NA,NA,Y,4,0,2,2,A,-,09,21804,A,N,A,C,A,A,H,-,A,D,0,NA,NA,NA,NA,Y,NA,A,01,0,0,2,0,0,0,0,0,0,-,-,34.46794128417969,-117.29209136962892,SAN BERNARDINO,HESPERIA,-117.29248809814452,34.46826934814453
9614998,2023,2023-09-05,3600,2023-03-10,1831,G3813,LL1,5,5,3,3615,0,0,0,NA,0,LL001,BARTON RD,LOMA LINDA DR,150,W,N,C,-,N,NA,NA,NA,NA,NA,NA,NA,NA,NA,N,3,0,1,2,A,-,07,21658,NA,N,B,E,A,B,H,-,-,D,0,NA,NA,NA,NA,Y,Y,A,01,0,1,0,0,0,0,0,0,0,-,-,34.04875183105469,-117.24741363525392,SAN BERNARDINO,LOMA LINDA,-117.24849700927734,34.048301696777344
9615400,2023,2023-09-08,3604,2023-07-28,1631,1163,NA,5,5,6,3604,0,0,0,NA,0,NA,SIERRA AV,MARYGOLD AV,550,N,N,A,-,N,NA,NA,NA,NA,NA,NA,NA,NA,NA,Y,4,0,1,2,A,-,09,21801,A,N,D,C,A,A,H,-,A,D,0,NA,NA,NA,NA,Y,NA,A,07,0,0,1,0,0,0,0,0,0,-,-,NA,NA,SAN BERNARDINO,FONTANA,-117.43567657470705,34.07550811767578
9615485,2023,2023-09-05,3600,2023-04-14,2200,I6088,HE102,5,5,5,3619,0,0,0,NA,0,HE1,BALSAM AV,SEQUOIA ST,0,NA,Y,A,-,N,NA,NA,NA,NA,NA,NA,NA,NA,NA,N,4,0,1,2,A,-,12,22450,A,N,D,C,A,A,H,-,D,A,0,NA,NA,NA,NA,Y,NA,A,01,0,0,1,0,0,0,0,0,0,-,-,NA,NA,SAN BERNARDINO,HESPERIA,-117.32993316650392,34.46879577636719
9616161,2023,2023-10-10,3600,2023-09-19,653,G4526,AP020,2,5,5,3621,0,0,0,NA,0,AP4,BEAR VALLEY RD,TOLTEC RD,280,E,N,A,-,N,NA,NA,NA,NA,NA,NA,NA,NA,NA,Y,4,0,1,2,A,-,03,22350,NA,N,C,C,A,A,H,-,A,D,0,NA,NA,NA,NA,Y,NA,D,22,0,0,1,0,0,0,0,0,0,-,-,NA,NA,SAN BERNARDINO,APPLE VALLEY,-117.18784332275392,34.47152328491211
9616349,2023,2023-10-19,3605,2023-09-10,1500,476,NA,7,5,4,3605,0,0,0,NA,0,NA,CENTRAL AV,COSTCO DR,30,N,N,A,-,N,NA,NA,NA,NA,NA,NA,NA,NA,NA,N,4,0,1,2,A,-,08,22107,NA,N,B,C,A,A,H,-,A,A,0,NA,NA,NA,NA,Y,NA,A,01,0,0,1,0,0,0,0,0,0,-,-,34.083770751953125,-117.68079376220705,SAN BERNARDINO,MONTCLAIR,NA,NA
9616607,2023,2023-10-05,3604,2023-09-10,2112,1107,NA,7,5,6,3604,0,0,0,NA,0,NA,CHERRY AV,VILLAGE DR,0,NA,Y,A,-,N,NA,NA,NA,NA,NA,NA,NA,NA,NA,Y,4,0,1,2,A,-,12,22450,NA,N,G,B,B,A,H,-,C,A,0,Y,NA,NA,NA,Y,NA,A,01,0,0,1,0,1,0,0,0,0,-,-,NA,NA,SAN BERNARDINO,FONTANA,-117.48733520507813,34.042625427246094
9616610,2023,2023-10-05,3604,2023-09-10,1448,1339,NA,7,5,6,3604,0,0,0,NA,0,NA,SIERRA AV,VALLEY BL,0,NA,Y,A,-,N,NA,NA,NA,NA,NA,NA,NA,NA,NA,Y,3,0,2,2,A,-,12,21453,A,N,D,C,A,A,H,-,A,A,0,NA,NA,NA,NA,Y,NA,A,01,0,1,1,0,0,0,0,0,0,-,-,NA,NA,SAN BERNARDINO,FONTANA,-117.43568420410156,34.07037353515625