CASE_ID,ACCIDENT_YEAR,PROC_DATE,JURIS,COLLISION_DATE,COLLISION_TIME,OFFICER_ID,REPORTING_DISTRICT,DAY_OF_WEEK,CHP_SHIFT,POPULATION,CNTY_CITY_LOC,SPECIAL_COND,BEAT_TYPE,CHP_BEAT_TYPE,CITY_DIVISION_LAPD,CHP_BEAT_CLASS,BEAT_NUMBER,PRIMARY_RD,SECONDARY_RD,DISTANCE,DIRECTION,INTERSECTION,WEATHER_1,WEATHER_2,STATE_HWY_IND,CALTRANS_COUNTY,CALTRANS_DISTRICT,STATE_ROUTE,ROUTE_SUFFIX,POSTMILE_PREFIX,POSTMILE,LOCATION_TYPE,RAMP_INTERSECTION,SIDE_OF_HWY,TOW_AWAY,COLLISION_SEVERITY,NUMBER_KILLED,NUMBER_INJURED,PARTY_COUNT,PRIMARY_COLL_FACTOR,PCF_CODE_OF_VIOL,PCF_VIOL_CATEGORY,PCF_VIOLATION,PCF_VIOL_SUBSECTION,HIT_AND_RUN,TYPE_OF_COLLISION,MVIW,PED_ACTION,ROAD_SURFACE,ROAD_COND_1,ROAD_COND_2,LIGHTING,CONTROL_DEVICE,CHP_ROAD_TYPE,PEDESTRIAN_ACCIDENT,BICYCLE_ACCIDENT,MOTORCYCLE_ACCIDENT,TRUCK_ACCIDENT,NOT_PRIVATE_PROPERTY,ALCOHOL_INVOLVED,STWD_VEHTYPE_AT_FAULT,CHP_VEHTYPE_AT_FAULT,COUNT_SEVERE_INJ,COUNT_VISIBLE_INJ,COUNT_COMPLAINT_PAIN,COUNT_PED_KILLED,COUNT_PED_INJURED,COUNT_BICYCLIST_KILLED,COUNT_BICYCLIST_INJURED,COUNT_MC_KILLED,COUNT_MC_INJURED,PRIMARY_RAMP,SECONDARY_RAMP,LATITUDE,LONGITUDE,COUNTY,CITY,POINT_X,POINT_Y
6676518,2014,2015-05-16,3600,2014-09-09,1735,E6914,HE128,2,5,5,3619,0,0,0,NA,0,003,MAIN ST,MAPLE AV,0,NA,Y,A,-,N,NA,NA,NA,NA,NA,NA,NA,NA,NA,Y,4,0,3,3,A,-,03,22350,NA,N,C,C,A,A,H,-,A,A,0,NA,NA,NA,NA,Y,NA,A,07,0,0,3,0,0,0,0,0,0,-,-,NA,NA,SAN BERNARDINO,HESPERIA,-117.34649005,34.42679009
6702420,2014,2014-12-09,3609,2014-10-24,2244,9632,143,5,5,5,3609,0,0,0,NA,0,003,LINDEN AV,RIALTO AV,125,S,N,A,-,N,NA,NA,NA,NA,NA,NA,NA,NA,NA,Y,3,0,1,1,A,-,01,23152,A,N,E,I,A,A,H,-,C,D,0,NA,NA,NA,NA,Y,Y,A,01,0,1,0,0,0,0,0,0,0,-,-,NA,NA,SAN BERNARDINO,RIALTO,-117.40089,34.09952
6676928,2014,2015-04-30,3610,2014-08-28,1734,50165,NA,4,5,6,3610,0,0,0,NA,0,NA,N H ST,W 6TH ST,0,NA,Y,A,-,N,NA,NA,NA,NA,NA,NA,NA,NA,NA,Y,4,0,1,2,A,-,12,21453,A,N,D,C,A,A,H,-,A,A,0,NA,NA,NA,NA,Y,NA,A,01,0,0,1,0,0,0,0,0,0,-,-,NA,NA,SAN BERNARDINO,SAN BERNARDINO,-117.30088003,34.11019011
6678396,2017,2018-01-30,3600,2017-03-24,1958,D5980,TW006,5,5,3,3617,0,0,0,NA,0,TW1,RT 62,MESQUITE AV,0,N,N,A,-,Y,SBD,8,62,-,-,33.35,H,-,E,Y,1,1,0,2,A,-,11,21954,A,N,G,B,D,A,H,-,C,D,0,Y,NA,NA,NA,Y,Y,N,60,0,0,0,1,0,0,0,0,0,-,-,NA,NA,SAN BERNARDINO,TWENTYNINE PALMS,-116.05195273,34.13566232
6678507,2014,2014-12-11,3600,2014-10-01,1812,E2055,VC057,3,5,5,3612,0,0,0,NA,0,VC5,HONDO DR,APACHE LN,330,N,N,A,-,N,NA,NA,NA,NA,NA,NA,NA,NA,NA,N,3,0,1,2,A,-,11,21956,A,N,G,B,D,A,H,-,A,A,0,Y,NA,NA,NA,Y,NA,N,60,0,1,0,0,1,0,0,0,0,-,-,NA,NA,SAN BERNARDINO,VICTORVILLE,-117.34617875000001,34.51696403
6705047,2014,2016-04-30,3600,2014-08-11,0417,D9733,YV019,1,5,3,3631,0,0,0,NA,0,023,TWENTYNINE OUTERHWY,LA CONTENTA,22,W,N,A,-,Y,SBD,8,62,-,-,15.14,H,-,E,Y,4,0,1,2,A,-,03,22350,NA,N,C,C,A,A,H,-,C,A,0,NA,NA,NA,NA,Y,NA,-,-,0,0,1,0,0,0,0,0,0,-,-,NA,NA,SAN BERNARDINO,YUCCA VALLEY,-116.36928319,34.13490844
6678879,2014,2014-11-07,3610,2014-09-11,1018,50548,NA,4,5,6,3610,0,0,0,NA,0,NA,EAST HIGHLAND AV,N GOLDEN AV,348,E,N,A,-,N,NA,NA,NA,NA,NA,NA,NA,NA,NA,Y,4,0,1,2,A,-,09,21804,NA,N,D,C,A,A,H,-,A,D,0,NA,NA,NA,NA,Y,NA,A,01,0,0,1,0,0,0,0,0,0,-,-,NA,NA,SAN BERNARDINO,SAN BERNARDINO,-117.25997353,34.13587
6659321,2014,2016-04-30,3607,2014-08-31,0344,80429,9,7,5,6,3607,0,0,0,NA,0,011,EUCLID AV,RT 10,15,NA,N,A,-,Y,SBD,8,10,-,-,3.352,R,4,E,Y,2,0,2,2,A,-,01,23153,A,N,-,C,A,A,H,-,C,A,0,NA,NA,NA,NA,Y,Y,-,NA,1,0,1,0,0,0,0,0,0,-,-,NA,NA,SAN BERNARDINO,ONTARIO,-117.65315689,34.0872662
6708357,2014,2014-12-05,3608,2014-10-26,1407,4202,3608,7,5,5,3608,0,0,0,NA,0,NA,E SUNSET DR N,S WABASH ST,0,NA,Y,A,-,N,NA,NA,NA,NA,NA,NA,NA,NA,NA,N,3,0,1,2,A,-,12,22450,A,N,D,G,A,A,H,-,A,A,0,NA,Y,NA,NA,Y,NA,L,04,0,1,0,0,0,0,1,0,0,-,-,NA,NA,SAN BERNARDINO,REDLANDS,-117.13836013,34.02890009
6693220,2014,2014-12-24,9850,2014-10-13,0815,16267,NA,1,1,9,3600,0,2,4,NA,2,055,NATIONAL TRAILS HWY,ROBINSON RANCH RD,4752,S,N,A,-,N,NA,NA,NA,NA,NA,NA,NA,NA,NA,Y,4,0,1,1,A,-,08,22107,NA,N,E,I,A,A,H,-,A,D,0,NA,NA,NA,NA,Y,NA,A,01,0,0,1,0,0,0,0,0,0,-,-,34.61788,-117.34974,SAN BERNARDINO,UNINCORPORATED,-117.34405339,34.62651693
6679464,2014,2014-11-04,3610,2014-05-13,1137,50426,NA,2,5,6,3610,0,0,0,NA,0,NA,N E ST,W BASELINE ST,0,NA,Y,A,G,N,NA,NA,NA,NA,NA,NA,NA,NA,NA,N,4,0,1,3,A,-,12,21453,A,N,A,C,A,A,H,-,A,A,0,NA,NA,NA,NA,Y,NA,A,01,0,0,1,0,0,0,0,0,0,-,-,NA,NA,SAN BERNARDINO,SAN BERNARDINO,-117.29416011000001,34.12135004
6680505,2014,2016-04-30,9855,2014-07-27,1447,018383,NA,7,2,6,3604,0,1,1,NA,2,201,RT 210,SAN SEVAINE RD,75,E,N,B,-,Y,SBD,8,210,-,-,12.45,H,-,W,Y,4,0,1,2,A,-,03,22350,NA,N,C,C,A,A,H,-,A,D,1,NA,NA,NA,NA,Y,NA,A,01,0,0,1,0,0,0,0,0,0,-,-,34.13672,-117.47933,SAN BERNARDINO,FONTANA,-117.47934832,34.13665543
6712193,2014,2014-12-24,3602,2014-10-18,1754,3495,NA,6,5,5,3602,0,0,0,NA,0,005,EDISON AV,MOUNTAIN AV,0,NA,Y,A,-,N,NA,NA,NA,NA,NA,NA,NA,NA,NA,N,3,0,3,2,A,-,12,21453,A,N,D,C,A,A,H,-,A,A,0,NA,NA,NA,NA,Y,NA,A,01,0,2,1,0,0,0,0,0,0,-,-,NA,NA,SAN BERNARDINO,CHINO,-117.66733011,33.99744004
6681260,2014,2014-11-07,3610,2014-09-24,0837,50732,NA,3,5,6,3610,0,0,0,NA,0,NA,40TH ST,3 AV,206,E,N,A,-,N,NA,NA,NA,NA,NA,NA,NA,NA,NA,N,4,0,1,1,A,-,07,21658,A,N,E,I,A,-,H,-,A,A,0,NA,NA,NA,NA,Y,NA,D,22,0,0,1,0,0,0,0,0,0,-,-,NA,NA,SAN BERNARDINO,SAN BERNARDINO,-117.30415821,34.16457536
6694731,2014,2015-01-23,3600,2014-10-01,2208,C3386,CH015,3,5,5,3630,0,0,0,NA,0,004,RAMONA AV,RT 71,0,NA,Y,A,-,Y,NA,NA,NA,NA,NA,NA,NA,NA,NA,Y,4,0,2,2,A,-,03,22350,NA,N,D,C,A,A,H,-,C,A,0,NA,NA,NA,NA,Y,NA,-,-,0,0,2,0,0,0,0,0,0,-,SO,NA,NA,SAN BERNARDINO,CHINO HILLS,-117.70641,33.98094009
6682079,2014,2014-11-14,3604,2014-09-29,0812,509,NA,1,5,6,3604,0,0,0,NA,0,NA,VINEYARD VALLEY,VALLEY BL,15,N,N,A,-,N,NA,NA,NA,NA,NA,NA,NA,NA,NA,N,4,0,1,2,A,-,05,21650,1,N,D,G,A,A,H,-,A,A,0,NA,Y,NA,NA,Y,NA,L,04,0,0,1,0,0,0,1,0,0,-,-,NA,NA,SAN BERNARDINO,FONTANA,-117.43295,34.0704211
6682465,2014,2016-04-16,9855,2014-07-14,1415,012923,NA,1,2,6,3604,0,1,1,NA,2,101,RT 10,ETIWANDA AV,325,E,N,A,-,Y,SBD,8,10,-,-,11.3,H,-,E,N,4,0,1,2,A,-,03,22350,NA,N,C,C,A,A,H,-,A,D,1,NA,NA,NA,NA,Y,NA,A,01,0,0,1,0,0,0,0,0,0,-,-,34.06734,-117.52244,SAN BERNARDINO,FONTANA,-117.52118003,34.06746255
6686596,2014,2015-04-30,3611,2014-08-04,1203,2387,NA,1,5,5,3611,0,0,0,NA,0,003,EUCLID AV,14TH ST,561,S,N,A,-,N,NA,NA,NA,NA,NA,NA,NA,NA,NA,Y,3,0,1,1,A,-,01,23152,A,N,E,I,A,A,H,-,A,D,0,NA,NA,NA,NA,Y,Y,D,22,0,1,0,0,0,0,0,0,0,-,-,NA,NA,SAN BERNARDINO,UPLAND,-117.65135961,34.1127325
6690819,2014,2014-12-29,3609,2014-10-25,1213,6935,155,6,5,5,3609,0,0,0,NA,0,003,MERRILL AV,LINDEN AV,0,NA,Y,A,-,N,NA,NA,NA,NA,NA,NA,NA,NA,NA,Y,4,0,1,2,A,-,09,21804,A,N,D,D,A,A,H,-,A,A,0,NA,NA,NA,NA,Y,NA,A,01,0,0,1,0,0,0,0,0,0,-,-,NA,NA,SAN BERNARDINO,RIALTO,-117.40087011,34.09224007
6691152,2014,2014-11-10,3607,2014-08-15,1646,14578,215,5,5,6,3607,0,0,0,NA,0,042,JURUPA ST,ROCKEFELLER AV,500,W,N,A,-,N,NA,NA,NA,NA,NA,NA,NA,NA,NA,Y,4,0,1,2,A,-,03,22350,NA,N,C,C,A,A,H,-,A,A,0,NA,NA,NA,NA,Y,NA,-,NA,0,0,1,0,0,0,0,0,0,-,-,NA,NA,SAN BERNARDINO,ONTARIO,-117.55678605,34.04821836
6691886,2014,2016-04-15,9855,2014-07-04,2300,019138,NA,5,3,9,3600,0,3,5,NA,2,001,ARROW RTE,CHERRY AV,589,W,N,A,-,N,NA,NA,NA,NA,NA,NA,NA,NA,NA,N,2,0,1,2,A,-,08,22107,NA,N,G,B,E,A,H,-,D,D,0,Y,NA,NA,NA,Y,NA,-,99,1,0,0,0,1,0,0,0,0,-,-,34.09931,-117.49093,SAN BERNARDINO,UNINCORPORATED,-117.49073005,34.09929908
6718602,2017,2019-04-08,3604,2017-11-06,1842,744,NA,1,5,6,3604,0,0,0,NA,0,NA,ARROW BL,JUNIPER AV,654,W,N,B,-,N,NA,NA,NA,NA,NA,NA,NA,NA,NA,Y,1,1,0,2,A,-,11,21954,A,N,G,B,D,A,H,-,C,A,0,Y,NA,NA,NA,Y,Y,N,60,0,0,0,1,0,0,0,0,0,-,-,NA,NA,SAN BERNARDINO,FONTANA,-117.44228408,34.09932496
6691889,2014,2014-11-21,3610,2014-07-17,0010,50409,NA,4,5,6,3610,0,0,0,NA,0,NA,MILL ST,IRIS ST,45,W,N,A,-,N,NA,NA,NA,NA,NA,NA,NA,NA,NA,Y,4,0,1,2,A,-,08,22107,NA,N,C,E,A,A,H,-,C,D,0,NA,NA,NA,NA,Y,Y,A,01,0,0,1,0,0,0,0,0,0,-,-,NA,NA,SAN BERNARDINO,SAN BERNARDINO,-117.33830819,34.09232
6711605,2014,2015-01-09,3600,2014-11-21,1807,D4301,HE218,5,5,5,3619,0,0,0,NA,0,002,MAIN ST,I AV,185,W,N,A,-,N,NA,NA,NA,NA,NA,NA,NA,NA,NA,N,3,0,1,2,A,-,11,21954,A,N,G,B,D,A,H,-,C,A,0,Y,NA,NA,NA,Y,NA,N,60,0,1,0,0,1,0,0,0,0,-,-,NA,NA,SAN BERNARDINO,HESPERIA,-117.28367986,34.41890861
6722066,2014,2014-12-31,3610,2014-10-27,1658,50360,NA,1,5,6,3610,0,0,0,NA,0,NA,N D ST,W 3RD ST,0,NA,Y,A,-,N,NA,NA,NA,NA,NA,NA,NA,NA,NA,N,4,0,1,2,A,-,09,21801,A,N,D,C,A,A,H,-,A,A,0,NA,NA,NA,NA,Y,NA,A,01,0,0,1,0,0,0,0,0,0,-,-,NA,NA,SAN BERNARDINO,SAN BERNARDINO,-117.2919101,34.10456003
6722074,2014,2014-12-31,3610,2014-10-24,1020,50808,NA,5,5,6,3610,0,0,0,NA,0,NA,W 6TH ST,N F ST,0,NA,Y,A,-,N,NA,NA,NA,NA,NA,NA,NA,NA,NA,Y,4,0,1,2,A,-,12,21453,A,N,D,C,A,A,H,-,A,A,0,NA,NA,NA,NA,Y,NA,A,01,0,0,1,0,0,0,0,0,0,-,-,NA,NA,SAN BERNARDINO,SAN BERNARDINO,-117.29641006,34.11019007
6723291,2014,2015-05-19,3610,2014-10-05,1553,50730,NA,7,5,6,3610,0,0,0,NA,0,NA,S I ST,E RIALTO AV,0,NA,Y,A,-,N,NA,NA,NA,NA,NA,NA,NA,NA,NA,Y,1,1,0,1,A,-,03,22350,NA,N,E,J,A,A,D,-,A,D,0,NA,NA,NA,NA,Y,NA,A,01,0,0,0,0,0,0,0,0,0,-,-,NA,NA,SAN BERNARDINO,SAN BERNARDINO,-117.30316003,34.10085002
6723298,2014,2015-01-05,3610,2014-10-18,1408,50717,NA,6,5,6,3610,0,0,0,NA,0,NA,E WIER RD,S HERITAGE LN,225,W,N,A,-,N,NA,NA,NA,NA,NA,NA,NA,NA,NA,Y,3,0,2,1,A,-,08,22107,NA,N,E,I,A,A,H,-,A,D,0,NA,NA,NA,NA,Y,NA,A,01,0,2,0,0,0,0,0,0,0,-,-,NA,NA,SAN BERNARDINO,SAN BERNARDINO,-117.28193702,34.05347477
6723300,2014,2015-01-06,3610,2014-10-15,1931,50184,NA,3,5,6,3610,0,0,0,NA,0,NA,E ST,SOUTH MALL WY,0,NA,Y,A,-,N,NA,NA,NA,NA,NA,NA,NA,NA,NA,Y,3,0,2,2,A,-,03,22350,NA,N,C,C,A,A,H,-,C,A,0,NA,NA,NA,NA,Y,NA,A,01,0,1,1,0,0,0,0,0,0,-,-,NA,NA,SAN BERNARDINO,SAN BERNARDINO,-117.2938905,34.08354
6723315,2014,2015-01-06,3610,2014-10-17,1936,504256,NA,5,5,6,3610,0,0,0,NA,0,NA,E 9TH ST,NORTH SIERRA WY,0,NA,Y,A,-,N,NA,NA,NA,NA,NA,NA,NA,NA,NA,Y,4,0,2,2,A,-,12,21453,A,M,D,D,A,A,H,-,C,A,0,NA,NA,NA,NA,Y,Y,A,01,0,0,2,0,0,0,0,0,0,-,-,NA,NA,SAN BERNARDINO,SAN BERNARDINO,-117.28514001,34.11578006
6693609,2014,2014-11-17,3605,2014-10-18,1805,361,NA,6,5,4,3605,0,0,0,NA,0,NA,ROSE AV,BENITO ST,0,NA,Y,A,-,N,NA,NA,NA,NA,NA,NA,NA,NA,NA,N,3,0,1,2,A,-,09,21800,A,F,D,C,A,A,H,-,B,A,0,NA,NA,NA,NA,Y,NA,A,01,0,1,0,0,0,0,0,0,0,-,-,NA,NA,SAN BERNARDINO,MONTCLAIR,-117.6885601,34.07401002
6693673,2014,2014-11-17,3611,2014-08-27,1751,1629,3611,3,5,5,3611,0,0,0,NA,0,004,ARROW HWY,3RD AV,270,E,N,A,-,N,NA,NA,NA,NA,NA,NA,NA,NA,NA,N,4,0,1,2,A,-,03,22350,NA,N,C,C,A,A,H,-,A,D,0,NA,NA,NA,NA,Y,NA,A,01,0,0,1,0,0,0,0,0,0,-,-,NA,NA,SAN BERNARDINO,UPLAND,-117.64621085,34.09975074
6724386,2014,2015-01-15,3602,2014-11-13,2307,3343,151,4,5,5,3602,0,0,0,NA,0,005,EUCLID AV,POMONA RINCON RD,1281,N,N,A,-,Y,NA,NA,NA,NA,NA,NA,NA,NA,NA,Y,3,0,1,1,A,-,03,22350,NA,N,F,I,A,A,H,-,D,D,0,NA,NA,NA,NA,Y,NA,A,01,0,1,0,0,0,0,0,0,0,-,-,NA,NA,SAN BERNARDINO,CHINO,-117.655033,33.93835856
6682477,2014,2016-04-16,9855,2014-07-14,1555,12993,NA,1,2,4,3605,0,1,1,NA,2,103,RT 10,MONTE VISTA AV,2640,W,N,A,-,Y,SBD,8,10,-,-,0.18,H,-,E,N,4,0,2,2,A,-,03,22350,NA,N,C,C,A,A,H,-,A,D,1,NA,NA,NA,NA,Y,NA,A,01,0,0,2,0,0,0,0,0,0,-,-,NA,NA,SAN BERNARDINO,MONTCLAIR,-117.70727811,34.08177872
6724790,2014,2014-12-12,3607,2014-10-15,1545,80248,121,3,5,6,3607,0,0,0,NA,0,012,HOLT BL,BOULDER AV,50,S,N,A,-,N,NA,NA,NA,NA,NA,NA,NA,NA,NA,N,4,0,1,2,A,-,04,21703,NA,N,C,C,A,A,H,-,A,A,0,NA,NA,NA,NA,Y,NA,-,NA,0,0,1,0,0,0,0,0,0,-,-,NA,NA,SAN BERNARDINO,ONTARIO,-117.66531,34.06333
6696564,2014,2016-03-29,9850,2014-10-25,1030,14476,NA,6,1,9,3600,0,2,4,NA,2,066,PHELAN RD,CAUGHLIN RD,0,NA,Y,A,-,N,NA,NA,NA,NA,NA,NA,NA,NA,NA,Y,2,0,4,2,A,-,09,21801,A,N,D,C,A,A,H,-,A,D,0,NA,NA,NA,NA,Y,NA,A,01,1,1,2,0,0,0,0,0,0,-,-,34.42636,-117.48605,SAN BERNARDINO,UNINCORPORATED,-117.48607006,34.42654005
6698959,2014,2014-11-17,3605,2014-10-27,1416,318,NA,1,5,4,3605,0,0,0,NA,0,NA,MORENO ST,CENTRAL AV,315,E,N,A,-,N,NA,NA,NA,NA,NA,NA,NA,NA,NA,N,3,0,2,1,A,-,08,22107,NA,N,E,-,A,A,H,-,A,D,0,NA,NA,NA,NA,Y,NA,A,01,0,2,0,0,0,0,0,0,0,-,-,NA,NA,SAN BERNARDINO,MONTCLAIR,-117.69031795,34.08861322
6699097,2014,2014-11-21,3607,2014-10-16,0007,80465,258,4,5,6,3607,0,0,0,NA,0,071,VINEYARD AV,WALNUT,200,N,N,A,-,N,NA,NA,NA,NA,NA,NA,NA,NA,NA,Y,4,0,1,1,A,-,08,22107,NA,N,E,I,A,A,H,-,C,D,0,NA,NA,NA,NA,Y,NA,-,NA,0,0,1,0,0,0,0,0,0,-,-,NA,NA,SAN BERNARDINO,ONTARIO,-117.61098756,34.02737808
6702184,2014,2014-12-03,3600,2014-10-31,1812,B7126,VC013,5,5,5,3612,0,0,0,NA,0,VC4,AMARGO RD,KING RANCH RD,0,NA,Y,A,-,N,NA,NA,NA,NA,NA,NA,NA,NA,NA,Y,4,0,2,2,A,-,09,21802,A,N,D,C,A,A,H,-,A,A,0,NA,NA,NA,NA,Y,NA,A,01,0,0,2,0,0,0,0,0,0,-,-,NA,NA,SAN BERNARDINO,VICTORVILLE,-117.33882755,34.48053949
6702476,2014,2014-12-09,3609,2014-10-18,2047,3156,162,6,5,5,3609,0,0,0,NA,0,004,RANDALL AV,RIVERSIDE AV,60,W,N,A,-,N,NA,NA,NA,NA,NA,NA,NA,NA,NA,Y,3,0,2,2,A,-,01,23152,A,N,A,C,A,A,H,-,C,A,0,NA,NA,NA,NA,Y,Y,A,01,0,1,1,0,0,0,0,0,0,-,-,NA,NA,SAN BERNARDINO,RIALTO,-117.37052753,34.08498338
6704802,2014,2014-12-01,3603,2014-09-07,0810,4144,COLTO,7,5,4,3603,0,0,0,NA,0,003,LA CADENA DR,L ST,45,S,N,A,-,N,NA,NA,NA,NA,NA,NA,NA,NA,NA,N,2,0,1,2,A,-,11,21956,A,N,G,B,E,A,G,-,C,D,0,Y,NA,NA,NA,Y,Y,N,60,1,0,0,0,1,0,0,0,0,-,-,NA,NA,SAN BERNARDINO,COLTON,-117.32512542,34.06308854
6735107,2014,2016-04-30,9855,2014-09-19,2302,019420,NA,5,3,6,3607,0,1,1,NA,2,103,RT 10,RT 83,500,E,N,A,-,Y,SBD,8,10,-,-,3.56,H,-,E,Y,3,0,4,2,A,-,07,21658,A,N,B,C,A,A,H,-,D,D,1,NA,NA,NA,NA,Y,NA,A,01,0,3,1,0,0,0,0,0,0,-,-,34.08625,-117.63949,SAN BERNARDINO,ONTARIO,-117.64955124,34.08728906
6706771,2014,2014-12-08,9860,2014-10-05,1745,18858,NA,7,2,6,3610,0,1,1,NA,2,214,RT 215,ORANGE SHOW RD,1725,S,N,A,-,Y,NA,NA,215,NA,NA,NA,NA,NA,NA,Y,3,0,1,2,A,-,07,21658,A,N,B,C,A,A,H,-,A,D,0,NA,NA,NA,NA,Y,NA,A,07,0,1,0,0,0,0,0,0,0,-,-,34.07342,-117.29528,SAN BERNARDINO,SAN BERNARDINO,-117.29543344,34.07342818
6706799,2014,2014-12-08,9860,2014-10-27,0815,014963,NA,1,1,9,3600,0,3,5,NA,2,002,F ST,41ST ST,0,NA,Y,A,-,N,NA,NA,NA,NA,NA,NA,NA,NA,NA,N,4,0,1,2,A,-,06,21750,NA,M,B,C,A,A,H,-,A,D,0,NA,NA,NA,NA,Y,NA,D,22,0,0,1,0,0,0,0,0,0,-,-,34.16845,-117.30253,SAN BERNARDINO,UNINCORPORATED,-117.3027201,34.16820003
6737742,2014,2015-01-23,9860,2014-11-01,0055,19484,NA,6,3,9,3600,0,1,1,NA,2,151,RT 15,GLEN HELEN PKWY,100,S,N,C,-,Y,NA,NA,15,NA,NA,NA,NA,NA,NA,Y,4,0,1,1,A,-,03,22350,NA,N,E,I,A,B,D,-,C,D,0,NA,NA,NA,NA,Y,NA,D,22,0,0,1,0,0,0,0,0,0,-,-,34.20024,-117.41721,SAN BERNARDINO,UNINCORPORATED,-117.41703902,34.20014836
6711597,2014,2015-01-09,3608,2014-11-06,1710,4341,NA,4,5,5,3608,0,0,0,NA,0,NA,PEARL AV,ORANGE ST,107,W,N,A,-,N,NA,NA,NA,NA,NA,NA,NA,NA,NA,N,4,0,1,2,A,-,03,22350,NA,N,C,C,A,A,H,-,C,A,0,NA,NA,NA,NA,Y,NA,A,01,0,0,1,0,0,0,0,0,0,-,-,NA,NA,SAN BERNARDINO,REDLANDS,-117.18290216,34.06133
6723379,2014,2015-01-28,3610,2014-10-15,1502,50924,NA,3,5,6,3610,0,0,0,NA,0,NA,KENDALL DR,N LITTLE LEAGUE DR,0,NA,Y,B,-,N,NA,NA,NA,NA,NA,NA,NA,NA,NA,N,4,0,1,2,A,-,08,22107,NA,N,B,G,A,A,H,-,A,A,0,NA,Y,NA,NA,Y,NA,L,04,0,0,1,0,0,0,1,0,0,-,-,NA,NA,SAN BERNARDINO,SAN BERNARDINO,-117.36063,34.1920501
6711617,2014,2015-01-09,3600,2014-11-09,1930,E4685,HE123,7,5,5,3619,0,0,0,NA,0,001,9TH AV,WILLOW ST,0,NA,Y,A,-,N,NA,NA,NA,NA,NA,NA,NA,NA,NA,Y,4,0,1,2,A,-,09,21802,A,N,D,C,A,A,H,-,D,A,0,NA,NA,NA,NA,Y,NA,A,01,0,0,1,0,0,0,0,0,0,-,-,NA,NA,SAN BERNARDINO,HESPERIA,-117.31832006,34.43400012
6723631,2014,2014-12-30,3604,2014-10-22,1649,907,NA,3,5,6,3604,0,0,0,NA,0,NA,PALMETTO AV,CERES AV,138,N,N,A,-,N,NA,NA,NA,NA,NA,NA,NA,NA,NA,Y,3,0,1,2,A,-,08,22107,NA,N,D,C,A,A,H,-,A,D,0,NA,NA,NA,NA,Y,NA,A,08,0,1,0,0,0,0,0,0,0,-,-,NA,NA,SAN BERNARDINO,FONTANA,-117.42703687,34.09520807
6741965,2014,2015-01-16,9860,2014-11-11,2310,019027,NA,2,3,9,3600,0,1,1,NA,2,151,RT 15,MATHEWS RANCH RD,3696,N,N,A,-,Y,NA,NA,15,NA,NA,NA,NA,NA,NA,Y,4,0,1,2,A,-,03,22350,NA,N,C,C,A,A,H,-,D,D,0,NA,NA,NA,NA,Y,Y,A,01,0,0,1,0,0,0,0,0,0,-,-,34.25478,-117.44902,SAN BERNARDINO,UNINCORPORATED,-117.44914696,34.25471815
6713017,2014,2014-12-30,9834,2014-10-28,0020,012313,NA,2,3,9,3600,0,1,1,NA,2,040,RT 40,KELBAKER RD,42240,E,N,A,-,Y,NA,NA,NA,NA,NA,NA,NA,NA,NA,Y,4,0,1,1,A,-,08,22107,NA,N,F,A,A,A,D,-,D,D,0,NA,NA,NA,Y,Y,NA,G,25,0,0,1,0,0,0,0,0,0,-,-,34.4427,-115.3219,SAN BERNARDINO,UNINCORPORATED,-115.54145697,34.73973654
6742009,2014,2014-12-18,9855,2014-08-28,1800,19146,NA,4,2,9,3600,0,3,5,NA,2,004,MISSION BL,ROSWELL AV,0,NA,Y,A,-,N,NA,NA,NA,NA,NA,NA,NA,NA,NA,N,4,0,2,4,A,-,03,22350,NA,N,C,C,A,A,H,-,A,A,0,NA,NA,NA,Y,Y,NA,G,25,0,0,2,0,0,0,0,0,0,-,-,34.05575,-117.71949,SAN BERNARDINO,UNINCORPORATED,-117.71993012,34.05594005
6742068,2014,2016-04-30,9855,2014-07-12,0040,018892,NA,6,3,6,3607,0,1,1,NA,2,101,RT 10,MILLIKEN AV,528,W,N,A,-,Y,SBD,8,10,-,-,9.08,H,-,E,Y,4,0,4,2,A,-,03,22350,NA,N,C,C,A,A,H,-,D,D,1,NA,NA,NA,NA,Y,NA,A,01,0,0,4,0,0,0,0,0,0,-,-,34.06753,-117.56562,SAN BERNARDINO,ONTARIO,-117.5598778,34.0673827
6724770,2014,2015-03-12,3607,2014-10-06,1813,80462,33,1,5,6,3607,0,0,0,NA,0,031,BAKER AV,LA DENEY DR,0,NA,Y,A,-,N,NA,NA,NA,NA,NA,NA,NA,NA,NA,Y,4,0,1,2,A,-,09,21802,A,N,D,C,A,A,H,-,B,D,0,NA,NA,NA,NA,Y,NA,-,NA,0,0,1,0,0,0,0,0,0,-,-,NA,NA,SAN BERNARDINO,ONTARIO,-117.61985011,34.0839801
6713530,2014,2014-12-30,9865,2014-10-19,1735,019929,NA,7,2,9,3600,0,3,5,NA,2,003,WILLOW LN,OAK LN,0,NA,Y,A,-,N,NA,NA,NA,NA,NA,NA,NA,NA,NA,Y,3,0,1,2,A,-,09,21800,B,N,D,C,A,A,H,-,A,D,0,NA,NA,NA,NA,Y,NA,A,08,0,1,0,0,0,0,0,0,0,-,-,34.24505,-116.80069,SAN BERNARDINO,UNINCORPORATED,-116.80069001,34.24506008
6713581,2014,2014-12-23,9865,2014-10-29,1645,020822,NA,3,2,9,3600,0,1,3,NA,2,011,RT 18,PINE AV EAST,525,S,N,A,-,Y,NA,NA,18,NA,NA,NA,NA,NA,NA,Y,4,0,1,3,A,-,09,21801,A,N,D,C,A,A,H,-,A,D,0,NA,NA,NA,NA,Y,NA,A,01,0,0,1,0,0,0,0,0,0,-,-,34.22982,-117.22491,SAN BERNARDINO,UNINCORPORATED,-117.22490904,34.22990968
6745034,2014,2015-01-26,9850,2014-11-11,1825,017730,NA,2,2,5,3619,0,1,1,NA,2,082,RT 15,JOSHUA ST,1000,N,N,A,-,Y,NA,NA,15,NA,NA,NA,NA,NA,NA,Y,4,0,4,3,A,-,03,22350,NA,N,C,C,A,A,H,-,C,D,0,NA,NA,NA,NA,Y,NA,A,01,0,0,4,0,0,0,0,0,0,-,-,34.41147,-117.39243,SAN BERNARDINO,HESPERIA,-117.3924521,34.41148724