CASE_ID,ACCIDENT_YEAR,PROC_DATE,JURIS,COLLISION_DATE,COLLISION_TIME,OFFICER_ID,REPORTING_DISTRICT,DAY_OF_WEEK,CHP_SHIFT,POPULATION,CNTY_CITY_LOC,SPECIAL_COND,BEAT_TYPE,CHP_BEAT_TYPE,CITY_DIVISION_LAPD,CHP_BEAT_CLASS,BEAT_NUMBER,PRIMARY_RD,SECONDARY_RD,DISTANCE,DIRECTION,INTERSECTION,WEATHER_1,WEATHER_2,STATE_HWY_IND,CALTRANS_COUNTY,CALTRANS_DISTRICT,STATE_ROUTE,ROUTE_SUFFIX,POSTMILE_PREFIX,POSTMILE,LOCATION_TYPE,RAMP_INTERSECTION,SIDE_OF_HWY,TOW_AWAY,COLLISION_SEVERITY,NUMBER_KILLED,NUMBER_INJURED,PARTY_COUNT,PRIMARY_COLL_FACTOR,PCF_CODE_OF_VIOL,PCF_VIOL_CATEGORY,PCF_VIOLATION,PCF_VIOL_SUBSECTION,HIT_AND_RUN,TYPE_OF_COLLISION,MVIW,PED_ACTION,ROAD_SURFACE,ROAD_COND_1,ROAD_COND_2,LIGHTING,CONTROL_DEVICE,CHP_ROAD_TYPE,PEDESTRIAN_ACCIDENT,BICYCLE_ACCIDENT,MOTORCYCLE_ACCIDENT,TRUCK_ACCIDENT,NOT_PRIVATE_PROPERTY,ALCOHOL_INVOLVED,STWD_VEHTYPE_AT_FAULT,CHP_VEHTYPE_AT_FAULT,COUNT_SEVERE_INJ,COUNT_VISIBLE_INJ,COUNT_COMPLAINT_PAIN,COUNT_PED_KILLED,COUNT_PED_INJURED,COUNT_BICYCLIST_KILLED,COUNT_BICYCLIST_INJURED,COUNT_MC_KILLED,COUNT_MC_INJURED,PRIMARY_RAMP,SECONDARY_RAMP,LATITUDE,LONGITUDE,COUNTY,CITY,POINT_X,POINT_Y
6894199,2015,2016-10-05,3607,2015-03-20,1156,80310,294,5,5,6,3607,0,0,0,NA,0,062,EUCLID AV,WALNUT ST,0,NA,Y,A,-,Y,SBD,8,83,-,-,6.913,I,5,N,N,4,0,1,2,A,-,08,22107,NA,N,B,C,A,A,H,-,A,A,0,NA,NA,NA,NA,Y,NA,-,NA,0,0,1,0,0,0,0,0,0,-,-,NA,NA,SAN BERNARDINO,ONTARIO,-117.65069715,34.02656559
6895075,2015,2015-05-05,3608,2015-04-06,1317,3675,NA,1,5,5,3608,0,0,0,NA,0,NA,STATE ST,7TH AV,0,NA,Y,A,-,N,NA,NA,NA,NA,NA,NA,NA,NA,NA,Y,3,0,1,1,A,-,03,22350,NA,N,E,I,A,A,H,-,A,D,0,NA,NA,NA,NA,Y,NA,A,01,0,1,0,0,0,0,0,0,0,-,-,NA,NA,SAN BERNARDINO,REDLANDS,-117.17927003,34.05643007
6877040,2015,2016-10-24,9860,2015-02-23,1816,019251,NA,1,2,4,3603,0,1,1,NA,2,214,RT 215,IOWA AV,1320,N,N,C,-,Y,SBD,8,215,-,-,0.65,H,-,S,Y,4,0,1,3,A,-,03,22350,NA,N,C,C,A,B,H,-,C,D,1,NA,NA,NA,NA,Y,NA,A,01,0,0,1,0,0,0,0,0,0,-,-,34.02862,-117.33089,SAN BERNARDINO,COLTON,-117.33281591,34.02699887
6877524,2015,2015-05-08,3600,2015-03-13,0114,D2688,H1004,5,5,4,3618,0,0,0,NA,0,001,STERLING AV,JANE ST,528,N,N,A,-,N,NA,NA,NA,NA,NA,NA,NA,NA,NA,Y,4,0,1,1,A,-,-,NA,NA,N,E,I,A,A,H,-,C,D,0,NA,NA,NA,NA,Y,NA,-,NA,0,0,1,0,0,0,0,0,0,-,-,NA,NA,SAN BERNARDINO,HIGHLAND,-117.2436554,34.12523638
6878205,2015,2015-04-16,3607,2015-03-25,0736,80121,258,3,5,6,3607,0,0,0,NA,0,071,WALNUT ST,VINEYARD AV,500,W,N,A,-,N,NA,NA,NA,NA,NA,NA,NA,NA,NA,Y,4,0,2,2,A,-,04,21703,NA,N,C,C,A,A,H,-,A,D,0,NA,NA,NA,NA,Y,NA,-,NA,0,0,2,0,0,0,0,0,0,-,-,NA,NA,SAN BERNARDINO,ONTARIO,-117.61262562,34.02681159
6878209,2015,2015-04-16,3607,2015-03-25,1226,15070,154,3,5,6,3607,0,0,0,NA,0,051,STATE ST,PALMETTO AV,100,E,N,A,-,N,NA,NA,NA,NA,NA,NA,NA,NA,NA,Y,3,0,4,2,A,-,08,22107,NA,N,D,C,A,A,H,-,A,D,0,NA,NA,NA,NA,Y,NA,-,NA,0,2,2,0,0,0,0,0,0,-,-,NA,NA,SAN BERNARDINO,ONTARIO,-117.66737072,34.05990295
6878288,2015,2016-04-13,3607,2015-03-22,0904,80257,246,7,5,6,3607,0,0,0,NA,0,052,EUCLID AV,RT 60,200,N,N,B,-,N,NA,NA,NA,NA,NA,NA,NA,NA,NA,Y,4,0,2,2,A,-,04,21703,NA,N,C,C,A,A,H,-,A,A,0,NA,NA,NA,NA,Y,NA,-,NA,0,0,2,0,0,0,0,0,0,-,-,NA,NA,SAN BERNARDINO,ONTARIO,-117.65105008,34.03107814
6884596,2015,2016-09-20,9860,2015-03-18,2310,018262,NA,3,3,9,3600,0,1,1,NA,2,151,RT 15,KENWOOD AV,2376,N,N,A,-,Y,SBD,8,15,-,R,15.45,H,-,N,Y,4,0,1,2,A,-,03,22350,NA,N,C,C,A,A,D,H,D,D,1,NA,NA,NA,Y,Y,NA,A,01,0,0,1,0,0,0,0,0,0,-,-,34.24199,-117.43187,SAN BERNARDINO,UNINCORPORATED,-117.43120126,34.24151502
6878385,2015,2015-04-15,3600,2015-03-04,1649,D4321,AP006,3,5,5,3621,0,0,0,NA,0,AP3,KIOWA RD,RANCHERIAS RD,0,NA,Y,A,-,N,NA,NA,NA,NA,NA,NA,NA,NA,NA,Y,4,0,1,2,A,-,09,21802,A,N,D,C,A,A,H,-,A,A,0,NA,NA,NA,NA,Y,NA,A,07,0,0,1,0,0,0,0,0,0,-,-,NA,NA,SAN BERNARDINO,APPLE VALLEY,-117.20091004,34.50554006
6879520,2015,2016-09-06,3607,2015-02-16,0530,80483,244,1,5,6,3607,0,0,0,NA,0,072,HAVEN AV,RT 60,0,NA,Y,A,-,Y,SBD,8,60,-,R,8.706,R,4,E,Y,4,0,1,2,A,-,12,21453,A,N,D,C,A,A,H,-,B,A,0,NA,NA,NA,NA,Y,NA,-,NA,0,0,1,0,0,0,0,0,0,-,EF,NA,NA,SAN BERNARDINO,ONTARIO,-117.57906801,34.02978715
6866023,2015,2015-04-23,3603,2015-02-25,1357,CL4724,COLTO,3,5,4,3603,0,0,0,NA,0,001,SAGO PALM RD,JOSHUA TREE ST,54,E,N,A,-,N,NA,NA,NA,NA,NA,NA,NA,NA,NA,N,4,0,1,2,A,-,05,21650,NA,N,B,C,A,A,H,-,A,D,0,NA,NA,NA,NA,Y,NA,D,22,0,0,1,0,0,0,0,0,0,-,-,NA,NA,SAN BERNARDINO,COLTON,-117.36243221,34.07819176
6881987,2015,2016-10-17,3600,2015-03-12,0855,E7443,HE301,4,5,5,3619,0,0,0,NA,0,NA,JOSHUA ST,RT 395,0,NA,Y,A,-,Y,SBD,8,395,-,R,4.517,I,5,S,N,4,0,1,2,A,-,12,21453,A,N,D,C,A,A,H,-,A,A,0,NA,NA,NA,NA,Y,NA,A,01,0,0,1,0,0,0,0,0,0,-,-,NA,NA,SAN BERNARDINO,HESPERIA,-117.39953107,34.40755494
6905890,2015,2015-05-23,3600,2015-04-12,2143,B5040,GT008,7,5,3,3690,0,0,0,NA,0,GT1,BARTON RD,MICHIGAN AV,0,NA,Y,A,-,N,NA,NA,NA,NA,NA,NA,NA,NA,NA,Y,3,0,1,2,A,-,12,21453,A,N,D,C,A,A,A,-,C,A,0,NA,NA,NA,NA,Y,NA,J,48,0,1,0,0,0,0,0,0,0,-,-,NA,NA,SAN BERNARDINO,GRAND TERRACE,-117.32243011,34.03388012
6883223,2014,2015-04-20,3610,2014-07-19,2223,50749,NA,6,5,6,3610,0,0,0,NA,0,NA,W 30TH ST,N H ST,0,NA,Y,A,-,N,NA,NA,NA,NA,NA,NA,NA,NA,NA,Y,3,0,1,1,A,-,01,23152,A,N,E,I,A,A,H,-,C,A,0,NA,NA,NA,NA,Y,Y,A,01,0,1,0,0,0,0,0,0,0,-,-,NA,NA,SAN BERNARDINO,SAN BERNARDINO,-117.30084012,34.14685006
6884588,2015,2016-10-14,9860,2015-03-14,1535,19429,NA,6,2,6,3610,0,1,1,NA,2,103,RT 10,WATERMAN AV,1000,W,N,A,-,Y,SBD,8,10,-,-,25.07,H,-,W,Y,3,0,1,2,A,-,08,22107,NA,N,B,C,A,A,H,-,A,D,1,NA,NA,NA,NA,Y,NA,D,22,0,1,0,0,0,0,0,0,0,-,-,34.06417,-117.28315,SAN BERNARDINO,SAN BERNARDINO,-117.28231286,34.0641705
6878632,2015,2016-11-19,9834,2015-04-06,2045,11923,NA,1,2,9,3600,0,1,1,NA,2,042,RT 40,MT SPRINGS RD,422,W,N,A,-,Y,SBD,8,40,-,R,115.12,H,-,E,Y,4,0,1,2,A,-,03,22350,NA,N,C,C,A,A,H,-,D,D,1,NA,NA,NA,NA,Y,NA,A,07,0,0,1,0,0,0,0,0,0,-,-,34.8279,-115.06194,SAN BERNARDINO,UNINCORPORATED,-115.05233367,34.8298088
6879158,2015,2015-09-14,3600,2015-03-16,1445,N0086,GT008,1,5,3,3690,0,0,0,NA,0,001,BARTON RD,TOWN CENTER,0,NA,Y,A,-,N,NA,NA,NA,NA,NA,NA,NA,NA,NA,N,4,0,1,2,A,-,12,21453,A,N,B,C,A,A,H,-,A,A,0,NA,NA,NA,NA,Y,NA,-,NA,0,0,1,0,0,0,0,0,0,-,-,NA,NA,SAN BERNARDINO,GRAND TERRACE,NA,NA
6881824,2015,2016-10-14,9835,2015-03-13,1325,20992,NA,5,1,9,3600,0,1,1,NA,2,073,RT 15,CADY WASH,353,S,N,A,-,Y,SBD,8,15,-,R,105.9,H,-,N,Y,3,0,2,1,A,-,08,22107,NA,N,E,I,A,A,H,-,A,D,1,NA,NA,NA,NA,Y,NA,A,07,0,2,0,0,0,0,0,0,0,-,-,35.02423,-116.49432,SAN BERNARDINO,UNINCORPORATED,-116.49449759,35.02402535
6881979,2015,2015-04-22,3600,2015-03-24,1710,E7439,HE101,2,5,5,3619,0,0,0,NA,0,HE1,MARIPOSA RD,OAKWOOD RD,416,W,N,A,-,N,NA,NA,NA,NA,NA,NA,NA,NA,NA,N,4,0,1,2,A,-,03,22350,NA,N,C,C,A,A,H,-,A,D,0,NA,NA,NA,NA,Y,NA,A,01,0,0,1,0,0,0,0,0,0,-,-,NA,NA,SAN BERNARDINO,HESPERIA,-117.34433063,34.46945437
6889019,2015,2015-04-28,9860,2015-03-20,0720,16590,NA,5,1,9,3600,0,2,4,NA,2,411,CEDAR AV,MANZANITA DR,80,S,N,A,-,N,NA,NA,NA,NA,NA,NA,NA,NA,NA,Y,2,0,2,3,A,-,05,21460,A,N,A,C,A,A,H,-,A,D,0,NA,NA,NA,NA,Y,NA,A,01,1,0,1,0,0,0,0,0,0,-,-,34.07935,-117.39643,SAN BERNARDINO,UNINCORPORATED,-117.39648602,34.07932083
6893143,2015,2015-05-04,3602,2015-03-18,1552,3299,NA,3,5,5,3602,0,0,0,NA,0,002,RIVERSIDE DR,11TH ST,147,E,N,A,-,N,NA,NA,NA,NA,NA,NA,NA,NA,NA,Y,4,0,1,2,A,-,09,21804,A,N,D,C,A,A,H,-,A,D,0,NA,NA,NA,NA,Y,NA,A,01,0,0,1,0,0,0,0,0,0,-,-,NA,NA,SAN BERNARDINO,CHINO,-117.68503615,34.01911
6899317,2015,2015-05-06,3600,2015-04-20,0806,G0803,RC023,1,5,6,3616,0,0,0,NA,0,006,WILSON AV,CANISTEL AV,345,E,N,A,-,N,NA,NA,NA,NA,NA,NA,NA,NA,NA,Y,4,0,1,2,A,-,03,22350,NA,N,C,C,A,A,H,-,A,D,0,NA,NA,NA,NA,Y,NA,A,01,0,0,1,0,0,0,0,0,0,-,-,NA,NA,SAN BERNARDINO,RANCHO CUCAMONGA,-117.56274291,34.15059189
6911224,2015,2015-05-14,3600,2015-04-05,1812,D8636,YC202,7,5,4,3640,0,0,0,NA,0,NA,BRYANT ST,CARTER ST,0,NA,Y,A,-,N,NA,NA,NA,NA,NA,NA,NA,NA,NA,Y,3,0,5,2,A,-,01,23152,A,N,A,A,A,A,H,-,A,D,0,NA,NA,NA,NA,Y,Y,A,01,0,1,4,0,0,0,0,0,0,-,-,NA,NA,SAN BERNARDINO,YUCAIPA,-117.03457006,34.06290008
6912094,2015,2016-09-06,9855,2015-03-15,1915,016051,NA,7,2,5,3602,0,1,3,NA,2,603,RT 60,RAMONA AV,720,W,N,A,-,Y,SBD,8,60,-,R,1.23,H,-,W,Y,4,0,1,2,A,-,07,21658,A,N,B,C,A,A,H,-,C,D,1,NA,NA,NA,NA,Y,NA,A,01,0,0,1,0,0,0,0,0,0,-,-,34.24365,-117.23654,SAN BERNARDINO,CHINO,-117.70922953,34.03020064
6899349,2015,2015-05-06,3600,2015-04-08,1319,G0803,RC055,3,5,6,3616,0,0,0,NA,0,002,CARNELIAN ST,VINEYARD ST,45,N,N,A,-,N,NA,NA,NA,NA,NA,NA,NA,NA,NA,Y,4,0,1,2,A,-,03,22350,NA,N,C,C,A,A,H,-,A,A,0,NA,NA,NA,NA,Y,NA,A,01,0,0,1,0,0,0,0,0,0,-,-,NA,NA,SAN BERNARDINO,RANCHO CUCAMONGA,-117.61261895,34.11089918
6899353,2015,2015-05-06,3600,2015-04-15,0738,F1596,RC,3,5,6,3616,0,0,0,NA,0,NA,6TH ST,ROCHESTER AV,389,W,N,A,-,N,NA,NA,NA,NA,NA,NA,NA,NA,NA,Y,3,0,1,1,A,-,03,22350,NA,N,E,I,A,A,H,-,A,A,0,NA,NA,NA,NA,Y,NA,A,01,0,1,0,0,0,0,0,0,0,-,-,NA,NA,SAN BERNARDINO,RANCHO CUCAMONGA,-117.54890776,34.08802836
6912206,2015,2016-09-16,9855,2015-02-12,1535,016051,NA,4,2,6,3616,0,1,1,NA,2,152,RT 15,FOOTHILL BL,20,N,N,A,-,Y,SBD,8,15,-,-,5.29,H,-,S,Y,3,0,1,1,A,-,03,22350,NA,N,E,J,A,A,H,-,A,D,1,NA,NA,Y,NA,Y,NA,C,02,0,1,0,0,0,0,0,0,1,-,-,NA,NA,SAN BERNARDINO,RANCHO CUCAMONGA,-117.53243907,34.1063129
6912207,2015,2016-10-13,9855,2015-02-02,0730,015299,NA,1,1,6,3604,0,1,1,NA,2,201,RT 210,CHERRY AV,1320,E,N,A,-,Y,SBD,8,210,-,-,12.19,H,-,W,N,4,0,1,2,A,-,03,22350,NA,N,C,C,A,A,H,-,A,D,1,NA,NA,NA,NA,Y,NA,A,01,0,0,1,0,0,0,0,0,0,-,-,34.13627,-117.48314,SAN BERNARDINO,FONTANA,-117.48387473,34.13657482
6912223,2015,2016-09-27,9855,2015-02-01,1915,016801,NA,7,2,6,3616,0,1,1,NA,2,203,RT 210,HAVEN AV,600,W,N,A,-,Y,SBD,8,210,-,-,6.79,H,-,E,N,4,0,1,2,A,-,07,21658,A,N,B,C,A,A,C,-,C,D,1,NA,NA,NA,NA,Y,NA,-,-,0,0,1,0,0,0,0,0,0,-,-,34.13574,-117.57867,SAN BERNARDINO,RANCHO CUCAMONGA,-117.57802352,34.13580248
6887119,2015,2015-05-07,9870,2015-04-18,0650,18842,NA,6,1,9,3600,0,3,5,NA,2,003,RECHE RD,BORDER AV,823,W,N,A,-,N,NA,NA,NA,NA,NA,NA,NA,NA,NA,Y,3,0,2,1,A,-,01,23152,A,N,E,I,A,A,H,-,B,D,0,NA,NA,NA,NA,Y,Y,A,07,0,2,0,0,0,0,0,0,0,-,-,34.26653,-116.30171,SAN BERNARDINO,UNINCORPORATED,-116.30163174,34.26599
6887643,2015,2015-04-29,3609,2015-03-26,1850,3156,115,4,5,5,3609,0,0,0,NA,0,002,ETIWANDA AV,PEPPER AV,475,W,N,A,-,N,NA,NA,NA,NA,NA,NA,NA,NA,NA,N,3,0,1,2,A,-,03,22350,NA,N,C,E,A,A,H,-,A,D,0,NA,NA,NA,NA,Y,NA,D,22,0,1,0,0,0,0,0,0,0,-,-,NA,NA,SAN BERNARDINO,RIALTO,-117.35447463,34.11407001
6912257,2015,2016-10-13,9855,2015-03-27,1130,15299,NA,5,1,6,3607,0,1,1,NA,2,101,RT 10,RT 83,20,W,N,A,-,Y,SBD,8,10,-,-,3.352,R,1,E,N,4,0,1,2,A,-,03,22350,NA,N,C,C,A,A,H,-,A,D,1,NA,NA,NA,NA,Y,NA,A,07,0,0,1,0,0,0,0,0,0,-,-,34.0862,-117.6513,SAN BERNARDINO,ONTARIO,-117.65315689,34.0872662
6912260,2015,2016-09-27,9855,2015-03-28,0320,20564,NA,6,3,6,3607,0,1,1,NA,2,203,RT 210,MOUNTAIN AV,1584,E,N,A,-,Y,SBD,8,210,-,-,1.8,H,-,E,Y,3,0,2,1,A,-,01,23153,A,N,F,I,A,A,H,-,C,D,1,NA,NA,NA,NA,Y,Y,A,01,0,2,0,0,0,0,0,0,0,-,-,34.13439,-117.66503,SAN BERNARDINO,ONTARIO,-117.66508907,34.13455177
6917292,2014,2015-05-28,9855,2014-11-01,1920,19462,NA,6,2,6,3604,0,1,1,NA,2,153,RT 15,DUNCAN CANYON RD,500,S,N,A,-,Y,NA,NA,15,NA,NA,NA,NA,NA,NA,Y,4,0,1,2,A,-,01,23152,A,N,C,C,A,A,H,-,D,D,0,NA,NA,NA,NA,Y,Y,A,01,0,0,1,0,0,0,0,0,0,-,-,34.16578,-117.46001,SAN BERNARDINO,FONTANA,-117.46009257,34.16587064
6919324,2015,2016-11-09,9855,2015-05-02,1345,20081,NA,6,1,4,3605,0,1,1,NA,2,103,RT 10,CENTRAL AV,50,W,N,A,-,Y,SBD,8,10,-,-,1.22,H,-,E,Y,3,0,2,2,A,-,03,22350,NA,N,A,C,A,A,H,-,A,D,1,NA,NA,NA,NA,Y,NA,A,07,0,1,1,0,0,0,0,0,0,-,-,34.08533,-117.68972,SAN BERNARDINO,MONTCLAIR,-117.69000504,34.08523395
6919331,2015,2015-10-12,9855,2015-05-08,2310,20006,NA,5,3,9,3600,0,3,5,NA,2,004,MISSION BL,CENTRAL AV,8,E,N,A,-,N,NA,NA,NA,NA,NA,NA,NA,NA,NA,Y,4,0,2,2,A,-,01,23152,A,N,C,C,A,A,H,-,C,A,0,NA,NA,NA,NA,Y,Y,A,01,0,0,2,0,0,0,0,0,0,-,-,34.05584,-117.68906,SAN BERNARDINO,UNINCORPORATED,-117.6894537,34.05604132
6890225,2015,2016-04-26,3600,2015-03-31,0804,B9092,AP002,2,5,5,3621,0,0,0,NA,0,001,RT 18,OLALEE RD,114,E,N,A,-,N,NA,NA,NA,NA,NA,NA,NA,NA,NA,N,2,0,1,2,A,-,09,21801,A,N,D,C,A,A,H,-,A,A,0,NA,NA,Y,NA,Y,NA,A,01,1,0,0,0,0,0,0,0,1,-,-,NA,NA,SAN BERNARDINO,APPLE VALLEY,-117.2643739,34.54000582
6920481,2015,2015-06-03,3600,2015-04-20,1211,B3501,RC017,1,5,6,3616,0,0,0,NA,0,RC3,HAVEN AV,6TH ST,64,N,N,A,-,N,NA,NA,NA,NA,NA,NA,NA,NA,NA,Y,4,0,1,3,A,-,03,22350,NA,N,C,C,A,A,H,-,A,A,0,NA,NA,NA,Y,Y,NA,F,76,0,0,1,0,0,0,0,0,0,-,-,NA,NA,SAN BERNARDINO,RANCHO CUCAMONGA,-117.57586,34.08485539
6920968,2015,2015-05-26,3604,2015-04-28,1711,234,NA,2,5,6,3604,0,0,0,NA,0,NA,BASELINE,CITRUS,743,W,N,A,-,N,NA,NA,NA,NA,NA,NA,NA,NA,NA,Y,4,0,1,3,A,-,02,22400,A,N,C,C,A,A,H,-,A,D,0,NA,NA,NA,NA,Y,NA,A,07,0,0,1,0,0,0,0,0,0,-,-,NA,NA,SAN BERNARDINO,FONTANA,-117.45606734,34.12143918
6921668,2015,2015-06-05,3600,2015-04-12,1810,E7439,HE325,7,5,5,3619,0,0,0,NA,0,HE3,CALIENTE RD,MESQUITE ST,297,N,N,A,-,N,NA,NA,NA,NA,NA,NA,NA,NA,NA,Y,2,0,1,1,A,-,03,22350,NA,N,E,I,A,A,H,-,A,D,0,NA,NA,NA,NA,Y,NA,A,08,1,0,0,0,0,0,0,0,0,-,-,NA,NA,SAN BERNARDINO,HESPERIA,-117.40353584,34.39854136
6891063,2015,2015-04-27,3600,2015-04-08,0818,A9113,RC058,3,5,6,3616,0,0,0,NA,0,002,ARROW RTE,BAKER AV,375,E,N,A,-,N,NA,NA,NA,NA,NA,NA,NA,NA,NA,Y,3,0,1,2,A,-,03,22350,NA,N,C,C,A,A,H,-,A,A,0,NA,NA,NA,NA,Y,NA,A,07,0,1,0,0,0,0,0,0,0,-,-,NA,NA,SAN BERNARDINO,RANCHO CUCAMONGA,-117.6186046,34.09938
6891067,2015,2016-12-10,3600,2015-04-04,2213,B5040,RC059,6,5,6,3616,0,0,0,NA,0,RC4,FOOTHILL BL,RT 15,124,E,N,A,-,Y,SBD,8,15,-,-,5.517,R,4,S,Y,4,0,2,3,A,-,03,22350,NA,N,C,C,A,A,H,-,C,A,0,NA,NA,NA,NA,Y,NA,A,07,0,0,2,0,0,0,0,0,0,-,SF,NA,NA,SAN BERNARDINO,RANCHO CUCAMONGA,-117.52967176,34.10861377
6924635,2015,2016-11-22,9860,2015-05-03,2220,20135,NA,7,3,4,3603,0,1,1,NA,2,214,RT 215,RT 10,1056,S,N,A,-,Y,SBD,8,215,-,-,3.52,H,-,N,Y,4,0,1,1,A,-,08,22107,NA,N,E,I,A,A,D,-,D,D,1,NA,NA,NA,NA,Y,NA,A,01,0,0,1,0,0,0,0,0,0,-,-,34.05598,-117.29819,SAN BERNARDINO,COLTON,-117.2982649,34.05641402
6892572,2015,2015-05-19,3604,2015-04-06,1126,1158,NA,1,5,6,3604,0,0,0,NA,0,NA,NUEVO AV,ARROW BL,5,S,N,B,-,N,NA,NA,NA,NA,NA,NA,NA,NA,NA,Y,3,0,1,2,A,-,06,21951,NA,N,G,B,D,A,H,-,A,A,0,Y,NA,NA,NA,Y,NA,A,01,0,1,0,0,1,0,0,0,0,-,-,NA,NA,SAN BERNARDINO,FONTANA,-117.43695,34.0993263
6906472,2014,2015-05-18,9855,2014-10-28,0630,14688,NA,2,1,5,3602,0,1,3,NA,2,603,RT 60,BENSON AV,626,E,N,A,-,Y,NA,NA,NA,NA,NA,NA,NA,NA,NA,Y,3,0,3,3,A,-,03,22350,NA,N,C,C,A,A,B,H,B,D,0,NA,NA,NA,NA,Y,NA,D,22,0,1,2,0,0,0,0,0,0,-,-,NA,NA,SAN BERNARDINO,CHINO,-117.67863929,34.03042069
6896695,2014,2015-05-14,9855,2014-10-29,2128,016215,NA,3,2,6,3616,0,1,1,NA,2,203,RT 210,ARCHIBALD AV,1870,W,N,A,-,Y,NA,NA,210,NA,NA,NA,NA,NA,NA,Y,4,0,1,1,A,-,08,22107,NA,N,F,A,A,A,H,-,D,D,0,NA,NA,NA,NA,Y,NA,A,01,0,0,1,0,0,0,0,0,0,-,-,34.1348,-117.59985,SAN BERNARDINO,RANCHO CUCAMONGA,-117.59985063,34.13490366
6925694,2015,2016-10-14,9855,2015-02-16,1000,11856,NA,1,1,9,3600,0,1,1,NA,2,101,RT 10,CHERRY AV,1056,E,N,A,-,Y,SBD,8,10,-,-,13.337,R,2,W,Y,4,0,1,2,A,-,08,22107,NA,N,C,E,A,A,H,-,A,D,1,NA,NA,NA,NA,Y,NA,A,01,0,0,1,0,0,0,0,0,0,WF,-,34.06643,-117.48525,SAN BERNARDINO,UNINCORPORATED,-117.48591811,34.06612612
6926276,2015,2015-05-27,9855,2015-01-12,1715,12993,NA,1,2,9,3600,0,3,5,NA,2,001,ARROW RT,ALMERIA AV,319,W,N,A,-,N,NA,NA,NA,NA,NA,NA,NA,NA,NA,Y,4,0,2,2,A,-,09,21801,A,N,A,C,A,A,H,-,B,D,0,NA,NA,NA,NA,Y,NA,A,01,0,0,2,0,0,0,0,0,0,-,-,34.09938,-117.46101,SAN BERNARDINO,UNINCORPORATED,-117.46132069,34.0992934
6926304,2015,2016-09-28,9855,2015-01-05,0510,011856,NA,1,3,6,3616,0,1,1,NA,2,203,RT 210,HERMOSA AV,50,W,N,A,-,Y,SBD,8,210,-,-,6.39,H,-,W,Y,4,0,1,4,A,-,03,22350,NA,N,C,C,A,A,H,-,D,D,1,NA,NA,NA,NA,Y,NA,A,01,0,0,1,0,0,0,0,0,0,-,-,34.1358,-117.5856,SAN BERNARDINO,RANCHO CUCAMONGA,-117.58498667,34.135749680000004
6926308,2015,2016-09-16,9855,2015-01-03,1455,018313,NA,6,2,6,3616,0,1,1,NA,2,152,RT 15,RT 66,2500,S,N,A,-,Y,SBD,8,15,-,-,4.68,H,-,N,Y,4,0,1,2,A,-,03,22350,NA,N,C,C,A,A,H,-,A,D,1,NA,NA,NA,NA,Y,NA,A,01,0,0,1,0,0,0,0,0,0,-,-,34.10147,-117.5375,SAN BERNARDINO,RANCHO CUCAMONGA,-117.53926746,34.09991344
6908382,2015,2015-05-19,3600,2015-04-06,1454,C6293,BL213,1,5,2,3680,0,0,0,NA,0,BL2,MOONRIDGE RD,PLYMOUTH RD,84,E,N,A,-,N,NA,NA,NA,NA,NA,NA,NA,NA,NA,N,4,0,1,2,A,-,09,21801,A,N,D,C,A,A,H,-,A,A,0,NA,NA,NA,NA,Y,NA,A,01,0,0,1,0,0,0,0,0,0,-,-,NA,NA,SAN BERNARDINO,BIG BEAR LAKE,-116.86366343,34.23707626
6928852,2015,2016-11-22,9865,2015-05-03,1520,19929,NA,7,2,9,3600,0,1,3,NA,1,034,RT 18,CAMP ROCK RD,20381,S,N,A,-,Y,SBD,8,18,-,-,63,H,-,N,Y,2,0,1,1,A,-,08,22107,NA,N,F,A,A,A,H,-,A,D,0,NA,NA,Y,NA,Y,NA,C,02,1,0,0,0,0,0,0,0,1,-,-,34.33238,-116.82932,SAN BERNARDINO,UNINCORPORATED,-116.82923797,34.33244197
6931847,2015,2015-06-09,3611,2015-04-23,1315,2963,NA,4,5,5,3611,0,0,0,NA,0,002,EUCLID AV,7TH ST,0,NA,Y,B,-,N,NA,NA,NA,NA,NA,NA,NA,NA,NA,Y,4,0,2,2,D,-,00,NA,NA,N,D,C,A,A,H,-,A,A,0,NA,NA,NA,NA,Y,NA,-,-,0,0,2,0,0,0,0,0,0,-,-,NA,NA,SAN BERNARDINO,UPLAND,-117.65127002,34.08881001
6931851,2015,2015-06-09,3611,2015-04-16,0725,1677,NA,4,5,5,3611,0,0,0,NA,0,001,EUCLID AV,13TH ST,0,NA,Y,A,-,N,NA,NA,NA,NA,NA,NA,NA,NA,NA,Y,4,0,2,2,A,-,09,21802,A,N,D,C,A,A,H,-,A,D,0,NA,NA,NA,NA,Y,NA,A,01,0,0,2,0,0,0,0,0,0,-,-,NA,NA,SAN BERNARDINO,UPLAND,-117.65135011,34.11065002
6931890,2015,2015-06-09,3607,2015-04-01,0817,80489,RD132,3,5,6,3607,0,0,0,NA,0,032,GROVE AV,D ST,0,NA,Y,A,-,N,NA,NA,NA,NA,NA,NA,NA,NA,NA,Y,4,0,3,2,A,-,12,21453,A,N,D,C,A,A,H,-,A,A,0,NA,NA,NA,NA,Y,NA,-,-,0,0,3,0,0,0,0,0,0,-,-,NA,NA,SAN BERNARDINO,ONTARIO,-117.62853012,34.06704001
6932700,2015,2016-11-28,9860,2015-04-22,1415,17446,NA,3,2,6,3610,0,1,1,NA,2,202,RT 210,HIGHLAND AV,350,W,N,A,-,Y,SBD,8,210,-,R,26.524,R,1,E,Y,4,0,2,3,A,-,03,22350,NA,N,C,C,A,A,H,-,A,A,1,NA,NA,NA,NA,Y,NA,A,01,0,0,2,0,0,0,0,0,0,TO,-,34.13632,-117.23861,SAN BERNARDINO,SAN BERNARDINO,-117.24014714,34.13741596
6933811,2015,2016-06-13,3600,2015-05-04,1616,P1661,RC030,1,5,6,3616,0,0,0,NA,0,003,FOOTHILL BL,ARCHIBALD AV,30,E,N,A,-,N,NA,NA,NA,NA,NA,NA,NA,NA,NA,N,4,0,1,2,A,-,03,22350,NA,N,-,C,A,A,H,-,A,A,0,NA,NA,NA,NA,Y,NA,A,01,0,0,1,0,0,0,0,0,0,-,-,NA,NA,SAN BERNARDINO,RANCHO CUCAMONGA,-117.59339116,34.10668
6908689,2015,2015-05-20,3602,2015-03-28,1737,3054,NA,6,5,5,3602,0,0,0,NA,0,NA,WALNUT AV,BENSON AV,0,NA,Y,A,-,N,NA,NA,NA,NA,NA,NA,NA,NA,NA,N,3,0,1,2,A,-,03,22350,NA,N,D,G,A,A,H,-,A,A,0,NA,Y,NA,NA,Y,NA,L,04,0,1,0,0,0,0,1,0,0,-,-,NA,NA,SAN BERNARDINO,CHINO,-117.68067012,34.02632009