CASE_ID,ACCIDENT_YEAR,PROC_DATE,JURIS,COLLISION_DATE,COLLISION_TIME,OFFICER_ID,REPORTING_DISTRICT,DAY_OF_WEEK,CHP_SHIFT,POPULATION,CNTY_CITY_LOC,SPECIAL_COND,BEAT_TYPE,CHP_BEAT_TYPE,CITY_DIVISION_LAPD,CHP_BEAT_CLASS,BEAT_NUMBER,PRIMARY_RD,SECONDARY_RD,DISTANCE,DIRECTION,INTERSECTION,WEATHER_1,WEATHER_2,STATE_HWY_IND,CALTRANS_COUNTY,CALTRANS_DISTRICT,STATE_ROUTE,ROUTE_SUFFIX,POSTMILE_PREFIX,POSTMILE,LOCATION_TYPE,RAMP_INTERSECTION,SIDE_OF_HWY,TOW_AWAY,COLLISION_SEVERITY,NUMBER_KILLED,NUMBER_INJURED,PARTY_COUNT,PRIMARY_COLL_FACTOR,PCF_CODE_OF_VIOL,PCF_VIOL_CATEGORY,PCF_VIOLATION,PCF_VIOL_SUBSECTION,HIT_AND_RUN,TYPE_OF_COLLISION,MVIW,PED_ACTION,ROAD_SURFACE,ROAD_COND_1,ROAD_COND_2,LIGHTING,CONTROL_DEVICE,CHP_ROAD_TYPE,PEDESTRIAN_ACCIDENT,BICYCLE_ACCIDENT,MOTORCYCLE_ACCIDENT,TRUCK_ACCIDENT,NOT_PRIVATE_PROPERTY,ALCOHOL_INVOLVED,STWD_VEHTYPE_AT_FAULT,CHP_VEHTYPE_AT_FAULT,COUNT_SEVERE_INJ,COUNT_VISIBLE_INJ,COUNT_COMPLAINT_PAIN,COUNT_PED_KILLED,COUNT_PED_INJURED,COUNT_BICYCLIST_KILLED,COUNT_BICYCLIST_INJURED,COUNT_MC_KILLED,COUNT_MC_INJURED,PRIMARY_RAMP,SECONDARY_RAMP,LATITUDE,LONGITUDE,COUNTY,CITY,POINT_X,POINT_Y
7050605,2015,2015-09-29,3602,2015-08-13,2302,3276,NA,4,5,5,3602,0,0,0,NA,0,003,CHINO AV,PIPELINE AV,0,NA,Y,A,-,N,NA,NA,NA,NA,NA,NA,NA,NA,NA,Y,4,0,2,2,A,-,12,21453,A,N,D,C,A,A,H,-,C,A,0,NA,NA,NA,NA,Y,NA,A,01,0,0,2,0,0,0,0,0,0,-,-,NA,NA,SAN BERNARDINO,CHINO,-117.71536008,34.01165009
7066975,2015,2017-01-14,9850,2015-08-21,1550,19278,NA,5,2,5,3619,0,1,1,NA,2,082,RT 15,JOSHUA ST,3960,N,N,A,-,Y,SBD,8,15,-,-,33.07,H,-,N,N,4,0,1,1,A,-,08,22107,NA,M,H,A,A,A,H,-,A,D,1,NA,NA,NA,NA,Y,NA,A,07,0,0,1,0,0,0,0,0,0,-,-,34.41487,-117.38394,SAN BERNARDINO,HESPERIA,-117.3891925,34.41529485
7050719,2015,2015-09-24,3609,2015-08-24,2338,9632,230,1,5,5,3609,0,0,0,NA,0,004,RIVERSIDE AV,AGUA MANSA DR,0,NA,Y,A,-,N,NA,NA,NA,NA,NA,NA,NA,NA,NA,N,4,0,1,2,A,-,08,22107,NA,N,B,C,A,A,H,-,C,A,0,NA,NA,NA,Y,Y,NA,G,25,0,0,1,0,0,0,0,0,0,-,-,NA,NA,SAN BERNARDINO,RIALTO,-117.36716004,34.03830006
7050867,2015,2015-09-24,3605,2015-08-21,1641,131,NA,5,5,4,3605,0,0,0,NA,0,NA,MONTE VISTA AV,SAN JOSE ST,25,N,N,A,-,N,NA,NA,NA,NA,NA,NA,NA,NA,NA,N,4,0,1,2,A,-,04,21703,NA,N,C,C,A,A,H,-,A,-,0,NA,NA,NA,NA,Y,NA,D,22,0,0,1,0,0,0,0,0,0,-,-,NA,NA,SAN BERNARDINO,MONTCLAIR,-117.69833,34.08509852
7054306,2015,2015-10-03,9870,2015-09-04,1530,13205,NA,5,2,9,3600,0,3,5,NA,2,003,QUAIL SPRINGS RD,ALTA LOMA DR,25,S,N,A,-,N,NA,NA,NA,NA,NA,NA,NA,NA,NA,Y,4,0,3,2,A,-,03,22350,NA,N,C,C,A,A,H,-,A,D,0,NA,NA,NA,NA,Y,NA,A,01,0,0,3,0,0,0,0,0,0,-,-,34.12033,-116.31508,SAN BERNARDINO,UNINCORPORATED,-116.15669,34.12313
7056099,2015,2015-10-02,3609,2015-09-04,2234,4355,95,5,5,5,3609,0,0,0,NA,0,001,AYALA DR,FITZGERALD,125,S,N,A,-,N,NA,NA,NA,NA,NA,NA,NA,NA,NA,N,4,0,1,3,A,-,04,21703,NA,N,C,C,A,A,H,-,D,D,0,NA,NA,NA,NA,Y,NA,-,NA,0,0,1,0,0,0,0,0,0,-,-,NA,NA,SAN BERNARDINO,RIALTO,-117.3941773,34.125282
7040452,2015,2017-01-03,9860,2015-07-14,1615,19674,NA,2,2,4,3603,0,1,1,NA,2,103,RT 10,RT 215,3960,W,N,A,-,Y,SBD,8,10,-,R,23.47,H,-,E,Y,4,0,1,3,A,-,03,22350,NA,N,C,C,A,A,H,-,A,D,1,NA,NA,NA,Y,Y,NA,A,07,0,0,1,0,0,0,0,0,0,-,-,34.06504,-117.30656,SAN BERNARDINO,COLTON,-117.30985526,34.06495939
7040459,2015,2017-01-17,9860,2015-07-07,0510,13945,NA,2,3,9,3600,0,1,1,NA,2,151,RT 15,KENWOOD AV,4752,S,N,B,-,Y,SBD,8,15,-,R,13.97,H,-,S,Y,4,0,1,3,A,-,03,22350,NA,N,C,C,A,A,D,-,D,D,1,NA,NA,NA,Y,Y,NA,A,01,0,0,1,0,0,0,0,0,0,-,-,NA,NA,SAN BERNARDINO,UNINCORPORATED,-117.41233004,34.22680411
7043694,2015,2017-01-17,9835,2015-08-09,1426,19989,NA,7,2,9,3600,0,1,1,NA,2,076,RT 15,CIMA RD,16210,N,N,A,-,Y,SBD,8,15,-,-,165.8,H,-,S,Y,2,0,1,1,A,-,03,22350,NA,N,F,A,A,A,H,-,A,D,1,NA,NA,Y,NA,Y,NA,C,02,1,0,0,0,0,0,0,0,1,-,-,NA,NA,SAN BERNARDINO,UNINCORPORATED,-115.62499795,35.4615891
7045694,2015,2017-01-14,3607,2015-07-01,1618,80425,246,3,5,6,3607,0,0,0,NA,0,052,EUCLID AV,RT 60,0,NA,Y,A,-,Y,SBD,8,60,-,R,4.388,R,4,E,N,4,0,1,2,A,-,12,21453,A,N,D,C,A,A,H,-,A,A,0,NA,NA,NA,NA,Y,NA,-,NA,0,0,1,0,0,0,0,0,0,-,EF,NA,NA,SAN BERNARDINO,ONTARIO,-117.65422702,34.03031781
7078967,2015,2015-10-16,3607,2015-08-18,1128,80313,119,2,5,6,3607,0,0,0,NA,0,012,STONERIDGE CT,MOUNTAIN AV,0,NA,Y,A,-,N,NA,NA,NA,NA,NA,NA,NA,NA,NA,N,4,0,1,2,A,-,09,21802,A,N,G,B,D,A,H,-,A,D,0,Y,NA,NA,NA,Y,NA,-,NA,0,0,1,0,1,0,0,0,0,-,-,NA,NA,SAN BERNARDINO,ONTARIO,-117.6700501,34.06454011
7078971,2015,2015-10-16,3607,2015-08-26,1106,80313,450,3,5,6,3607,0,0,0,NA,0,071,ARCHIBALD AV,BIG RANGE RD,0,NA,Y,A,-,N,NA,NA,NA,NA,NA,NA,NA,NA,NA,N,4,0,2,3,A,-,08,22107,NA,N,D,C,A,A,D,E,A,D,0,NA,NA,NA,NA,Y,NA,-,NA,0,0,2,0,0,0,0,0,0,-,-,NA,NA,SAN BERNARDINO,ONTARIO,-117.59324005,34.0069001
7078994,2015,2017-01-03,3607,2015-08-20,1232,80317,254,4,5,6,3607,0,0,0,NA,0,052,EUCLID AV,WALNUT ST,0,NA,Y,A,-,Y,SBD,8,83,-,-,6.913,I,5,S,N,3,0,1,2,A,-,12,21453,A,N,D,C,A,A,H,-,A,A,0,NA,NA,NA,NA,Y,NA,-,NA,0,1,0,0,0,0,0,0,0,-,-,NA,NA,SAN BERNARDINO,ONTARIO,-117.65100755,34.0265773
7078998,2015,2017-01-18,3607,2015-08-27,1518,80317,7,4,5,6,3607,0,0,0,NA,0,011,MOUNTAIN AV,RT 10,0,NA,Y,A,-,Y,SBD,8,10,-,-,2.227,R,1,E,N,3,0,1,2,A,-,05,21650,1,N,E,G,A,A,H,-,A,A,0,NA,Y,NA,NA,Y,NA,L,04,0,1,0,0,0,0,1,0,0,-,EF,NA,NA,SAN BERNARDINO,ONTARIO,-117.67290718,34.08717191
7063993,2015,2017-01-17,9860,2015-08-15,1510,19269,NA,6,2,9,3600,0,1,1,NA,2,151,RT 15,GLEN HELEN RD,462,N,N,A,-,Y,SBD,8,15,-,-,15.77,H,-,S,Y,2,0,1,3,A,-,03,22350,NA,N,-,C,A,A,H,-,A,-,1,NA,NA,Y,NA,Y,NA,C,02,1,0,0,0,0,0,0,0,1,-,-,34.21663,-117.41128,SAN BERNARDINO,UNINCORPORATED,-117.41140992,34.21673804
7065043,2014,2015-09-17,9855,2014-12-21,0319,19495,NA,7,3,5,3611,0,1,1,NA,2,203,RT 210,MOUNTAIN AV,100,W,N,A,-,Y,NA,NA,210,NA,NA,NA,NA,NA,NA,Y,2,0,1,1,A,-,01,23152,A,N,E,I,A,A,H,-,C,D,0,NA,NA,NA,NA,Y,Y,A,01,1,0,0,0,0,0,0,0,0,-,-,34.13461,-117.6705,SAN BERNARDINO,UPLAND,-117.67049877,34.13456341
7065487,2015,2016-11-19,9855,2015-04-17,1350,017313,NA,5,1,6,3607,0,1,1,NA,2,103,RT 10,GROVE AV,528,W,N,A,-,Y,SBD,8,10,-,-,4.78,H,-,W,Y,4,0,1,2,A,-,03,22350,NA,N,C,C,A,A,H,-,A,D,1,NA,NA,NA,NA,Y,NA,A,01,0,0,1,0,0,0,0,0,0,-,-,34.0817,-117.63014,SAN BERNARDINO,ONTARIO,-117.63016796,34.08169061
7057417,2015,2017-01-13,9860,2015-08-16,1240,19725,NA,7,1,9,3600,0,1,1,NA,2,152,RT 15,CLEGHORN RD,100,N,N,A,-,Y,SBD,8,15,-,R,20.03,H,-,N,N,4,0,1,3,A,-,03,22350,NA,N,C,C,A,A,D,-,A,D,1,NA,NA,NA,NA,Y,NA,D,22,0,0,1,0,0,0,0,0,0,-,-,34.29954,-117.458,SAN BERNARDINO,UNINCORPORATED,-117.45769671,34.29925771
7057587,2015,2015-11-30,3604,2015-10-18,1943,680,NA,7,5,6,3604,0,0,0,NA,0,NA,MANGO,MANZANITA,200,N,N,A,-,N,NA,NA,NA,NA,NA,NA,NA,NA,NA,N,4,0,1,2,A,-,03,22350,NA,N,E,E,A,A,H,-,D,D,0,NA,NA,NA,NA,Y,NA,A,01,0,0,1,0,0,0,0,0,0,-,-,NA,NA,SAN BERNARDINO,FONTANA,-117.43133317,34.08041799
7057680,2015,2015-12-03,3604,2015-11-02,0709,509,NA,1,5,6,3604,0,0,0,NA,0,NA,SAN BERNARDINO AV,CATAWBA AV,0,NA,Y,A,-,N,NA,NA,NA,NA,NA,NA,NA,NA,NA,Y,4,0,2,2,A,-,12,22450,A,N,D,C,A,A,H,-,A,A,0,NA,NA,NA,NA,Y,NA,-,-,0,0,2,0,0,0,0,0,0,-,-,NA,NA,SAN BERNARDINO,FONTANA,-117.4580901,34.07751002
7091319,2015,2015-10-15,3607,2015-08-17,0736,15149,46,1,5,6,3607,0,0,0,NA,0,021,CAMPUS AV,PRINCETON ST,0,NA,Y,A,-,N,NA,NA,NA,NA,NA,NA,NA,NA,NA,Y,3,0,2,3,A,-,09,21801,A,N,D,C,A,A,H,-,A,A,0,NA,NA,NA,NA,Y,NA,-,NA,0,1,1,0,0,0,0,0,0,-,-,NA,NA,SAN BERNARDINO,ONTARIO,-117.64139003,34.07976001
7091343,2015,2015-10-15,3607,2015-09-18,2021,80451,290,5,5,6,3607,0,0,0,NA,0,072,RIVERSIDE DR,ARCHIBALD AV,2640,E,N,A,-,N,NA,NA,NA,NA,NA,NA,NA,NA,NA,Y,4,0,2,2,A,-,08,22107,NA,N,A,C,A,A,H,-,C,A,0,NA,NA,NA,NA,Y,NA,-,NA,0,0,2,0,0,0,0,0,0,-,-,NA,NA,SAN BERNARDINO,ONTARIO,-117.58450209,34.01908
7093694,2015,2015-11-24,9860,2015-08-27,0730,17446,NA,4,1,9,3600,0,3,5,NA,2,002,RIVERSIDE AV,COLUMBINE AV,68,S,N,A,-,N,NA,NA,NA,NA,NA,NA,NA,NA,NA,Y,3,0,2,1,A,-,08,22107,NA,N,E,I,A,A,H,-,A,D,0,NA,NA,NA,NA,Y,NA,D,22,0,2,0,0,0,0,0,0,0,-,-,34.14328,-117.37829,SAN BERNARDINO,UNINCORPORATED,-117.37906619,34.14344242
7093695,2015,2017-01-13,9860,2015-08-14,0923,19269,NA,5,1,9,3600,0,1,1,NA,2,151,RT 15,KENWOOD AV,10560,N,N,A,-,Y,SBD,8,15,-,R,16.99,H,-,S,Y,4,0,3,4,A,-,03,22350,NA,N,C,C,A,A,D,H,A,D,1,NA,NA,NA,NA,Y,NA,D,22,0,0,3,0,0,0,0,0,0,-,-,34.25977,-117.44984,SAN BERNARDINO,UNINCORPORATED,-117.45013016,34.25631622
7058099,2015,2017-01-10,9860,2015-08-12,0300,018275,NA,3,3,5,3608,0,1,1,NA,2,203,RT 210,PIONEER AV,3696,W,N,A,-,Y,SBD,8,210,-,R,31.38,H,-,W,Y,2,0,1,1,A,-,01,23152,A,N,F,A,A,A,H,-,D,D,0,NA,NA,Y,NA,Y,Y,C,02,1,0,0,0,0,0,0,0,1,-,-,34.08361,-117.20049,SAN BERNARDINO,REDLANDS,-117.20045565,34.09157189
7059286,2015,2015-10-08,3609,2015-09-25,0300,0599,139,5,5,5,3609,0,0,0,NA,0,002,FOOTHILL BL,SYCAMORE AV,0,NA,Y,A,-,N,NA,NA,NA,NA,NA,NA,NA,NA,NA,Y,4,0,1,2,A,-,01,23152,NA,N,D,C,A,A,H,-,C,A,0,NA,NA,NA,NA,Y,NA,A,01,0,0,1,0,0,0,0,0,0,-,-,NA,NA,SAN BERNARDINO,RIALTO,-117.36599003,34.10676009
7060160,2015,2015-10-26,3602,2015-06-26,1555,1256,NA,5,5,5,3602,0,0,0,NA,0,003,YORBA AV,SCHAEFER AV,0,NA,Y,A,-,N,NA,NA,NA,NA,NA,NA,NA,NA,NA,Y,4,0,2,2,A,-,09,21801,A,N,D,C,A,A,H,-,A,A,0,NA,NA,NA,NA,Y,NA,A,01,0,0,2,0,0,0,0,0,0,-,-,NA,NA,SAN BERNARDINO,CHINO,-117.70221005,34.004420090000004
7093753,2015,2017-01-14,9860,2015-09-04,1440,19429,NA,5,2,9,3600,0,1,1,NA,2,102,RT 10,CEDAR AV,3960,W,N,A,-,Y,SBD,8,10,-,-,17.74,H,-,E,N,4,0,1,2,A,-,03,22350,NA,N,C,C,A,A,H,-,A,D,1,NA,NA,NA,NA,Y,NA,A,01,0,0,1,0,0,0,0,0,0,-,-,34.06791,-117.40147,SAN BERNARDINO,UNINCORPORATED,-117.40919273,34.06761153
7060774,2015,2015-10-15,3600,2015-04-02,1502,E5343,HE202,4,5,5,3619,0,0,0,NA,0,HE2,E AV,PEACH AV,157,N,N,A,-,N,NA,NA,NA,NA,NA,NA,NA,NA,NA,Y,4,0,1,2,A,-,03,22350,NA,N,C,C,A,A,H,-,A,D,0,NA,NA,NA,NA,Y,NA,A,01,0,0,1,0,0,0,0,0,0,-,-,NA,NA,SAN BERNARDINO,HESPERIA,-117.26898621,34.45205072
7061473,2015,2017-01-17,9855,2015-08-27,1515,17112,NA,4,2,6,3604,0,1,1,NA,2,201,RT 210,BEECH AV,600,W,N,A,-,Y,SBD,8,210,-,-,12.81,H,-,E,N,4,0,1,2,A,-,03,22350,NA,N,C,C,A,A,H,-,A,D,1,NA,NA,NA,NA,Y,NA,D,22,0,0,1,0,0,0,0,0,0,-,-,NA,NA,SAN BERNARDINO,FONTANA,-117.47307482,34.13625015
7095029,2015,2017-01-03,3607,2015-09-09,1718,80313,230,3,5,6,3607,0,0,0,NA,0,052,PHILADELPHIA ST,EUCLID AV,0,NA,Y,B,-,Y,SBD,8,83,-,-,7.4,H,-,S,N,3,0,1,2,A,-,08,22107,NA,N,D,C,A,A,H,-,A,A,0,NA,NA,NA,NA,Y,NA,-,NA,0,1,0,0,0,0,0,0,0,-,-,NA,NA,SAN BERNARDINO,ONTARIO,-117.65105514,34.03359978
7063408,2015,2017-01-13,9860,2015-08-25,1612,16651,NA,2,2,9,3600,0,1,1,NA,2,151,RT 15,GLEN HELEN PKWY,3643,S,N,B,-,Y,SBD,8,15,-,-,14.09,H,-,N,N,4,0,1,1,A,-,08,22107,NA,N,E,I,A,A,D,-,A,D,1,NA,NA,NA,NA,Y,NA,A,01,0,0,1,0,0,0,0,0,0,-,-,34.1137,-117.2514,SAN BERNARDINO,UNINCORPORATED,-117.42112024,34.19344989
7079661,2015,2015-10-26,3602,2015-04-12,2000,3413,NA,7,5,5,3602,0,0,0,NA,0,004,RIVERSIDE DR,MOUNTAIN AV,25,E,N,A,-,N,NA,NA,NA,NA,NA,NA,NA,NA,NA,N,4,0,1,2,A,-,08,22107,NA,N,C,E,A,A,H,-,A,D,0,NA,NA,NA,NA,Y,NA,A,01,0,0,1,0,0,0,0,0,0,-,-,NA,NA,SAN BERNARDINO,CHINO,-117.66746773,34.01920152
7064036,2015,2017-01-17,3600,2015-08-04,2135,F3793,AD207,2,5,3,3613,0,0,0,NA,0,001,RT 395,BARTLETT,1000,N,N,A,-,Y,SBD,8,395,-,-,16.42,H,-,S,N,4,0,1,2,A,-,03,22350,NA,N,C,D,A,A,H,-,D,D,0,NA,NA,Y,NA,Y,NA,A,07,0,0,1,0,0,0,0,0,1,-,-,NA,NA,SAN BERNARDINO,ADELANTO,-117.41305349,34.58200413
7095918,2015,2017-03-08,3600,2015-09-18,0724,S3887,VC059,5,5,5,3612,0,0,0,NA,0,004,PETALUMA RD,FORT APACHE CT,0,NA,Y,A,-,N,NA,NA,NA,NA,NA,NA,NA,NA,NA,Y,4,0,2,2,A,-,08,22107,NA,N,D,C,A,A,H,-,A,A,0,NA,NA,NA,NA,Y,NA,-,NA,0,0,2,0,0,0,0,0,0,-,-,NA,NA,SAN BERNARDINO,VICTORVILLE,-117.35200003,34.47898004
7095952,2015,2017-01-14,3607,2015-09-14,0713,14971,400,1,5,6,3607,0,0,0,NA,0,062,RIVERSIDE DR,RT 83,150,W,N,A,-,Y,SBD,8,83,-,-,6.413,I,6,S,N,4,0,2,2,A,-,04,21703,NA,N,C,C,A,A,H,-,A,D,0,NA,NA,NA,NA,Y,NA,-,NA,0,0,2,0,0,0,0,0,0,-,-,NA,NA,SAN BERNARDINO,ONTARIO,-117.65095996,34.01934374
7096381,2015,2016-12-12,9855,2015-05-28,1730,13381,NA,4,2,6,3607,0,1,1,NA,2,101,RT 10,MILLIKEN AV,761,E,N,A,-,Y,SBD,8,10,-,-,9.32,H,-,E,N,4,0,2,3,A,-,03,22350,NA,N,C,C,A,A,H,-,A,D,1,NA,NA,NA,Y,Y,NA,F,26,0,0,2,0,0,0,0,0,0,-,-,NA,NA,SAN BERNARDINO,ONTARIO,-117.55568994,34.067364
7096405,2015,2017-02-04,9855,2015-05-20,2000,15299,NA,3,2,6,3604,0,1,1,NA,2,101,RT 10,CHERRY AV,25,E,N,A,-,Y,SBD,8,10,-,-,13.337,R,1,W,N,4,0,3,2,A,-,01,23152,A,F,C,C,A,A,H,-,A,A,1,NA,NA,NA,NA,Y,Y,D,22,0,0,3,0,0,0,0,0,0,TO,-,34.0672,-117.4887,SAN BERNARDINO,FONTANA,-117.48591811,34.06612612
7096579,2015,2015-10-15,3607,2015-09-21,0622,14997,210,1,5,6,3607,0,0,0,NA,0,071,BAKER AV,ACACIA ST,0,NA,Y,A,-,N,NA,NA,NA,NA,NA,NA,NA,NA,NA,Y,4,0,2,2,A,-,09,21802,A,N,D,C,A,A,H,-,A,A,0,NA,NA,NA,NA,Y,NA,-,NA,0,0,2,0,0,0,0,0,0,-,-,NA,NA,SAN BERNARDINO,ONTARIO,-117.61532,34.04851002
7079842,2015,2015-09-28,3604,2015-08-24,0733,509,NA,1,5,6,3604,0,0,0,NA,0,NA,BASELINE AV,PALMETTO AV,0,NA,Y,A,-,N,NA,NA,NA,NA,NA,NA,NA,NA,NA,Y,4,0,3,3,A,-,09,21802,A,N,D,C,A,A,H,-,A,A,0,NA,NA,NA,NA,Y,NA,A,01,0,0,3,0,0,0,0,0,0,-,-,NA,NA,SAN BERNARDINO,FONTANA,-117.42728001,34.12134004
7079886,2015,2015-09-28,3604,2015-08-25,1637,680,NA,2,5,6,3604,0,0,0,NA,0,NA,ALDER,HAWTHORN,0,NA,Y,B,-,N,NA,NA,NA,NA,NA,NA,NA,NA,NA,Y,4,0,2,2,A,-,03,22350,NA,N,C,C,A,A,H,-,A,D,0,NA,NA,NA,NA,Y,NA,A,01,0,0,2,0,0,0,0,0,0,-,-,NA,NA,SAN BERNARDINO,FONTANA,-117.4182795,34.081272
7066294,2015,2015-09-18,3602,2015-04-02,0143,2606,NA,4,5,5,3602,0,0,0,NA,0,002,FRANCIS AV,BENSON AV,244,W,N,A,-,N,NA,NA,NA,NA,NA,NA,NA,NA,NA,Y,3,0,1,1,A,-,01,23152,A,N,E,I,A,A,H,-,C,A,0,NA,NA,NA,NA,Y,Y,A,01,0,1,0,0,0,0,0,0,0,-,-,NA,NA,SAN BERNARDINO,CHINO,-117.68165315,34.04087823
7099923,2015,2015-10-29,3600,2015-10-02,0345,B6727,HE118,5,5,5,3619,0,0,0,NA,0,003,MAIN ST,ESCONDIDO AV,0,NA,Y,A,-,N,NA,NA,NA,NA,NA,NA,NA,NA,NA,Y,3,0,1,1,A,-,03,22350,NA,N,E,I,A,A,H,-,C,A,0,NA,NA,NA,NA,Y,NA,D,22,0,1,0,0,0,0,0,0,0,-,-,NA,NA,SAN BERNARDINO,HESPERIA,-117.37299001,34.42665006
7066364,2015,2016-11-19,3602,2015-05-02,2234,1949,147,6,5,5,3602,0,0,0,NA,0,005,EUCLID AV,KIMBALL AV,0,NA,Y,A,-,Y,SBD,8,83,-,-,2.919,I,5,S,Y,3,0,2,2,A,-,01,23152,A,N,D,C,A,A,H,-,A,A,0,NA,NA,NA,NA,Y,Y,A,07,0,1,1,0,0,0,0,0,0,-,-,NA,NA,SAN BERNARDINO,CHINO,-117.65078149,33.9685125
7067702,2015,2017-01-17,9835,2015-08-22,1610,21082,NA,6,2,9,3600,0,1,1,NA,2,074,RT 15,ZZYZX RD,792,S,N,A,-,Y,SBD,8,15,-,R,130.03,H,-,N,N,2,0,1,1,A,-,08,22107,NA,N,F,A,A,A,H,-,A,D,1,NA,NA,Y,NA,Y,NA,C,02,1,0,0,0,0,0,0,0,1,-,-,35.19469,-116.14992,SAN BERNARDINO,UNINCORPORATED,-116.14361891,35.19521164
7105769,2015,2015-10-29,3604,2015-09-28,1328,678,NA,1,5,6,3604,0,0,0,NA,0,NA,CYPRESS AV,RANDALL AV,0,NA,Y,A,-,N,NA,NA,NA,NA,NA,NA,NA,NA,NA,Y,4,0,1,2,A,-,09,21802,A,N,D,C,A,A,H,-,A,A,0,NA,NA,NA,NA,Y,NA,A,01,0,0,1,0,0,0,0,0,0,-,-,NA,NA,SAN BERNARDINO,FONTANA,-117.44444009,34.0848201
7069993,2014,2015-09-16,9855,2014-12-26,1430,016801,NA,5,2,6,3607,0,1,1,NA,2,103,RT 10,VINEYARD AV,1200,W,N,A,-,Y,NA,NA,10,NA,NA,NA,NA,NA,NA,N,4,0,1,2,A,-,03,22350,NA,N,C,C,A,A,H,-,A,D,0,NA,NA,NA,NA,Y,NA,A,01,0,0,1,0,0,0,0,0,0,-,-,34.07294,-117.61533,SAN BERNARDINO,ONTARIO,-117.61534737,34.07290976
7069996,2014,2015-09-16,9855,2014-12-22,1750,12993,NA,1,2,6,3604,0,1,1,NA,2,153,RT 15,SIERRA AV,2640,S,N,A,-,Y,NA,NA,NA,NA,NA,NA,NA,NA,NA,N,4,0,3,2,A,-,03,22350,NA,N,C,C,A,A,H,-,D,D,0,NA,NA,NA,NA,Y,NA,A,01,0,0,3,0,0,0,0,0,0,-,-,34.10337,-117.26419,SAN BERNARDINO,FONTANA,-117.44341506,34.17702435
7106777,2015,2015-10-29,3608,2015-10-17,1254,4202,NA,6,5,5,3608,0,0,0,NA,0,3608,N CHURCH ST,E COLTON AV,40,S,N,A,-,N,NA,NA,NA,NA,NA,NA,NA,NA,NA,N,3,0,1,2,A,-,09,21804,A,N,D,C,A,A,H,-,A,D,0,NA,NA,NA,NA,Y,NA,A,08,0,1,0,0,0,0,0,0,0,-,-,NA,NA,SAN BERNARDINO,REDLANDS,-117.17380421,34.06271049
7071091,2015,2015-09-22,3608,2015-09-08,1740,2952,NA,2,5,5,3608,0,0,0,NA,0,NA,BROCKTON AV,WEBSTER ST,0,NA,Y,A,-,N,NA,NA,NA,NA,NA,NA,NA,NA,NA,N,4,0,1,2,A,-,08,22107,A,N,B,C,A,A,H,-,A,D,0,NA,NA,NA,NA,Y,NA,A,01,0,0,1,0,0,0,0,0,0,-,-,NA,NA,SAN BERNARDINO,REDLANDS,-117.18684002,34.06638006
7108307,2015,2015-11-03,3610,2015-09-22,1312,50732,NA,2,5,6,3610,0,0,0,NA,0,NA,WEST HIGHLAND AV,N D ST,0,NA,Y,A,-,N,NA,NA,NA,NA,NA,NA,NA,NA,NA,N,4,0,1,2,A,-,03,22350,NA,N,C,C,A,A,H,-,A,A,0,NA,NA,NA,NA,Y,NA,A,07,0,0,1,0,0,0,0,0,0,-,-,NA,NA,SAN BERNARDINO,SAN BERNARDINO,-117.29190013,34.13598012
7074165,2015,2015-09-28,3610,2015-08-04,2156,50842,NA,2,5,6,3610,0,0,0,NA,0,NA,N WATERMAN,E 16TH ST,0,NA,Y,A,-,N,NA,NA,NA,NA,NA,NA,NA,NA,NA,Y,4,0,1,2,A,-,08,22107,NA,M,D,C,A,A,H,-,C,A,0,NA,NA,NA,NA,Y,Y,A,01,0,0,1,0,0,0,0,0,0,-,-,NA,NA,SAN BERNARDINO,SAN BERNARDINO,-117.27878013,34.12866003
7081835,2015,2015-10-20,3600,2015-08-28,0917,A9113,RC001,5,5,6,3616,0,0,0,NA,0,004,ETIWANDA AV,WELLS RD,0,NA,Y,A,-,N,NA,NA,NA,NA,NA,NA,NA,NA,NA,Y,3,0,1,2,A,-,09,21802,A,N,D,C,A,A,H,-,A,A,0,NA,NA,NA,Y,Y,NA,A,01,0,1,0,0,0,0,0,0,0,-,-,NA,NA,SAN BERNARDINO,RANCHO CUCAMONGA,-117.52399564,34.08103161
7089852,2015,2015-10-13,3607,2015-09-08,0849,80482,240,2,5,6,3607,0,0,0,NA,0,071,CEDAR ST,BAKER AV,300,W,N,A,-,N,NA,NA,NA,NA,NA,NA,NA,NA,NA,Y,3,0,2,2,A,-,08,22107,NA,N,D,C,A,A,H,-,A,A,0,NA,NA,NA,NA,Y,NA,-,NA,0,2,0,0,0,0,0,0,0,-,-,NA,NA,SAN BERNARDINO,ONTARIO,-117.61636749,34.03762836
7076022,2015,2015-10-10,3603,2015-07-23,0746,CL4697,COLTO,4,5,4,3603,0,0,0,NA,0,004,MT VERNON AV,COOLEY DR,0,NA,Y,A,-,N,NA,NA,NA,NA,NA,NA,NA,NA,NA,Y,4,0,1,2,A,-,09,21453,C,N,D,C,A,A,H,-,A,A,0,NA,NA,NA,NA,Y,NA,D,22,0,0,1,0,0,0,0,0,0,-,-,NA,NA,SAN BERNARDINO,COLTON,-117.30925013,34.05457003
7076059,2015,2015-10-08,3603,2015-08-24,1600,4615,COLTO,1,5,4,3603,0,0,0,NA,0,002,MT VERNON AV,FAIRWAY AV,0,NA,Y,A,-,N,NA,NA,NA,NA,NA,NA,NA,NA,NA,Y,3,0,1,2,A,-,09,21801,A,N,D,C,A,A,H,-,A,A,0,NA,NA,NA,NA,Y,NA,A,01,0,1,0,0,0,0,0,0,0,-,-,NA,NA,SAN BERNARDINO,COLTON,-117.31384002,34.06871002
7076860,2015,2015-10-03,3600,2015-08-28,1740,D3311,RC027,5,5,6,3616,0,0,0,NA,0,RC06,LEMON AV,DAY LILY CT,57,E,N,A,-,N,NA,NA,NA,NA,NA,NA,NA,NA,NA,Y,2,0,1,2,A,-,09,21801,B,N,D,C,A,A,H,-,A,A,0,NA,NA,Y,NA,Y,NA,C,02,1,0,0,0,0,0,0,0,0,-,-,NA,NA,SAN BERNARDINO,RANCHO CUCAMONGA,-117.58840214,34.13968
7063583,2015,2015-11-20,9860,2015-08-25,2305,018972,NA,2,3,9,3600,0,3,5,NA,2,004,RANDALL AV,MAPLE AV,600,W,N,B,-,N,NA,NA,NA,NA,NA,NA,NA,NA,NA,Y,3,0,1,1,A,-,08,22107,NA,N,E,I,A,A,H,-,C,D,0,NA,NA,NA,NA,Y,NA,A,01,0,1,0,0,0,0,0,0,0,-,-,34.0852,-117.40539,SAN BERNARDINO,UNINCORPORATED,-117.40717578,34.084941