CASE_ID,ACCIDENT_YEAR,PROC_DATE,JURIS,COLLISION_DATE,COLLISION_TIME,OFFICER_ID,REPORTING_DISTRICT,DAY_OF_WEEK,CHP_SHIFT,POPULATION,CNTY_CITY_LOC,SPECIAL_COND,BEAT_TYPE,CHP_BEAT_TYPE,CITY_DIVISION_LAPD,CHP_BEAT_CLASS,BEAT_NUMBER,PRIMARY_RD,SECONDARY_RD,DISTANCE,DIRECTION,INTERSECTION,WEATHER_1,WEATHER_2,STATE_HWY_IND,CALTRANS_COUNTY,CALTRANS_DISTRICT,STATE_ROUTE,ROUTE_SUFFIX,POSTMILE_PREFIX,POSTMILE,LOCATION_TYPE,RAMP_INTERSECTION,SIDE_OF_HWY,TOW_AWAY,COLLISION_SEVERITY,NUMBER_KILLED,NUMBER_INJURED,PARTY_COUNT,PRIMARY_COLL_FACTOR,PCF_CODE_OF_VIOL,PCF_VIOL_CATEGORY,PCF_VIOLATION,PCF_VIOL_SUBSECTION,HIT_AND_RUN,TYPE_OF_COLLISION,MVIW,PED_ACTION,ROAD_SURFACE,ROAD_COND_1,ROAD_COND_2,LIGHTING,CONTROL_DEVICE,CHP_ROAD_TYPE,PEDESTRIAN_ACCIDENT,BICYCLE_ACCIDENT,MOTORCYCLE_ACCIDENT,TRUCK_ACCIDENT,NOT_PRIVATE_PROPERTY,ALCOHOL_INVOLVED,STWD_VEHTYPE_AT_FAULT,CHP_VEHTYPE_AT_FAULT,COUNT_SEVERE_INJ,COUNT_VISIBLE_INJ,COUNT_COMPLAINT_PAIN,COUNT_PED_KILLED,COUNT_PED_INJURED,COUNT_BICYCLIST_KILLED,COUNT_BICYCLIST_INJURED,COUNT_MC_KILLED,COUNT_MC_INJURED,PRIMARY_RAMP,SECONDARY_RAMP,LATITUDE,LONGITUDE,COUNTY,CITY,POINT_X,POINT_Y
7139199,2015,2016-01-26,3601,2015-10-30,1742,P81,NA,5,5,3,3601,0,0,0,NA,0,PATROL,MOUNTAIN VIEW ST,YUCCA AV,0,NA,Y,A,-,N,NA,NA,NA,NA,NA,NA,NA,NA,NA,Y,4,0,2,2,A,-,09,21801,A,N,A,C,A,A,H,-,A,D,0,NA,NA,NA,Y,Y,NA,F,26,0,0,2,0,0,0,0,0,0,-,-,NA,NA,SAN BERNARDINO,BARSTOW,-117.00842013,34.89384003
7149089,2015,2016-01-11,3605,2015-12-19,1526,309,NA,6,5,4,3605,0,0,0,NA,0,NA,MONTE VISTA AV,BENITO ST,624,N,N,A,-,N,NA,NA,NA,NA,NA,NA,NA,NA,NA,Y,4,0,2,2,A,-,03,22350,NA,N,C,C,A,A,H,-,A,A,0,NA,NA,NA,NA,Y,NA,A,01,0,0,2,0,0,0,0,0,0,-,-,NA,NA,SAN BERNARDINO,MONTCLAIR,-117.69827631,34.07572027
7167417,2016,2016-02-03,3600,2016-01-18,1339,F1596,RC018,1,5,6,3616,0,0,0,NA,0,005,SPRUCE AV,FOOTHILL BL,255,S,N,A,-,N,NA,NA,NA,NA,NA,NA,NA,NA,NA,N,4,0,1,2,A,-,09,21804,A,N,D,C,A,A,H,-,A,A,0,NA,NA,NA,NA,Y,NA,A,01,0,0,1,0,0,0,0,0,0,-,-,NA,NA,SAN BERNARDINO,RANCHO CUCAMONGA,-117.5670046,34.10589451
7167429,2016,2016-02-03,3600,2016-01-23,2000,C8620,RC021,6,5,6,3616,0,0,0,NA,0,RC2,MILLIKEN AV,KENYON WY,0,NA,Y,A,-,N,NA,NA,NA,NA,NA,NA,NA,NA,NA,Y,4,0,1,2,A,-,12,21453,A,N,D,C,A,A,H,-,C,A,0,NA,NA,NA,NA,Y,NA,-,-,0,0,1,0,0,0,0,0,0,-,-,NA,NA,SAN BERNARDINO,RANCHO CUCAMONGA,-117.5586401,34.13428012
7151772,2015,2016-01-23,3600,2015-12-06,1405,F5092,HE202,7,5,5,3619,0,0,0,NA,0,NA,I AV,EUCALYPTUS ST,153,N,N,A,-,N,NA,NA,NA,NA,NA,NA,NA,NA,NA,Y,2,0,1,2,A,-,09,21800,A,N,D,C,A,A,H,-,A,A,0,NA,NA,Y,NA,Y,NA,O,05,1,0,0,0,0,0,0,0,1,-,-,NA,NA,SAN BERNARDINO,HESPERIA,-117.27719,34.45566913
7151828,2015,2016-01-23,3600,2015-12-11,0807,E7439,HE104,5,5,5,3619,0,0,0,NA,0,HE1,BEAR VALLEY RD,5TH ST,0,NA,Y,A,-,N,NA,NA,NA,NA,NA,NA,NA,NA,NA,N,4,0,1,2,A,-,12,21453,A,N,D,C,A,A,H,-,A,A,0,NA,NA,NA,NA,Y,NA,A,01,0,0,1,0,0,0,0,0,0,-,-,NA,NA,SAN BERNARDINO,HESPERIA,-117.30801013,34.47081009
7154829,2015,2016-01-11,3602,2015-11-22,0254,3571,NA,7,5,5,3602,0,0,0,NA,0,003,EDISON AV,CENTRAL AV,0,NA,Y,A,-,N,NA,NA,NA,NA,NA,NA,NA,NA,NA,N,3,0,3,2,A,-,12,21453,NA,N,D,C,A,A,H,-,C,A,0,NA,NA,NA,NA,Y,NA,A,01,0,1,2,0,0,0,0,0,0,-,-,NA,NA,SAN BERNARDINO,CHINO,-117.68911009,33.99729007
7170854,2015,2016-02-01,3600,2015-11-10,1653,E8290,VV226,2,5,5,3621,0,0,0,NA,0,NA,STODDARD WELLS RD,JOHNSON RD,0,NA,Y,A,-,N,NA,NA,NA,NA,NA,NA,NA,NA,NA,Y,3,0,1,1,A,-,05,21650,NA,N,E,J,A,A,H,-,B,D,0,NA,NA,Y,NA,Y,NA,C,02,0,1,0,0,0,0,0,0,1,-,-,NA,NA,SAN BERNARDINO,APPLE VALLEY,-117.23251009,34.60095001
7170883,2015,2016-02-01,3603,2015-11-06,1334,4061,CL,5,5,4,3603,0,0,0,NA,0,003,RANCHO AV,AGUA MANSA RD,200,N,N,A,-,N,NA,NA,NA,NA,NA,NA,NA,NA,NA,Y,3,0,1,1,A,-,03,22350,NA,N,F,I,A,A,H,-,A,D,0,NA,NA,NA,NA,Y,NA,-,NA,0,1,0,0,0,0,0,0,0,-,-,NA,NA,SAN BERNARDINO,COLTON,-117.33479,34.05463688
7127643,2015,2016-01-05,3609,2015-11-28,1756,3156,120,6,5,5,3609,0,0,0,NA,0,001,CEDAR AV,ETIWANDA AV,0,NA,Y,A,-,N,NA,NA,NA,NA,NA,NA,NA,NA,NA,Y,3,0,4,2,A,-,09,21801,A,N,D,C,A,A,H,-,C,A,0,NA,NA,NA,NA,Y,NA,A,01,0,1,3,0,0,0,0,0,0,-,-,34.114,-117.3966,SAN BERNARDINO,RIALTO,-117.39660003,34.11404004
7130506,2015,2017-01-19,3600,2015-10-21,1633,C3501,AP003,3,5,5,3621,0,0,0,NA,0,AP1,RT 18,TAO RD,0,NA,Y,A,-,Y,SBD,8,18,-,-,93.176,I,5,S,Y,4,0,1,2,A,-,03,22350,NA,N,D,C,A,A,H,-,A,A,0,NA,NA,NA,NA,Y,NA,A,01,0,0,1,0,0,0,0,0,0,-,-,NA,NA,SAN BERNARDINO,APPLE VALLEY,-117.25156673,34.53732738
7130697,2015,2015-12-09,3600,2015-11-08,1719,D3560,HE128,7,5,5,3619,0,0,0,NA,0,HE1,MAIN ST,OAKWOOD AV,619,W,N,A,-,N,NA,NA,NA,NA,NA,NA,NA,NA,NA,Y,2,0,1,3,A,-,07,21658,A,N,B,C,A,A,H,-,C,A,0,NA,NA,Y,NA,Y,NA,A,01,1,0,0,0,0,0,0,0,1,-,-,NA,NA,SAN BERNARDINO,HESPERIA,-117.344696,34.42681261
7171790,2016,2016-02-02,3608,2016-01-15,0642,3675,NA,5,5,5,3608,0,0,0,NA,0,NA,COLTON AV,DEARBORN ST,0,NA,Y,A,-,N,NA,NA,NA,NA,NA,NA,NA,NA,NA,N,3,0,1,2,A,-,10,21950,A,N,G,B,B,A,H,-,A,A,0,Y,NA,NA,NA,Y,NA,A,01,0,1,0,0,1,0,0,0,0,-,-,NA,NA,SAN BERNARDINO,REDLANDS,-117.14761013,34.06280004
7135756,2015,2015-12-28,3609,2015-11-06,1045,3802,NA,5,5,5,3609,0,0,0,NA,0,004,WILLOW AV,RIALTO AV,0,NA,Y,A,-,N,NA,NA,NA,NA,NA,NA,NA,NA,NA,Y,4,0,1,2,A,-,09,21804,A,N,D,C,A,A,H,-,A,A,0,NA,NA,NA,NA,Y,NA,A,01,0,0,1,0,0,0,0,0,0,-,-,34.09,-117.37,SAN BERNARDINO,RIALTO,-117.37473006,34.09953007
7135834,2015,2015-12-14,3605,2015-11-08,1456,378,NA,7,5,4,3605,0,0,0,NA,0,NA,CENTRAL AV,COSTCO WY,7,E,N,A,-,N,NA,NA,NA,NA,NA,NA,NA,NA,NA,N,4,0,1,2,A,-,01,23152,A,M,C,D,A,A,H,-,C,A,0,NA,NA,NA,NA,Y,Y,A,01,0,0,1,0,0,0,0,0,0,-,-,NA,NA,SAN BERNARDINO,MONTCLAIR,-117.68949687,34.08359225
7173336,2015,2017-01-10,9855,2015-08-24,0810,14980,NA,1,1,6,3607,0,1,3,NA,2,601,RT 60,ARCHIBALD AV,500,E,N,A,-,Y,SBD,8,60,-,R,8.071,R,2,E,Y,4,0,1,2,A,-,03,22350,NA,N,C,C,A,A,H,-,A,A,1,NA,NA,NA,NA,Y,NA,D,22,0,0,1,0,0,0,0,0,0,FR,-,34.02999,-117.59215,SAN BERNARDINO,ONTARIO,-117.59002907,34.03054158
7173346,2015,2017-01-11,9855,2015-08-08,1318,20231,NA,6,1,6,3604,0,1,1,NA,2,101,RT 10,CITRUS AV,238,E,N,A,-,Y,SBD,8,10,-,-,15.343,R,2,W,Y,4,0,1,2,A,-,08,22107,NA,N,E,I,A,A,H,-,A,D,1,NA,NA,NA,NA,Y,NA,D,22,0,0,1,0,0,0,0,0,0,TO,-,34.06832,-117.45263,SAN BERNARDINO,FONTANA,-117.45093855,34.06697946
7177524,2016,2016-02-25,3610,2016-01-23,1514,50733,NA,6,5,6,3610,0,0,0,NA,0,POLICE,N LITTLE LEAGUE DR,W FRONTAGE RD,0,NA,Y,A,-,N,NA,NA,NA,NA,NA,NA,NA,NA,NA,Y,3,0,2,2,A,-,01,23152,A,N,D,C,A,A,H,-,A,A,0,NA,NA,NA,NA,Y,Y,A,01,0,1,1,0,0,0,0,0,0,-,-,34.20072,-117.37091,SAN BERNARDINO,SAN BERNARDINO,-117.37090013,34.20070004
7179209,2015,2017-01-18,9855,2015-08-08,1450,20487,NA,6,2,6,3607,0,1,1,NA,2,103,RT 10,MILLIKEN AV,200,W,N,A,-,Y,SBD,8,10,-,-,9.14,H,-,E,Y,4,0,1,3,A,-,03,22350,NA,F,C,C,A,A,H,-,A,D,1,NA,NA,NA,NA,Y,NA,A,07,0,0,1,0,0,0,0,0,0,-,-,34.0674,-117.56566,SAN BERNARDINO,ONTARIO,-117.55883097,34.06737975
7179223,2015,2017-01-18,9855,2015-08-19,0807,16829,NA,3,1,6,3607,0,1,1,NA,2,103,RT 10,EUCLID AV,20,E,N,A,-,Y,SBD,8,10,-,-,3.471,H,-,W,Y,3,0,1,3,A,-,07,21658,A,F,B,C,A,A,H,-,A,D,1,NA,NA,Y,NA,Y,NA,-,99,0,1,0,0,0,0,0,0,1,-,-,34.06565,-117.48877,SAN BERNARDINO,ONTARIO,-117.65107017,34.08741387
7179228,2015,2017-01-14,9855,2015-08-15,1050,17704,NA,6,1,5,3602,0,1,3,NA,2,603,RT 60,RAMONA AV,700,E,N,A,-,Y,SBD,8,60,-,R,1.68,H,-,W,Y,3,0,1,2,A,-,03,22350,NA,N,C,C,A,A,H,-,A,D,1,NA,NA,Y,NA,Y,NA,C,02,0,1,0,0,0,0,0,0,1,-,-,34.03042,-117.70193,SAN BERNARDINO,CHINO,-117.70138476,34.03027629
7136667,2015,2015-12-17,3608,2015-12-05,0147,3675,NA,6,5,5,3608,0,0,0,NA,0,NA,REDLANDS BL,5TH ST,0,NA,Y,A,-,N,NA,NA,NA,NA,NA,NA,NA,NA,NA,N,3,0,1,2,A,-,10,21950,A,F,G,B,B,A,H,-,C,A,0,Y,NA,NA,NA,Y,NA,A,01,0,1,0,0,1,0,0,0,0,-,-,NA,NA,SAN BERNARDINO,REDLANDS,-117.18145014,34.05729001
7138091,2015,2015-12-22,3611,2015-10-10,1653,2908,NA,6,5,5,3611,0,0,0,NA,0,002,SAN ANTONIO AV,8TH ST,0,NA,Y,A,-,N,NA,NA,NA,NA,NA,NA,NA,NA,NA,N,4,0,1,2,A,-,09,21801,A,N,D,C,A,A,H,-,A,A,0,NA,NA,NA,NA,Y,NA,A,07,0,0,1,0,0,0,0,0,0,-,-,NA,NA,SAN BERNARDINO,UPLAND,-117.66072009,34.09246004
7162938,2015,2016-01-20,3610,2015-12-08,1551,50732,NA,2,5,6,3610,0,0,0,NA,0,NA,W BASELINE ST,N MT VIEW AV,0,NA,Y,A,-,N,NA,NA,NA,NA,NA,NA,NA,NA,NA,Y,4,0,1,2,A,-,09,21801,A,N,D,B,A,A,H,-,A,A,0,NA,NA,NA,NA,Y,NA,A,01,0,0,1,0,0,0,0,0,0,-,-,NA,NA,SAN BERNARDINO,SAN BERNARDINO,-117.28741007,34.12134007
7181327,2016,2016-02-22,3607,2016-01-07,1056,80248,131,4,5,6,3607,0,0,0,NA,0,022,HOLT BL,CUCAMONGA AV,528,W,N,A,-,N,NA,NA,NA,NA,NA,NA,NA,NA,NA,Y,4,0,1,2,A,-,09,21801,A,N,D,C,A,A,H,-,A,D,0,NA,NA,NA,NA,Y,NA,-,NA,0,0,1,0,0,0,0,0,0,-,-,NA,NA,SAN BERNARDINO,ONTARIO,-117.63366868,34.0634
7181330,2016,2016-02-18,3607,2016-01-09,2227,80465,34,6,5,6,3607,0,0,0,NA,0,031,VINEYARD AV,5TH ST,0,NA,Y,B,-,N,NA,NA,NA,NA,NA,NA,NA,NA,NA,Y,3,0,1,2,A,-,12,22450,A,M,D,C,A,A,-,-,C,D,0,NA,NA,NA,NA,Y,NA,-,NA,0,1,0,0,0,0,0,0,0,-,-,NA,NA,SAN BERNARDINO,ONTARIO,-117.6111405,34.081623
7182010,2015,2016-02-12,3610,2015-05-28,0511,50570,NA,4,5,6,3610,0,0,0,NA,0,NA,EAST HIGHLAND AV,N VALENCIA AV,0,NA,Y,B,-,N,NA,NA,NA,NA,NA,NA,NA,NA,NA,Y,3,0,2,2,A,-,03,22350,NA,N,D,C,A,A,H,-,C,A,0,NA,NA,NA,NA,Y,NA,J,48,0,1,1,0,0,0,0,0,0,-,-,NA,NA,SAN BERNARDINO,SAN BERNARDINO,-117.27252002,34.1359001
7182063,2015,2016-02-19,3610,2015-01-08,1910,50525,NA,4,5,6,3610,0,0,0,NA,0,NA,NORTH WATERMAN AV,E ORANGE ST,12,S,N,A,-,N,NA,NA,NA,NA,NA,NA,NA,NA,NA,Y,4,0,2,2,A,-,08,22107,NA,N,A,C,A,A,H,-,C,D,0,NA,NA,NA,NA,Y,NA,A,01,0,0,2,0,0,0,0,0,0,-,-,NA,NA,SAN BERNARDINO,SAN BERNARDINO,-117.27879,34.12035713
7182073,2015,2016-02-12,3610,2015-03-01,0626,50702,NA,7,5,6,3610,0,0,0,NA,0,NA,E 30TH ST,NORTH WATERMAN AV,0,NA,Y,B,-,N,NA,NA,NA,NA,NA,NA,NA,NA,NA,Y,4,0,1,2,A,-,12,21453,A,N,D,C,A,B,H,-,A,A,0,NA,NA,NA,NA,Y,NA,A,01,0,0,1,0,0,0,0,0,0,-,-,NA,NA,SAN BERNARDINO,SAN BERNARDINO,-117.2787001,34.1459801
7164856,2015,2016-01-22,3604,2015-12-23,1236,1198,NA,3,5,6,3604,0,0,0,NA,0,NA,VALLEY BL,ALDER AV,1507,W,N,A,-,N,NA,NA,NA,NA,NA,NA,NA,NA,NA,N,4,0,1,2,A,-,09,21804,A,N,D,C,A,A,H,-,A,D,0,NA,NA,NA,NA,Y,NA,D,22,0,0,1,0,0,0,0,0,0,-,-,NA,NA,SAN BERNARDINO,FONTANA,-117.42320179,34.07042
7166694,2016,2016-01-26,3600,2016-01-14,0646,E7439,HE128,4,5,5,3619,0,0,0,NA,0,HE1,MAIN ST,MAPLE AV,0,NA,Y,A,-,N,NA,NA,NA,NA,NA,NA,NA,NA,NA,Y,4,0,1,2,A,-,12,21453,A,N,D,C,A,A,H,-,A,A,0,NA,NA,NA,NA,Y,NA,A,01,0,0,1,0,0,0,0,0,0,-,-,NA,NA,SAN BERNARDINO,HESPERIA,-117.34649005,34.42679009
7166838,2015,2016-01-28,3610,2015-12-30,1706,50675,NA,3,5,6,3610,0,0,0,NA,0,DAVID,N  D ST,W 5TH ST,0,NA,Y,A,-,N,NA,NA,NA,NA,NA,NA,NA,NA,NA,N,4,0,1,2,A,-,10,21950,A,N,G,B,B,A,H,-,B,B,0,Y,NA,NA,NA,Y,NA,A,01,0,0,1,0,1,0,0,0,0,-,-,NA,NA,SAN BERNARDINO,SAN BERNARDINO,-117.29189005,34.10831009
7144468,2015,2016-03-07,3600,2015-11-30,0905,D4321,AP025,1,5,5,3621,0,0,0,NA,0,AP3,BEAR VALLEY RD,WESTMONT DR,0,NA,Y,A,-,N,NA,NA,NA,NA,NA,NA,NA,NA,NA,N,4,0,1,2,A,-,04,21703,NA,N,C,C,A,A,H,-,A,A,0,NA,NA,NA,Y,Y,NA,F,25,0,0,1,0,0,0,0,0,0,-,-,NA,NA,SAN BERNARDINO,APPLE VALLEY,NA,NA
7185006,2016,2016-02-18,3604,2016-02-01,1807,958,NA,1,5,6,3604,0,0,0,NA,0,NA,ALMERIA AV,MONTGOMERY DR,75,S,N,B,-,N,NA,NA,NA,NA,NA,NA,NA,NA,NA,Y,4,0,1,3,A,-,08,22107,NA,N,B,E,A,A,H,-,C,D,0,NA,NA,NA,NA,Y,NA,A,01,0,0,1,0,0,0,0,0,0,-,-,NA,NA,SAN BERNARDINO,FONTANA,-117.46019457,34.11899453
7152203,2015,2016-01-13,3609,2015-12-21,1226,6367,100,1,5,5,3609,0,0,0,NA,0,002,BASELINE RD,WILLOW AV,475,E,N,A,-,N,NA,NA,NA,NA,NA,NA,NA,NA,NA,Y,4,0,2,2,A,-,09,21804,A,N,D,C,A,A,H,-,A,D,0,NA,NA,NA,NA,Y,NA,A,01,0,0,2,0,0,0,0,0,0,-,-,34.12493,-117.39119,SAN BERNARDINO,RIALTO,-117.37323537,34.12135
7154794,2015,2016-01-14,3602,2015-12-08,0842,3051,NA,2,5,5,3602,0,0,0,NA,0,005,CHINO AV,SAN ANTONIO AV,0,NA,Y,A,-,N,NA,NA,NA,NA,NA,NA,NA,NA,NA,Y,3,0,2,2,A,-,09,21801,A,N,D,C,A,A,H,-,A,A,0,NA,NA,NA,NA,Y,NA,A,01,0,1,1,0,0,0,0,0,0,-,-,NA,NA,SAN BERNARDINO,CHINO,-117.65872006,34.01201002
7170935,2015,2016-02-01,3607,2015-11-05,1819,80454,67,4,5,6,3607,0,0,0,NA,0,031,VINEYARD AV,4TH ST,15,N,N,A,-,N,NA,NA,NA,NA,NA,NA,NA,NA,NA,N,4,0,1,2,A,-,03,22350,NA,M,C,C,A,A,H,-,C,A,0,NA,NA,NA,NA,Y,NA,-,NA,0,0,1,0,0,0,0,0,0,-,-,NA,NA,SAN BERNARDINO,ONTARIO,-117.61104763,34.0776526
7155184,2015,2016-01-12,3608,2015-12-29,1743,3540,NA,2,5,5,3608,0,0,0,NA,0,NA,DEARBORN ST,BROCKTON AV,0,NA,Y,A,-,N,NA,NA,NA,NA,NA,NA,NA,NA,NA,Y,4,0,1,2,A,-,09,21800,A,N,D,C,A,A,H,-,C,A,0,NA,NA,NA,NA,Y,NA,A,01,0,0,1,0,0,0,0,0,0,-,-,NA,NA,SAN BERNARDINO,REDLANDS,-117.14701002,34.06649011
7155796,2015,2016-01-19,3600,2015-12-22,1027,S3852,RC011,2,5,6,3616,0,0,0,NA,0,005,DAY CREEK BL,VICTORIA PARK LN,0,NA,Y,C,-,N,NA,NA,NA,NA,NA,NA,NA,NA,NA,Y,4,0,1,2,A,-,03,22350,NA,N,C,C,A,B,H,-,A,A,0,NA,NA,NA,NA,Y,NA,A,07,0,0,1,0,0,0,0,0,0,-,-,NA,NA,SAN BERNARDINO,RANCHO CUCAMONGA,-117.53687001,34.12881001
7190851,2016,2016-03-11,3600,2016-02-09,1846,F5717,HE131,2,5,5,3619,0,0,0,NA,0,HE5,3RD AV,CHESTNUT ST,0,NA,Y,A,-,N,NA,NA,NA,NA,NA,NA,NA,NA,NA,N,4,0,1,2,A,-,09,21803,A,N,B,C,A,A,H,-,D,A,0,NA,NA,NA,NA,Y,NA,D,22,0,0,1,0,0,0,0,0,0,-,-,NA,NA,SAN BERNARDINO,HESPERIA,-117.30567008,34.42705002
7171720,2015,2016-02-23,3607,2015-12-14,0559,80505,145,1,5,6,3607,0,0,0,NA,0,041,AIRPORT DR,WANAMAKER AV,100,E,N,A,-,N,NA,NA,NA,NA,NA,NA,NA,NA,NA,Y,4,0,1,2,A,-,07,21658,A,N,D,C,A,A,H,-,A,D,0,NA,NA,NA,NA,Y,NA,-,NA,0,0,1,0,0,0,0,0,0,-,-,NA,NA,SAN BERNARDINO,ONTARIO,-117.54947073,34.06271
7156813,2015,2016-02-23,3600,2015-12-18,1225,F4496,AP005,5,5,5,3621,0,0,0,NA,0,AP1,APPLE VALLEY RD,MONDAMON RD,600,N,N,A,-,N,NA,NA,NA,NA,NA,NA,NA,NA,NA,N,4,0,1,2,A,-,04,21703,NA,N,C,C,A,A,H,-,A,A,0,NA,NA,NA,Y,Y,NA,F,26,0,0,1,0,0,0,0,0,0,-,-,NA,NA,SAN BERNARDINO,APPLE VALLEY,-117.26537161,34.53352618
7157116,2016,2016-01-26,3605,2016-01-06,2006,363,NA,3,5,4,3605,0,0,0,NA,0,NA,ORCHARD ST,CENTRAL AV,38,E,N,B,-,N,NA,NA,NA,NA,NA,NA,NA,NA,NA,N,4,0,1,2,A,-,12,21453,A,N,C,C,A,B,H,-,C,A,0,NA,NA,NA,NA,Y,NA,A,01,0,0,1,0,0,0,0,0,0,-,-,NA,NA,SAN BERNARDINO,MONTCLAIR,-117.68950485,34.07038
7194926,2016,2016-03-09,3600,2016-01-29,1935,D8559,HE105,5,5,5,3619,0,0,0,NA,0,HE1,BEAR VALLEY RD,HESPERIA RD,0,NA,Y,A,-,N,NA,NA,NA,NA,NA,NA,NA,NA,NA,N,3,0,3,2,D,-,00,NA,NA,N,-,C,A,A,H,-,C,A,0,NA,NA,NA,NA,Y,NA,-,-,0,1,2,0,0,0,0,0,0,-,-,NA,NA,SAN BERNARDINO,HESPERIA,-117.29197014,34.47092003
7159645,2015,2017-01-13,9855,2015-08-22,1445,020487,NA,6,2,6,3604,0,1,1,NA,2,101,RT 10,SIERRA AV,10,W,N,A,-,Y,SBD,8,10,-,-,16.22,H,-,W,Y,3,0,2,2,A,-,08,22107,NA,N,C,E,A,A,H,-,A,D,0,NA,NA,NA,NA,Y,NA,A,01,0,1,1,0,0,0,0,0,0,-,-,34.06753,-117.43577,SAN BERNARDINO,FONTANA,-117.43569551,34.06744358
7159872,2015,2016-01-15,3605,2015-12-24,1726,336,NA,4,5,4,3605,0,0,0,NA,0,NA,SAN JOSE ST,LIGHT POLE #2263022E,29,E,N,A,-,N,NA,NA,NA,NA,NA,NA,NA,NA,NA,N,3,0,1,1,A,-,08,22107,NA,N,A,I,A,A,H,-,C,D,0,NA,NA,NA,NA,Y,NA,A,01,0,1,0,0,0,0,0,0,0,-,-,NA,NA,SAN BERNARDINO,MONTCLAIR,NA,NA
7196579,2016,2016-03-25,3603,2016-01-06,1500,CL4021,COLTO,3,5,4,3603,0,0,0,NA,0,002,C ST,COLTON AV,0,NA,Y,C,-,N,NA,NA,NA,NA,NA,NA,NA,NA,NA,N,4,0,3,2,A,-,12,22450,A,N,D,C,A,B,H,-,A,A,0,NA,NA,NA,NA,Y,NA,-,-,0,0,3,0,0,0,0,0,0,-,-,NA,NA,SAN BERNARDINO,COLTON,-117.31603012,34.07237002
7196591,2016,2016-03-10,3603,2016-01-09,1721,CL4757,COLTO,6,5,4,3603,0,0,0,NA,0,002,MT VERNON AV,GRANT AV,0,NA,Y,A,-,N,NA,NA,NA,NA,NA,NA,NA,NA,NA,Y,4,0,1,2,A,-,12,21453,A,N,D,C,A,A,H,-,C,A,0,NA,NA,NA,NA,Y,Y,A,08,0,0,1,0,0,0,0,0,0,-,-,NA,NA,SAN BERNARDINO,COLTON,-117.31384,34.08487007
7162933,2015,2016-01-20,3610,2015-12-03,1811,50343,NA,4,5,6,3610,0,0,0,NA,0,POLICE,E 3RD ST,N LANKERSHIM AV,0,NA,Y,A,-,N,NA,NA,NA,NA,NA,NA,NA,NA,NA,Y,2,0,1,2,A,-,09,21801,A,N,A,C,A,A,H,-,-,D,0,NA,NA,Y,NA,Y,NA,A,01,1,0,0,0,0,0,0,0,1,-,-,NA,NA,SAN BERNARDINO,SAN BERNARDINO,-117.23490013,34.10675007
7183667,2016,2017-02-11,3602,2016-01-19,1553,3368,151,2,5,5,3602,0,0,0,NA,0,005,EUCLID AV,PINE AV,0,NA,Y,C,-,Y,SBD,8,83,-,-,1.888,I,5,S,Y,4,0,2,2,A,-,12,21453,A,N,D,C,A,B,H,-,A,A,0,NA,NA,NA,NA,Y,NA,A,01,0,0,2,0,0,0,0,0,0,-,-,NA,NA,SAN BERNARDINO,CHINO,-117.65050785,33.95329585
7198409,2015,2016-03-04,3611,2015-11-27,1850,512,NA,5,5,5,3611,0,0,0,NA,0,001,EUCLID AV,17TH ST,330,S,N,A,-,N,NA,NA,NA,NA,NA,NA,NA,NA,NA,Y,4,0,1,2,A,-,09,21802,A,N,E,C,A,B,H,-,C,A,0,NA,NA,NA,NA,Y,NA,A,01,0,0,1,0,0,0,0,0,0,-,-,NA,NA,SAN BERNARDINO,UPLAND,-117.65140602,34.12427558
7198418,2015,2016-03-04,3611,2015-11-05,0725,2325,3611,4,5,5,3611,0,0,0,NA,0,002,SAN ANTONIO AV,11TH ST,285,S,N,A,-,N,NA,NA,NA,NA,NA,NA,NA,NA,NA,Y,3,0,4,2,A,-,09,21804,A,N,D,C,A,A,H,-,A,A,0,NA,NA,NA,NA,Y,NA,A,01,0,1,3,0,0,0,0,0,0,-,-,NA,NA,SAN BERNARDINO,UPLAND,-117.66078,34.1025589
7198422,2015,2016-03-04,3611,2015-11-02,1243,2297,3611,1,5,5,3611,0,0,0,NA,0,002,MOUNTAIN AV,7TH ST,0,NA,Y,B,-,N,NA,NA,NA,NA,NA,NA,NA,NA,NA,Y,3,0,2,2,A,-,12,21453,A,N,D,C,A,A,H,-,A,A,0,NA,NA,NA,NA,Y,NA,A,07,0,1,1,0,0,0,0,0,0,-,-,NA,NA,SAN BERNARDINO,UPLAND,-117.67013012,34.08877008
7168234,2015,2016-01-25,3600,2015-08-30,1826,E4616,YC106,7,5,4,3640,0,0,0,NA,0,NA,3RD ST,EDISON POLE 4511597E,66,S,N,A,-,N,NA,NA,NA,NA,NA,NA,NA,NA,NA,N,4,0,2,2,A,-,03,22350,NA,N,C,C,A,A,H,-,B,D,0,NA,NA,NA,NA,Y,NA,-,NA,0,0,2,0,0,0,0,0,0,-,-,NA,NA,SAN BERNARDINO,YUCAIPA,NA,NA
7168544,2015,2017-01-19,3600,2015-12-10,1625,B5753,AP002,4,5,5,3621,0,0,0,NA,0,AP1,APPLE VALLEY RD,RT 18,202,S,N,A,-,Y,SBD,8,18,-,-,94.39,I,5,N,Y,4,0,1,2,A,-,09,21801,A,N,D,C,A,A,H,-,B,A,0,NA,NA,NA,NA,Y,NA,A,01,0,0,1,0,0,0,0,0,0,-,-,NA,NA,SAN BERNARDINO,APPLE VALLEY,-117.27216206,34.54014097
7169433,2016,2016-03-03,3600,2016-01-01,0914,D2561,VC063,5,5,5,3612,0,0,0,NA,0,VC3,SILICA DR,7TH AV,0,NA,Y,A,-,N,NA,NA,NA,NA,NA,NA,NA,NA,NA,N,4,0,1,2,A,-,10,21950,A,N,G,B,D,A,H,-,A,A,0,Y,NA,NA,NA,Y,NA,-,NA,0,0,1,0,1,0,0,0,0,-,-,NA,NA,SAN BERNARDINO,VICTORVILLE,-117.31233,34.47801004
7187161,2016,2016-02-17,3609,2016-01-30,1110,5403,136,6,5,5,3609,0,0,0,NA,0,003,CACTUS AV,2ND ST,0,NA,Y,A,-,N,NA,NA,NA,NA,NA,NA,NA,NA,NA,Y,2,0,1,2,A,-,09,21802,A,N,H,J,A,A,H,-,A,A,0,NA,NA,Y,NA,Y,NA,E,22,1,0,0,0,0,0,0,0,1,-,-,34.0807,-117.3815,SAN BERNARDINO,RIALTO,-117.3834801,34.10240001
7171098,2015,2016-02-01,3603,2015-10-30,1835,CL4726,COLTO,5,5,4,3603,0,0,0,NA,0,001,MILL ST,W MILL ST,0,NA,Y,A,-,N,NA,NA,NA,NA,NA,NA,NA,NA,NA,N,4,0,1,2,A,-,03,22350,NA,N,G,B,D,A,H,-,B,D,0,Y,NA,NA,NA,Y,Y,A,01,0,0,1,0,1,0,0,0,0,-,-,NA,NA,SAN BERNARDINO,COLTON,-117.33186013,34.09217012