CASE_ID,ACCIDENT_YEAR,PROC_DATE,JURIS,COLLISION_DATE,COLLISION_TIME,OFFICER_ID,REPORTING_DISTRICT,DAY_OF_WEEK,CHP_SHIFT,POPULATION,CNTY_CITY_LOC,SPECIAL_COND,BEAT_TYPE,CHP_BEAT_TYPE,CITY_DIVISION_LAPD,CHP_BEAT_CLASS,BEAT_NUMBER,PRIMARY_RD,SECONDARY_RD,DISTANCE,DIRECTION,INTERSECTION,WEATHER_1,WEATHER_2,STATE_HWY_IND,CALTRANS_COUNTY,CALTRANS_DISTRICT,STATE_ROUTE,ROUTE_SUFFIX,POSTMILE_PREFIX,POSTMILE,LOCATION_TYPE,RAMP_INTERSECTION,SIDE_OF_HWY,TOW_AWAY,COLLISION_SEVERITY,NUMBER_KILLED,NUMBER_INJURED,PARTY_COUNT,PRIMARY_COLL_FACTOR,PCF_CODE_OF_VIOL,PCF_VIOL_CATEGORY,PCF_VIOLATION,PCF_VIOL_SUBSECTION,HIT_AND_RUN,TYPE_OF_COLLISION,MVIW,PED_ACTION,ROAD_SURFACE,ROAD_COND_1,ROAD_COND_2,LIGHTING,CONTROL_DEVICE,CHP_ROAD_TYPE,PEDESTRIAN_ACCIDENT,BICYCLE_ACCIDENT,MOTORCYCLE_ACCIDENT,TRUCK_ACCIDENT,NOT_PRIVATE_PROPERTY,ALCOHOL_INVOLVED,STWD_VEHTYPE_AT_FAULT,CHP_VEHTYPE_AT_FAULT,COUNT_SEVERE_INJ,COUNT_VISIBLE_INJ,COUNT_COMPLAINT_PAIN,COUNT_PED_KILLED,COUNT_PED_INJURED,COUNT_BICYCLIST_KILLED,COUNT_BICYCLIST_INJURED,COUNT_MC_KILLED,COUNT_MC_INJURED,PRIMARY_RAMP,SECONDARY_RAMP,LATITUDE,LONGITUDE,COUNTY,CITY,POINT_X,POINT_Y
8029211,2016,2016-05-06,3604,2016-04-05,1549,509,NA,2,5,6,3604,0,0,0,NA,0,NA,PALMETTO AV,MARYGOLD AV,0,NA,Y,A,-,N,NA,NA,NA,NA,NA,NA,NA,NA,NA,N,4,0,1,2,A,-,12,22450,A,N,D,C,A,A,H,-,A,A,0,NA,NA,NA,NA,Y,NA,-,-,0,0,1,0,0,0,0,0,0,-,-,NA,NA,SAN BERNARDINO,FONTANA,-117.42697005,34.07401001
8006011,2016,2016-03-25,3611,2016-01-14,0850,1921,NA,4,5,5,3611,0,0,0,NA,0,004,EUCLID AV,8TH ST,0,NA,Y,A,-,N,NA,NA,NA,NA,NA,NA,NA,NA,NA,Y,4,0,4,3,A,-,12,21453,A,N,D,C,A,A,H,-,A,A,0,NA,NA,NA,NA,Y,NA,A,01,0,0,4,0,0,0,0,0,0,-,-,NA,NA,SAN BERNARDINO,UPLAND,-117.65129,34.0924601
8006015,2016,2016-03-25,3611,2016-01-14,0810,3088,3611,4,5,5,3611,0,0,0,NA,0,001,SAN ANTONIO AV,21ST ST,350,N,N,B,-,N,NA,NA,NA,NA,NA,NA,NA,NA,NA,N,3,0,1,1,B,-,22,NA,NA,N,E,I,A,B,H,-,A,D,0,NA,Y,NA,NA,Y,NA,L,04,0,1,0,0,0,0,1,0,0,-,-,NA,NA,SAN BERNARDINO,UPLAND,-117.66093521,34.14065924
8006051,2016,2016-03-25,3611,2016-01-28,2053,2831,3611,4,5,5,3611,0,0,0,NA,0,002,ARROW HWY,SAN ANTONIO AV,427,E,N,A,-,N,NA,NA,NA,NA,NA,NA,NA,NA,NA,Y,3,0,1,2,A,-,08,22107,NA,N,C,C,A,A,H,-,C,D,0,NA,NA,NA,NA,Y,NA,A,01,0,1,0,0,0,0,0,0,0,-,-,NA,NA,SAN BERNARDINO,UPLAND,-117.65937333,34.09971092
8006055,2016,2016-03-25,3611,2016-01-28,1459,2325,3611,4,5,5,3611,0,0,0,NA,0,002,SAN ANTONIO AV,SHERIDAN ST,0,NA,Y,A,-,N,NA,NA,NA,NA,NA,NA,NA,NA,NA,Y,3,0,1,2,A,-,09,21802,A,N,D,C,A,A,H,-,A,A,0,NA,NA,Y,NA,Y,NA,A,08,0,1,0,0,0,0,0,0,1,-,-,NA,NA,SAN BERNARDINO,UPLAND,-117.66074007,34.09343011
7205484,2016,2016-03-29,3607,2016-02-19,0045,80378,218,5,5,6,3607,0,0,0,NA,0,042,FRANCIS ST,VINTAGE AV,0,NA,Y,A,-,N,NA,NA,NA,NA,NA,NA,NA,NA,NA,Y,3,0,1,3,A,-,01,23152,A,N,B,C,A,A,H,-,C,A,0,NA,NA,NA,NA,Y,Y,-,NA,0,1,0,0,0,0,0,0,0,-,-,NA,NA,SAN BERNARDINO,ONTARIO,-117.53299002,34.04077007
8043232,2016,2016-05-20,3607,2016-04-14,1239,80313,142,4,5,6,3607,0,0,0,NA,0,041,MILLIKEN AV,GUASTI RD,0,NA,Y,A,-,N,NA,NA,NA,NA,NA,NA,NA,NA,NA,Y,3,0,3,3,A,-,12,21453,A,N,D,C,A,A,H,-,A,A,0,NA,NA,NA,NA,Y,NA,-,NA,0,1,2,0,0,0,0,0,0,-,-,NA,NA,SAN BERNARDINO,ONTARIO,-117.55828009,34.06403004
8043271,2016,2016-05-23,3600,2016-04-25,0803,E4794,HE108,1,5,5,3619,0,0,0,NA,0,HE1,3RD AV,BIRCH ST,0,NA,Y,A,-,N,NA,NA,NA,NA,NA,NA,NA,NA,NA,N,4,0,3,2,A,-,09,21804,A,N,D,C,A,A,H,-,A,A,0,NA,NA,NA,NA,Y,NA,A,01,0,0,3,0,0,0,0,0,0,-,-,NA,NA,SAN BERNARDINO,HESPERIA,-117.30354001,34.4616801
8024372,2016,2017-02-07,3608,2016-04-08,0627,3675,NA,5,5,5,3608,0,0,0,NA,0,NA,TENNESSEE ST,RT 10,0,NA,Y,A,-,Y,SBD,8,10,-,-,29.915,R,4,W,Y,4,0,1,2,A,-,03,22350,NA,N,C,C,A,A,H,-,A,A,0,NA,NA,NA,NA,Y,NA,D,22,0,0,1,0,0,0,0,0,0,-,-,NA,NA,SAN BERNARDINO,REDLANDS,-117.19897169,34.06483675
8010217,2016,2017-02-11,3607,2016-03-05,1341,14997,89,6,5,6,3607,0,0,0,NA,0,011,EUCLID AV,H ST,0,NA,Y,A,-,Y,SBD,8,83,-,-,10.089,I,5,N,Y,4,0,1,2,A,-,09,21802,A,N,D,C,A,A,H,-,A,A,0,NA,NA,NA,NA,Y,NA,-,NA,0,0,1,0,0,0,0,0,0,-,-,NA,NA,SAN BERNARDINO,ONTARIO,-117.65088099,34.07251391
8017364,2016,2016-04-19,3608,2016-04-11,2016,4342,NA,1,5,5,3608,0,0,0,NA,0,NA,CYPRESS AV,LYTLE ST,0,NA,Y,A,-,N,NA,NA,NA,NA,NA,NA,NA,NA,NA,N,4,0,1,2,A,-,11,21950,B,N,G,B,D,A,H,-,C,D,0,Y,NA,NA,NA,Y,NA,N,60,0,0,1,0,1,0,0,0,0,-,-,NA,NA,SAN BERNARDINO,REDLANDS,-117.16694006,34.05263002
8045926,2015,2017-01-14,9860,2015-07-10,1508,19269,NA,5,2,9,3600,0,1,3,NA,1,382,RT 38,BRYANT ST,2640,E,N,A,-,Y,SBD,8,38,-,R,9.94,H,-,W,Y,2,0,1,1,A,-,03,22350,NA,N,E,J,A,A,H,-,A,A,0,NA,NA,Y,NA,Y,NA,C,02,1,0,0,0,0,0,0,0,1,-,-,34.09431,-117.03354,SAN BERNARDINO,UNINCORPORATED,-117.0335543,34.09451735
8017368,2016,2016-04-19,3608,2016-04-08,2012,3219,NA,5,5,5,3608,0,0,0,NA,0,NA,SAN TIMOTEO CANYON RD,BEAUMONT AV,450,W,N,C,-,N,NA,NA,NA,NA,NA,NA,NA,NA,NA,Y,3,0,1,1,A,-,08,22107,NA,M,E,J,A,B,H,-,D,D,0,NA,NA,NA,NA,Y,NA,-,NA,0,1,0,0,0,0,0,0,0,-,-,NA,NA,SAN BERNARDINO,REDLANDS,-117.21046942,34.03839678
8017618,2016,2016-04-20,3600,2016-04-11,0821,E5343,HE121,1,5,5,3619,0,0,0,NA,0,HE1,LOCUST AV,RIVERSIDE ST,0,NA,Y,A,-,N,NA,NA,NA,NA,NA,NA,NA,NA,NA,Y,3,0,3,2,A,-,09,21802,A,N,D,C,A,A,H,-,A,A,0,NA,NA,NA,NA,Y,NA,A,01,0,3,0,0,0,0,0,0,0,-,-,NA,NA,SAN BERNARDINO,HESPERIA,-117.33399004,34.44016004
8019792,2016,2016-04-25,3607,2016-03-11,1830,80522,32135,5,5,6,3607,0,0,0,NA,0,003,MILLIKEN AV,ONTARIO RANCH RD,200,N,N,A,-,N,NA,NA,NA,NA,NA,NA,NA,NA,NA,N,4,0,1,2,A,-,03,22350,NA,N,C,C,A,A,H,-,C,A,0,NA,NA,NA,NA,Y,NA,-,NA,0,0,1,0,0,0,0,0,0,-,-,NA,NA,SAN BERNARDINO,ONTARIO,-117.55834043,34.00143687
8006071,2016,2016-03-24,3611,2016-01-23,2033,3025,NA,6,5,5,3611,0,0,0,NA,0,NA,MOUNTAIN AV,9TH ST,327,N,N,A,-,N,NA,NA,NA,NA,NA,NA,NA,NA,NA,Y,4,0,1,2,A,-,09,21804,A,N,D,C,A,A,H,-,C,A,0,NA,NA,NA,NA,Y,NA,A,01,0,0,1,0,0,0,0,0,0,-,-,NA,NA,SAN BERNARDINO,UPLAND,-117.67025,34.09690622
8048829,2016,2016-06-01,3611,2016-03-01,1200,3046,NA,2,5,5,3611,0,0,0,NA,0,004,FOOTHILL BL,3RD PL,0,NA,Y,A,-,N,NA,NA,NA,NA,NA,NA,NA,NA,NA,Y,3,0,1,2,A,-,09,21801,A,N,A,C,A,A,H,-,A,D,0,NA,NA,NA,NA,Y,NA,A,01,0,1,0,0,0,0,0,0,0,-,-,NA,NA,SAN BERNARDINO,UPLAND,-117.64623001,34.10703003
8020146,2016,2016-04-13,3607,2016-03-17,2215,80468,410,4,5,6,3607,0,0,0,NA,0,062,RIVERSIDE DR,CUCAMONGA AV,50,W,N,A,-,N,NA,NA,NA,NA,NA,NA,NA,NA,NA,Y,3,0,1,2,A,-,01,23152,A,N,C,E,A,A,H,-,D,A,0,NA,NA,NA,NA,Y,Y,-,NA,0,1,0,0,0,0,0,0,0,-,-,NA,NA,SAN BERNARDINO,ONTARIO,-117.63285457,34.01945
8021471,2016,2016-04-18,3603,2016-01-25,1204,CL4744,COLTN,1,5,4,3603,0,0,0,NA,0,003,LA CADENA DR,L ST,0,NA,Y,A,-,N,NA,NA,NA,NA,NA,NA,NA,NA,NA,Y,4,0,1,2,A,-,12,22450,A,N,D,C,A,A,H,-,A,A,0,NA,NA,NA,NA,Y,NA,D,22,0,0,1,0,0,0,0,0,0,-,-,NA,NA,SAN BERNARDINO,COLTON,-117.32510005,34.06321005
8006073,2016,2016-03-23,3611,2016-01-01,0217,2926,NA,5,5,5,3611,0,0,0,NA,0,001,FOOTHILL BL,CENTRAL AV,30,W,N,A,-,N,NA,NA,NA,NA,NA,NA,NA,NA,NA,Y,4,0,2,2,A,-,01,23152,A,N,C,D,A,A,H,-,C,A,0,NA,NA,NA,NA,Y,Y,A,01,0,0,2,0,0,0,0,0,0,-,-,NA,NA,SAN BERNARDINO,UPLAND,-117.68978883,34.10677139
8021476,2016,2016-04-15,3603,2016-03-08,0214,CL4615,COLTO,2,5,4,3603,0,0,0,NA,0,001,RANCHO AV,OLIVE ST,0,NA,Y,A,-,N,NA,NA,NA,NA,NA,NA,NA,NA,NA,Y,4,0,1,2,A,-,12,21453,A,N,D,C,A,A,H,-,A,A,0,NA,NA,NA,NA,Y,NA,D,22,0,0,1,0,0,0,0,0,0,-,-,NA,NA,SAN BERNARDINO,COLTON,-117.33493008,34.07758005
8009127,2016,2017-02-11,3600,2016-03-04,1734,F5128,TW001,5,5,3,3617,0,0,0,NA,0,TW1,TWENTYNINE PALMS HWY,INDIAN COVE RD,0,NA,Y,A,-,Y,SBD,8,62,-,-,27.437,I,5,E,Y,3,0,2,2,A,-,09,21802,A,N,D,C,A,A,H,-,B,A,0,NA,NA,NA,NA,Y,NA,A,01,0,1,1,0,0,0,0,0,0,-,-,NA,NA,SAN BERNARDINO,TWENTYNINE PALMS,-116.15506333,34.13504612
8021507,2016,2016-04-14,3605,2016-03-15,1523,315,NA,2,5,4,3605,0,0,0,NA,0,NA,MORENO ST,FREMONT AV,0,NA,Y,A,-,N,NA,NA,NA,NA,NA,NA,NA,NA,NA,Y,3,0,1,2,A,-,12,21453,A,N,D,C,A,A,H,-,A,A,0,NA,NA,NA,NA,Y,NA,A,08,0,1,0,0,0,0,0,0,0,-,-,NA,NA,SAN BERNARDINO,MONTCLAIR,-117.69389001,34.08870002
8022827,2016,2016-04-26,3600,2016-04-13,1256,A9113,RC008,3,5,6,3616,0,0,0,NA,0,003,EAST AV,OWENS DR,0,NA,Y,A,-,N,NA,NA,NA,NA,NA,NA,NA,NA,NA,Y,3,0,1,2,C,-,18,NA,NA,N,G,B,-,A,H,-,A,A,0,Y,NA,NA,NA,Y,NA,-,-,0,1,0,0,1,0,0,0,0,-,-,NA,NA,SAN BERNARDINO,RANCHO CUCAMONGA,-117.51448002,34.12698007
8022831,2016,2016-04-22,3600,2016-04-12,1208,A9113,RC060,2,5,6,3616,0,0,0,NA,0,006,ROCHESTER AV,JACK BENNY DR,0,NA,Y,A,-,N,NA,NA,NA,NA,NA,NA,NA,NA,NA,Y,4,0,1,2,A,-,12,21453,A,N,D,C,A,A,H,-,A,A,0,NA,NA,NA,NA,Y,NA,A,01,0,0,1,0,0,0,0,0,0,-,-,NA,NA,SAN BERNARDINO,RANCHO CUCAMONGA,-117.54577,34.10105004
8054816,2016,2016-08-05,3609,2016-06-20,0404,0456,139,1,5,5,3609,0,0,0,NA,0,004,RIVERSIDE AV,RIALTO AV,267,N,N,A,-,N,NA,NA,NA,NA,NA,NA,NA,NA,NA,Y,4,0,1,1,C,-,18,NA,NA,N,E,I,A,A,H,-,D,D,0,NA,NA,NA,NA,Y,NA,-,-,0,0,1,0,0,0,0,0,0,-,-,NA,NA,SAN BERNARDINO,RIALTO,-117.37047,34.09945153
8055508,2016,2016-06-03,3600,2016-04-20,1136,B6735,RC048,3,5,6,3616,0,0,0,NA,0,NA,BASELINE RD,ARCHIBALD AV,217,E,N,A,-,N,NA,NA,NA,NA,NA,NA,NA,NA,NA,Y,2,0,1,2,A,-,09,21801,A,N,D,A,A,A,H,-,A,A,0,NA,NA,NA,NA,Y,NA,A,01,1,0,0,0,0,0,0,0,0,-,-,NA,NA,SAN BERNARDINO,RANCHO CUCAMONGA,-117.59277495,34.12154
8056322,2016,2017-02-09,3600,2016-05-08,0507,F5232,CH005,7,5,5,3630,0,0,0,NA,0,CH3,RT 142,RUSTIC DR,862,E,N,A,-,Y,SBD,8,142,-,R,4.03,H,-,E,Y,3,0,1,1,A,-,05,21650,NA,N,E,I,A,A,H,-,C,D,0,NA,NA,NA,Y,Y,NA,F,76,0,1,0,0,0,0,0,0,0,-,-,NA,NA,SAN BERNARDINO,CHINO HILLS,-117.73820559,33.98082146
8024008,2016,2016-04-19,3611,2016-02-25,1602,3089,NA,4,5,5,3611,0,0,0,NA,0,004,A ST,3RD AV,0,NA,Y,A,-,N,NA,NA,NA,NA,NA,NA,NA,NA,NA,Y,4,0,1,2,A,-,09,21804,A,N,D,C,A,A,H,-,A,D,0,NA,NA,NA,NA,Y,NA,A,07,0,0,1,0,0,0,0,0,0,-,-,NA,NA,SAN BERNARDINO,UPLAND,-117.64709008,34.09476006
8058225,2016,2016-06-10,3603,2016-04-09,1946,CL3863,NA,6,5,4,3603,0,0,0,NA,0,NA,RANCHO AV,FOGG ST,300,S,N,B,-,N,NA,NA,NA,NA,NA,NA,NA,NA,NA,N,4,0,1,1,A,-,05,21650,NA,N,E,I,A,A,H,-,C,D,0,NA,NA,NA,NA,Y,NA,A,07,0,0,1,0,0,0,0,0,0,-,-,NA,NA,SAN BERNARDINO,COLTON,-117.33384853,34.05185881
8044915,2016,2016-06-22,3602,2016-04-27,0836,2595,83,3,5,5,3602,0,0,0,NA,0,003,CHINO AV,YORBA AV,0,NA,Y,A,-,N,NA,NA,NA,NA,NA,NA,NA,NA,NA,Y,3,0,3,2,A,-,08,22100,A,N,D,C,A,A,H,-,A,A,0,NA,NA,NA,NA,Y,NA,-,NA,0,2,1,0,0,0,0,0,0,-,-,NA,NA,SAN BERNARDINO,CHINO,-117.70231013,34.01174004
8025404,2016,2016-08-26,3610,2016-03-16,0843,50356,NA,3,5,6,3610,0,0,0,NA,0,POLICE,NORTH SIERRA WY,W 21ST ST,0,NA,Y,A,-,N,NA,NA,NA,NA,NA,NA,NA,NA,NA,Y,3,0,4,2,A,-,12,22450,A,N,D,C,A,A,H,-,A,A,0,NA,NA,NA,NA,Y,NA,A,01,0,1,3,0,0,0,0,0,0,-,-,NA,NA,SAN BERNARDINO,SAN BERNARDINO,-117.28515004,34.13406006
8059917,2016,2016-06-17,3602,2016-03-23,1837,3527,NA,3,5,5,3602,0,0,0,NA,0,001,PHILADELPHIA AV,CARLISLE AV,210,W,N,A,-,N,NA,NA,NA,NA,NA,NA,NA,NA,NA,Y,4,0,1,2,A,-,03,22350,NA,N,C,C,A,A,H,-,B,D,0,NA,NA,NA,NA,Y,NA,A,01,0,0,1,0,0,0,0,0,0,-,-,NA,NA,SAN BERNARDINO,CHINO,-117.70049131,34.03349755
8060175,2016,2016-06-15,3607,2016-05-29,2355,80279,19,7,5,6,3607,0,0,0,NA,0,031,6TH ST,VINEYARD AV,0,NA,Y,A,-,N,NA,NA,NA,NA,NA,NA,NA,NA,NA,Y,3,0,1,2,A,-,09,21801,A,N,D,C,A,A,H,-,C,A,0,NA,NA,NA,NA,Y,NA,-,NA,0,1,0,0,0,0,0,0,0,-,-,NA,NA,SAN BERNARDINO,ONTARIO,-117.61121002,34.08489002
8060383,2016,2016-06-16,3607,2016-06-04,0238,80540,156,6,5,6,3607,0,0,0,NA,0,051,FRANCIS ST,SAN ANTONIO AV,0,NA,Y,A,-,N,NA,NA,NA,NA,NA,NA,NA,NA,NA,Y,4,0,1,1,A,-,03,22350,NA,N,E,I,A,A,H,-,C,D,0,NA,NA,NA,NA,Y,Y,-,NA,0,0,1,0,0,0,0,0,0,-,-,NA,NA,SAN BERNARDINO,ONTARIO,-117.65901012,34.04102009
8060614,2016,2016-06-20,3610,2016-05-14,2212,50818,NA,6,5,6,3610,0,0,0,NA,0,POLICE,E LYNWOOD DR,MOUNTAIN AV,146,W,N,A,-,N,NA,NA,NA,NA,NA,NA,NA,NA,NA,Y,4,0,1,2,A,-,09,21800,A,N,G,B,D,A,H,-,C,D,0,Y,NA,NA,NA,Y,NA,N,60,0,0,1,0,1,0,0,0,0,-,-,NA,NA,SAN BERNARDINO,SAN BERNARDINO,-117.25726105,34.1467405
8026991,2016,2016-04-26,3600,2016-04-09,1224,S3887,VC074,6,5,5,3612,0,0,0,NA,0,006,AMARGOSA RD,MIDTOWN DR,0,NA,Y,B,-,N,NA,NA,NA,NA,NA,NA,NA,NA,NA,Y,3,0,1,3,A,-,07,21658,A,N,D,C,A,A,H,-,A,A,0,NA,NA,NA,NA,Y,NA,A,01,0,1,0,0,0,0,0,0,0,-,-,NA,NA,SAN BERNARDINO,VICTORVILLE,-117.33033008,34.52406003
8063050,2016,2016-09-28,3600,2016-08-22,1356,C4462,VC070,1,5,5,3612,0,0,0,NA,0,VC5,MESA LINDA RD,LA MESA RD,0,NA,Y,A,-,N,NA,NA,NA,NA,NA,NA,NA,NA,NA,N,4,0,1,2,A,-,11,21954,A,N,H,B,D,A,H,-,A,A,0,Y,NA,NA,NA,Y,NA,N,60,0,0,1,0,1,0,0,0,0,-,-,NA,NA,SAN BERNARDINO,VICTORVILLE,-117.39069008,34.48489008
8063062,2016,2016-09-28,3600,2016-08-18,1548,E3900,VC047,4,5,5,3612,0,0,0,NA,0,001,D ST,RT 15,283,W,N,A,-,N,NA,NA,NA,NA,NA,NA,NA,NA,NA,Y,4,0,1,2,A,-,09,21801,A,N,D,C,A,A,H,-,A,-,0,NA,NA,NA,NA,Y,NA,A,01,0,0,1,0,0,0,0,0,0,-,SO,NA,NA,SAN BERNARDINO,VICTORVILLE,-117.30124674,34.54576209
8063182,2016,2016-09-28,3600,2016-09-12,1140,F5137,VC013,1,5,5,3612,0,0,0,NA,0,VC4,AMARGOSA RD,BEAR VALLEY RD,268,S,N,A,-,N,NA,NA,NA,NA,NA,NA,NA,NA,NA,Y,4,0,2,2,A,-,09,21804,A,N,D,C,A,A,H,-,A,A,0,NA,NA,NA,NA,Y,NA,A,01,0,0,2,0,0,0,0,0,0,-,-,NA,NA,SAN BERNARDINO,VICTORVILLE,-117.34845151,34.46967603
8026999,2016,2016-04-26,3600,2016-04-08,1230,D3381,VC075,5,5,5,3612,0,0,0,NA,0,NA,MIDTOWN DR,CIVIC DR,0,NA,Y,B,C,N,NA,NA,NA,NA,NA,NA,NA,NA,NA,Y,3,0,1,1,A,-,03,22350,NA,N,E,C,A,B,H,-,A,A,0,NA,NA,NA,NA,Y,NA,A,01,0,1,0,0,0,0,0,0,0,-,-,NA,NA,SAN BERNARDINO,VICTORVILLE,-117.3238401,34.52316011
8047229,2016,2016-05-16,3610,2016-04-13,0615,50519,NA,3,5,6,3610,0,0,0,NA,0,POLICE,NORTH WATERMAN AV,E 3RD ST,0,NA,Y,A,-,N,NA,NA,NA,NA,NA,NA,NA,NA,NA,Y,4,0,1,2,A,-,12,21453,A,N,D,C,A,A,H,-,A,A,0,NA,NA,NA,NA,Y,NA,A,01,0,0,1,0,0,0,0,0,0,-,-,NA,NA,SAN BERNARDINO,SAN BERNARDINO,-117.27876004,34.10459011
8035665,2016,2016-06-01,3607,2016-04-26,0835,15060,181,2,5,6,3607,0,0,0,NA,0,051,MISSION BL,SAN ANTONIO AV,0,NA,Y,A,-,N,NA,NA,NA,NA,NA,NA,NA,NA,NA,Y,3,0,2,2,A,-,12,21453,A,N,D,C,A,A,H,-,A,A,0,NA,NA,NA,NA,Y,NA,-,NA,0,2,0,0,0,0,0,0,0,-,-,NA,NA,SAN BERNARDINO,ONTARIO,-117.66057007,34.05552009
8066430,2016,2016-06-22,3608,2016-06-03,1143,3905,NA,5,5,5,3608,0,0,0,NA,0,NA,W REDLANDS BL,ALABAMA ST,360,W,N,A,-,N,NA,NA,NA,NA,NA,NA,NA,NA,NA,Y,3,0,1,2,A,-,09,21804,A,F,D,C,A,A,H,-,A,D,0,NA,NA,NA,NA,Y,NA,A,01,0,1,0,0,0,0,0,0,0,-,-,NA,NA,SAN BERNARDINO,REDLANDS,-117.20999033,34.0628627
8066454,2016,2016-07-06,3608,2016-06-03,1553,4024,NA,5,5,5,3608,0,0,0,NA,0,NA,CALHOUN ST,UNION AV,0,NA,Y,A,-,N,NA,NA,NA,NA,NA,NA,NA,NA,NA,Y,3,0,2,3,A,-,08,22107,NA,N,-,E,A,A,H,-,A,A,0,NA,NA,NA,NA,Y,NA,A,01,0,2,0,0,0,0,0,0,0,-,-,NA,NA,SAN BERNARDINO,REDLANDS,-117.18902012,34.06531011
8047232,2016,2016-05-16,3610,2016-04-22,1455,50936,NA,5,5,6,3610,0,0,0,NA,0,POLICE,N CANYON RD,E GILBERT ST,0,NA,Y,A,-,N,NA,NA,NA,NA,NA,NA,NA,NA,NA,N,3,0,1,2,A,-,05,21650,1,N,D,G,A,A,H,-,A,A,0,NA,Y,NA,NA,Y,NA,L,04,0,1,0,0,0,0,1,0,0,-,-,34.1268,-117.26626,SAN BERNARDINO,SAN BERNARDINO,-117.2662701,34.12679012
8048357,2016,2016-05-26,3604,2016-04-03,1412,1110,NA,7,5,6,3604,0,0,0,NA,0,004,CYPRESS AV,ALISO DR,25,S,N,A,-,N,NA,NA,NA,NA,NA,NA,NA,NA,NA,Y,4,0,1,2,A,-,08,22107,NA,N,B,C,A,A,H,-,A,D,0,NA,NA,NA,NA,Y,NA,A,01,0,0,1,0,0,0,0,0,0,-,-,NA,NA,SAN BERNARDINO,FONTANA,-117.44432,34.0600515
8037802,2016,2016-05-13,3604,2016-04-19,1643,958,NA,2,5,6,3604,0,0,0,NA,0,NA,RANDALL AV,SIERRA AV,93,E,N,A,-,N,NA,NA,NA,NA,NA,NA,NA,NA,NA,N,3,0,1,2,A,-,09,21804,A,N,A,C,A,A,H,-,A,D,0,NA,NA,NA,NA,Y,NA,-,-,0,1,0,0,0,0,0,0,0,-,-,NA,NA,SAN BERNARDINO,FONTANA,-117.43540375,34.08485189
8037939,2016,2016-05-16,3600,2016-04-04,0821,S2984,YC207,1,5,4,3640,0,0,0,NA,0,YC1,CALIFORNIA ST,ACACIA AV,0,NA,Y,A,-,N,NA,NA,NA,NA,NA,NA,NA,NA,NA,N,3,0,1,2,A,-,12,22450,NA,N,D,G,A,A,H,-,A,A,0,NA,Y,NA,NA,Y,NA,L,04,0,1,0,0,0,0,1,0,0,-,-,NA,NA,SAN BERNARDINO,YUCAIPA,-117.03880012,34.03487004
8039667,2016,2018-04-24,3601,2016-03-13,2325,NA,NA,7,5,3,3601,0,0,0,NA,0,NA,E MAIN ST,RT 15,0,NA,Y,A,G,Y,SBD,8,15,-,-,74.792,R,4,N,Y,3,0,1,1,A,-,08,22107,NA,N,F,A,A,A,H,-,C,D,0,NA,NA,NA,Y,Y,NA,F,26,0,1,0,0,0,0,0,0,0,-,-,34.89135,-116.9998,SAN BERNARDINO,BARSTOW,-117.00267226,34.89007684
8040408,2016,2016-05-16,3608,2016-05-01,0148,3434,NA,7,5,5,3608,0,0,0,NA,0,NA,REDLANDS BL,NEVADA ST,609,W,N,A,-,N,NA,NA,NA,NA,NA,NA,NA,NA,NA,Y,3,0,1,3,A,-,01,23152,A,N,C,C,A,A,H,-,C,A,0,NA,NA,NA,NA,Y,Y,A,01,0,1,0,0,0,0,0,0,0,-,-,NA,NA,SAN BERNARDINO,REDLANDS,-117.21946435,34.063049
8048681,2016,2016-05-31,3607,2016-04-11,0608,14980,245,1,5,6,3607,0,0,0,NA,0,072,MISSION BL,MILLIKEN AV,0,NA,Y,B,-,N,NA,NA,NA,NA,NA,NA,NA,NA,NA,Y,4,0,1,3,A,-,04,21703,NA,N,C,C,A,A,D,-,B,D,0,NA,NA,NA,NA,Y,NA,-,NA,0,0,1,0,0,0,0,0,0,-,-,NA,NA,SAN BERNARDINO,ONTARIO,-117.55849013,34.03232003
8048858,2016,2016-05-31,3611,2016-03-11,1746,3002,RCSUP,5,5,5,3611,0,0,0,NA,0,003,18TH ST,2ND AV,0,NA,Y,C,-,N,NA,NA,NA,NA,NA,NA,NA,NA,NA,N,3,0,1,2,A,-,09,21802,A,N,D,C,A,B,H,-,C,A,0,NA,NA,NA,NA,Y,NA,A,01,0,1,0,0,0,0,0,0,0,-,-,NA,NA,SAN BERNARDINO,UPLAND,-117.64871011,34.12882002
8073478,2016,2016-07-06,3603,2016-05-14,1400,CL4726,COLTO,6,5,4,3603,0,0,0,NA,0,001,RANCHO AV,HERBERTS LN,0,NA,Y,A,-,N,NA,NA,NA,NA,NA,NA,NA,NA,NA,N,4,0,1,2,A,-,09,21801,A,N,D,C,A,A,H,-,A,D,0,NA,NA,NA,NA,Y,NA,A,01,0,0,1,0,0,0,0,0,0,-,-,NA,NA,SAN BERNARDINO,COLTON,-117.33446007,34.08311011
8043280,2016,2017-02-24,3607,2016-04-04,1525,80501,67,1,5,6,3607,0,0,0,NA,0,031,4TH ST,RT 10,0,NA,Y,A,-,Y,SBD,8,10,-,-,5.166,R,4,W,Y,3,0,2,3,A,-,03,22350,NA,N,C,C,A,A,H,-,A,A,0,NA,NA,NA,NA,Y,NA,-,NA,0,1,1,0,0,0,0,0,0,-,-,NA,NA,SAN BERNARDINO,ONTARIO,-117.62455892,34.07849301
8044655,2016,2016-05-26,3610,2016-03-15,2250,C9394,SB046,2,5,6,3610,0,0,0,NA,0,SB3,TIPPECANOE AV,6TH ST,0,NA,Y,A,-,N,NA,NA,NA,NA,NA,NA,NA,NA,NA,Y,3,0,1,2,A,-,00,20001,NA,F,D,C,A,A,H,-,C,A,0,NA,NA,NA,NA,Y,NA,A,07,0,1,0,0,0,0,0,0,0,-,-,NA,NA,SAN BERNARDINO,SAN BERNARDINO,-117.26101800000001,34.110189
8059153,2016,2016-06-14,3609,2016-04-09,0409,6799,151,6,5,5,3609,0,0,0,NA,0,004,MERRILL AV,RIVERSIDE AV,528,E,N,A,-,N,NA,NA,NA,NA,NA,NA,NA,NA,NA,Y,3,0,1,4,A,-,01,23152,A,M,A,E,A,A,H,-,C,A,0,NA,NA,NA,NA,Y,Y,A,01,0,1,0,0,0,0,0,0,0,-,-,NA,NA,SAN BERNARDINO,RIALTO,-117.37035,34.09229
8078052,2016,2016-08-29,3609,2016-06-23,1641,1041,127,4,5,5,3609,0,0,0,NA,0,001,FOOTHILL BL,RIVERSIDE AV,0,NA,Y,A,-,N,NA,NA,NA,NA,NA,NA,NA,NA,NA,N,4,0,1,2,A,-,12,21453,A,N,D,G,A,A,H,-,A,A,0,NA,Y,NA,NA,Y,NA,L,04,0,0,1,0,0,0,1,0,0,-,-,34,-117,SAN BERNARDINO,RIALTO,-117.37038008,34.10676008