CASE_ID,ACCIDENT_YEAR,PROC_DATE,JURIS,COLLISION_DATE,COLLISION_TIME,OFFICER_ID,REPORTING_DISTRICT,DAY_OF_WEEK,CHP_SHIFT,POPULATION,CNTY_CITY_LOC,SPECIAL_COND,BEAT_TYPE,CHP_BEAT_TYPE,CITY_DIVISION_LAPD,CHP_BEAT_CLASS,BEAT_NUMBER,PRIMARY_RD,SECONDARY_RD,DISTANCE,DIRECTION,INTERSECTION,WEATHER_1,WEATHER_2,STATE_HWY_IND,CALTRANS_COUNTY,CALTRANS_DISTRICT,STATE_ROUTE,ROUTE_SUFFIX,POSTMILE_PREFIX,POSTMILE,LOCATION_TYPE,RAMP_INTERSECTION,SIDE_OF_HWY,TOW_AWAY,COLLISION_SEVERITY,NUMBER_KILLED,NUMBER_INJURED,PARTY_COUNT,PRIMARY_COLL_FACTOR,PCF_CODE_OF_VIOL,PCF_VIOL_CATEGORY,PCF_VIOLATION,PCF_VIOL_SUBSECTION,HIT_AND_RUN,TYPE_OF_COLLISION,MVIW,PED_ACTION,ROAD_SURFACE,ROAD_COND_1,ROAD_COND_2,LIGHTING,CONTROL_DEVICE,CHP_ROAD_TYPE,PEDESTRIAN_ACCIDENT,BICYCLE_ACCIDENT,MOTORCYCLE_ACCIDENT,TRUCK_ACCIDENT,NOT_PRIVATE_PROPERTY,ALCOHOL_INVOLVED,STWD_VEHTYPE_AT_FAULT,CHP_VEHTYPE_AT_FAULT,COUNT_SEVERE_INJ,COUNT_VISIBLE_INJ,COUNT_COMPLAINT_PAIN,COUNT_PED_KILLED,COUNT_PED_INJURED,COUNT_BICYCLIST_KILLED,COUNT_BICYCLIST_INJURED,COUNT_MC_KILLED,COUNT_MC_INJURED,PRIMARY_RAMP,SECONDARY_RAMP,LATITUDE,LONGITUDE,COUNTY,CITY,POINT_X,POINT_Y
84832456,2025,2025-09-08,3602,2025-08-21,2232,4254,NA,4,5,5,3602,0,0,0,NA,0,001,CENTRAL AVE,VICTORY WAY,112,N,N,A,-,N,NA,NA,NA,NA,NA,NA,NA,NA,NA,Y,4,0,1,2,A,-,03,22350,NA,F,C,C,A,A,H,-,C,A,0,NA,NA,NA,NA,Y,NA,A,01,0,0,1,0,0,0,0,0,0,-,-,34.045310974121094,-117.63963317871094,SAN BERNARDINO,CHINO,-117.29746246337892,34.521759033203125
84841610,2025,2025-09-12,3604,2025-07-27,1410,1461,NA,7,5,6,3604,0,0,0,NA,0,NA,VALLEY BLVD,VINEYARD VALLEY,235,W,-,A,-,N,NA,NA,NA,NA,NA,NA,NA,NA,NA,N,4,0,2,2,A,-,03,22350,NA,N,C,C,A,A,H,-,A,A,0,NA,NA,NA,NA,Y,NA,A,01,0,0,2,0,0,0,0,0,0,-,-,NA,NA,SAN BERNARDINO,FONTANA,-117.43374633789063,34.07038116455078
84841622,2025,2025-09-12,3604,2025-09-04,1524,1367,NA,4,5,6,3604,0,0,0,NA,0,NA,OLEANDER AVE,ARROW BLVD,0,N,-,A,-,N,NA,NA,NA,NA,NA,NA,NA,NA,NA,Y,4,0,1,2,A,-,12,21453,A,N,D,C,A,A,H,-,A,A,0,NA,NA,NA,NA,Y,NA,A,01,0,0,1,0,0,0,0,0,0,-,-,NA,NA,SAN BERNARDINO,FONTANA,-117.44886016845705,34.099300384521484
84843637,2025,2025-09-15,3602,2025-08-27,2057,4170,NA,3,5,5,3602,0,0,0,NA,0,003,EUCLID AVE,EUCALYPTUS AVE,0,NA,Y,A,-,Y,SBD,NA,83,NA,NA,4.419,H,NA,L,Y,4,0,2,2,A,-,12,21453,A,N,D,C,A,A,D,-,C,A,0,NA,NA,NA,Y,Y,NA,G,25,0,0,2,0,0,0,0,0,0,-,-,33.99028015136719,-117.65093994140624,SAN BERNARDINO,CHINO,-117.65087890625,33.99028015136719
84850607,2025,2025-09-19,3604,2025-09-17,1120,680,NA,3,5,6,3604,0,0,0,NA,0,NA,MILLER AVE,OLEANDER AVE,0,N,-,A,-,N,NA,NA,NA,NA,NA,NA,NA,NA,NA,Y,3,0,1,2,A,-,12,22450,A,N,D,C,A,A,H,-,A,A,0,NA,NA,NA,NA,Y,NA,A,01,0,1,0,0,0,0,0,0,0,-,-,NA,NA,SAN BERNARDINO,FONTANA,-117.4489288330078,34.113861083984375
84860747,2025,2025-09-26,3602,2025-09-03,811,3978,NA,3,5,5,3602,0,0,0,NA,0,002,SCHAEFER AVENUE (6100 BLOCK),MAGNOLIA AVENUE,0,NA,Y,A,-,N,NA,NA,NA,NA,NA,NA,NA,NA,NA,N,2,0,1,2,A,-,03,22350,NA,N,D,G,A,A,H,-,A,A,0,NA,Y,NA,NA,Y,NA,M,91,1,0,0,0,0,0,1,0,0,-,-,34.0047607421875,-117.6716537475586,SAN BERNARDINO,CHINO,-117.67172241210938,34.0046272277832
8486865,2017,2017-11-29,3608,2017-10-25,1314,4202,NA,3,5,5,3608,0,0,0,NA,0,NA,W REDLANDS BL,NEVADA ST,45,E,N,A,-,N,NA,NA,NA,NA,NA,NA,NA,NA,NA,N,4,0,1,2,A,-,03,22350,NA,F,C,C,A,A,H,-,A,D,0,NA,NA,NA,NA,Y,NA,A,01,0,0,1,0,0,0,0,0,0,-,-,NA,NA,SAN BERNARDINO,REDLANDS,-117.21731193,34.0630271
84870779,2025,2025-10-03,3611,2025-08-27,1134,3623,NA,3,5,5,3611,0,0,0,NA,0,004,EUCLID AVE,11TH ST,0,NA,Y,A,-,N,NA,NA,NA,NA,NA,NA,NA,NA,NA,Y,4,0,1,2,A,-,12,21453,A,N,D,C,A,A,H,-,A,A,0,NA,NA,NA,NA,Y,NA,A,01,0,0,1,0,0,0,0,0,0,-,-,34.10354995727539,-117.65093994140624,SAN BERNARDINO,UPLAND,-117.65133666992188,34.10336685180664
84870844,2025,2025-10-03,3609,2025-09-10,1631,02334,NA,3,5,5,3609,0,0,0,NA,0,002,SYCAMORE AVE,MESA DR,0,NA,Y,A,-,N,NA,NA,NA,NA,NA,NA,NA,NA,NA,Y,4,0,1,2,A,-,03,22350,NA,N,A,C,A,A,H,-,A,A,0,NA,NA,Y,NA,Y,NA,C,02,0,0,1,0,0,0,0,0,1,-,-,34.120811462402344,-117.36612701416016,SAN BERNARDINO,RIALTO,-117.36605072021484,34.120792388916016
84872395,2025,2025-10-06,3604,2025-09-25,1401,1367,NA,4,5,6,3604,0,0,0,NA,0,NA,CITRUS AVE,SANTA ANA AVE,0,N,-,A,-,N,NA,NA,NA,NA,NA,NA,NA,NA,NA,N,3,0,1,2,A,-,12,21453,A,N,D,C,A,A,H,-,A,A,0,NA,NA,NA,Y,Y,NA,F,26,0,1,0,0,0,0,0,0,0,-,-,NA,NA,SAN BERNARDINO,FONTANA,-117.45377349853516,34.05574035644531
8487850,2017,2017-11-16,3611,2017-09-07,1942,2387,3611,4,5,5,3611,0,0,0,NA,0,004,FOOTHILL BL,ALTA AV,85,W,N,A,-,N,NA,NA,NA,NA,NA,NA,NA,NA,NA,Y,3,0,1,1,C,-,18,NA,NA,N,E,J,A,A,B,-,C,A,0,NA,NA,NA,NA,Y,NA,-,-,0,1,0,0,0,0,0,0,0,-,-,NA,NA,SAN BERNARDINO,UPLAND,-117.6325198,34.10724999
8487862,2017,2017-11-16,3611,2017-09-29,1619,2488,3611,5,5,5,3611,0,0,0,NA,0,002,8TH ST,MOUNTAIN AV,350,W,N,A,-,N,NA,NA,NA,NA,NA,NA,NA,NA,NA,N,4,0,1,2,A,-,09,21801,A,N,D,C,A,A,H,-,A,A,0,NA,NA,NA,NA,Y,NA,-,NA,0,0,1,0,0,0,0,0,0,-,-,NA,NA,SAN BERNARDINO,UPLAND,-117.67130301,34.09241
8487869,2017,2017-11-20,3611,2017-08-22,0925,3185,3611,2,5,5,3611,0,0,0,NA,0,004,CAMPUS AV,7TH ST,0,NA,Y,A,-,N,NA,NA,NA,NA,NA,NA,NA,NA,NA,Y,4,0,2,3,D,-,00,NA,NA,N,D,C,A,A,H,-,A,A,0,NA,NA,NA,NA,Y,NA,-,-,0,0,2,0,0,0,0,0,0,-,-,NA,NA,SAN BERNARDINO,UPLAND,-117.64144008,34.08884002
84878712,2025,2025-10-09,3604,2025-09-25,1515,1367,NA,4,5,6,3604,0,0,0,NA,0,NA,DUNCAN CANYON RD,SB OFFRAMP IS15 FWY,0,N,-,A,-,N,NA,NA,NA,NA,NA,NA,NA,NA,NA,Y,4,0,1,2,A,-,12,21453,A,N,D,C,A,A,H,-,A,A,0,NA,NA,NA,NA,Y,NA,-,-,0,0,1,0,0,0,0,0,0,-,-,NA,NA,SAN BERNARDINO,FONTANA,-117.46099853515624,34.165061950683594
8487873,2017,2017-11-20,3611,2017-08-31,1706,3176,3611,4,5,5,3611,0,0,0,NA,0,003,EUCLID AV,14TH ST,310,S,N,B,-,N,NA,NA,NA,NA,NA,NA,NA,NA,NA,Y,4,0,3,3,A,-,04,21703,NA,N,C,C,A,A,H,-,A,D,0,NA,NA,NA,NA,Y,NA,A,01,0,0,3,0,0,0,0,0,0,-,-,NA,NA,SAN BERNARDINO,UPLAND,-117.65136426,34.1134204
8487893,2017,2017-11-20,3611,2017-08-18,1530,3024,3611,5,5,5,3611,0,0,0,NA,0,004,CAMPUS AV,20TH ST,22,W,N,A,-,N,NA,NA,NA,NA,NA,NA,NA,NA,NA,N,4,0,1,2,A,-,03,22350,NA,N,B,C,A,A,H,-,A,A,0,NA,NA,NA,NA,Y,NA,A,01,0,0,1,0,0,0,0,0,0,-,-,NA,NA,SAN BERNARDINO,UPLAND,-117.64301112,34.13614446
84884715,2025,2025-10-14,3604,2025-09-19,2112,1396,NA,5,5,6,3604,0,0,0,NA,0,001,SIERRA AVE,RIVERSIDE AVE,0,N,-,A,-,N,NA,NA,NA,NA,NA,NA,NA,NA,NA,Y,3,0,1,2,A,-,12,22450,A,N,D,C,A,A,H,-,C,A,0,NA,NA,Y,NA,Y,NA,C,02,0,1,0,0,0,0,0,0,1,-,-,NA,NA,SAN BERNARDINO,FONTANA,-117.43627166748048,34.17888641357422
84884857,2025,2025-10-14,3609,2025-09-25,2156,02841,NA,4,5,5,3609,0,0,0,NA,0,002,LILAC AVE,BASELINE RD,0,NA,Y,A,-,N,NA,NA,NA,NA,NA,NA,NA,NA,NA,N,4,0,1,2,A,-,12,21453,A,N,D,C,A,A,H,-,C,A,0,NA,NA,NA,NA,Y,NA,A,01,0,0,1,0,0,0,0,0,0,-,-,34.12137985229492,-117.37915802001952,SAN BERNARDINO,RIALTO,-117.37915802001952,34.12128448486328
8489069,2017,2017-12-01,3610,2017-10-09,1413,50360,NA,1,5,6,3610,0,0,0,NA,0,DAVID,EAST 6TH ST,COOLEY ST,1056,E,N,A,-,N,NA,NA,NA,NA,NA,NA,NA,NA,NA,N,4,0,1,2,A,-,08,22107,NA,N,D,C,A,A,H,-,A,A,0,NA,NA,NA,NA,Y,NA,A,01,0,0,1,0,0,0,0,0,0,-,-,34.11023,-117.27875,SAN BERNARDINO,SAN BERNARDINO,-117.27191208,34.1102
8489396,2017,2017-11-16,3600,2017-10-24,1441,F7804,YC108,2,5,4,3640,0,0,0,NA,0,YC1,WASHINGTON DR,7TH ST,18,E,N,A,-,N,NA,NA,NA,NA,NA,NA,NA,NA,NA,Y,4,0,1,2,A,-,09,21802,A,N,B,C,A,A,H,-,A,A,0,NA,NA,NA,NA,Y,NA,A,01,0,0,1,0,0,0,0,0,0,-,-,NA,NA,SAN BERNARDINO,YUCAIPA,-117.06493,34.03252
8490769,2017,2017-11-29,3600,2017-10-29,1858,D4301,HE214,7,5,5,3619,0,0,0,NA,0,HE2,LIVE OAK ST,PEACH AV,0,NA,Y,A,-,N,NA,NA,NA,NA,NA,NA,NA,NA,NA,Y,3,0,1,2,A,-,09,21802,A,N,D,C,A,A,H,-,C,A,0,NA,NA,NA,NA,Y,NA,A,07,0,1,0,0,0,0,0,0,0,-,-,NA,NA,SAN BERNARDINO,HESPERIA,-117.2603,34.42420008
8491051,2017,2017-12-13,3600,2017-11-02,1452,D6899,HE208,4,5,5,3619,0,0,0,NA,0,HE2,PEACH AV,WILLOW ST,0,NA,Y,A,-,N,NA,NA,NA,NA,NA,NA,NA,NA,NA,N,4,0,1,2,A,-,11,21950,B,N,G,B,D,A,H,-,A,A,0,Y,NA,NA,NA,Y,NA,N,60,0,0,1,0,1,0,0,0,0,-,-,NA,NA,SAN BERNARDINO,HESPERIA,-117.25945007,34.42749006
84912105,2025,2025-11-05,3611,2025-09-08,720,3024,NA,1,5,5,3611,0,0,0,NA,0,001,15TH ST,CARNATION WAY,0,NA,Y,A,-,N,NA,NA,NA,NA,NA,NA,NA,NA,NA,N,3,0,1,3,A,-,09,21801,A,N,D,G,A,A,H,-,A,A,0,NA,Y,NA,NA,Y,NA,A,01,0,1,0,0,0,0,1,0,0,-,-,34.11790084838867,-117.65544128417967,SAN BERNARDINO,UPLAND,-117.65544128417967,34.11790084838867
84912639,2025,2025-11-05,3609,2025-10-11,1938,02761,NA,6,5,5,3609,0,0,0,NA,0,003,CACTUS AVE,RIALTO AVE,45,E,N,A,-,N,NA,NA,NA,NA,NA,NA,NA,NA,NA,Y,3,0,1,2,A,-,12,21453,A,N,D,D,A,A,H,-,C,B,0,NA,NA,NA,NA,Y,NA,A,01,0,1,0,0,0,0,0,0,0,-,-,34.099510192871094,-117.38352966308594,SAN BERNARDINO,RIALTO,-117.38346099853516,34.09952926635742
84912649,2025,2025-11-05,3609,2025-10-22,1830,02364,NA,3,5,5,3609,0,0,0,NA,0,003,FOOTHILL BLVD,SHOPPING CTR,0,NA,Y,A,-,N,NA,NA,NA,NA,NA,NA,NA,NA,NA,N,3,0,1,2,A,-,09,21801,A,N,D,C,A,A,H,-,C,A,0,NA,NA,NA,NA,Y,NA,A,07,0,1,0,0,0,0,0,0,0,-,-,34.10675048828125,-117.39858245849608,SAN BERNARDINO,RIALTO,NA,NA
84920214,2025,2025-11-11,3609,2025-09-14,2132,02594,NA,7,5,5,3609,0,0,0,NA,0,002,SYCAMORE AVE,ROSEWOOD ST,188,S,N,A,-,N,NA,NA,NA,NA,NA,NA,NA,NA,NA,Y,3,0,1,2,A,-,07,21658,A,N,B,E,A,A,H,-,C,D,0,NA,NA,NA,NA,Y,NA,A,01,0,1,0,0,0,0,0,0,0,-,-,34.110050201416016,-117.3659896850586,SAN BERNARDINO,RIALTO,-117.3660125732422,34.10951614379883
84929247,2025,2025-11-14,3609,2025-10-31,1025,02759,NA,5,5,5,3609,0,0,0,NA,0,004,SAN BERNARDINO AVE,SYCAMORE AVE S,0,NA,Y,A,-,N,NA,NA,NA,NA,NA,NA,NA,NA,NA,Y,4,0,1,2,A,-,09,21802,A,N,D,C,A,A,H,-,A,A,0,NA,NA,NA,NA,Y,NA,A,01,0,0,1,0,0,0,0,0,0,-,-,34.07793045043945,-117.36556243896484,SAN BERNARDINO,RIALTO,-117.36590576171876,34.07775115966797
8493224,2017,2018-06-08,3609,2017-11-01,1447,4247,129,3,5,5,3609,0,0,0,NA,0,004,FOOTHILL BL,ACACIA AV,0,NA,Y,A,-,N,NA,NA,NA,NA,NA,NA,NA,NA,NA,N,4,0,1,2,A,-,09,21800,B,N,D,G,A,A,H,-,A,A,0,NA,Y,NA,NA,Y,NA,A,01,0,0,1,0,0,0,1,0,0,-,-,34.10662,-117.36159,SAN BERNARDINO,RIALTO,-117.36164003,34.10676003
8493344,2017,2018-06-08,3609,2017-10-29,1349,5403,125,7,5,5,3609,0,0,0,NA,0,004,FOOTHILL BL,LILAC AV,0,NA,Y,A,-,N,NA,NA,NA,NA,NA,NA,NA,NA,NA,N,4,0,1,2,A,-,09,21801,A,N,D,G,A,A,H,-,A,A,0,NA,Y,NA,NA,Y,NA,A,01,0,0,1,0,0,0,1,0,0,-,-,34.1086,-117.3663,SAN BERNARDINO,RIALTO,-117.37910005,34.10675004
84943251,2025,2025-11-24,3604,2025-11-14,1700,1396,NA,5,5,6,3604,0,0,0,NA,0,002,CHERRY AVE,HAWAII WAY,72,S,-,C,-,N,NA,NA,NA,NA,NA,NA,NA,NA,NA,Y,4,0,1,1,A,-,03,22350,NA,N,A,I,A,B,H,-,C,D,0,NA,NA,NA,NA,Y,NA,A,01,0,0,1,0,0,0,0,0,0,-,-,NA,NA,SAN BERNARDINO,FONTANA,-117.48845672607422,34.1246223449707
8494410,2017,2018-06-19,3600,2017-10-20,2019,D6899,HE134,5,5,5,3619,0,0,0,NA,0,HE3,RT 395,MAIN ST,298,S,N,A,-,Y,SBD,8,395,-,R,5.55,H,-,N,N,4,0,1,2,A,-,07,21658,A,N,B,C,A,A,H,-,C,D,0,NA,NA,NA,NA,Y,NA,A,01,0,0,1,0,0,0,0,0,0,-,-,NA,NA,SAN BERNARDINO,HESPERIA,-117.40013318,34.42580279
84946097,2025,2025-11-25,3604,2025-11-15,1701,1312,NA,6,5,6,3604,0,0,0,NA,0,001,SIERRA AVE,RIVERSIDE AVE,0,NA,-,B,-,N,NA,NA,NA,NA,NA,NA,NA,NA,NA,Y,4,0,3,2,A,-,12,22450,A,N,D,C,A,B,H,-,C,D,0,NA,NA,NA,NA,Y,NA,-,-,0,0,3,0,0,0,0,0,0,-,-,NA,NA,SAN BERNARDINO,FONTANA,-117.43627166748048,34.17888641357422
84948007,2025,2025-11-26,3600,2025-10-22,1455,F5499,NA,3,5,6,3616,0,0,0,NA,0,001,CARNELIAN ST,BASE LINE RD,0,NA,-,A,-,N,NA,NA,NA,NA,NA,NA,NA,NA,NA,Y,4,0,2,3,C,-,18,NA,NA,N,C,C,A,A,H,-,A,A,0,NA,NA,NA,NA,Y,NA,-,-,0,0,2,0,0,0,0,0,0,-,-,NA,NA,SAN BERNARDINO,RANCHO CUCAMONGA,-117.61611175537108,34.12154769897461
84949680,2025,2025-11-27,3611,2025-10-11,1958,3628,NA,6,5,5,3611,0,0,0,NA,0,001,FOOTHILL BLVD,CENTRAL AVE,1000,E,N,A,-,N,NA,NA,NA,NA,NA,NA,NA,NA,NA,Y,3,0,2,3,A,-,09,21804,A,N,D,C,A,A,H,-,C,A,0,NA,NA,NA,NA,Y,NA,A,01,0,2,0,0,0,0,0,0,0,-,-,34.1068000793457,-117.68956756591795,SAN BERNARDINO,UPLAND,-117.68661499023438,34.10699462890625
8495849,2017,2017-12-06,3609,2017-11-13,1536,2493,97,1,5,5,3609,0,0,0,NA,0,002,ACACIA AV,VIRGINIA ST,186,N,N,A,-,N,NA,NA,NA,NA,NA,NA,NA,NA,NA,N,4,0,1,2,A,-,08,22107,NA,N,D,C,A,A,H,-,A,D,0,NA,NA,Y,NA,Y,NA,C,02,0,0,1,0,0,0,0,0,1,-,-,34.135,-117.3715,SAN BERNARDINO,RIALTO,-117.36171,34.1249696
8495861,2017,2017-12-27,3609,2017-11-09,0703,8510,133,4,5,5,3609,0,0,0,NA,0,003,2ND ST,LARCH AV,0,NA,Y,A,-,N,NA,NA,NA,NA,NA,NA,NA,NA,NA,Y,3,0,2,2,A,-,15,26454,A,N,D,C,A,A,H,-,A,A,0,NA,NA,NA,NA,Y,NA,A,01,0,1,1,0,0,0,0,0,0,-,-,34.10196,-117.39241,SAN BERNARDINO,RIALTO,-117.39226006,34.1019001
84960300,2025,2025-12-08,3602,2025-11-21,924,4591,NA,5,5,5,3602,0,0,0,NA,0,002,RIVERSIDE DR,9TH ST,0,NA,Y,B,-,N,NA,NA,NA,NA,NA,NA,NA,NA,NA,Y,4,0,1,2,A,-,09,21802,A,N,A,C,A,B,H,-,A,A,0,NA,NA,NA,NA,Y,NA,A,01,0,0,1,0,0,0,0,0,0,-,-,34.02267074584961,-117.68804931640624,SAN BERNARDINO,CHINO,-117.68804168701172,34.01909255981445
84967045,2025,2025-12-11,3611,2025-09-29,509,3452,NA,1,5,5,3611,0,0,0,NA,0,001,FOOTHILL BLVD,EUCLID AVE,0,NA,Y,A,-,N,NA,NA,NA,NA,NA,NA,NA,NA,NA,Y,2,0,1,2,A,-,01,23152,A,N,D,C,A,A,H,-,C,A,0,NA,NA,NA,NA,Y,Y,A,01,1,0,0,0,0,0,0,0,0,-,-,34.106990814208984,-117.65096282958984,SAN BERNARDINO,UPLAND,-117.6513671875,34.106929779052734
84968925,2025,2025-12-12,3604,2025-02-19,1412,1139,NA,3,5,6,3604,0,0,0,NA,0,NA,SLOVER AVE,CHERRY AVE,555,W,-,A,-,N,NA,NA,NA,NA,NA,NA,NA,NA,NA,Y,1,1,0,2,A,-,09,21804,A,N,D,C,A,A,H,-,A,D,0,NA,NA,Y,NA,Y,NA,-,31,0,0,0,0,0,0,0,1,0,-,-,NA,NA,SAN BERNARDINO,FONTANA,-117.49078369140624,34.062870025634766
8497181,2017,2017-12-27,3602,2017-10-16,0812,3527,NA,1,5,5,3602,0,0,0,NA,0,004,SCHAEFER AV,OAKS AV,34,S,N,A,-,N,NA,NA,NA,NA,NA,NA,NA,NA,NA,N,4,0,1,2,A,-,03,22350,NA,N,C,C,A,A,H,-,A,A,0,NA,NA,NA,NA,Y,NA,A,07,0,0,1,0,0,0,0,0,0,-,-,NA,NA,SAN BERNARDINO,CHINO,-117.67608,34.00461
84973228,2025,2025-12-16,3604,2025-12-14,1203,1496,NA,7,5,6,3604,0,0,0,NA,0,003,SIERRA AVE,VALENCIA AVE,100,N,-,A,-,N,NA,NA,NA,NA,NA,NA,NA,NA,NA,N,4,0,1,2,A,-,03,22350,NA,M,C,C,A,A,H,-,A,A,0,NA,NA,NA,NA,Y,NA,D,22,0,0,1,0,0,0,0,0,0,-,-,NA,NA,SAN BERNARDINO,FONTANA,-117.43579864501952,34.09779357910156
8497523,2017,2017-11-29,3605,2017-10-11,1311,394,NA,3,5,4,3605,0,0,0,NA,0,NA,CENTRAL AV,KINGSLEY ST,0,NA,Y,A,-,N,NA,NA,NA,NA,NA,NA,NA,NA,NA,N,4,0,1,2,A,-,09,21801,A,N,-,C,A,A,H,-,A,A,0,NA,NA,NA,NA,Y,NA,A,01,0,0,1,0,0,0,0,0,0,-,-,NA,NA,SAN BERNARDINO,MONTCLAIR,-117.68964002,34.06673005
84975245,2025,2025-12-17,3600,2025-12-09,1254,G8614,NA,2,5,6,3616,0,0,0,NA,0,005,RED OAK STREET,CIVIC CENTER DRIVE,0,NA,-,A,-,N,NA,NA,NA,NA,NA,NA,NA,NA,NA,Y,4,0,1,2,A,-,09,21804,A,N,D,C,A,A,H,-,A,D,0,NA,NA,NA,Y,Y,NA,F,21,0,0,1,0,0,0,0,0,0,-,-,NA,NA,SAN BERNARDINO,RANCHO CUCAMONGA,-117.56903076171876,34.100990295410156
84978449,2025,2025-12-19,3604,2025-12-16,1334,680,NA,2,5,6,3604,0,0,0,NA,0,NA,SIERRA AVE,DUNCAN CANYON RD,460,S,-,A,-,N,NA,NA,NA,NA,NA,NA,NA,NA,NA,N,4,0,2,2,A,-,03,22350,NA,N,C,C,A,A,H,-,A,D,0,NA,NA,NA,NA,Y,NA,A,01,0,0,2,0,0,0,0,0,0,-,-,NA,NA,SAN BERNARDINO,FONTANA,-117.43618011474608,34.163787841796875
84986280,2025,2025-12-25,3611,2025-11-03,756,3024,NA,1,5,5,3611,0,0,0,NA,0,004,FOOTHILL BLVD,GROVE AVE,35,W,N,A,-,N,NA,NA,NA,NA,NA,NA,NA,NA,NA,Y,3,0,1,2,A,-,03,22350,NA,N,C,C,A,A,H,-,A,A,0,NA,NA,NA,NA,Y,NA,A,08,0,1,0,0,0,0,0,0,0,-,-,34.10702133178711,-117.62847900390624,SAN BERNARDINO,UPLAND,-117.62863159179688,34.10673141479492
84987809,2025,2025-12-29,3604,2025-12-19,1619,1367,NA,5,5,6,3604,0,0,0,NA,0,NA,ALMERIA AVE,MILLER AVE,0,NA,-,A,-,N,NA,NA,NA,NA,NA,NA,NA,NA,NA,N,4,0,1,2,A,-,12,22450,A,N,D,C,A,A,H,-,A,A,0,NA,NA,NA,NA,Y,NA,-,-,0,0,1,0,0,0,0,0,0,-,-,NA,NA,SAN BERNARDINO,FONTANA,-117.46022033691406,34.11408615112305
84987814,2025,2025-12-29,3604,2025-12-23,1600,1139,NA,2,5,6,3604,0,0,0,NA,0,NA,CHERRY AVE,BAR HARBOR RD,0,NA,-,A,-,N,NA,NA,NA,NA,NA,NA,NA,NA,NA,Y,4,0,1,2,A,-,12,21453,A,N,D,C,A,A,H,-,B,A,0,NA,NA,NA,NA,Y,NA,-,-,0,0,1,0,0,0,0,0,0,-,-,NA,NA,SAN BERNARDINO,FONTANA,-117.48863983154295,34.11983871459961
84998060,2025,2026-01-05,3609,2025-12-09,1859,01154,NA,2,5,5,3609,0,0,0,NA,0,003,VALLEY BLVD,CACTUS AVE,0,NA,Y,A,-,N,NA,NA,NA,NA,NA,NA,NA,NA,NA,N,3,0,1,2,D,-,00,NA,NA,N,C,C,A,A,H,-,C,A,0,NA,NA,NA,NA,Y,NA,-,-,0,1,0,0,0,0,0,0,0,-,-,34.07044982910156,-117.3833236694336,SAN BERNARDINO,RIALTO,-117.38336944580078,34.070499420166016
84998087,2025,2026-01-05,3609,2025-12-22,1553,02775,NA,1,5,5,3609,0,0,0,NA,0,001,CORNELL DR,WILLOW AVE (N),168,E,N,A,-,N,NA,NA,NA,NA,NA,NA,NA,NA,NA,Y,4,0,1,2,A,-,08,22107,NA,N,A,E,A,A,H,-,A,D,0,NA,NA,NA,NA,Y,NA,A,07,0,0,1,0,0,0,0,0,0,-,-,NA,NA,SAN BERNARDINO,RIALTO,-117.37476348876952,34.11064910888672
8499999,2017,2017-12-07,3600,2017-11-11,1840,D6180,HE304,6,5,5,3619,0,0,0,NA,0,HE3,ESCONDIDO AV,SULTANA ST,1224,N,N,A,-,N,NA,NA,NA,NA,NA,NA,NA,NA,NA,Y,3,0,1,2,A,-,08,22107,NA,N,D,C,A,A,H,-,D,D,0,NA,NA,NA,NA,Y,NA,D,22,0,1,0,0,0,0,0,0,0,-,-,NA,NA,SAN BERNARDINO,HESPERIA,-117.37296866,34.42289335
85005345,2025,2026-01-09,3600,2025-12-19,2108,G6922,NA,5,5,6,3616,0,0,0,NA,0,005,FOOTHILL BL,ELM AV,0,NA,-,A,-,N,NA,NA,NA,NA,NA,NA,NA,NA,NA,N,3,0,1,2,A,-,10,21950,A,N,G,B,B,A,H,-,C,A,0,Y,NA,NA,NA,Y,NA,A,08,0,1,0,0,1,0,0,0,0,-,-,NA,NA,SAN BERNARDINO,RANCHO CUCAMONGA,-117.56149291992188,34.106407165527344
85005459,2025,2026-01-09,3609,2025-12-01,1257,02777,NA,1,5,5,3609,0,0,0,NA,0,001,CACTUS AVE,ETIWANDA AVE,0,NA,Y,A,-,N,NA,NA,NA,NA,NA,NA,NA,NA,NA,N,4,0,1,2,A,-,12,21453,A,N,D,C,A,A,H,-,A,A,0,NA,NA,NA,NA,Y,NA,A,01,0,0,1,0,0,0,0,0,0,-,-,NA,NA,SAN BERNARDINO,RIALTO,-117.3834991455078,34.11404037475586
85005482,2025,2026-01-09,3609,2025-12-19,1537,02417,NA,5,5,5,3609,0,0,0,NA,0,004,RIVERSIDE AVE,SENIOR WAY,191,N,N,A,-,N,NA,NA,NA,NA,NA,NA,NA,NA,NA,N,4,0,1,2,A,-,03,22350,NA,N,C,C,A,A,H,-,A,A,0,NA,NA,NA,NA,Y,NA,A,01,0,0,1,0,0,0,0,0,0,-,-,34.07538986206055,-117.37029266357422,SAN BERNARDINO,RIALTO,-117.37029266357422,34.075782775878906
8500760,2017,2017-12-06,3602,2017-10-29,1310,3813,19,7,5,5,3602,0,0,0,NA,0,001,CENTRAL AV,FRANCIS AV,380,N,N,A,-,N,NA,NA,NA,NA,NA,NA,NA,NA,NA,Y,4,0,1,2,A,-,01,23152,A,N,C,C,A,A,H,-,A,D,0,NA,NA,NA,NA,Y,Y,A,01,0,0,1,0,0,0,0,0,0,-,-,NA,NA,SAN BERNARDINO,CHINO,-117.6896143,34.0418715
85018259,2025,2026-01-19,3611,2025-12-05,1114,3379,NA,5,5,5,3611,0,0,0,NA,0,002,BENSON AVE,FOOTHILL BLVD,580,S,N,A,-,N,NA,NA,NA,NA,NA,NA,NA,NA,NA,Y,3,0,1,2,A,-,09,21804,A,N,A,C,A,A,H,-,A,D,0,NA,NA,NA,NA,Y,NA,A,01,0,1,0,0,0,0,0,0,0,-,-,34.106929779052734,-117.68077087402344,SAN BERNARDINO,UPLAND,-117.68087005615234,34.10530090332031