CASE_ID,ACCIDENT_YEAR,PROC_DATE,JURIS,COLLISION_DATE,COLLISION_TIME,OFFICER_ID,REPORTING_DISTRICT,DAY_OF_WEEK,CHP_SHIFT,POPULATION,CNTY_CITY_LOC,SPECIAL_COND,BEAT_TYPE,CHP_BEAT_TYPE,CITY_DIVISION_LAPD,CHP_BEAT_CLASS,BEAT_NUMBER,PRIMARY_RD,SECONDARY_RD,DISTANCE,DIRECTION,INTERSECTION,WEATHER_1,WEATHER_2,STATE_HWY_IND,CALTRANS_COUNTY,CALTRANS_DISTRICT,STATE_ROUTE,ROUTE_SUFFIX,POSTMILE_PREFIX,POSTMILE,LOCATION_TYPE,RAMP_INTERSECTION,SIDE_OF_HWY,TOW_AWAY,COLLISION_SEVERITY,NUMBER_KILLED,NUMBER_INJURED,PARTY_COUNT,PRIMARY_COLL_FACTOR,PCF_CODE_OF_VIOL,PCF_VIOL_CATEGORY,PCF_VIOLATION,PCF_VIOL_SUBSECTION,HIT_AND_RUN,TYPE_OF_COLLISION,MVIW,PED_ACTION,ROAD_SURFACE,ROAD_COND_1,ROAD_COND_2,LIGHTING,CONTROL_DEVICE,CHP_ROAD_TYPE,PEDESTRIAN_ACCIDENT,BICYCLE_ACCIDENT,MOTORCYCLE_ACCIDENT,TRUCK_ACCIDENT,NOT_PRIVATE_PROPERTY,ALCOHOL_INVOLVED,STWD_VEHTYPE_AT_FAULT,CHP_VEHTYPE_AT_FAULT,COUNT_SEVERE_INJ,COUNT_VISIBLE_INJ,COUNT_COMPLAINT_PAIN,COUNT_PED_KILLED,COUNT_PED_INJURED,COUNT_BICYCLIST_KILLED,COUNT_BICYCLIST_INJURED,COUNT_MC_KILLED,COUNT_MC_INJURED,PRIMARY_RAMP,SECONDARY_RAMP,LATITUDE,LONGITUDE,COUNTY,CITY,POINT_X,POINT_Y
8928747,2019,2019-09-06,3603,2019-06-12,1218,4546,CPD,3,5,4,3603,0,0,0,NA,0,001,MERIDIAN AV,POEMA ST,50,NA,N,A,-,N,NA,NA,NA,NA,NA,NA,NA,NA,NA,N,4,0,1,2,A,-,05,21202,A,N,G,G,A,A,H,-,A,D,0,NA,Y,NA,NA,Y,NA,L,04,0,0,1,0,0,0,1,0,0,-,-,NA,NA,SAN BERNARDINO,COLTON,-117.34848785400392,34.08176040649414
8927440,2019,2019-08-30,3610,2019-08-02,1315,51163,NA,5,5,6,3610,0,0,0,NA,0,NA,HIGHLAND AV,N MUSCUPIABE DR,0,NA,Y,A,-,N,NA,NA,NA,NA,NA,NA,NA,NA,NA,Y,4,0,1,2,A,-,12,21453,A,N,D,C,A,A,H,-,A,A,0,NA,NA,NA,NA,Y,NA,A,01,0,0,1,0,0,0,0,0,0,-,-,34.13605880737305,-117.30787658691406,SAN BERNARDINO,SAN BERNARDINO,-117.30769348144533,34.13602828979492
8924217,2019,2020-01-30,3600,2019-07-28,2249,D3381,VC043,7,5,5,3612,0,0,0,NA,0,VC1,RT 18,STODDARD WELLS RD,0,NA,Y,A,-,Y,SBD,8,18,-,-,95.32,H,-,S,Y,3,0,1,1,A,-,03,22350,NA,N,F,A,A,A,H,-,A,A,0,NA,NA,NA,NA,Y,NA,A,01,0,1,0,0,0,0,0,0,0,-,-,NA,NA,SAN BERNARDINO,VICTORVILLE,-117.28639221191406,34.534114837646484
8922154,2019,2019-08-30,3600,2019-08-06,0545,H6840,VC064,2,5,5,3612,0,0,0,NA,0,VC4,AMARGOSA RD,LA MESA RD,0,NA,Y,A,-,N,NA,NA,NA,NA,NA,NA,NA,NA,NA,Y,3,0,2,2,A,-,12,21453,A,N,D,C,A,A,H,-,A,A,0,NA,NA,NA,NA,Y,NA,A,01,0,1,1,0,0,0,0,0,0,-,-,NA,NA,SAN BERNARDINO,VICTORVILLE,-117.337158203125,34.48543930053711
8921542,2019,2019-08-30,3600,2019-08-04,1923,G7660,HI008,7,5,4,3618,0,0,0,NA,0,HI1,9TH ST,VICTORIA AV,0,NA,Y,A,-,N,NA,NA,NA,NA,NA,NA,NA,NA,NA,Y,4,0,1,3,A,-,08,22100,5,N,D,C,A,A,H,-,B,D,0,NA,NA,NA,NA,Y,NA,-,NA,0,0,1,0,0,0,0,0,0,-,-,34.11573028564453,-117.22738647460938,SAN BERNARDINO,HIGHLAND,-117.22618865966795,34.115699768066406
8920904,2019,2019-10-09,3603,2019-05-28,1332,4861,CPD,2,5,4,3603,0,0,0,NA,0,004,S MT VERNON,S MT VERNON 1090 S,0,NA,N,A,-,N,NA,NA,NA,NA,NA,NA,NA,NA,NA,N,4,0,1,2,B,-,22,NA,NA,N,G,B,F,A,H,-,A,D,0,Y,NA,NA,NA,Y,NA,A,01,0,0,1,0,1,0,0,0,0,-,-,NA,NA,SAN BERNARDINO,COLTON,-117.30907500000001,34.050753
8920772,2019,2019-08-27,3605,2019-08-11,1634,401,NA,7,5,4,3605,0,0,0,NA,0,NA,MORENO ST,MONTE VISTA AV,0,NA,Y,A,-,N,NA,NA,NA,NA,NA,NA,NA,NA,NA,Y,3,0,2,2,A,-,12,21453,A,N,C,C,A,A,H,-,A,A,0,NA,NA,NA,NA,Y,NA,A,07,0,1,1,0,0,0,0,0,0,-,-,NA,NA,SAN BERNARDINO,MONTCLAIR,-117.6982421875,34.088680267333984
8917812,2019,2019-09-12,3605,2019-07-01,1953,411,NA,1,5,4,3605,0,0,0,NA,0,NA,CENTRAL AV,COSTCO DR,102,N,N,A,-,N,NA,NA,NA,NA,NA,NA,NA,NA,NA,N,4,0,1,3,A,-,04,21703,NA,M,C,C,A,A,H,-,B,A,0,NA,NA,NA,NA,Y,NA,A,01,0,0,1,0,0,0,0,0,0,-,-,NA,NA,SAN BERNARDINO,MONTCLAIR,-117.68949127197266,34.08389663696289
8917719,2019,2019-09-16,3604,2019-07-31,1503,1047,NA,3,5,6,3604,0,0,0,NA,0,NA,SLOVER AV,JUNIPER AV,0,NA,Y,A,-,N,NA,NA,NA,NA,NA,NA,NA,NA,NA,Y,3,0,1,2,A,-,09,21801,A,N,D,C,A,A,H,-,A,A,0,NA,NA,NA,Y,Y,NA,A,01,0,1,0,0,0,0,0,0,0,-,-,NA,NA,SAN BERNARDINO,FONTANA,-117.4399871826172,34.06304931640625
8915641,2019,2019-08-12,3602,2019-06-09,1438,3813,71,7,5,5,3602,0,0,0,NA,0,004,RIVERSIDE DR,OAKS AV,584,E,N,A,-,N,NA,NA,NA,NA,NA,NA,NA,NA,NA,Y,4,0,1,2,A,-,01,23152,A,N,C,E,A,A,H,-,A,D,0,NA,NA,NA,NA,Y,Y,A,01,0,0,1,0,0,0,0,0,0,-,-,NA,NA,SAN BERNARDINO,CHINO,-117.67431640625,34.019161224365234
8913310,2019,2020-09-18,3600,2019-06-27,0926,E6889,HE134,4,5,5,3619,0,0,0,NA,0,HE3,RT 395,YUCCA TERRACE DR,10,S,N,A,-,Y,SBD,8,395,-,-,6.12,H,-,S,Y,3,0,1,1,A,-,07,21658,A,N,F,I,A,A,H,-,A,D,0,NA,NA,NA,NA,Y,NA,A,01,0,1,0,0,0,0,0,0,0,-,-,NA,NA,SAN BERNARDINO,HESPERIA,-117.39955139160156,34.43391418457031
8956787,2019,2020-01-21,3600,2019-07-16,0840,G6918,VC007,2,5,5,3612,0,0,0,NA,0,VC5,RT 395,LUNA RD,0,NA,Y,A,-,Y,SBD,8,395,-,-,10.173,I,5,N,N,3,0,1,2,A,-,12,21453,A,N,D,C,A,A,H,-,A,A,0,NA,NA,NA,NA,Y,NA,A,01,0,1,0,0,0,0,0,0,0,-,-,NA,NA,SAN BERNARDINO,VICTORVILLE,-117.39950561523438,34.492584228515625
8911520,2020,2020-09-09,3604,2020-07-01,2147,1047,NA,3,5,6,3604,0,0,0,NA,0,NA,FOOTHILL BL,BEECH AV,0,NA,Y,A,-,N,NA,NA,NA,NA,NA,NA,NA,NA,NA,Y,1,1,1,2,A,-,09,21801,A,N,D,C,A,A,H,-,C,A,0,NA,NA,Y,NA,Y,NA,A,01,0,1,0,0,0,0,0,1,0,-,-,NA,NA,SAN BERNARDINO,FONTANA,-117.47120666503906,34.10649108886719
8911478,2020,2022-06-14,3610,2020-01-10,1752,50994,NA,5,5,6,3610,0,0,0,NA,0,DAVID,S E ST,MACKAY ST,35,N,N,A,-,N,NA,NA,NA,NA,NA,NA,NA,NA,NA,N,1,1,0,2,A,-,11,21956,A,N,G,B,D,A,H,-,C,D,0,Y,NA,NA,NA,Y,NA,N,60,0,0,0,1,0,0,0,0,0,-,-,34.07086944580078,-117.29415893554688,SAN BERNARDINO,SAN BERNARDINO,-117.29415893554688,34.070945739746094
8911110,2019,2020-06-04,3611,2019-07-07,0330,626,3611,7,5,5,3611,0,0,0,NA,0,003,19TH ST,SUNKIST ST,496,E,N,A,-,N,NA,NA,NA,NA,NA,NA,NA,NA,NA,Y,1,1,0,1,A,-,03,22350,NA,N,E,I,A,A,H,-,C,A,0,NA,NA,NA,NA,Y,NA,A,01,0,0,0,0,0,0,0,0,0,-,-,NA,NA,SAN BERNARDINO,UPLAND,-117.64298248291016,34.13237762451172
8910873,2019,2020-03-24,3600,2019-11-16,0147,F8172,HE131,6,5,5,3619,0,0,0,NA,0,HE1,MAIN ST,7TH AV,43,E,N,A,-,N,NA,NA,NA,NA,NA,NA,NA,NA,NA,N,1,1,0,2,A,-,11,21954,A,N,G,B,D,A,H,-,C,A,0,Y,NA,NA,NA,Y,NA,N,60,0,0,0,1,0,0,0,0,0,-,-,NA,NA,SAN BERNARDINO,HESPERIA,-117.31551361083984,34.42359924316406
8909615,2019,2019-10-29,3610,2019-09-12,0657,51181,NA,4,5,6,3610,0,0,0,NA,0,POLICE,E 40TH ST,N VALENCIA AV,550,W,N,A,-,N,NA,NA,NA,NA,NA,NA,NA,NA,NA,Y,4,0,2,2,A,-,08,22107,NA,N,D,C,A,A,H,-,A,D,0,NA,NA,NA,NA,Y,NA,A,01,0,0,2,0,0,0,0,0,0,-,-,NA,NA,SAN BERNARDINO,SAN BERNARDINO,-117.27426147460938,34.165008544921875
8961381,2019,2019-10-22,3608,2019-09-22,2032,4965,NA,7,5,5,3608,0,0,0,NA,0,NA,EAST COLTON AV,N 6TH ST,0,NA,Y,A,-,N,NA,NA,NA,NA,NA,NA,NA,NA,NA,Y,4,0,1,2,A,-,09,21802,A,N,D,C,A,A,H,-,C,A,0,NA,NA,NA,NA,Y,NA,-,NA,0,0,1,0,0,0,0,0,0,-,-,NA,NA,SAN BERNARDINO,REDLANDS,-117.18035888671876,34.06282043457031
8939127,2019,2021-05-28,3607,2019-07-31,0110,80388,210,3,5,6,3607,0,0,0,NA,0,071,MISSION BL,BAKER AV,999,W,N,A,-,N,NA,NA,NA,NA,NA,NA,NA,NA,NA,Y,1,1,1,2,A,-,01,23153,A,F,C,G,A,A,H,-,D,A,0,NA,Y,NA,NA,Y,Y,A,01,0,1,0,0,0,1,0,0,0,-,-,NA,NA,SAN BERNARDINO,ONTARIO,-117.6183624267578,34.052494049072266
8939257,2019,2019-12-19,3600,2019-09-29,2118,D4301,HE407,7,5,5,3619,0,0,0,NA,0,HE4,I AV,BUCKTHORN AV,146,S,N,A,-,N,NA,NA,NA,NA,NA,NA,NA,NA,NA,Y,1,1,0,1,A,-,08,22107,NA,N,-,I,A,A,H,-,D,D,0,NA,NA,NA,NA,Y,NA,A,07,0,0,0,0,0,0,0,0,0,-,-,NA,NA,SAN BERNARDINO,HESPERIA,-117.28562927246094,34.404296875
8939572,2019,2021-06-02,3609,2019-11-13,1009,2493,RI103,3,5,5,3609,0,0,0,NA,0,002,PEPPER AV,BASELINE RD,347,N,N,A,-,N,NA,NA,NA,NA,NA,NA,NA,NA,NA,Y,1,2,1,2,A,-,05,21460,A,N,A,C,A,A,H,-,A,A,0,NA,NA,NA,NA,Y,Y,A,01,0,1,0,0,0,0,0,0,0,-,-,NA,NA,SAN BERNARDINO,RIALTO,-117.35295867919922,34.12232208251953
8940790,2019,2019-09-23,3600,2019-08-28,2059,S2984,YC102,3,5,4,3640,0,0,0,NA,0,YC1,OAK GLEN RD,STONEWOOD DR,0,NA,Y,A,-,N,NA,NA,NA,NA,NA,NA,NA,NA,NA,Y,4,0,1,2,A,-,09,21801,A,N,D,C,A,A,H,-,C,A,0,NA,NA,NA,NA,Y,NA,-,NA,0,0,1,0,0,0,0,0,0,-,-,NA,NA,SAN BERNARDINO,YUCAIPA,-117.04923248291016,34.0483283996582
8943122,2019,2019-09-23,3609,2019-08-19,1853,9091,RI161,1,5,5,3609,0,0,0,NA,0,004,ORCHARD ST,WILLOW AV,10,E,N,A,-,N,NA,NA,NA,NA,NA,NA,NA,NA,NA,Y,3,0,1,1,A,-,03,22350,A,N,E,J,A,A,H,-,A,D,0,NA,NA,NA,NA,Y,NA,A,01,0,1,0,0,0,0,0,0,0,-,-,NA,NA,SAN BERNARDINO,RIALTO,-117.37467956542967,34.08974075317383
8963484,2019,2019-10-31,3610,2019-09-19,1855,51130,NA,4,5,6,3610,0,0,0,NA,0,POLICE,E PUMALO ST,N DEL ROSA AVE,153,E,N,A,-,N,NA,NA,NA,NA,NA,NA,NA,NA,NA,Y,4,0,1,2,A,-,09,21801,A,N,B,C,A,A,H,-,B,A,0,NA,NA,NA,NA,Y,NA,-,NA,0,0,1,0,0,0,0,0,0,-,-,NA,NA,SAN BERNARDINO,SAN BERNARDINO,-117.2519073486328,34.1385612487793
8946325,2019,2019-10-01,3600,2019-05-15,2050,G9818,VC001,3,5,5,3612,0,0,0,NA,0,VC1,MOJAVE DR,6TH ST,0,NA,Y,A,-,N,NA,NA,NA,NA,NA,NA,NA,NA,NA,N,4,0,1,2,A,-,08,22107,NA,N,B,C,A,A,H,-,D,A,0,NA,NA,NA,NA,Y,NA,A,01,0,0,1,0,0,0,0,0,0,-,-,NA,NA,SAN BERNARDINO,VICTORVILLE,-117.30264282226563,34.52898025512695
8948606,2019,2019-09-27,3604,2019-07-19,2254,1156,NA,5,5,6,3604,0,0,0,NA,0,NA,JUNIPER AV,MARYGOLD AV,25,S,N,A,-,N,NA,NA,NA,NA,NA,NA,NA,NA,NA,N,4,0,1,2,A,-,03,22350,NA,N,C,C,A,A,H,-,C,A,0,NA,NA,NA,NA,Y,NA,A,01,0,0,1,0,0,0,0,0,0,-,-,NA,NA,SAN BERNARDINO,FONTANA,-117.44004058837892,34.07392120361328
8956644,2019,2019-10-14,3610,2019-08-19,0935,51181,NA,1,5,6,3610,0,0,0,NA,0,CHARLI,E DATE ST,N CONEJO DR,5,E,N,A,-,N,NA,NA,NA,NA,NA,NA,NA,NA,NA,N,3,0,1,2,A,-,09,21801,A,N,D,C,A,A,H,-,A,D,0,NA,NA,Y,NA,Y,NA,A,01,0,1,0,0,0,0,0,0,1,-,-,NA,NA,SAN BERNARDINO,SAN BERNARDINO,-117.25928497314452,34.14126968383789
8941578,2019,2019-10-02,3600,2019-08-26,1402,D4301,HE131,1,5,5,3619,0,0,0,NA,0,HE5,MAIN ST,5TH AV,184,E,N,A,-,N,NA,NA,NA,NA,NA,NA,NA,NA,NA,N,3,0,1,2,A,-,07,21658,A,F,B,C,A,A,H,-,A,D,0,NA,NA,Y,NA,Y,NA,A,01,0,1,0,0,0,0,0,0,1,-,-,NA,NA,SAN BERNARDINO,HESPERIA,-117.3103485107422,34.4228401184082
8941584,2019,2019-10-08,3600,2019-09-01,1359,D4301,HE128,7,5,5,3619,0,0,0,NA,0,HE5,LIVE OAK ST,COTTONWOOD AV,0,NA,Y,A,-,N,NA,NA,NA,NA,NA,NA,NA,NA,NA,Y,4,0,1,2,A,-,09,21802,A,N,D,C,A,A,H,-,A,A,0,NA,NA,NA,NA,Y,NA,A,01,0,0,1,0,0,0,0,0,0,-,-,NA,NA,SAN BERNARDINO,HESPERIA,-117.33846282958984,34.43321990966797
8942267,2019,2019-10-15,3604,2019-09-17,1749,497,NA,2,5,6,3604,0,0,0,NA,0,NA,VALLEY BL,OLEANDER,0,NA,Y,A,-,N,NA,NA,NA,NA,NA,NA,NA,NA,NA,Y,4,0,1,2,A,-,09,21802,A,N,D,C,A,A,H,-,A,A,0,NA,NA,Y,NA,Y,NA,A,07,0,0,1,0,0,0,0,0,1,-,-,34.4134407043457,-117.26554107666016,SAN BERNARDINO,FONTANA,-117.44873809814452,34.07033157348633
8946349,2019,2019-10-03,3600,2019-04-28,0253,G9501,HE421,7,5,5,3619,0,0,0,NA,0,HE4,RANCHERO RD,ESCOBEDO AV,204,W,N,A,-,N,NA,NA,NA,NA,NA,NA,NA,NA,NA,Y,4,0,1,1,A,-,08,22107,NA,N,E,I,A,A,H,-,D,D,0,NA,NA,NA,NA,Y,NA,A,01,0,0,1,0,0,0,0,0,0,-,-,NA,NA,SAN BERNARDINO,HESPERIA,-117.2517547607422,34.39313888549805
8950201,2019,2019-10-24,3608,2019-09-11,1055,2898,NA,3,5,5,3608,0,0,0,NA,0,NA,COLTON AV,NEW YORK ST,0,NA,Y,A,-,N,NA,NA,NA,NA,NA,NA,NA,NA,NA,Y,4,0,1,2,A,-,12,21453,A,N,D,C,A,A,H,-,A,A,0,NA,NA,NA,NA,Y,NA,A,01,0,0,1,0,0,0,0,0,0,-,-,NA,NA,SAN BERNARDINO,REDLANDS,-117.19579315185548,34.06285858154297
8950775,2019,2019-10-24,3610,2019-09-03,1058,50532,NA,2,5,6,3610,0,0,0,NA,0,CHARLI,W 5TH ST,N F ST,0,NA,Y,A,-,N,NA,NA,NA,NA,NA,NA,NA,NA,NA,N,4,0,1,2,A,-,03,22350,NA,N,C,C,A,A,H,-,A,A,0,NA,NA,NA,NA,Y,NA,D,22,0,0,1,0,0,0,0,0,0,-,-,34.10831069946289,-117.29638671875,SAN BERNARDINO,SAN BERNARDINO,-117.29640197753906,34.10831069946289
8967170,2019,2019-11-06,3605,2019-10-10,1821,401,NA,4,5,4,3605,0,0,0,NA,0,NA,CENTRAL AV,HOLT BL,49,S,N,A,-,N,NA,NA,NA,NA,NA,NA,NA,NA,NA,N,4,0,1,2,A,-,03,22350,NA,F,C,C,A,A,H,-,B,A,0,NA,NA,NA,NA,Y,NA,D,22,0,0,1,0,0,0,0,0,0,-,-,NA,NA,SAN BERNARDINO,MONTCLAIR,-117.6897430419922,34.06315612792969
8967779,2019,2019-12-11,3600,2019-09-10,1816,E3370,RC068,2,5,6,3616,0,0,0,NA,0,006,FOOTHILL BL,MAYTEN AV,36,E,N,A,-,N,NA,NA,NA,NA,NA,NA,NA,NA,NA,Y,4,0,1,2,A,-,04,21703,NA,N,C,C,A,A,H,-,A,A,0,NA,NA,NA,Y,Y,NA,F,26,0,0,1,0,0,0,0,0,0,-,-,NA,NA,SAN BERNARDINO,RANCHO CUCAMONGA,-117.55267333984376,34.10646057128906
8967819,2019,2019-11-15,3600,2019-08-31,0153,F6913,RC033,6,5,6,3616,0,0,0,NA,0,004,ARCHIBALD AV,FERON BL,0,NA,Y,A,-,N,NA,NA,NA,NA,NA,NA,NA,NA,NA,Y,3,0,1,1,A,-,01,23152,A,N,E,I,A,A,H,-,D,D,0,NA,NA,NA,NA,Y,Y,D,22,0,1,0,0,0,0,0,0,0,-,-,NA,NA,SAN BERNARDINO,RANCHO CUCAMONGA,-117.5934829711914,34.093849182128906
8951652,2019,2019-11-20,3600,2019-09-20,1204,F5111,HE128,5,5,5,3619,0,0,0,NA,0,HE5,MAIN ST,HICKORY AV,0,NA,Y,A,-,N,NA,NA,NA,NA,NA,NA,NA,NA,NA,Y,3,0,2,2,A,-,09,21801,A,N,D,C,A,A,H,-,A,D,0,NA,NA,NA,NA,Y,NA,A,01,0,1,1,0,0,0,0,0,0,-,-,NA,NA,SAN BERNARDINO,HESPERIA,-117.32701110839844,34.42586135864258
8969628,2019,2019-11-18,3610,2019-10-03,1139,51013,NA,4,5,6,3610,0,0,0,NA,0,CHARLI,N ARDEN AV,HIGHLAND AV,120,N,N,A,-,N,NA,NA,NA,NA,NA,NA,NA,NA,NA,Y,4,0,2,2,A,-,09,21801,B,N,D,C,A,A,A,H,A,D,0,NA,NA,NA,NA,Y,NA,A,01,0,0,2,0,0,0,0,0,0,-,-,34.136329650878906,-117.23531341552734,SAN BERNARDINO,SAN BERNARDINO,-117.23493194580078,34.13616943359375
8955307,2019,2019-10-16,3604,2019-09-07,0820,1127,NA,6,5,6,3604,0,0,0,NA,0,NA,LIVE OAK AV,WOODLAND DR,70,S,N,A,-,N,NA,NA,NA,NA,NA,NA,NA,NA,NA,Y,4,0,2,2,A,-,01,23152,A,N,A,C,A,A,H,-,A,A,0,NA,NA,NA,NA,Y,Y,A,01,0,0,2,0,0,0,0,0,0,-,-,34.246849060058594,-117.28502655029295,SAN BERNARDINO,FONTANA,-117.48065185546876,34.04640579223633
8956331,2019,2019-11-08,3604,2019-09-12,0714,1047,NA,4,5,6,3604,0,0,0,NA,0,NA,WHEELER AV,CERES AV,180,S,N,A,-,N,NA,NA,NA,NA,NA,NA,NA,NA,NA,N,3,0,2,2,A,-,09,21804,A,N,C,C,A,A,H,-,A,A,0,NA,NA,NA,NA,Y,NA,A,01,0,1,1,0,0,0,0,0,0,-,-,NA,NA,SAN BERNARDINO,FONTANA,-117.43463134765624,34.09377670288086
8956865,2019,2019-10-18,3610,2019-09-05,1005,51165,NA,4,5,6,3610,0,0,0,NA,0,POLICE,W 6TH ST,NORTH ARROWHEAD AV,0,NA,Y,A,-,N,NA,NA,NA,NA,NA,NA,NA,NA,NA,Y,4,0,2,2,A,-,12,21453,A,N,D,C,A,A,H,-,A,A,0,NA,NA,NA,NA,Y,NA,A,01,0,0,2,0,0,0,0,0,0,-,-,34.11009979248047,-117.28958892822266,SAN BERNARDINO,SAN BERNARDINO,-117.28964996337892,34.110191345214844
8956940,2019,2019-11-12,3600,2019-07-14,0940,G5397,CHINO,7,5,5,3630,0,0,0,NA,0,CH1,GRAND AV,FOUNDERS DR,37,N,N,A,-,N,NA,NA,NA,NA,NA,NA,NA,NA,NA,Y,4,0,2,2,A,-,00,22453,NA,N,D,C,A,A,H,-,A,A,0,NA,NA,NA,NA,Y,NA,-,-,0,0,2,0,0,0,0,0,0,-,-,NA,NA,SAN BERNARDINO,CHINO HILLS,-117.76187133789063,33.99361038208008
8960800,2019,2019-12-12,3608,2019-10-18,1600,3821,NA,5,5,5,3608,0,0,0,NA,0,NA,SAN BERNARDINO AV,ORANGE ST,0,NA,Y,A,-,N,NA,NA,NA,NA,NA,NA,NA,NA,NA,Y,3,0,4,3,A,-,12,21453,A,N,-,-,A,A,H,-,A,-,0,NA,NA,NA,NA,Y,NA,J,48,0,2,2,0,0,0,0,0,0,-,-,NA,NA,SAN BERNARDINO,REDLANDS,-117.18240356445313,34.0772705078125
8973123,2019,2020-01-06,3602,2019-10-07,0700,3573,NA,1,5,5,3602,0,0,0,NA,0,005,PINE AV,EUCLID AV,14531,W,N,A,-,N,NA,NA,NA,NA,NA,NA,NA,NA,NA,Y,4,0,1,2,A,-,03,22350,NA,N,C,C,A,A,H,-,A,D,0,NA,NA,NA,NA,Y,NA,D,22,0,0,1,0,0,0,0,0,0,-,-,NA,NA,SAN BERNARDINO,CHINO,-117.66988372802734,33.94797134399414
8960889,2018,2019-12-14,3607,2018-08-10,1757,80378,201,5,5,6,3607,0,0,0,NA,0,061,ACACIA ST,EUCLID AV,500,E,N,A,-,N,NA,NA,NA,NA,NA,NA,NA,NA,NA,N,4,0,1,2,A,-,08,22103,NA,N,D,C,A,A,H,-,A,A,0,NA,NA,NA,NA,Y,NA,A,01,0,0,1,0,0,0,0,0,0,-,-,NA,NA,SAN BERNARDINO,ONTARIO,-117.64945220947266,34.04922103881836
8975027,2019,2019-11-19,3611,2019-05-10,1600,3258,3611,5,5,5,3611,0,0,0,NA,0,002,7TH ST,MOUNTAIN AV,230,W,N,A,-,N,NA,NA,NA,NA,NA,NA,NA,NA,NA,N,4,0,2,2,A,-,09,21804,A,N,D,C,A,A,H,-,A,A,0,NA,NA,NA,NA,Y,NA,A,01,0,0,2,0,0,0,0,0,0,-,-,NA,NA,SAN BERNARDINO,UPLAND,-117.67089080810548,34.088768005371094
8963370,2019,2019-10-29,3603,2019-08-13,1712,4861,CPD,2,5,4,3603,0,0,0,NA,0,003,S LA CADENA DR,E N ST,0,NA,Y,A,-,N,NA,NA,NA,NA,NA,NA,NA,NA,NA,Y,3,0,3,2,A,-,01,23152,A,N,D,C,A,A,H,-,A,A,0,NA,NA,NA,NA,Y,Y,A,01,0,3,0,0,0,0,0,0,0,-,-,NA,NA,SAN BERNARDINO,COLTON,-117.32563018798828,34.06105041503906
8963382,2019,2019-10-29,3603,2019-08-27,1719,4866,312,2,5,4,3603,0,0,0,NA,0,003,AGUA MANSA RD,S RANCHO AV,2974,W,N,A,-,N,NA,NA,NA,NA,NA,NA,NA,NA,NA,Y,3,0,1,2,A,-,05,21650,NA,N,B,C,A,A,H,-,A,D,0,NA,NA,NA,NA,Y,NA,A,01,0,1,0,0,0,0,0,0,0,-,-,NA,NA,SAN BERNARDINO,COLTON,-117.33595275878906,34.05390167236328
8963451,2019,2019-10-30,3603,2019-09-12,1825,4901,2,4,5,4,3603,0,0,0,NA,0,NA,VALLEY BL,LA CADENA DR,0,NA,Y,A,-,N,NA,NA,NA,NA,NA,NA,NA,NA,NA,N,4,0,1,2,A,-,09,21801,A,M,D,C,A,A,H,-,A,A,0,NA,NA,NA,NA,Y,NA,A,01,0,0,1,0,0,0,0,0,0,-,-,NA,NA,SAN BERNARDINO,COLTON,-117.32433319091795,34.066871643066406
8964831,2019,2020-09-16,3600,2019-10-02,1341,G3224,TWO06,3,5,3,3617,0,0,0,NA,0,TW1,UTAH TRL,RT 62,0,NA,Y,A,-,Y,SBD,8,62,-,-,34.223,I,5,W,Y,4,0,1,3,A,-,09,21802,A,N,D,C,A,A,H,-,A,A,0,NA,NA,NA,NA,Y,NA,A,07,0,0,1,0,0,0,0,0,0,-,-,34.13589859008789,-116.0366668701172,SAN BERNARDINO,TWENTYNINE PALMS,-116.03672790527344,34.135868072509766
8975674,2019,2019-11-22,3602,2019-09-05,0357,3051,NA,4,5,5,3602,0,0,0,NA,0,003,RAMONA AV,CHINO AV,40,S,N,A,-,N,NA,NA,NA,NA,NA,NA,NA,NA,NA,Y,3,0,2,2,A,-,12,21453,A,N,D,C,A,A,H,-,C,A,0,NA,NA,NA,NA,Y,NA,A,01,0,2,0,0,0,0,0,0,0,-,-,NA,NA,SAN BERNARDINO,CHINO,-117.70668029785156,34.01158905029297
8976420,2019,2019-12-10,3602,2019-09-19,0733,1127,NA,4,5,5,3602,0,0,0,NA,0,NA,GRAND AV,PIPELINE AV,189,N,N,B,-,N,NA,NA,NA,NA,NA,NA,NA,NA,NA,N,3,0,1,2,A,-,-,NA,NA,N,D,G,A,A,H,-,A,A,0,NA,Y,NA,NA,Y,NA,L,04,0,1,0,0,0,0,1,0,0,-,-,NA,NA,SAN BERNARDINO,CHINO,-117.71524810791016,33.99721908569336
8966917,2019,2019-11-25,3600,2019-06-08,0120,F5688,RC013,6,5,6,3616,0,0,0,NA,0,003,BANYAN ST,CALLAWAY PL,20,NA,N,A,-,N,NA,NA,NA,NA,NA,NA,NA,NA,NA,Y,3,0,4,1,A,-,01,23152,A,N,F,I,A,A,H,-,C,D,0,NA,NA,NA,NA,Y,Y,D,22,0,4,0,0,0,0,0,0,0,-,-,NA,NA,SAN BERNARDINO,RANCHO CUCAMONGA,-117.57353973388672,34.14305114746094
8976591,2019,2019-12-02,3604,2019-10-18,1902,1333,NA,5,5,6,3604,0,0,0,NA,0,NA,JUNIPER AV,HOLLY DR,0,NA,Y,A,-,N,NA,NA,NA,NA,NA,NA,NA,NA,NA,N,3,0,1,2,A,-,09,21802,A,N,D,C,A,A,H,-,C,A,0,NA,NA,NA,NA,Y,NA,A,07,0,1,0,0,0,0,0,0,0,-,-,NA,NA,SAN BERNARDINO,FONTANA,-117.44004821777344,34.080299377441406
8963933,2019,2019-11-21,3609,2019-09-24,1723,0456,RI158,2,5,5,3609,0,0,0,NA,0,003,MERRILL AV,SPRUCE AV,0,NA,Y,A,-,N,NA,NA,NA,NA,NA,NA,NA,NA,NA,Y,2,0,6,4,A,-,09,21801,A,N,D,C,A,A,H,-,A,D,0,NA,NA,NA,NA,Y,NA,A,07,1,4,1,0,0,0,0,0,0,-,-,34.09339904785156,-117.3949966430664,SAN BERNARDINO,RIALTO,-117.38777160644533,34.09225082397461