CASE_ID,ACCIDENT_YEAR,PROC_DATE,JURIS,COLLISION_DATE,COLLISION_TIME,OFFICER_ID,REPORTING_DISTRICT,DAY_OF_WEEK,CHP_SHIFT,POPULATION,CNTY_CITY_LOC,SPECIAL_COND,BEAT_TYPE,CHP_BEAT_TYPE,CITY_DIVISION_LAPD,CHP_BEAT_CLASS,BEAT_NUMBER,PRIMARY_RD,SECONDARY_RD,DISTANCE,DIRECTION,INTERSECTION,WEATHER_1,WEATHER_2,STATE_HWY_IND,CALTRANS_COUNTY,CALTRANS_DISTRICT,STATE_ROUTE,ROUTE_SUFFIX,POSTMILE_PREFIX,POSTMILE,LOCATION_TYPE,RAMP_INTERSECTION,SIDE_OF_HWY,TOW_AWAY,COLLISION_SEVERITY,NUMBER_KILLED,NUMBER_INJURED,PARTY_COUNT,PRIMARY_COLL_FACTOR,PCF_CODE_OF_VIOL,PCF_VIOL_CATEGORY,PCF_VIOLATION,PCF_VIOL_SUBSECTION,HIT_AND_RUN,TYPE_OF_COLLISION,MVIW,PED_ACTION,ROAD_SURFACE,ROAD_COND_1,ROAD_COND_2,LIGHTING,CONTROL_DEVICE,CHP_ROAD_TYPE,PEDESTRIAN_ACCIDENT,BICYCLE_ACCIDENT,MOTORCYCLE_ACCIDENT,TRUCK_ACCIDENT,NOT_PRIVATE_PROPERTY,ALCOHOL_INVOLVED,STWD_VEHTYPE_AT_FAULT,CHP_VEHTYPE_AT_FAULT,COUNT_SEVERE_INJ,COUNT_VISIBLE_INJ,COUNT_COMPLAINT_PAIN,COUNT_PED_KILLED,COUNT_PED_INJURED,COUNT_BICYCLIST_KILLED,COUNT_BICYCLIST_INJURED,COUNT_MC_KILLED,COUNT_MC_INJURED,PRIMARY_RAMP,SECONDARY_RAMP,LATITUDE,LONGITUDE,COUNTY,CITY,POINT_X,POINT_Y
8999512,2018,2019-12-07,3607,2018-04-06,1349,80313,131,5,5,6,3607,0,0,0,NA,0,022,HOLT BL,VIRGINIA AV,200,E,N,A,-,N,NA,NA,NA,NA,NA,NA,NA,NA,NA,N,4,0,2,2,A,-,03,22350,NA,N,C,C,A,A,H,-,A,A,0,NA,NA,NA,NA,Y,NA,A,01,0,0,2,0,0,0,0,0,0,-,-,NA,NA,SAN BERNARDINO,ONTARIO,-117.63014221191406,34.063419342041016
8999513,2018,2019-12-07,3607,2018-12-30,1152,80520,208,7,5,6,3607,0,0,0,NA,0,061,GROVE AV,ACACIA ST,75,S,N,A,-,N,NA,NA,NA,NA,NA,NA,NA,NA,NA,N,3,0,2,2,A,-,07,21658,A,N,E,I,A,A,H,-,A,D,0,NA,NA,NA,NA,Y,NA,A,01,0,1,1,0,0,0,0,0,0,-,-,NA,NA,SAN BERNARDINO,ONTARIO,-117.62858581542967,34.04824447631836
8999532,2018,2019-12-16,3607,2018-10-04,1504,80313,111,4,5,6,3607,0,0,0,NA,0,022,CUCAMONGA AV,G ST,0,NA,Y,A,-,N,NA,NA,NA,NA,NA,NA,NA,NA,NA,Y,4,0,3,3,A,-,09,21802,A,N,D,C,A,A,H,-,A,A,0,NA,NA,NA,NA,Y,NA,A,01,0,0,3,0,0,0,0,0,0,-,-,NA,NA,SAN BERNARDINO,ONTARIO,-117.63265228271484,34.0706787109375
8984614,2018,2019-12-07,3607,2018-10-08,1521,80313,294,1,5,6,3607,0,0,0,NA,0,062,EUCLID AV,WALNUT ST,0,NA,Y,A,-,N,NA,NA,NA,NA,NA,NA,NA,NA,NA,N,4,0,2,2,A,-,12,21453,A,N,D,C,A,A,H,-,A,A,0,NA,NA,NA,NA,Y,NA,-,-,0,0,2,0,0,0,0,0,0,-,-,NA,NA,SAN BERNARDINO,ONTARIO,-117.65100860595705,34.02653884887695
8999611,2018,2019-12-10,3607,2018-10-09,1437,80492,100,2,5,6,3607,0,0,0,NA,0,012,D ST,SAN ANTONIO AV,0,NA,Y,A,-,N,NA,NA,NA,NA,NA,NA,NA,NA,NA,N,4,0,1,2,A,-,09,21802,A,N,D,C,A,A,H,-,A,A,0,NA,NA,NA,NA,Y,NA,A,01,0,0,1,0,0,0,0,0,0,-,-,NA,NA,SAN BERNARDINO,ONTARIO,-117.66060638427734,34.06697082519531
8999637,2018,2019-12-11,3607,2018-08-30,1619,19890,128,4,5,6,3607,0,0,0,NA,0,022,HOLT BL,SULTANA AV,100,W,N,A,-,N,NA,NA,NA,NA,NA,NA,NA,NA,NA,N,4,0,1,2,A,-,03,22350,NA,M,C,C,A,A,H,-,A,A,0,NA,NA,NA,NA,Y,NA,A,01,0,0,1,0,0,0,0,0,0,-,-,NA,NA,SAN BERNARDINO,ONTARIO,-117.64636993408205,34.06338119506836
8999697,2018,2019-12-10,3607,2018-01-20,0016,19894,NA,6,5,6,3607,0,0,0,NA,0,051,NEVADA ST,SAN ANTONIO AV,15,E,N,A,-,N,NA,NA,NA,NA,NA,NA,NA,NA,NA,Y,4,0,2,1,A,-,08,22107,NA,N,E,I,A,A,H,-,C,D,0,NA,NA,NA,NA,Y,NA,A,08,0,0,2,0,0,0,0,0,0,-,-,NA,NA,SAN BERNARDINO,ONTARIO,-117.66053009033205,34.05677032470703
8999721,2018,2019-12-11,3607,2018-05-18,1036,80313,327,5,5,6,3607,0,0,0,NA,0,041,HAVEN AV,CONCOURS ST,100,S,N,B,-,N,NA,NA,NA,NA,NA,NA,NA,NA,NA,N,4,0,2,2,A,-,04,21703,NA,N,C,C,A,A,H,-,A,A,0,NA,NA,NA,NA,Y,NA,A,01,0,0,2,0,0,0,0,0,0,-,-,NA,NA,SAN BERNARDINO,ONTARIO,-117.57589721679688,34.0742073059082
8999743,2018,2019-12-12,3607,2018-09-28,1454,80511,NA,5,5,6,3607,0,0,0,NA,0,NA,MISSION BL,CYPRESS AV,0,NA,Y,A,-,N,NA,NA,NA,NA,NA,NA,NA,NA,NA,Y,4,0,1,2,A,-,09,21801,A,N,D,C,A,A,H,-,A,A,0,NA,NA,NA,NA,Y,NA,A,01,0,0,1,0,0,0,0,0,0,-,-,NA,NA,SAN BERNARDINO,ONTARIO,-117.66326141357422,34.05611038208008
8999749,2018,2019-12-11,3607,2018-05-21,1217,80248,240,1,5,6,3607,0,0,0,NA,0,071,VINEYARD AV,CEDAR ST,0,NA,Y,A,-,N,NA,NA,NA,NA,NA,NA,NA,NA,NA,N,3,0,1,2,A,-,09,21802,NA,N,D,C,A,A,H,-,A,A,0,NA,NA,NA,NA,Y,NA,A,01,0,1,0,0,0,0,0,0,0,-,-,NA,NA,SAN BERNARDINO,ONTARIO,-117.61102294921876,34.03765869140625
8999759,2018,2019-12-12,3607,2018-09-29,1011,19952,190,6,5,6,3607,0,0,0,NA,0,061,GREENWOOD AV,BELMONT ST,470,N,N,A,-,N,NA,NA,NA,NA,NA,NA,NA,NA,NA,N,3,0,2,3,A,-,09,21804,A,N,D,C,A,A,H,-,A,D,0,NA,NA,NA,NA,Y,NA,A,01,0,2,0,0,0,0,0,0,0,-,-,NA,NA,SAN BERNARDINO,ONTARIO,-117.63555145263672,34.05272674560547
8999762,2018,2019-12-11,3607,2018-05-21,1906,19955,12,1,5,6,3607,0,0,0,NA,0,021,CAMPUS AV,6TH ST,0,NA,Y,A,-,N,NA,NA,NA,NA,NA,NA,NA,NA,NA,Y,4,0,3,2,A,-,09,21802,A,N,D,C,A,A,H,-,A,A,0,NA,NA,NA,NA,Y,NA,-,-,0,0,3,0,0,0,0,0,0,-,-,NA,NA,SAN BERNARDINO,ONTARIO,-117.64141082763672,34.085208892822266
8999774,2018,2019-12-16,3607,2018-05-25,1710,19889,128,5,5,6,3607,0,0,0,NA,0,022,HOLT BL,PLEASANT AV,0,NA,Y,A,-,N,NA,NA,NA,NA,NA,NA,NA,NA,NA,N,3,0,2,2,A,-,09,21801,A,N,D,C,A,A,H,-,A,D,0,NA,NA,NA,NA,Y,NA,A,01,0,1,1,0,0,0,0,0,0,-,-,NA,NA,SAN BERNARDINO,ONTARIO,-117.6448211669922,34.06336975097656
8999809,2018,2019-12-10,3607,2018-06-10,0251,19943,244,7,5,6,3607,0,0,0,NA,0,072,HAVEN AV,PHILADELPHIA ST,190,S,N,A,-,N,NA,NA,NA,NA,NA,NA,NA,NA,NA,Y,3,0,1,1,A,-,01,23152,A,N,E,I,A,A,H,-,C,D,0,NA,NA,NA,NA,Y,Y,A,01,0,1,0,0,0,0,0,0,0,-,-,NA,NA,SAN BERNARDINO,ONTARIO,-117.57602691650392,34.03303909301758
8999817,2018,2019-12-10,3607,2018-06-09,1207,19964,144,6,5,6,3607,0,0,0,NA,0,041,MILLIKEN AV,ONTARIO MILLS PKWY,500,S,N,A,-,N,NA,NA,NA,NA,NA,NA,NA,NA,NA,N,4,0,1,2,A,-,07,21658,A,N,B,C,A,A,H,-,A,D,0,NA,NA,NA,NA,Y,NA,A,07,0,0,1,0,0,0,0,0,0,-,-,NA,NA,SAN BERNARDINO,ONTARIO,-117.55831146240234,34.06755828857422
8999836,2018,2019-12-12,3607,2018-09-18,0610,19944,21,2,5,6,3607,0,0,0,NA,0,027,CAMPUS AV,RICHLAND ST,10,S,N,A,-,N,NA,NA,NA,NA,NA,NA,NA,NA,NA,N,3,0,1,2,A,-,05,21202,A,N,D,G,A,A,H,-,A,D,0,NA,Y,NA,NA,Y,NA,L,04,0,1,0,0,0,0,1,0,0,-,-,NA,NA,SAN BERNARDINO,ONTARIO,-117.64144134521484,34.0874137878418
8985097,2019,2021-04-06,3607,2019-06-28,2250,80509,231,5,5,6,3607,0,0,0,NA,0,062,DE ANZA CIR,EUCLID AV,10,E,N,A,-,Y,SBD,8,83,-,-,8.183,I,6,N,N,4,0,1,2,A,-,05,21650,NA,N,D,G,A,A,H,-,C,A,0,NA,Y,NA,NA,Y,NA,L,04,0,0,1,0,0,0,1,0,0,-,-,NA,NA,SAN BERNARDINO,ONTARIO,-117.65076446533205,34.044925689697266
8999868,2018,2019-12-11,3607,2018-01-05,1955,80548,172,5,5,6,3607,0,0,0,NA,0,042,WOODRUFF WY,JURUPA ST,60,S,N,A,-,N,NA,NA,NA,NA,NA,NA,NA,NA,NA,N,3,0,1,2,A,-,05,21650,NA,N,A,E,A,A,H,-,C,D,0,NA,NA,NA,NA,Y,Y,A,01,0,1,0,0,0,0,0,0,0,-,-,NA,NA,SAN BERNARDINO,ONTARIO,-117.55342864990234,34.04821014404297
8999898,2018,2019-12-10,3607,2018-11-11,1902,20099,238,7,5,6,3607,0,0,0,NA,0,062,GROVE AV,PHILADELPHIA ST,100,S,N,A,-,N,NA,NA,NA,NA,NA,NA,NA,NA,NA,Y,4,0,1,2,A,-,01,23152,B,N,C,C,A,A,H,-,C,D,0,NA,NA,Y,NA,Y,Y,A,01,0,0,1,0,0,0,0,0,1,-,-,NA,NA,SAN BERNARDINO,ONTARIO,-117.62847137451172,34.03370666503906
8999915,2018,2019-12-11,3607,2018-03-30,2225,80547,67,5,5,6,3607,0,0,0,NA,0,031,4TH ST,BAKER AV,10,E,N,A,-,N,NA,NA,NA,NA,NA,NA,NA,NA,NA,Y,4,0,1,2,A,-,01,23152,A,N,C,C,A,A,H,-,C,A,0,NA,NA,NA,NA,Y,Y,A,01,0,0,1,0,0,0,0,0,0,-,-,NA,NA,SAN BERNARDINO,ONTARIO,-117.61979675292967,34.07762908935547
8999922,2018,2019-12-10,3607,2018-10-30,1730,19962,305,2,5,6,3607,0,0,0,NA,0,MILL,4TH ST,RICHMOND AV,400,W,N,A,-,N,NA,NA,NA,NA,NA,NA,NA,NA,NA,N,4,0,1,2,A,-,03,22350,NA,N,C,C,A,A,H,-,A,A,0,NA,NA,NA,NA,Y,NA,A,01,0,0,1,0,0,0,0,0,0,-,-,NA,NA,SAN BERNARDINO,ONTARIO,-117.55432891845705,34.07733154296875
8999937,2018,2019-12-10,3607,2018-10-22,1302,20070,750,1,5,6,3607,0,0,0,NA,0,082,ARCHIBALD AV,ONTARIO RANCH RD,0,NA,Y,A,-,N,NA,NA,NA,NA,NA,NA,NA,NA,NA,Y,4,0,1,4,A,-,12,21453,A,N,D,C,A,A,H,-,A,A,0,NA,NA,NA,NA,Y,NA,A,07,0,0,1,0,0,0,0,0,0,-,-,NA,NA,SAN BERNARDINO,ONTARIO,-117.59329,33.99724
9000086,2019,2019-12-17,3607,2019-05-20,1300,20041,211,1,5,6,3607,0,0,0,NA,0,071,FRANCIS ST,CARLOS AV,0,NA,Y,A,-,N,NA,NA,NA,NA,NA,NA,NA,NA,NA,N,4,0,1,2,A,-,09,21804,A,N,A,C,A,A,H,-,A,D,0,NA,NA,NA,NA,Y,NA,A,01,0,0,1,0,0,0,0,0,0,-,-,NA,NA,SAN BERNARDINO,ONTARIO,-117.60658264160156,34.04119110107422
9000135,2019,2019-12-18,3607,2019-03-01,2200,20041,NA,5,5,6,3607,0,0,0,NA,0,051,MOUNTAIN AV,MISSION BL,500,S,N,A,-,N,NA,NA,NA,NA,NA,NA,NA,NA,NA,NA,2,0,1,2,A,-,11,21954,A,N,G,B,D,A,H,-,C,D,0,Y,NA,NA,NA,Y,Y,N,60,1,0,0,0,1,0,0,0,0,-,-,NA,NA,SAN BERNARDINO,ONTARIO,-117.66986083984376,34.05472946166992
9001462,2019,2020-01-08,3609,2019-11-15,0742,5403,RI146,5,5,5,3609,0,0,0,NA,0,003,RIALTO AV,LARCH AV,175,E,N,A,-,N,NA,NA,NA,NA,NA,NA,NA,NA,NA,N,4,0,2,2,A,-,04,21703,NA,N,C,C,A,A,H,-,A,D,0,NA,NA,NA,NA,Y,NA,A,01,0,0,2,0,0,0,0,0,0,-,-,34.09939956665039,-117.39170074462892,SAN BERNARDINO,RIALTO,-117.39201354980467,34.099510192871094
8986243,2019,2020-01-27,3608,2019-11-03,0026,4523,3608,7,5,5,3608,0,0,0,NA,0,NA,LUGONIA AV,WEBSTER ST,33,E,N,A,-,N,NA,NA,NA,NA,NA,NA,NA,NA,NA,Y,3,0,1,2,A,-,00,22152,A,N,C,E,A,A,H,-,C,D,0,NA,NA,NA,NA,Y,Y,D,22,0,1,0,0,0,0,0,0,0,-,-,NA,NA,SAN BERNARDINO,REDLANDS,-117.18671417236328,34.070068359375
90019960,2015,2015-10-19,9860,2015-09-09,0720,017446,NA,3,1,6,3610,0,1,1,NA,2,214,I-215 S/B,MILL ST,100,S,N,A,-,Y,NA,NA,215,NA,NA,NA,NA,NA,S,Y,4,0,2,2,A,-,03,22350,NA,N,C,C,A,A,H,-,A,D,0,NA,NA,NA,NA,Y,NA,A,01,0,0,2,0,0,0,0,0,0,-,-,34.09148,-117.30207,SAN BERNARDINO,SAN BERNARDINO,-117.30199872,34.09147848
90020674,2015,2015-10-19,9835,2015-09-10,1315,020743,NA,4,1,9,3600,0,1,1,NA,2,073,I-15 N/B,E MANIX WASH,327,S,N,A,-,Y,NA,NA,15,NA,NA,NA,NA,NA,N,Y,3,0,4,1,A,-,08,22107,NA,N,E,I,A,A,H,-,A,D,0,NA,NA,NA,NA,Y,NA,A,08,0,4,0,0,0,0,0,0,0,-,-,34.9925,-116.57859,SAN BERNARDINO,UNINCORPORATED,-116.57853241,34.99236918
90022591,2015,2015-10-19,9835,2015-09-11,1405,020962,NA,5,2,9,3600,0,1,1,NA,2,074,I-15 N/B,BASIN RD,7973,S,N,A,-,Y,NA,NA,15,NA,NA,NA,NA,NA,N,Y,3,0,1,2,A,-,01,23152,A,N,B,C,A,A,H,-,A,D,0,NA,NA,NA,NA,Y,Y,A,01,0,1,0,0,0,0,0,0,0,-,-,35.09841,-116.29019,SAN BERNARDINO,UNINCORPORATED,-116.2901936,35.09845393
90022956,2015,2015-10-19,9860,2015-09-18,1555,019419,NA,5,2,9,3600,0,1,1,NA,2,216,I-215 S/B,DEVORE RD,200,N,N,A,-,Y,NA,NA,215,NA,NA,NA,NA,NA,S,Y,4,0,1,2,A,-,03,22350,NA,N,C,C,A,A,D,-,A,D,0,NA,NA,NA,NA,Y,NA,A,01,0,0,1,0,0,0,0,0,0,-,-,34.2223,-117.40326,SAN BERNARDINO,UNINCORPORATED,-117.4031823,34.22251019
8994384,2019,2019-12-23,3600,2019-08-27,0700,G7659,VC025,2,5,5,3612,0,0,0,NA,0,VC3,NISQUALLI RD,BALSAM RD,55,W,N,A,-,N,NA,NA,NA,NA,NA,NA,NA,NA,NA,Y,4,0,1,3,A,-,03,22350,NA,N,C,C,A,A,H,-,A,D,0,NA,NA,NA,NA,Y,NA,A,01,0,0,1,0,0,0,0,0,0,-,-,NA,NA,SAN BERNARDINO,VICTORVILLE,-117.33021545410156,34.485164642333984
8986488,2019,2019-12-20,3608,2019-10-20,0115,4523,3608,7,5,5,3608,0,0,0,NA,0,NA,TEXAS ST,BROCKTON AV,0,NA,Y,A,-,N,NA,NA,NA,NA,NA,NA,NA,NA,NA,Y,3,0,2,2,A,-,01,23153,A,N,D,C,A,A,H,-,C,D,0,NA,NA,NA,NA,Y,Y,A,01,0,1,1,0,0,0,0,0,0,-,-,NA,NA,SAN BERNARDINO,REDLANDS,-117.1912078857422,34.06644058227539
8994997,2019,2019-12-13,3600,2019-08-18,0110,F8556,RC,7,5,6,3616,0,0,0,NA,0,002,HAVEN AV,VALENCIA AV,0,NA,Y,A,-,N,NA,NA,NA,NA,NA,NA,NA,NA,NA,Y,3,0,2,2,A,-,01,23152,A,F,D,C,A,A,H,-,C,A,0,NA,NA,NA,NA,Y,Y,A,01,0,1,1,0,0,0,0,0,0,-,-,NA,NA,SAN BERNARDINO,RANCHO CUCAMONGA,-117.57598114013672,34.12413024902344
8996145,2019,2019-12-23,3610,2019-10-24,1600,50761,NA,4,5,6,3610,0,0,0,NA,0,NA,N STODDARD AV,W 13TH ST,0,N,N,A,-,N,NA,NA,NA,NA,NA,NA,NA,NA,NA,Y,4,0,2,3,A,-,03,22350,I,N,C,C,A,A,H,-,A,D,0,NA,NA,NA,NA,Y,NA,A,01,0,0,2,0,0,0,0,0,0,-,-,34.123329162597656,-117.29306030273438,SAN BERNARDINO,SAN BERNARDINO,-117.29305267333984,34.12334060668945
8997671,2018,2020-03-11,3607,2018-10-19,1455,15133,175,5,5,6,3607,0,0,0,NA,0,042,ETIWANDA AV,SANTA ANA ST,0,NA,Y,A,-,N,NA,NA,NA,NA,NA,NA,NA,NA,NA,N,4,0,1,2,A,-,09,21801,A,N,D,C,A,A,H,-,A,A,0,NA,NA,NA,NA,Y,NA,D,22,0,0,1,0,0,0,0,0,0,-,-,NA,NA,SAN BERNARDINO,ONTARIO,-117.52416229248048,34.055328369140625
8999245,2018,2019-12-11,3607,2018-04-21,1741,80545,620,6,5,6,3607,0,0,0,NA,0,082,WALKER AV,EDISON AV,0,NA,Y,A,-,N,NA,NA,NA,NA,NA,NA,NA,NA,NA,Y,3,0,2,2,A,-,12,22450,A,N,D,C,A,A,H,-,A,A,0,NA,NA,NA,NA,Y,NA,A,01,0,1,1,0,0,0,0,0,0,-,-,NA,NA,SAN BERNARDINO,ONTARIO,-117.6194076538086,33.99774169921875
8999482,2018,2019-12-09,3607,2018-12-31,2132,80533,244,1,5,6,3607,0,0,0,NA,0,072,HAVEN AV,RT 60,0,NA,Y,A,-,Y,NA,NA,NA,NA,NA,NA,NA,NA,NA,Y,4,0,1,2,A,-,12,21453,A,N,D,C,A,A,H,-,C,A,0,NA,NA,NA,NA,Y,NA,A,01,0,0,1,0,0,0,0,0,0,-,-,NA,NA,SAN BERNARDINO,ONTARIO,-117.57572174072266,34.029048919677734
8986653,2019,2020-02-19,3608,2019-10-25,1143,4904,NA,5,5,5,3608,0,0,0,NA,0,NA,W SUNSET DR,RIDGE ST,32,W,N,A,-,N,NA,NA,NA,NA,NA,NA,NA,NA,NA,N,4,0,1,1,A,-,03,22350,NA,N,E,I,A,A,H,-,A,D,0,NA,Y,NA,NA,Y,Y,L,04,0,0,1,0,0,0,1,0,0,-,-,34.02648162841797,-117.16636657714844,SAN BERNARDINO,REDLANDS,-117.1662826538086,34.02641296386719
90026264,2015,2015-10-19,9855,2015-09-14,0735,020231,NA,1,1,5,3602,0,1,3,NA,2,603,SR-60 W/B (POMONA FWY),CENTRAL AVE.,200,W,N,A,-,Y,NA,NA,60,NA,NA,NA,NA,NA,W,Y,4,0,1,2,A,-,03,22350,NA,N,C,C,A,A,H,-,A,D,0,NA,NA,NA,Y,Y,NA,F,25,0,0,1,0,0,0,0,0,0,-,-,34.03014,-117.69359,SAN BERNARDINO,CHINO,-117.6935919,34.03033562
8987860,2019,2019-12-16,3607,2019-05-24,1200,80557,330,5,5,6,3607,0,0,0,NA,0,041,CONCOURS ST,MERCEDES LN,0,NA,Y,A,-,N,NA,NA,NA,NA,NA,NA,NA,NA,NA,N,3,0,2,2,A,-,12,21453,A,N,D,C,A,A,H,-,A,A,0,NA,NA,NA,NA,Y,NA,A,01,0,1,1,0,0,0,0,0,0,-,-,NA,NA,SAN BERNARDINO,ONTARIO,-117.5693130493164,34.071739196777344
8999489,2018,2019-12-07,3607,2018-12-16,1742,80473,35,7,5,6,3607,0,0,0,NA,0,031,VINEYARD AV,5TH ST,20,S,N,A,-,N,NA,NA,NA,NA,NA,NA,NA,NA,NA,Y,4,0,4,2,A,-,09,21801,A,N,A,C,A,A,H,-,B,D,0,NA,NA,NA,NA,Y,NA,A,01,0,0,4,0,0,0,0,0,0,-,-,NA,NA,SAN BERNARDINO,ONTARIO,-117.61113739013672,34.0815544128418
8989332,2019,2019-12-30,3600,2019-10-07,2300,G7729,19280,1,5,3,3615,0,0,0,NA,0,002,BARTON RD,BENTON ST,0,NA,Y,A,-,N,NA,NA,NA,NA,NA,NA,NA,NA,NA,Y,4,0,2,2,A,-,12,21453,A,N,A,-,A,A,H,-,C,A,0,NA,NA,NA,NA,Y,NA,-,NA,0,0,2,0,0,0,0,0,0,-,-,34.04854965209961,-117.25245666503906,SAN BERNARDINO,LOMA LINDA,-117.25240325927734,34.048439025878906
9002821,2018,2019-12-14,3607,2018-06-29,1253,20042,290,5,5,6,3607,0,0,0,NA,0,072,RIVERSIDE DR,ARCHIBALD AV,450,W,N,A,-,N,NA,NA,NA,NA,NA,NA,NA,NA,NA,Y,4,0,1,2,A,-,03,22350,NA,N,C,C,A,A,H,-,A,D,0,NA,NA,NA,NA,Y,NA,D,22,0,0,1,0,0,0,0,0,0,-,-,NA,NA,SAN BERNARDINO,ONTARIO,-117.59467315673828,34.019142150878906
8982381,2019,2020-01-23,3610,2019-10-21,1320,50912,NA,1,5,6,3610,0,0,0,NA,0,NA,N BELLE ST,E BASELINE ST,190,N,N,A,-,N,NA,NA,NA,NA,NA,NA,NA,NA,NA,N,2,0,1,2,D,-,00,NA,NA,F,G,B,E,A,H,-,A,D,0,Y,NA,NA,NA,Y,NA,-,-,1,0,0,0,1,0,0,0,0,-,-,34.12131881713867,-117.28009033203124,SAN BERNARDINO,SAN BERNARDINO,-117.28008270263672,34.121849060058594
8999494,2018,2020-01-07,3607,2018-12-21,1620,20131,62,5,5,6,3607,0,0,0,NA,0,012,EUCLID AV,J ST,0,NA,Y,A,-,N,NA,NA,NA,NA,NA,NA,NA,NA,NA,Y,4,0,1,2,A,-,09,21802,A,N,D,C,A,A,H,-,A,D,0,NA,NA,NA,NA,Y,NA,A,07,0,0,1,0,0,0,0,0,0,-,-,NA,NA,SAN BERNARDINO,ONTARIO,-117.65122985839844,34.0760612487793
9002984,2018,2019-12-24,3607,2018-07-28,1248,80511,155,6,5,6,3607,0,0,0,NA,0,051,STATE ST,SAN ANTONIO AV,0,NA,Y,A,-,N,NA,NA,NA,NA,NA,NA,NA,NA,NA,Y,3,0,1,2,A,-,09,21802,A,N,D,C,A,A,H,-,A,A,0,NA,NA,NA,NA,Y,NA,D,22,0,1,0,0,0,0,0,0,0,-,-,NA,NA,SAN BERNARDINO,ONTARIO,-117.66059112548828,34.060001373291016
8991019,2019,2020-01-16,3608,2019-11-25,1730,2952,NA,1,5,5,3608,0,0,0,NA,0,NA,SAN BERNARDINO AV,CITRUS PLAZA DR,0,NA,Y,A,-,N,NA,NA,NA,NA,NA,NA,NA,NA,NA,Y,3,0,1,2,A,-,17,21367,C,N,A,C,A,A,H,-,C,A,0,NA,NA,NA,NA,Y,NA,-,NA,0,1,0,0,0,0,0,0,0,-,-,NA,NA,SAN BERNARDINO,REDLANDS,-117.20179748535156,34.077388763427734
8991031,2019,2020-01-16,3608,2019-11-29,0248,384,NA,5,5,5,3608,0,0,0,NA,0,NA,SAN TIMOTEO CANYON RD,ALESSANDRO RD,4224,W,N,B,-,N,NA,NA,NA,NA,NA,NA,NA,NA,NA,Y,4,0,1,1,A,-,03,22350,NA,N,E,I,A,B,B,-,D,D,0,NA,NA,NA,NA,Y,NA,A,01,0,0,1,0,0,0,0,0,0,-,-,NA,NA,SAN BERNARDINO,REDLANDS,-117.19135284423828,34.019935607910156
8991883,2019,2019-12-31,3607,2019-03-04,2122,20042,136,1,5,6,3607,0,0,0,NA,0,032,AIRPORT DR,VINEYARD AV,0,NA,Y,A,-,N,NA,NA,NA,NA,NA,NA,NA,NA,NA,Y,3,0,3,2,A,-,17,21657,NA,N,D,C,A,A,H,-,C,A,0,NA,NA,NA,NA,Y,NA,A,01,0,1,2,0,0,0,0,0,0,-,-,NA,NA,SAN BERNARDINO,ONTARIO,-117.61096954345705,34.06208038330078
8992372,2019,2019-12-18,3607,2019-03-14,0700,80551,163,4,5,6,3607,0,0,0,NA,0,061,CAMPUS AV,ONTARIO BL,0,NA,Y,A,-,N,NA,NA,NA,NA,NA,NA,NA,NA,NA,N,4,0,1,2,A,-,12,22450,A,N,D,C,A,A,H,-,B,D,0,NA,NA,NA,NA,Y,NA,A,01,0,0,1,0,0,0,0,0,0,-,-,NA,NA,SAN BERNARDINO,ONTARIO,-117.64132690429688,34.05997848510742
90030672,2015,2015-10-19,9855,2015-09-17,0540,020231,NA,4,3,6,3616,0,1,1,NA,2,152,I-15 S/B TO I-10 W/B,I-15,400,W,N,A,-,Y,NA,NA,NA,NA,NA,NA,NA,NA,NA,Y,4,0,1,2,A,-,03,22350,NA,N,C,C,A,A,H,-,D,D,0,NA,NA,NA,NA,Y,NA,A,01,0,0,1,0,0,0,0,0,0,-,-,34.06828,-117.54653,SAN BERNARDINO,RANCHO CUCAMONGA,NA,NA
8992857,2019,2019-12-03,3600,2019-09-16,1955,G7659,VC059,1,5,5,3612,0,0,0,NA,0,VC4,BEAR VALLEY RD,AMETHYST RD,10,W,N,A,-,N,NA,NA,NA,NA,NA,NA,NA,NA,NA,N,3,0,1,2,A,-,11,21456,C,N,G,B,B,A,H,-,C,A,0,Y,NA,NA,NA,Y,NA,N,60,0,1,0,0,1,0,0,0,0,-,-,NA,NA,SAN BERNARDINO,VICTORVILLE,-117.36434936523438,34.47040939331055
8985034,2019,2020-01-09,3607,2019-08-20,0726,14780,181,2,5,6,3607,0,0,0,NA,0,051,CYPRESS AV,CARLTON ST,0,NA,Y,A,-,N,NA,NA,NA,NA,NA,NA,NA,NA,NA,Y,4,0,1,2,A,-,09,21802,A,N,D,C,A,A,H,-,A,A,0,NA,NA,NA,NA,Y,NA,A,01,0,0,1,0,0,0,0,0,0,-,-,NA,NA,SAN BERNARDINO,ONTARIO,-117.66326141357422,34.054588317871094
90032416,2015,2015-10-19,9855,2015-09-21,1200,15763,NA,1,1,6,3607,0,1,3,NA,2,601,SR-60 FROM ARCHIBALD AVENUE,ARCHIBALD AVENUE,528,W,N,A,-,Y,NA,NA,60,NA,NA,NA,R,NA,NA,N,4,0,1,2,A,-,03,22350,NA,N,C,C,A,A,H,-,A,D,0,NA,NA,NA,NA,Y,NA,D,22,0,0,1,0,0,0,0,0,0,-,-,34.03111,-117.59479,SAN BERNARDINO,ONTARIO,-117.59479,34.03111
90033674,2015,2015-10-19,9855,2015-09-23,1530,015299,NA,3,2,5,3611,0,1,1,NA,2,103,I-10 W/B (SAN BERNARDINO FWY),CENTRAL AVE.,2640,E,N,A,-,Y,NA,NA,10,NA,NA,NA,NA,NA,W,N,4,0,1,2,A,-,03,22350,NA,N,C,C,A,A,H,-,A,D,0,NA,NA,NA,NA,Y,NA,A,01,0,0,1,0,0,0,0,0,0,-,-,34.087,-117.6816,SAN BERNARDINO,UPLAND,-117.68159894,34.08738135