CASE_ID,ACCIDENT_YEAR,PROC_DATE,JURIS,COLLISION_DATE,COLLISION_TIME,OFFICER_ID,REPORTING_DISTRICT,DAY_OF_WEEK,CHP_SHIFT,POPULATION,CNTY_CITY_LOC,SPECIAL_COND,BEAT_TYPE,CHP_BEAT_TYPE,CITY_DIVISION_LAPD,CHP_BEAT_CLASS,BEAT_NUMBER,PRIMARY_RD,SECONDARY_RD,DISTANCE,DIRECTION,INTERSECTION,WEATHER_1,WEATHER_2,STATE_HWY_IND,CALTRANS_COUNTY,CALTRANS_DISTRICT,STATE_ROUTE,ROUTE_SUFFIX,POSTMILE_PREFIX,POSTMILE,LOCATION_TYPE,RAMP_INTERSECTION,SIDE_OF_HWY,TOW_AWAY,COLLISION_SEVERITY,NUMBER_KILLED,NUMBER_INJURED,PARTY_COUNT,PRIMARY_COLL_FACTOR,PCF_CODE_OF_VIOL,PCF_VIOL_CATEGORY,PCF_VIOLATION,PCF_VIOL_SUBSECTION,HIT_AND_RUN,TYPE_OF_COLLISION,MVIW,PED_ACTION,ROAD_SURFACE,ROAD_COND_1,ROAD_COND_2,LIGHTING,CONTROL_DEVICE,CHP_ROAD_TYPE,PEDESTRIAN_ACCIDENT,BICYCLE_ACCIDENT,MOTORCYCLE_ACCIDENT,TRUCK_ACCIDENT,NOT_PRIVATE_PROPERTY,ALCOHOL_INVOLVED,STWD_VEHTYPE_AT_FAULT,CHP_VEHTYPE_AT_FAULT,COUNT_SEVERE_INJ,COUNT_VISIBLE_INJ,COUNT_COMPLAINT_PAIN,COUNT_PED_KILLED,COUNT_PED_INJURED,COUNT_BICYCLIST_KILLED,COUNT_BICYCLIST_INJURED,COUNT_MC_KILLED,COUNT_MC_INJURED,PRIMARY_RAMP,SECONDARY_RAMP,LATITUDE,LONGITUDE,COUNTY,CITY,POINT_X,POINT_Y
90084746,2015,2015-12-29,9855,2015-12-18,1808,019809,NA,5,2,6,3604,0,1,1,NA,2,153,I-15 S/B (ONTARIO FWY),BASE LINE RD.,1800,N,N,A,-,Y,NA,NA,15,NA,NA,NA,NA,NA,S,Y,4,0,2,4,A,-,07,21658,A,N,B,C,A,A,H,-,C,D,0,NA,NA,NA,Y,Y,NA,G,26,0,0,2,0,0,0,0,0,0,-,-,34.12417,-117.5107,SAN BERNARDINO,FONTANA,-117.5108175,34.12430851
90087793,2015,2016-01-04,9860,2015-12-18,1500,019674,NA,5,2,6,3610,0,1,1,NA,2,202,SR-210 E/B,SIERRA LN.,900,E,N,A,-,Y,NA,NA,210,NA,NA,NA,NA,NA,E,Y,3,0,1,2,A,-,07,21658,A,N,B,C,A,A,H,-,A,D,0,NA,NA,Y,NA,Y,NA,A,01,0,1,0,0,0,0,0,0,1,-,-,34.14519,-117.28186,SAN BERNARDINO,SAN BERNARDINO,-117.28186104,34.14516412
90089022,2015,2016-01-06,9860,2015-12-21,0635,012988,NA,1,1,9,3600,0,1,1,NA,2,151,I-15 SOUTHBOUND,KENWOOD AVE,2640,S,N,A,-,Y,NA,NA,15,NA,NA,NA,NA,NA,S,Y,3,0,5,2,A,-,07,21658,A,N,C,C,A,A,D,-,B,D,0,NA,NA,NA,NA,Y,NA,A,01,0,1,4,0,0,0,0,0,0,-,-,34.23402,-117.42215,SAN BERNARDINO,UNINCORPORATED,-117.42207382,34.23411633
90061158,2015,2015-11-30,9855,2015-10-10,0000,020081,NA,6,3,6,3604,0,1,1,NA,2,201,SR-210 E/B (FOOTHILL FWY),CITRUS AVE.,500,W,N,A,-,Y,NA,NA,210,NA,NA,NA,NA,NA,E,Y,4,0,1,2,A,-,08,22107,NA,F,C,E,A,A,H,-,C,D,0,NA,NA,NA,NA,Y,NA,D,22,0,0,1,0,0,0,0,0,0,-,-,34.13617,-117.45534,SAN BERNARDINO,FONTANA,-117.45533958,34.13628254
90048846,2015,2016-04-18,9855,2015-10-21,1830,016051,NA,3,2,6,3607,0,1,3,NA,2,601,SR-60 E/B (POMONA FWY),MILLIKEN AVE.,2778,W,N,A,-,Y,NA,NA,60,NA,NA,NA,NA,NA,E,N,4,0,3,3,A,-,03,22350,NA,N,C,C,A,A,H,-,A,D,0,NA,NA,NA,NA,Y,NA,A,01,0,0,3,0,0,0,0,0,0,-,-,34.02622,-117.56687,SAN BERNARDINO,ONTARIO,-117.56683768,34.02633382
90050359,2015,2015-11-13,9855,2015-11-07,0714,017808,NA,6,1,6,3616,0,1,1,NA,2,152,I-15 N/B (ONTARIO FWY),BASE LINE RD.,30,S,N,A,-,Y,NA,NA,15,NA,NA,NA,NA,NA,N,Y,3,0,2,2,A,-,07,21658,A,N,C,C,A,A,H,-,A,D,0,NA,NA,NA,NA,Y,NA,A,01,0,1,1,0,0,0,0,0,0,-,-,34.12126,-117.51386,SAN BERNARDINO,RANCHO CUCAMONGA,-117.51387707,34.12128119
90050385,2015,2015-11-13,9855,2015-11-07,0425,018000,NA,6,3,6,3616,0,1,1,NA,2,203,SR-210 E/B (FOOTHILL FWY),HAVEN AVE.,1265,W,N,A,-,Y,NA,NA,210,NA,NA,NA,NA,NA,E,Y,3,0,1,1,A,-,01,23152,A,N,E,I,A,A,H,-,C,D,0,NA,NA,NA,NA,Y,Y,A,01,0,1,0,0,0,0,0,0,0,-,-,34.13591,-117.57836,SAN BERNARDINO,RANCHO CUCAMONGA,-117.57835312,34.13578439
90051965,2015,2015-11-16,9860,2015-11-08,1125,016590,NA,7,1,6,3610,0,1,1,NA,2,216,I-215 N/B TO UNIVERSITY PKWY.,UNIVERSITY PKY.,50,S,N,A,-,Y,NA,NA,215,NA,NA,NA,R,NA,N,N,4,0,1,2,A,-,03,22350,NA,F,C,C,A,A,H,-,A,A,0,NA,NA,Y,NA,Y,NA,C,02,0,0,1,0,0,0,0,0,0,-,-,34.16485,-117.33277,SAN BERNARDINO,SAN BERNARDINO,-117.33277,34.16485
90095190,2015,2016-01-14,9860,2015-12-23,1715,014829,NA,3,2,9,3600,0,3,5,NA,2,001,DEVORE RD,I-215 N/B TO DEVORE RD.,0,NA,Y,A,-,N,NA,NA,NA,NA,NA,NA,NA,NA,NA,Y,3,0,1,2,A,-,09,21800,A,N,D,C,A,A,D,-,D,A,0,NA,NA,NA,NA,Y,NA,-,-,0,1,0,0,0,0,0,0,0,-,-,34.22356,-117.4029,SAN BERNARDINO,UNINCORPORATED,-117.40287244,34.22316837
9009526,2019,2020-01-06,3604,2019-11-08,1327,925,NA,5,5,6,3604,0,0,0,NA,0,NA,CITRUS AV,CERES AV,0,NA,Y,A,-,N,NA,NA,NA,NA,NA,NA,NA,NA,NA,Y,3,0,2,2,A,-,09,21802,A,N,D,C,A,A,H,-,A,A,0,NA,NA,NA,NA,Y,NA,A,01,0,1,1,0,0,0,0,0,0,-,-,NA,NA,SAN BERNARDINO,FONTANA,-117.45366668701172,34.09381103515625
90052154,2015,2015-11-17,9870,2015-11-12,1723,020213,NA,4,2,9,3600,0,1,3,NA,1,031,SR-62 (TWENTYNINE PALMS HIGHWAY),SADDLEBACK ROAD,0,NA,Y,A,-,Y,NA,NA,62,NA,NA,NA,NA,NA,NA,Y,4,0,1,2,A,-,09,21804,A,N,D,C,A,A,H,-,D,D,0,NA,NA,Y,NA,Y,NA,C,06,0,0,1,0,0,0,0,0,0,-,-,34.13486,-116.33044,SAN BERNARDINO,UNINCORPORATED,-116.3304403,34.13494491
90052278,2015,2015-11-17,9855,2015-11-11,1730,015299,NA,3,2,6,3607,0,1,1,NA,2,101,I-10 E/B TO ETIWANDA AVENUE,ETIWANDA AVE.,1600,W,N,A,-,Y,NA,NA,10,NA,NA,NA,R,NA,E,N,4,0,1,3,A,-,03,22350,NA,N,C,C,A,A,H,-,D,D,0,NA,NA,NA,Y,Y,NA,G,25,0,0,1,0,0,0,0,0,0,-,-,34.0671,-117.5271,SAN BERNARDINO,ONTARIO,-117.5271,34.0671
90096708,2016,2016-01-18,9860,2016-01-10,1320,014777,NA,7,1,6,3610,0,1,1,NA,2,202,SR-210 E/B TO DEL ROSA AVENUE,DEL ROSA AVENUE,30,W,N,A,-,Y,NA,NA,210,NA,NA,NA,R,NA,E,N,4,0,1,2,A,-,03,22350,NA,M,C,C,A,A,H,-,A,A,0,NA,NA,NA,NA,Y,NA,A,08,0,0,1,0,0,0,0,0,0,-,-,34.14211,-117.25267,SAN BERNARDINO,SAN BERNARDINO,-117.25267,34.14211
90096731,2016,2016-01-18,9860,2016-01-12,0738,012988,NA,2,1,5,3608,0,1,1,NA,2,105,I-10 WESTBOUND,CYPRESS AVE,650,E,N,A,-,Y,NA,NA,10,NA,NA,NA,NA,NA,W,N,4,0,1,4,A,-,03,22350,NA,N,C,C,A,A,H,-,A,D,0,NA,NA,NA,NA,Y,NA,A,01,0,0,1,0,0,0,0,0,0,-,-,34.05311,-117.16207,SAN BERNARDINO,REDLANDS,-117.1619891,34.05318092
90096745,2016,2016-01-20,9860,2016-01-12,1606,012988,NA,2,2,6,3610,0,1,1,NA,2,202,SR-210 EASTBOUND,DEL ROSA AVE,2112,W,N,A,-,Y,NA,NA,210,NA,NA,NA,NA,NA,E,Y,3,0,4,2,A,-,03,22350,NA,N,C,C,A,A,H,-,A,D,0,NA,NA,NA,NA,Y,NA,A,01,0,2,2,0,0,0,0,0,0,-,-,34.14358,-117.25937,SAN BERNARDINO,SAN BERNARDINO,-117.25936867,34.14359116
90054776,2015,2015-11-19,9860,2015-11-18,0555,013945,NA,3,3,9,3600,0,1,1,NA,2,151,I-15 S/B,GLEN HELEN PKY,2437,N,N,A,-,Y,NA,NA,15,NA,NA,NA,NA,NA,S,Y,3,0,2,2,A,-,03,22350,NA,N,C,C,A,A,D,-,B,D,0,NA,NA,NA,NA,Y,NA,A,01,0,1,1,0,0,0,0,0,0,-,-,34.20907,-117.41322,SAN BERNARDINO,UNINCORPORATED,-117.41320379,34.20906631
90061831,2015,2015-11-30,9855,2015-11-19,1750,019420,NA,4,2,6,3604,0,1,1,NA,2,101,I-10 W/B (SAN BERNARDINO FWY),CHERRY AVE.,1200,W,N,A,-,Y,NA,NA,10,NA,NA,NA,NA,NA,W,Y,4,0,1,2,A,-,03,22350,NA,N,C,C,A,A,H,-,D,D,0,NA,NA,Y,NA,Y,NA,C,02,0,0,1,0,0,0,0,0,1,-,-,34.06569,-117.49782,SAN BERNARDINO,FONTANA,-117.49782194,34.06577898
90097118,2016,2016-01-18,9865,2016-01-10,2210,020822,NA,7,3,9,3600,0,1,3,NA,1,039,SR-38,PIPES RD,5280,W,N,A,-,Y,NA,NA,38,NA,NA,NA,NA,NA,NA,Y,2,0,1,1,A,-,03,22350,NA,N,E,I,A,C,H,-,D,D,0,NA,NA,NA,NA,Y,NA,A,07,1,0,0,0,0,0,0,0,0,-,-,34.18159,-116.71557,SAN BERNARDINO,UNINCORPORATED,-116.71557481,34.18158463
90097556,2016,2016-01-19,9870,2016-01-13,0830,017420,NA,3,1,9,3600,0,3,5,NA,2,001,PIPES CANYON ROAD,STATE ROUTE 247 (OLD WOMANS SPRINGS RD),13200,W,N,A,-,N,NA,NA,NA,NA,NA,NA,NA,NA,NA,Y,2,0,1,1,A,-,08,22107,NA,N,E,I,A,A,H,-,A,D,0,NA,NA,NA,NA,Y,NA,A,01,1,0,0,0,0,0,0,0,0,-,-,34.19937,-116.48791,SAN BERNARDINO,UNINCORPORATED,-116.47944113,34.19580254
90079537,2015,2015-12-21,9860,2015-12-15,2000,017784,NA,2,2,6,3610,0,1,1,NA,2,202,STATE ROUTE 210 EASTBOUND,STERLING AVENUE,528,E,N,B,-,Y,NA,NA,210,NA,NA,NA,NA,NA,E,N,4,0,1,2,A,-,03,22350,NA,M,C,C,A,A,H,-,D,D,0,NA,NA,NA,NA,Y,NA,-,99,0,0,1,0,0,0,0,0,0,-,-,34.13813,-117.24194,SAN BERNARDINO,SAN BERNARDINO,-117.24193407,34.13814455
90101167,2016,2016-01-25,9860,2016-01-21,2140,020476,NA,4,2,9,3600,0,1,1,NA,2,151,I-15 S/B,GLEN HELEN RD,100,S,N,A,-,Y,NA,NA,15,NA,NA,NA,NA,NA,S,Y,4,0,1,3,A,-,07,21658,A,F,B,C,A,A,H,-,D,D,0,NA,NA,NA,Y,Y,NA,F,25,0,0,1,0,0,0,0,0,0,-,-,34.21434,-117.41191,SAN BERNARDINO,UNINCORPORATED,-117.4119661,34.21435293
90082900,2015,2015-12-28,9865,2015-12-12,1134,017470,NA,6,1,9,3600,0,1,3,NA,1,022,SR -18,NOB HILL DR,1584,S,N,A,-,Y,NA,NA,18,NA,NA,NA,NA,NA,NA,Y,4,0,1,2,A,-,03,22350,NA,N,A,C,A,C,H,-,A,D,0,NA,NA,NA,NA,Y,NA,D,22,0,0,1,0,0,0,0,0,0,-,-,34.22094,-117.13057,SAN BERNARDINO,UNINCORPORATED,-117.13055844,34.2209307
90060633,2015,2015-11-30,9855,2015-11-07,0337,020006,NA,6,3,6,3616,0,1,1,NA,2,153,I-15 S/B (ONTARIO FWY),BASELINE RD.,300,N,N,A,-,Y,NA,NA,15,NA,NA,NA,NA,NA,S,Y,3,0,1,1,A,-,01,23152,A,N,E,J,A,A,H,-,C,D,0,NA,NA,NA,NA,Y,Y,A,01,0,1,0,0,0,0,0,0,0,-,-,34.12334,-117.51212,SAN BERNARDINO,RANCHO CUCAMONGA,-117.51203914,34.1232485
90103578,2016,2016-01-27,9835,2016-01-18,2010,021160,NA,1,2,9,3600,0,3,5,NA,2,032,MINNEOLA RD,YERMO RD,277,N,N,A,-,N,NA,NA,NA,NA,NA,NA,NA,NA,NA,N,3,0,1,1,A,-,01,23152,A,N,E,J,A,A,H,-,D,D,0,NA,NA,NA,NA,Y,Y,A,01,0,1,0,0,0,0,0,0,0,-,-,34.91632,-116.77165,SAN BERNARDINO,UNINCORPORATED,-116.7716567,34.91663824
90105897,2016,2016-02-01,9835,2016-01-23,0533,020973,NA,6,3,9,3600,0,1,1,NA,2,073,I-15 S/B,HARVARD ROAD,8395,N,N,A,-,Y,NA,NA,15,NA,NA,NA,NA,NA,S,Y,4,0,1,2,A,-,03,22350,NA,N,C,C,A,A,H,-,D,D,0,NA,NA,NA,NA,Y,NA,A,01,0,0,1,0,0,0,0,0,0,-,-,34.97474,-116.6197,SAN BERNARDINO,UNINCORPORATED,-116.61972784,34.97480382
90062375,2015,2015-12-01,9835,2015-11-25,2043,015807,NA,3,2,3,3601,0,1,1,NA,2,071,INTERSTATE 15 NORTHBOUND,LENWOOD RD,5966,S,N,A,-,Y,NA,NA,NA,NA,NA,NA,NA,NA,NA,Y,3,0,2,1,A,-,08,22107,NA,N,E,I,A,A,H,-,D,D,0,NA,NA,NA,NA,Y,NA,A,01,0,1,1,0,0,0,0,0,0,-,-,NA,NA,SAN BERNARDINO,BARSTOW,-117.08942371,34.83757704
9006500,2019,2020-02-19,3600,2019-12-18,1712,D4301,HE101,3,5,5,3619,0,0,0,NA,0,HE1,MARIPOSA RD,EUCALYPTUS ST,30,S,N,A,-,N,NA,NA,NA,NA,NA,NA,NA,NA,NA,Y,4,0,1,2,A,-,08,22107,NA,N,D,C,A,A,H,-,C,D,0,NA,NA,NA,NA,Y,Y,A,01,0,0,1,0,0,0,0,0,0,-,-,NA,NA,SAN BERNARDINO,HESPERIA,-117.35417175292967,34.45581817626953
9006592,2019,2020-01-16,3610,2019-11-11,1804,51003,NA,1,5,6,3610,0,0,0,NA,0,CHARLI,EAST HIGHLAND AV,N VALARIA,0,NA,Y,A,-,N,NA,NA,NA,NA,NA,NA,NA,NA,NA,Y,4,0,1,2,A,-,03,22350,NA,N,C,C,A,A,A,-,C,D,0,NA,NA,NA,NA,Y,NA,A,01,0,0,1,0,0,0,0,0,0,-,-,34.135860443115234,-117.23496246337892,SAN BERNARDINO,SAN BERNARDINO,-117.23014831542967,34.135841369628906
90067128,2015,2015-12-07,9855,2015-12-02,2232,019420,NA,3,3,6,3607,0,1,1,NA,2,152,I-15 S/B (ONTARIO FWY),JURUPA ST.,600,N,N,A,-,Y,NA,NA,15,NA,NA,NA,NA,NA,S,Y,4,0,2,2,A,-,03,22350,NA,N,B,C,A,A,H,-,D,D,0,NA,NA,NA,NA,Y,NA,A,01,0,0,2,0,0,0,0,0,0,-,-,34.05087,-117.54904,SAN BERNARDINO,ONTARIO,-117.54913575,34.05092049
90067311,2015,2016-07-15,9835,2015-11-21,1937,021113,NA,6,2,3,3601,0,1,1,NA,2,071,I-15 N/B OFF RAMP TO L STREET,L ST,1105,S,N,A,-,Y,NA,NA,15,NA,NA,NA,R,NA,N,Y,4,0,1,2,A,-,03,22350,NA,N,E,J,A,A,H,-,C,D,0,NA,NA,NA,NA,Y,NA,A,01,0,0,1,0,0,0,0,0,0,-,-,34.8834,-117.0608,SAN BERNARDINO,BARSTOW,-117.0608,34.8834
9007333,2019,2019-12-14,3607,2019-01-22,0816,19890,187,2,5,6,3607,0,0,0,NA,0,061,PALMETTO AV,LOCUST ST,50,N,N,A,-,N,NA,NA,NA,NA,NA,NA,NA,NA,NA,Y,2,0,1,1,A,-,08,22107,NA,N,B,C,A,A,H,-,A,D,0,NA,NA,NA,NA,Y,NA,A,01,1,0,0,0,0,0,0,0,0,-,-,NA,NA,SAN BERNARDINO,ONTARIO,-117.66773986816406,34.04472732543945
90110478,2016,2016-02-08,9860,2016-01-29,2205,020135,NA,5,3,5,3608,0,1,1,NA,2,105,I-10 E/B,6TH ST,265,E,N,A,-,Y,NA,NA,10,NA,NA,NA,NA,NA,E,Y,3,0,1,1,A,-,08,22107,NA,N,E,I,A,A,H,-,D,D,0,NA,NA,NA,NA,Y,NA,A,01,0,1,0,0,0,0,0,0,0,-,-,34.06168,-117.17937,SAN BERNARDINO,REDLANDS,-117.17937914,34.06159426
9011082,2019,2020-03-04,3600,2019-11-30,1142,H6875,TW003,6,5,3,3617,0,0,0,NA,0,TW01,TWENTYNINE OUTERHWY,MARIPOSA AV,0,NA,Y,A,-,Y,SBD,8,62,-,-,31.143,I,5,W,Y,3,0,1,1,A,-,01,23152,A,M,E,I,A,A,D,-,A,A,0,NA,NA,NA,NA,Y,Y,D,22,0,1,0,0,0,0,0,0,0,-,-,34.13560104370117,-116.09059143066406,SAN BERNARDINO,TWENTYNINE PALMS,-116.09046173095705,34.135467529296875
90075954,2015,2015-12-17,9850,2015-11-21,0205,019197,NA,6,3,9,3600,0,3,5,NA,2,002,RANCHERO RD,OUTPOST RD,528,E,N,A,-,N,NA,NA,NA,NA,NA,NA,NA,NA,NA,Y,2,0,2,2,A,-,01,23152,A,N,A,C,A,A,H,-,D,D,0,NA,NA,NA,NA,Y,Y,A,01,2,0,0,0,0,0,0,0,0,-,-,34.3831,-117.398,SAN BERNARDINO,UNINCORPORATED,-117.39689512,34.3831
90076684,2015,2015-12-17,9855,2015-11-19,0042,020231,NA,4,3,5,3630,0,1,3,NA,2,071,SR-71 S/B (CHINO FWY),GRAND AVE.,1314,N,N,A,-,Y,NA,NA,71,NA,NA,NA,NA,NA,S,Y,4,0,2,2,B,-,22,NA,NA,N,B,C,A,A,H,-,C,D,0,NA,NA,NA,NA,Y,NA,J,48,0,0,2,0,0,0,0,0,0,-,-,34.004,-117.72666,SAN BERNARDINO,CHINO HILLS,-117.72653822,34.00412043
9005659,2019,2020-02-18,3605,2019-12-08,1954,429,NA,7,5,4,3605,0,0,0,NA,0,NA,RAMONA AV,BENITO ST,0,NA,Y,B,-,N,NA,NA,NA,NA,NA,NA,NA,NA,NA,N,3,0,1,2,A,-,12,22450,A,N,D,B,E,B,H,-,C,D,0,Y,NA,NA,NA,Y,NA,N,60,0,1,0,0,1,0,0,0,0,-,-,NA,NA,SAN BERNARDINO,MONTCLAIR,-117.7070083618164,34.07413101196289
90061609,2015,2015-11-30,9830,2015-11-25,1515,020806,NA,3,2,9,3600,0,2,4,NA,1,062,TRONA ROAD,US HIGHWAY 395,31152,N,N,A,-,N,NA,NA,NA,NA,NA,NA,NA,NA,NA,Y,3,0,1,1,A,-,08,22107,NA,N,F,A,A,A,H,-,A,D,0,NA,NA,NA,NA,Y,NA,A,01,0,1,0,0,0,0,0,0,0,-,-,35.44658,-117.58866,SAN BERNARDINO,UNINCORPORATED,-117.58997247,35.44450062
90098634,2016,2016-01-20,9835,2016-01-12,2000,021160,NA,2,2,3,3601,0,1,1,NA,2,071,E. MAIN ST. TO INTERSTATE 15 NORTHBOUND,E. MAIN STREET,200,S,N,A,-,Y,NA,NA,NA,NA,NA,NA,NA,NA,NA,Y,4,0,1,1,A,-,08,22107,NA,N,E,I,A,A,H,-,C,D,0,NA,NA,NA,NA,Y,NA,A,01,0,0,1,0,0,0,0,0,0,-,-,34.53282,-117.00039,SAN BERNARDINO,BARSTOW,-117.02767,34.89876
9011803,2019,2019-12-31,3607,2019-10-10,1837,20142,273,4,5,6,3607,0,0,0,NA,0,071,WALNUT ST,BAKER AV,0,NA,Y,A,-,N,NA,NA,NA,NA,NA,NA,NA,NA,NA,Y,4,0,1,2,A,-,09,21802,A,N,D,C,A,A,H,-,B,A,0,NA,NA,NA,NA,Y,NA,A,07,0,0,1,0,0,0,0,0,0,-,-,NA,NA,SAN BERNARDINO,ONTARIO,-117.61534881591795,34.02677917480469
90119019,2016,2016-02-18,9850,2016-02-15,1315,019278,NA,1,1,9,3600,0,3,5,NA,2,002,SUMMIT VALLEY RD,TROUT RD,7920,S,N,A,-,N,NA,NA,NA,NA,NA,NA,NA,NA,NA,Y,4,0,1,1,A,-,08,22107,NA,N,F,A,A,A,H,-,A,D,0,NA,NA,Y,NA,Y,NA,C,02,0,0,1,0,0,0,0,0,1,-,-,34.3386,-117.39911,SAN BERNARDINO,UNINCORPORATED,-117.39863679,34.33396796
9010222,2019,2020-01-07,3604,2019-10-31,1627,769,NA,4,5,6,3604,0,0,0,NA,0,003,VALENCIA AV,ROSENA AV,0,NA,Y,A,-,N,NA,NA,NA,NA,NA,NA,NA,NA,NA,Y,4,0,1,2,A,-,09,21802,A,N,D,D,A,A,H,-,A,A,0,NA,NA,NA,NA,Y,NA,A,01,0,0,1,0,0,0,0,0,0,-,-,NA,NA,SAN BERNARDINO,FONTANA,-117.43927764892578,34.09748840332031
90091601,2016,2016-01-08,9855,2016-01-07,1215,017313,NA,4,1,6,3607,0,1,1,NA,2,101,I-10 W/B (SAN BERNARDINO FWY),HAVEN AVE.,1584,E,N,A,-,Y,NA,NA,10,NA,NA,NA,NA,NA,W,N,4,0,1,2,A,-,07,21658,A,N,C,C,A,A,H,-,A,D,0,NA,NA,NA,Y,Y,NA,A,01,0,0,1,0,0,0,0,0,0,-,-,34.06759,-117.56599,SAN BERNARDINO,ONTARIO,-117.56598978,34.06762192
90120385,2016,2016-02-22,9855,2016-02-11,1840,020769,NA,4,2,4,3605,0,1,1,NA,2,103,I-10 W/B (SAN BERNARDINO FWY),MONTE VISTA AVE.,200,W,N,A,-,Y,NA,NA,10,NA,NA,NA,NA,NA,W,Y,4,0,1,3,A,-,07,21658,A,F,B,C,A,A,H,-,B,D,0,NA,NA,NA,Y,Y,NA,D,22,0,0,1,0,0,0,0,0,0,-,-,34.08201,-117.70613,SAN BERNARDINO,MONTCLAIR,-117.70613087,34.08196426
90120931,2016,2016-02-22,9850,2016-02-13,1750,014858,NA,6,2,9,3600,0,3,5,NA,2,003,DALE EVANS PKY,STODDARD WELLS RD,0,NA,Y,A,-,N,NA,NA,NA,NA,NA,NA,NA,NA,NA,Y,2,0,3,2,A,-,01,23152,A,N,D,C,A,A,H,-,B,A,0,NA,NA,NA,NA,Y,Y,D,22,1,2,0,0,0,0,0,0,0,-,-,34.62412,-117.20712,SAN BERNARDINO,UNINCORPORATED,-117.20711002,34.62412001
90120957,2016,2016-02-22,9850,2016-01-27,1815,021159,NA,3,2,9,3600,0,2,4,NA,2,066,PHELAN RD.,ZING RD.,44,E,N,A,-,N,NA,NA,NA,NA,NA,NA,NA,NA,NA,Y,1,1,0,2,A,-,08,22100,A,N,A,C,A,A,H,-,B,A,0,NA,NA,NA,Y,Y,Y,D,22,0,0,0,0,0,0,0,0,0,-,-,34.42644,-117.47527,SAN BERNARDINO,UNINCORPORATED,-117.47525472,34.4265034
90091604,2016,2016-01-08,9855,2016-01-07,1515,017313,NA,4,2,6,3607,0,1,1,NA,2,103,I-10 E/B (SAN BERNARDINO FWY),HAVEN AVE.,528,W,N,A,-,Y,NA,NA,10,NA,NA,NA,NA,NA,E,Y,4,0,2,3,A,-,03,22350,NA,F,C,C,A,A,H,-,A,D,0,NA,NA,NA,Y,Y,NA,F,25,0,0,2,0,0,0,0,0,0,-,-,34.0677,-117.58101,SAN BERNARDINO,ONTARIO,-117.58100829,34.06747075
90092059,2016,2016-01-11,9855,2016-01-03,0136,020690,NA,7,3,6,3607,0,1,1,NA,2,153,I-15 N/B (ONTARIO FWY) TO I-10 W/B,AIRPORT DR,800,S,N,A,-,Y,NA,NA,15,NA,NA,NA,R,NA,N,Y,3,0,1,2,A,-,08,22107,NA,N,F,A,A,A,H,-,D,D,0,NA,NA,NA,NA,Y,NA,A,01,0,1,0,0,0,0,0,0,0,-,-,34.06007,-117.5448,SAN BERNARDINO,ONTARIO,-117.5448,34.06007
90094549,2016,2016-01-13,9855,2016-01-11,0800,013860,NA,1,1,6,3616,0,1,1,NA,2,153,I-15 S/B (ONTARIO FWY),VICTORIA ST,3000,N,N,A,-,Y,NA,NA,15,NA,NA,NA,NA,NA,S,Y,4,0,1,2,A,-,03,22350,NA,N,C,C,A,A,H,-,A,D,0,NA,NA,NA,NA,Y,NA,A,07,0,0,1,0,0,0,0,0,0,-,-,34.1338,-117.4991,SAN BERNARDINO,RANCHO CUCAMONGA,-117.49918274,34.13389984
9012448,2019,2019-12-30,3607,2019-06-29,1603,20175,41,6,5,6,3607,0,0,0,NA,0,011,MOUNTAIN AV,5TH ST,100,S,N,A,-,NA,NA,NA,NA,NA,NA,NA,NA,NA,NA,NA,4,0,1,2,A,-,03,22350,NA,M,C,C,A,A,H,-,B,D,0,NA,NA,NA,NA,Y,NA,A,01,0,0,1,0,0,0,0,0,0,-,-,NA,NA,SAN BERNARDINO,ONTARIO,-117.67013549804688,34.081207275390625
90073336,2015,2016-04-06,9850,2015-12-02,1450,017730,NA,3,2,9,3600,0,1,3,NA,2,052,SR-18,VALLEY VISTA,9,E,N,A,-,Y,NA,NA,18,NA,NA,NA,NA,NA,NA,Y,3,0,1,2,A,-,09,21802,A,N,C,C,A,A,H,-,A,D,0,NA,NA,NA,NA,Y,NA,A,01,0,1,0,0,0,0,0,0,0,-,-,34.5064,-117.56395,SAN BERNARDINO,UNINCORPORATED,-117.56395006,34.5064232
90095137,2016,2016-01-14,9860,2016-01-01,0202,017784,NA,5,3,6,3604,0,1,1,NA,2,102,INTERSTATE 10 WESTBOUND,SIERRA AVENUE,622,E,N,A,-,Y,NA,NA,10,NA,NA,NA,NA,NA,W,Y,3,0,1,1,A,-,01,23152,E,N,E,I,A,A,H,-,D,D,0,NA,NA,NA,NA,Y,NA,A,01,0,1,0,0,0,0,0,0,0,-,-,34.06741,-117.43339,SAN BERNARDINO,FONTANA,-117.43339056,34.06740238
90074477,2015,2015-12-15,9855,2015-12-09,1305,019165,NA,3,1,6,3607,0,1,1,NA,2,103,I-10 E/B (SAN BERNARDINO FWY),VINEYARD AVE.,1000,E,N,B,-,Y,NA,NA,10,NA,NA,NA,NA,NA,E,N,4,0,1,1,A,-,08,22107,NA,N,E,I,A,A,H,-,A,D,0,NA,NA,NA,NA,Y,NA,A,01,0,0,1,0,0,0,0,0,0,-,-,34.0688,-117.60587,SAN BERNARDINO,ONTARIO,-117.6059326,34.06856003
90095848,2016,2016-01-14,9860,2016-01-07,1530,019321,NA,4,2,4,3603,0,1,1,NA,2,214,I-215 S/B,LA CADENA DR,500,N,N,B,-,N,NA,NA,215,NA,NA,NA,NA,NA,S,N,4,0,1,2,A,-,03,22350,NA,N,C,C,A,A,H,-,A,D,0,NA,NA,NA,NA,Y,NA,A,01,0,0,1,0,0,0,0,0,0,-,-,34.02544,-117.33441,SAN BERNARDINO,COLTON,-117.33433693,34.02537224