CASE_ID,ACCIDENT_YEAR,PROC_DATE,JURIS,COLLISION_DATE,COLLISION_TIME,OFFICER_ID,REPORTING_DISTRICT,DAY_OF_WEEK,CHP_SHIFT,POPULATION,CNTY_CITY_LOC,SPECIAL_COND,BEAT_TYPE,CHP_BEAT_TYPE,CITY_DIVISION_LAPD,CHP_BEAT_CLASS,BEAT_NUMBER,PRIMARY_RD,SECONDARY_RD,DISTANCE,DIRECTION,INTERSECTION,WEATHER_1,WEATHER_2,STATE_HWY_IND,CALTRANS_COUNTY,CALTRANS_DISTRICT,STATE_ROUTE,ROUTE_SUFFIX,POSTMILE_PREFIX,POSTMILE,LOCATION_TYPE,RAMP_INTERSECTION,SIDE_OF_HWY,TOW_AWAY,COLLISION_SEVERITY,NUMBER_KILLED,NUMBER_INJURED,PARTY_COUNT,PRIMARY_COLL_FACTOR,PCF_CODE_OF_VIOL,PCF_VIOL_CATEGORY,PCF_VIOLATION,PCF_VIOL_SUBSECTION,HIT_AND_RUN,TYPE_OF_COLLISION,MVIW,PED_ACTION,ROAD_SURFACE,ROAD_COND_1,ROAD_COND_2,LIGHTING,CONTROL_DEVICE,CHP_ROAD_TYPE,PEDESTRIAN_ACCIDENT,BICYCLE_ACCIDENT,MOTORCYCLE_ACCIDENT,TRUCK_ACCIDENT,NOT_PRIVATE_PROPERTY,ALCOHOL_INVOLVED,STWD_VEHTYPE_AT_FAULT,CHP_VEHTYPE_AT_FAULT,COUNT_SEVERE_INJ,COUNT_VISIBLE_INJ,COUNT_COMPLAINT_PAIN,COUNT_PED_KILLED,COUNT_PED_INJURED,COUNT_BICYCLIST_KILLED,COUNT_BICYCLIST_INJURED,COUNT_MC_KILLED,COUNT_MC_INJURED,PRIMARY_RAMP,SECONDARY_RAMP,LATITUDE,LONGITUDE,COUNTY,CITY,POINT_X,POINT_Y
9112437,2020,2020-08-20,3610,2020-06-01,2150,51195,NA,1,5,6,3610,0,0,0,NA,0,POLICE,NORTH WATERMAN AV,E 9TH ST,255,S,N,A,-,N,NA,NA,NA,NA,NA,NA,NA,NA,NA,N,2,0,1,2,A,-,11,21954,A,F,H,B,D,A,H,-,C,A,0,Y,NA,NA,NA,Y,NA,N,60,1,0,0,0,1,0,0,0,0,-,-,34.11579132080078,-117.27880096435548,SAN BERNARDINO,SAN BERNARDINO,-117.2787857055664,34.1151008605957
9112441,2020,2020-08-19,3608,2020-06-08,1255,4027,NA,1,5,5,3608,0,0,0,NA,0,NA,CITRUS AV,UNIVERSITY ST,0,NA,Y,A,-,N,NA,NA,NA,NA,NA,NA,NA,NA,NA,Y,3,0,3,2,A,-,09,21801,A,N,D,C,A,A,H,-,A,A,0,NA,NA,NA,NA,Y,NA,A,01,0,1,2,0,0,0,0,0,0,-,-,NA,NA,SAN BERNARDINO,REDLANDS,-117.16683959960938,34.05554962158203
9112442,2020,2020-08-19,3608,2020-06-02,1655,4027,NA,2,5,5,3608,0,0,0,NA,0,NA,CAMBRIDGE AV,FALCON LN,137,E,N,A,-,N,NA,NA,NA,NA,NA,NA,NA,NA,NA,N,3,0,1,2,A,-,09,21802,A,N,B,G,A,A,H,-,A,D,0,NA,Y,NA,NA,Y,NA,L,04,0,1,0,0,0,0,1,0,0,-,-,NA,NA,SAN BERNARDINO,REDLANDS,-117.15064239501952,34.06424331665039
91129490,2019,2019-11-25,9855,2019-11-24,1612,018212,NA,7,2,6,3607,0,1,1,NA,2,152,I-15 N/B (ONTARIO FWY),JURUPA ST.,1056,N,N,A,-,Y,NA,NA,15,NA,NA,NA,NA,NA,N,Y,4,0,1,2,A,-,08,22107,NA,N,B,C,A,A,H,-,B,D,0,NA,NA,NA,NA,Y,NA,A,01,0,0,1,0,0,0,0,0,0,-,-,34.054691314697266,-117.54705810546876,SAN BERNARDINO,ONTARIO,-117.54693603515624,34.054630279541016
91130278,2019,2019-11-26,9855,2019-11-25,0605,016375,NA,1,1,5,3602,0,1,3,NA,2,603,SR-60 W/B (POMONA FWY),RAMONA AVE.,300,W,N,A,-,Y,NA,NA,60,NA,NA,NA,NA,NA,W,Y,4,0,2,5,A,-,03,22350,NA,N,C,C,A,A,H,-,B,D,0,NA,NA,NA,NA,Y,NA,A,01,0,0,2,0,0,0,0,0,0,-,-,34.030181884765625,-117.71037292480467,SAN BERNARDINO,CHINO,-117.71037292480467,34.03016662597656
91131298,2019,2019-11-27,9850,2019-11-25,1330,017775,NA,1,1,9,3600,0,1,3,NA,2,046,SR-247,NORTHSIDE ROAD,1056,S,N,G,-,Y,NA,NA,247,NA,NA,NA,NA,NA,NA,Y,3,0,1,1,C,-,18,NA,NA,N,F,A,A,A,H,-,A,D,0,NA,NA,NA,Y,Y,NA,-,-,0,1,0,0,0,0,0,0,0,-,-,34.5283203125,-116.94509887695313,SAN BERNARDINO,UNINCORPORATED,-116.94521331787108,34.5283203125
91133132,2019,2019-12-02,9860,2019-11-25,1705,018275,NA,1,2,6,3610,0,1,1,NA,2,202,SR-210 E/B,DEL ROSA AVE,75,E,N,A,-,Y,NA,NA,210,NA,NA,NA,NA,NA,E,Y,4,0,3,2,A,-,03,22350,NA,N,C,C,A,A,H,-,D,D,0,NA,NA,NA,NA,Y,NA,A,01,0,0,3,0,0,0,0,0,0,-,-,34.142208099365234,-117.25170135498048,SAN BERNARDINO,SAN BERNARDINO,-117.25172424316406,34.14214324951172
91133731,2019,2019-12-03,9860,2019-11-28,1415,019725,NA,4,2,9,3600,0,1,3,NA,1,380,SR-38,GARNET ST,28,E,N,C,-,Y,NA,NA,38,NA,NA,NA,NA,NA,NA,Y,4,0,2,1,A,-,03,22350,NA,N,E,I,A,B,F,-,A,D,0,NA,NA,NA,NA,Y,NA,A,07,0,0,2,0,0,0,0,0,0,-,-,34.07141876220703,-117.09918212890624,SAN BERNARDINO,UNINCORPORATED,-117.09922027587892,34.07148742675781
91134435,2019,2019-12-03,9870,2019-11-25,1315,013751,NA,1,1,9,3600,0,1,3,NA,1,041,STATE ROUTE 62 (TWENTYNINE PALMS HWY),BONNIE DUNES ROAD,0,NA,Y,F,G,Y,NA,NA,62,NA,NA,NA,NA,NA,NA,Y,2,0,4,2,A,-,21,22106,NA,N,B,C,A,A,H,-,A,D,0,NA,NA,NA,NA,Y,NA,D,22,1,1,2,0,0,0,0,0,0,-,-,34.12200164794922,-115.86237335205078,SAN BERNARDINO,UNINCORPORATED,-115.86237335205078,34.12202835083008
9113505,2020,2020-08-12,3600,2020-05-26,0950,E8923,HI025,2,5,4,3618,0,0,0,NA,0,HI3,CLUB VIEW DR,WATER ST,0,NA,Y,A,-,N,NA,NA,NA,NA,NA,NA,NA,NA,NA,N,3,0,1,2,A,-,09,21802,A,N,D,C,A,A,H,-,A,A,0,NA,NA,NA,NA,Y,NA,A,01,0,1,0,0,0,0,0,0,0,-,-,34.11698913574219,-117.16706085205078,SAN BERNARDINO,HIGHLAND,-117.1671905517578,34.117000579833984
91135218,2019,2019-12-04,9860,2019-11-26,1210,016658,NA,2,1,4,3640,0,1,1,NA,2,106,I-10 E/B TO YUCAIPA BLVD,YUCAIPA BLVD,78,W,N,B,-,Y,NA,NA,10,NA,NA,NA,R,NA,E,N,4,0,1,2,C,-,18,NA,NA,N,C,C,A,A,H,-,A,A,0,NA,NA,NA,NA,Y,NA,-,-,0,0,1,0,0,0,0,0,0,-,-,34.02648162841797,-117.11992645263672,SAN BERNARDINO,YUCAIPA,-117.11992645263672,34.02648162841797
91137030,2019,2019-12-05,9860,2019-11-23,2500,019466,NA,6,4,9,3600,0,3,5,NA,2,003,NEVADA STREET,LUGONIA AVENUE,240,N,N,A,-,N,NA,NA,NA,NA,NA,NA,NA,NA,NA,Y,3,0,1,1,A,-,08,22107,NA,M,E,I,A,A,H,-,C,D,0,NA,NA,NA,NA,Y,Y,A,01,0,1,0,0,0,0,0,0,0,-,-,34.07107162475586,-117.21733856201172,SAN BERNARDINO,UNINCORPORATED,-117.21746826171876,34.070945739746094
91138141,2019,2019-12-06,9860,2019-12-02,1550,020346,NA,1,2,5,3608,0,1,1,NA,2,202,SR-210 W/B,SAN BERNARDINO AVE,500,E,N,A,-,Y,NA,NA,210,NA,NA,NA,NA,NA,W,N,4,0,1,3,A,-,07,21658,A,N,B,C,A,A,H,-,A,D,0,NA,NA,Y,NA,Y,NA,A,01,0,0,1,0,0,0,0,0,1,-,-,34.074710845947266,-117.2007064819336,SAN BERNARDINO,REDLANDS,-117.20054626464844,34.07470703125
91138817,2019,2019-12-10,9860,2019-12-04,0753,019466,NA,3,1,9,3600,0,1,1,NA,2,152,I-15 S/B,OAK HILL ROAD,1584,S,N,B,C,Y,NA,NA,NA,NA,NA,NA,NA,NA,NA,Y,4,0,4,1,A,-,03,22350,NA,N,E,I,A,B,H,-,A,D,0,NA,NA,NA,NA,Y,NA,A,07,0,0,4,0,0,0,0,0,0,-,-,34.365318298339844,-117.43074798583984,SAN BERNARDINO,UNINCORPORATED,NA,NA
91139107,2019,2019-12-10,9850,2019-12-03,1805,021643,NA,2,2,9,3600,0,3,5,NA,2,002,RANCHERO ROAD,TOPAZ AVENUE,0,NA,Y,A,-,N,NA,NA,NA,NA,NA,NA,NA,NA,NA,Y,2,0,3,3,A,-,03,22350,NA,N,C,C,A,A,H,-,D,D,0,NA,NA,NA,NA,Y,NA,A,01,1,0,2,0,0,0,0,0,0,-,-,34.383140563964844,-117.35504913330078,SAN BERNARDINO,UNINCORPORATED,-117.35514831542967,34.383140563964844
9114107,2020,2020-08-19,3600,2020-06-15,1314,G9467,AP008,1,5,5,3621,0,0,0,NA,0,AP3,BEAR VALLEY RD,KIOWA RD,0,NA,Y,A,-,N,NA,NA,NA,NA,NA,NA,NA,NA,NA,N,3,0,1,2,A,-,10,21950,A,N,G,G,A,A,H,-,A,A,0,NA,Y,NA,NA,Y,NA,A,07,0,1,0,0,0,0,1,0,0,-,-,NA,NA,SAN BERNARDINO,APPLE VALLEY,-117.20773315429688,34.471439361572266
91142567,2019,2019-12-13,9855,2019-12-04,0512,020006,NA,3,3,6,3604,0,1,1,NA,2,153,I-15 N/B (ONTARIO FWY),SUMMIT AVE.,800,N,N,B,C,Y,NA,NA,15,NA,NA,NA,NA,NA,N,Y,3,0,1,2,A,-,03,22350,NA,N,C,C,A,B,H,-,D,D,0,NA,NA,NA,NA,Y,NA,A,01,0,1,0,0,0,0,0,0,0,-,-,34.15203094482422,-117.47679901123048,SAN BERNARDINO,FONTANA,-117.4767837524414,34.15201187133789
91143683,2019,2019-12-16,9860,2019-12-08,0630,018313,NA,7,1,6,3610,0,1,1,NA,2,104,I-10 E/B,WATERMAN AVE,500,E,N,B,C,Y,NA,NA,10,NA,NA,NA,NA,NA,E,Y,3,0,1,2,A,-,03,22350,NA,F,B,C,A,B,H,-,A,D,0,NA,NA,NA,Y,Y,NA,A,01,0,1,0,0,0,0,0,0,0,-,-,34.063838958740234,-117.27545166015624,SAN BERNARDINO,SAN BERNARDINO,-117.27545166015624,34.0638313293457
91143684,2019,2019-12-16,9860,2019-11-29,0710,016575,NA,5,1,9,3600,0,2,4,NA,2,411,CEDAR AVE.,11TH ST.,0,NA,Y,E,-,N,NA,NA,NA,NA,NA,NA,NA,NA,NA,Y,4,0,1,2,A,-,12,21453,A,F,D,C,A,B,H,-,A,A,0,NA,NA,NA,NA,Y,NA,D,22,0,0,1,0,0,0,0,0,0,-,-,34.04458999633789,-117.39643096923828,SAN BERNARDINO,UNINCORPORATED,-117.39637756347656,34.04450988769531
91144975,2019,2019-12-17,9855,2019-12-07,1308,017506,NA,6,1,5,3630,0,1,3,NA,2,071,SR-71 S/B (CHINO FWY),CHINO AVE.,100,N,N,B,-,Y,NA,NA,71,NA,NA,NA,NA,NA,S,Y,3,0,1,1,A,-,01,23152,A,N,F,A,A,A,H,-,A,D,0,NA,NA,NA,NA,Y,Y,A,07,0,1,0,0,0,0,0,0,0,-,-,34.01210021972656,-117.7345962524414,SAN BERNARDINO,CHINO HILLS,-117.73458862304688,34.01211166381836
91145125,2019,2019-12-17,9860,2019-12-11,0650,016800,NA,3,1,6,3610,0,1,1,NA,2,214,I-215 S/B,RIALTO AVE,940,S,N,A,-,Y,NA,NA,215,NA,NA,NA,NA,NA,S,N,4,0,1,3,A,-,03,22350,NA,F,C,C,A,A,H,-,A,D,0,NA,NA,NA,NA,Y,NA,A,01,0,0,1,0,0,0,0,0,0,-,-,34.098209381103516,-117.30194091796876,SAN BERNARDINO,SAN BERNARDINO,-117.30204010009766,34.098209381103516
91145831,2019,2019-12-18,9860,2019-12-06,1540,016646,NA,5,2,4,3603,0,1,1,NA,2,214,I-215 S/B,IOWA AVENUE,528,N,N,B,C,Y,NA,NA,215,NA,NA,NA,NA,NA,S,N,4,0,1,2,A,-,03,22350,NA,N,C,C,A,B,H,-,A,D,0,NA,NA,NA,NA,Y,NA,D,22,0,0,1,0,0,0,0,0,0,-,-,34.02537155151367,-117.33429718017578,SAN BERNARDINO,COLTON,-117.33432006835938,34.025390625
91145837,2019,2019-12-18,9860,2019-12-17,0710,016590,NA,2,1,9,3600,0,1,1,NA,2,102,I-10 W/B FROM CEDAR AVE.,CEDAR AVE.,499,W,N,A,-,Y,NA,NA,10,NA,NA,NA,R,NA,W,N,4,0,1,2,A,-,03,22350,NA,N,C,C,A,A,H,-,A,A,0,NA,NA,NA,Y,Y,NA,A,01,0,0,1,0,0,0,0,0,0,-,-,34.06861877441406,-117.39897918701172,SAN BERNARDINO,UNINCORPORATED,-117.39897918701172,34.06861877441406
91148920,2019,2019-12-20,9855,2019-12-11,0815,017506,NA,3,1,5,3602,0,1,3,NA,2,603,SR-60 E/B (POMONA FWY),CENTRAL AVE.,1000,E,N,A,-,Y,NA,NA,60,NA,NA,NA,NA,NA,E,Y,4,0,1,3,A,-,03,22350,NA,N,C,C,A,A,H,-,A,D,0,NA,NA,NA,NA,Y,NA,A,01,0,0,1,0,0,0,0,0,0,-,-,34.03020095825195,-117.681396484375,SAN BERNARDINO,CHINO,-117.681396484375,34.030235290527344
91149752,2019,2019-12-23,9860,2019-12-12,1359,021587,NA,4,1,5,3608,0,1,1,NA,2,104,I-10 W/B,MOUNTAIN VIEW AVE,2640,E,N,A,-,Y,NA,NA,10,NA,NA,NA,NA,NA,W,Y,4,0,1,3,A,-,03,22350,NA,N,C,C,A,A,H,-,A,D,0,NA,NA,NA,NA,Y,NA,A,07,0,0,1,0,0,0,0,0,0,-,-,34.0667610168457,-117.23536682128906,SAN BERNARDINO,REDLANDS,-117.23536682128906,34.06671905517578
9114993,2020,2020-09-09,3600,2020-06-12,1535,E3370,RC071,5,5,6,3616,0,0,0,NA,0,003,DAY CREEK BL,HIGHLAND AV,23,N,N,A,-,N,NA,NA,NA,NA,NA,NA,NA,NA,NA,Y,3,0,1,2,A,-,12,21453,A,N,D,C,A,A,H,-,A,A,0,NA,NA,NA,NA,Y,NA,A,01,0,1,0,0,0,0,0,0,0,-,-,NA,NA,SAN BERNARDINO,RANCHO CUCAMONGA,-117.53684997558594,34.13493347167969
9115013,2020,2020-09-11,3600,2020-06-01,1540,C9389,RC014,1,5,6,3616,0,0,0,NA,0,RC6,TERRA VISTA PARKWAY,ELLENA WY,0,NA,Y,A,-,N,NA,NA,NA,NA,NA,NA,NA,NA,NA,Y,4,0,1,2,A,-,09,21802,A,N,D,C,A,A,H,-,A,A,0,NA,NA,NA,NA,Y,NA,A,01,0,0,1,0,0,0,0,0,0,-,-,NA,NA,SAN BERNARDINO,RANCHO CUCAMONGA,-117.55625915527344,34.118919372558594
91150512,2019,2019-12-23,9860,2019-12-18,1700,020654,NA,3,2,9,3600,0,3,5,NA,2,003,PALMETTO AVE,NEVADA ST,276,E,N,A,-,N,NA,NA,NA,NA,NA,NA,NA,NA,NA,Y,2,0,2,2,A,-,08,22107,NA,N,B,C,A,A,H,-,B,D,0,NA,NA,NA,NA,Y,NA,A,01,2,0,0,0,0,0,0,0,0,-,-,34.081119537353516,-117.21607971191406,SAN BERNARDINO,UNINCORPORATED,-117.21651458740234,34.08480453491211
91150831,2019,2019-12-23,9855,2019-12-14,0943,020904,NA,6,1,6,3616,0,1,1,NA,2,203,SR-210 E/B (FOOTHILL FWY),CARNELIAN ST,260,W,N,B,C,Y,NA,NA,210,NA,NA,NA,NA,NA,E,Y,4,0,1,2,A,-,07,21658,A,F,E,I,A,B,H,-,A,D,0,NA,NA,NA,NA,Y,NA,A,01,0,0,1,0,0,0,0,0,0,-,-,34.134910583496094,-117.61726379394533,SAN BERNARDINO,RANCHO CUCAMONGA,-117.61725616455078,34.13479232788086
91152098,2019,2019-12-24,9850,2019-12-16,0523,021758,NA,1,3,5,3619,0,1,1,NA,2,081,I-15 N/B,OAK HILL RD,3696,N,N,A,-,Y,NA,NA,15,NA,NA,NA,NA,NA,N,Y,4,0,1,1,A,-,08,22107,NA,N,E,J,A,A,H,-,D,D,0,NA,NA,NA,NA,Y,NA,A,01,0,0,1,0,0,0,0,0,0,-,-,34.370269775390625,-117.42568969726563,SAN BERNARDINO,HESPERIA,-117.42575073242188,34.37032699584961
91152365,2019,2019-12-25,9855,2019-12-13,1015,017781,NA,5,1,9,3600,0,3,5,NA,2,001,NINTH AVE.,CHICO AVE.,0,NA,Y,A,-,N,NA,NA,NA,NA,NA,NA,NA,NA,NA,Y,4,0,1,3,A,-,09,21802,A,N,D,C,A,A,H,-,A,A,0,NA,NA,NA,Y,Y,NA,A,01,0,0,1,0,0,0,0,0,0,-,-,34.03070068359375,-117.43150329589844,SAN BERNARDINO,UNINCORPORATED,-117.72103881835938,34.05210876464844
91153333,2019,2019-12-26,9860,2019-12-10,1800,019484,NA,2,2,6,3610,0,1,1,NA,2,202,SR-210 E/B,MIRAMONTE DR,144,E,N,A,B,Y,NA,NA,210,NA,NA,NA,NA,NA,E,Y,2,0,1,3,A,-,03,22350,NA,N,C,C,A,A,H,-,D,D,0,NA,NA,Y,NA,Y,NA,C,02,1,0,0,0,0,0,0,0,1,-,-,34.1456184387207,-117.31330108642578,SAN BERNARDINO,SAN BERNARDINO,-117.31330108642578,34.14557647705078
91153362,2019,2019-12-26,9855,2019-12-18,0335,018727,NA,3,3,6,3607,0,1,1,NA,2,152,I-15 N/B (ONTARIO FWY),I-10,720,S,N,A,-,Y,NA,NA,15,NA,NA,NA,NA,NA,N,N,4,0,1,2,A,-,08,22107,NA,N,B,C,A,A,H,-,C,D,0,NA,NA,NA,NA,Y,NA,A,01,0,0,1,0,0,0,0,0,0,-,-,34.060420989990234,-117.54476165771484,SAN BERNARDINO,ONTARIO,-117.54485321044922,34.060428619384766
91153373,2019,2019-12-26,9860,2019-12-14,1240,016800,NA,6,1,4,3618,0,1,1,NA,2,203,SR-210 E/B,5TH ST,1584,W,N,B,-,Y,NA,NA,210,NA,NA,NA,NA,NA,E,Y,3,0,3,3,A,-,03,22350,NA,N,C,C,A,A,H,-,A,D,0,NA,NA,NA,NA,Y,NA,A,01,0,3,0,0,0,0,0,0,0,-,-,34.11273956298828,-117.19976043701172,SAN BERNARDINO,HIGHLAND,-117.19980621337892,34.112728118896484
91155560,2019,2019-12-30,9870,2019-12-26,1100,013751,NA,4,1,9,3600,0,3,5,NA,2,003,SUNBURST STREET,PLAZA ROAD,528,N,N,C,-,N,NA,NA,NA,NA,NA,NA,NA,NA,NA,Y,4,0,1,2,A,-,03,22350,NA,N,C,C,A,B,F,-,A,D,0,NA,NA,NA,NA,Y,NA,A,08,0,0,1,0,0,0,0,0,0,-,-,34.14064025878906,-116.30867004394533,SAN BERNARDINO,UNINCORPORATED,-116.30862426757813,34.14117431640625
91155877,2019,2019-12-30,9860,2019-12-23,1018,019251,NA,1,1,5,3608,0,1,1,NA,2,203,SR-210 E/B TO I-10 W/B,ALABAMA ST,685,E,N,C,-,Y,NA,NA,NA,NA,NA,NA,NA,NA,NA,Y,4,0,1,1,A,-,01,23152,A,N,E,I,A,B,H,-,A,D,0,NA,NA,NA,NA,Y,Y,A,01,0,0,1,0,0,0,0,0,0,-,-,34.06707000732422,-117.20635223388672,SAN BERNARDINO,REDLANDS,-117.29857635498048,34.145530700683594
91155918,2019,2019-12-30,9865,2019-12-18,2005,014696,NA,3,2,9,3600,0,1,3,NA,1,022,SR-18,FOREST SERVICE ROAD 1N97,1584,N,N,A,-,Y,NA,NA,18,NA,NA,NA,NA,NA,NA,Y,3,0,1,1,A,-,01,23152,A,N,E,I,A,A,H,-,D,A,0,NA,NA,NA,NA,Y,Y,A,07,0,1,0,0,0,0,0,0,0,-,-,34.22658920288086,-117.02690887451172,SAN BERNARDINO,UNINCORPORATED,-117.02690887451172,34.226627349853516
9115630,2020,2020-10-09,3607,2020-02-27,1706,20177,50,4,5,6,3607,0,0,0,NA,0,031,4TH ST,RT 10,0,NA,Y,A,-,Y,SBD,8,10,-,-,5.342,R,4,E,N,4,0,1,2,A,-,03,22350,NA,N,C,C,A,A,H,-,C,A,0,NA,NA,NA,NA,Y,NA,J,48,0,0,1,0,0,0,0,0,0,-,EO,NA,NA,SAN BERNARDINO,ONTARIO,-117.6220474243164,34.076744079589844
91157009,2019,2020-01-01,9860,2019-12-21,1213,017919,NA,6,1,4,3603,0,1,1,NA,2,103,I-10 E/B,LA CADENA DR,100,E,N,A,-,Y,NA,NA,10,NA,NA,NA,NA,NA,E,Y,4,0,1,2,A,-,08,22107,NA,N,B,C,A,A,H,-,A,D,0,NA,NA,NA,NA,Y,NA,A,01,0,0,1,0,0,0,0,0,0,-,-,34.06584930419922,-117.32411193847656,SAN BERNARDINO,COLTON,-117.32410430908205,34.065879821777344
91157031,2019,2020-01-01,9860,2019-12-25,1255,019429,NA,3,1,6,3610,0,1,1,NA,2,202,SR-210 E/B,MOUNTAIN VIEW AVE,30,W,N,B,-,Y,NA,NA,210,NA,NA,NA,NA,NA,E,N,4,0,3,2,A,-,03,22350,NA,N,C,C,A,A,H,-,A,D,0,NA,NA,NA,NA,Y,NA,A,01,0,0,3,0,0,0,0,0,0,-,-,34.14533996582031,-117.28716278076172,SAN BERNARDINO,SAN BERNARDINO,-117.28716278076172,34.145328521728516
91157034,2019,2020-01-01,9860,2019-12-28,1135,019429,NA,6,1,5,3609,0,1,1,NA,2,102,I-10 E/B,RIVERSIDE AVE,528,E,N,A,-,Y,NA,NA,10,NA,NA,NA,NA,NA,E,Y,4,0,1,1,A,-,08,22107,NA,N,F,A,A,A,H,-,A,D,0,NA,NA,NA,NA,Y,NA,D,22,0,0,1,0,0,0,0,0,0,-,-,34.068580627441406,-117.36785125732422,SAN BERNARDINO,RIALTO,-117.36784362792967,34.068756103515625
91157442,2019,2020-01-02,9834,2019-12-23,1746,018163,NA,1,2,2,3606,0,1,1,NA,2,046,I-40 EASTBOUND,CALIFORNIA AVENUE,75,W,N,C,-,Y,NA,NA,40,NA,NA,NA,NA,NA,E,Y,2,0,9,2,A,-,03,22350,NA,N,A,C,A,B,H,-,C,D,0,NA,NA,NA,NA,Y,NA,A,01,3,5,1,0,0,0,0,0,0,-,-,34.84661865234375,-114.6152801513672,SAN BERNARDINO,NEEDLES,-114.61526489257813,34.84663391113281
91157677,2020,2020-01-02,9835,2020-01-01,0327,022379,NA,3,3,3,3601,0,1,1,NA,2,071,I-15 N/B,L ST,1373,S,N,A,-,Y,NA,NA,15,NA,NA,NA,NA,NA,N,Y,3,0,1,1,A,-,01,23152,A,N,E,I,A,A,H,-,D,D,0,NA,NA,NA,NA,Y,Y,A,01,0,1,0,0,0,0,0,0,0,-,-,34.88352966308594,-117.06069946289063,SAN BERNARDINO,BARSTOW,-117.06072998046876,34.88361740112305
91157721,2019,2020-01-02,9855,2019-12-25,0004,018727,NA,3,3,6,3604,0,1,1,NA,2,201,SR-210 W/B (FOOTHILL FWY),CHERRY AVE.,4382,E,N,B,C,Y,NA,NA,210,NA,NA,NA,NA,NA,W,Y,4,0,1,2,A,-,07,21658,A,F,B,C,A,B,H,-,C,D,0,NA,NA,NA,NA,Y,NA,-,99,0,0,1,0,0,0,0,0,0,-,-,34.136688232421875,-117.4734115600586,SAN BERNARDINO,FONTANA,-117.4734115600586,34.136714935302734
9115859,2020,2021-04-06,3607,2020-02-07,1514,20175,90,5,5,6,3607,0,0,0,NA,0,011,G ST,EUCLID AV,0,NA,Y,A,-,Y,SBD,8,83,-,-,9.96,I,5,S,NA,3,0,1,2,A,-,10,21950,A,N,G,B,B,A,H,-,A,A,0,Y,NA,NA,NA,Y,NA,A,01,0,1,0,0,1,0,0,0,0,-,-,NA,NA,SAN BERNARDINO,ONTARIO,-117.65120697021484,34.07063293457031
9115893,2020,2020-08-11,3610,2020-05-22,1756,51165,NA,5,5,6,3610,0,0,0,NA,0,ADAM,W 9TH ST,N MT VERNON AV,0,NA,Y,A,-,N,NA,NA,NA,NA,NA,NA,NA,NA,NA,Y,3,0,2,2,A,-,03,22350,NA,N,C,C,A,A,H,-,A,A,0,NA,NA,NA,NA,Y,NA,A,01,0,1,1,0,0,0,0,0,0,-,-,34.11579895019531,-117.31381225585938,SAN BERNARDINO,SAN BERNARDINO,-117.3138427734375,34.115760803222656
91158947,2019,2020-01-03,9865,2019-12-25,1415,021725,NA,3,2,9,3600,0,3,5,NA,2,001,KUFFEL CANYON RD,SR-173,25,S,N,B,D,N,NA,NA,NA,NA,NA,NA,NA,NA,NA,Y,3,0,1,1,A,-,03,22350,NA,N,E,I,A,C,H,-,A,D,0,NA,NA,NA,NA,Y,NA,D,22,0,1,0,0,0,0,0,0,0,-,-,34.247581481933594,-117.18331909179688,SAN BERNARDINO,UNINCORPORATED,-117.18417358398438,34.246971130371094
91159078,2019,2020-01-03,9860,2019-12-27,0808,019251,NA,5,1,6,3610,0,1,1,NA,2,216,I-215 N/B,BASELINE ST,1584,S,N,A,-,Y,NA,NA,215,NA,NA,NA,NA,NA,N,Y,4,0,2,2,A,-,08,22107,NA,N,B,C,A,A,H,-,A,D,0,NA,NA,NA,NA,Y,NA,A,01,0,0,2,0,0,0,0,0,0,-,-,34.11626052856445,-117.30240631103516,SAN BERNARDINO,SAN BERNARDINO,-117.30277252197266,34.116275787353516
91160208,2019,2020-01-06,9855,2019-12-30,0618,016220,NA,1,1,6,3607,0,1,1,NA,2,101,I-10 E/B (SAN BERNARDINO FWY),ETIWANDA AVE.,3426,W,N,B,-,Y,NA,NA,10,NA,NA,NA,NA,NA,E,Y,4,0,1,3,A,-,07,21658,A,F,B,C,A,A,H,-,C,D,0,NA,NA,NA,NA,Y,NA,-,99,0,0,1,0,0,0,0,0,0,-,-,34.06719970703125,-117.53555297851563,SAN BERNARDINO,ONTARIO,-117.53555297851563,34.067264556884766
91160345,2019,2020-01-06,9855,2019-12-06,2110,021483,NA,5,2,9,3600,0,3,5,NA,2,004,FRANCIS AVENUE,EAST END AVE.,400,W,N,A,B,N,NA,NA,NA,NA,NA,NA,NA,NA,NA,Y,2,0,3,2,A,-,08,22107,NA,F,A,C,A,B,H,-,C,D,0,NA,NA,NA,NA,Y,NA,D,22,2,0,1,0,0,0,0,0,0,-,-,34.04092025756836,-117.72537231445313,SAN BERNARDINO,UNINCORPORATED,-117.72560119628906,34.04093551635742