CASE_ID,ACCIDENT_YEAR,PROC_DATE,JURIS,COLLISION_DATE,COLLISION_TIME,OFFICER_ID,REPORTING_DISTRICT,DAY_OF_WEEK,CHP_SHIFT,POPULATION,CNTY_CITY_LOC,SPECIAL_COND,BEAT_TYPE,CHP_BEAT_TYPE,CITY_DIVISION_LAPD,CHP_BEAT_CLASS,BEAT_NUMBER,PRIMARY_RD,SECONDARY_RD,DISTANCE,DIRECTION,INTERSECTION,WEATHER_1,WEATHER_2,STATE_HWY_IND,CALTRANS_COUNTY,CALTRANS_DISTRICT,STATE_ROUTE,ROUTE_SUFFIX,POSTMILE_PREFIX,POSTMILE,LOCATION_TYPE,RAMP_INTERSECTION,SIDE_OF_HWY,TOW_AWAY,COLLISION_SEVERITY,NUMBER_KILLED,NUMBER_INJURED,PARTY_COUNT,PRIMARY_COLL_FACTOR,PCF_CODE_OF_VIOL,PCF_VIOL_CATEGORY,PCF_VIOLATION,PCF_VIOL_SUBSECTION,HIT_AND_RUN,TYPE_OF_COLLISION,MVIW,PED_ACTION,ROAD_SURFACE,ROAD_COND_1,ROAD_COND_2,LIGHTING,CONTROL_DEVICE,CHP_ROAD_TYPE,PEDESTRIAN_ACCIDENT,BICYCLE_ACCIDENT,MOTORCYCLE_ACCIDENT,TRUCK_ACCIDENT,NOT_PRIVATE_PROPERTY,ALCOHOL_INVOLVED,STWD_VEHTYPE_AT_FAULT,CHP_VEHTYPE_AT_FAULT,COUNT_SEVERE_INJ,COUNT_VISIBLE_INJ,COUNT_COMPLAINT_PAIN,COUNT_PED_KILLED,COUNT_PED_INJURED,COUNT_BICYCLIST_KILLED,COUNT_BICYCLIST_INJURED,COUNT_MC_KILLED,COUNT_MC_INJURED,PRIMARY_RAMP,SECONDARY_RAMP,LATITUDE,LONGITUDE,COUNTY,CITY,POINT_X,POINT_Y
91280934,2020,2020-08-05,9865,2020-07-25,1250,018392,NA,6,1,9,3600,0,3,5,NA,2,003,BALDWIN LAKE RD.,KAPPA AVE.,90,S,N,A,-,N,NA,NA,NA,NA,NA,NA,NA,NA,NA,Y,2,0,1,1,A,-,01,23152,A,N,E,I,A,A,H,-,A,D,0,NA,NA,NA,NA,Y,Y,A,07,1,0,0,0,0,0,0,0,0,-,-,34.28675842285156,-116.80684661865234,SAN BERNARDINO,UNINCORPORATED,-116.80735778808594,34.28705596923828
91281470,2020,2020-08-06,9860,2020-07-23,1810,019674,NA,4,2,9,3600,0,3,5,NA,2,003,CHRYSOLITE AVE,CAPRI AVE,0,NA,Y,A,-,N,NA,NA,NA,NA,NA,NA,NA,NA,NA,N,2,0,1,2,A,-,12,22450,A,N,D,C,A,A,H,-,A,A,0,NA,NA,NA,NA,Y,NA,A,01,1,0,0,0,0,0,0,0,0,-,-,34.074951171875,-117.13729858398438,SAN BERNARDINO,UNINCORPORATED,-117.13742065429688,34.074989318847656
91281567,2020,2020-08-06,9855,2020-07-31,0820,018313,NA,5,1,6,3607,0,1,3,NA,2,601,SR-60 W/B (POMONA FWY),VINEYARD AVE.,500,W,N,A,-,Y,NA,NA,60,NA,NA,NA,NA,NA,W,N,4,0,1,3,A,-,03,22350,NA,N,C,C,A,A,D,-,A,D,0,NA,NA,NA,Y,Y,NA,G,27,0,0,1,0,0,0,0,0,0,-,-,34.03055953979492,-117.61289978027344,SAN BERNARDINO,ONTARIO,-117.61289978027344,34.030635833740234
91282106,2020,2020-08-07,9855,2020-08-03,1540,021156,NA,1,2,6,3604,0,1,1,NA,2,101,I-10 E/B (SAN BERNARDINO FWY),CHERRY AVE.,800,W,N,A,-,Y,NA,NA,10,NA,NA,NA,NA,NA,E,Y,4,0,1,4,A,-,03,22350,NA,N,C,C,A,A,H,-,A,D,0,NA,NA,NA,NA,Y,NA,A,01,0,0,1,0,0,0,0,0,0,-,-,34.065608978271484,-117.49497222900392,SAN BERNARDINO,FONTANA,-117.49497222900392,34.06563186645508
91282537,2020,2020-08-07,9860,2020-08-01,0748,016651,NA,6,1,9,3600,0,1,1,NA,2,152,I-15 S/B,SR-138,7392,N,N,A,-,Y,NA,NA,15,NA,NA,NA,NA,NA,S,Y,2,0,1,2,A,-,08,22107,NA,N,B,C,A,A,H,-,A,D,0,NA,NA,NA,NA,Y,NA,A,01,1,0,0,0,0,0,0,0,0,-,-,34.330909729003906,-117.482421875,SAN BERNARDINO,UNINCORPORATED,-117.48247528076172,34.330909729003906
91282546,2020,2020-08-07,9860,2020-08-04,2130,014777,NA,2,2,9,3600,0,2,4,NA,2,411,CEDAR AVENUE,I-10 W/B TO CEDAR AVENUE,15,N,N,A,-,N,NA,NA,NA,NA,NA,NA,NA,NA,NA,Y,4,0,1,2,A,-,12,21453,A,N,D,C,A,A,H,-,C,A,0,NA,NA,NA,NA,Y,NA,A,01,0,0,1,0,0,0,0,0,0,-,-,34.06911087036133,-117.39620208740234,SAN BERNARDINO,UNINCORPORATED,-117.39608,34.069045
91282636,2020,2020-08-07,9855,2020-08-05,1650,015208,NA,3,2,6,3616,0,1,1,NA,2,201,SR-210 W/B (FOOTHILL FWY),DAY CREEK BLVD. U/C.,200,W,N,A,-,Y,NA,NA,210,NA,NA,NA,NA,NA,W,Y,4,0,1,2,A,-,07,21658,A,N,B,C,A,A,H,-,A,D,0,NA,NA,NA,NA,Y,NA,A,01,0,0,1,0,0,0,0,0,0,-,-,34.13676834106445,-117.54251098632813,SAN BERNARDINO,RANCHO CUCAMONGA,-117.54251098632813,34.13667297363281
91282892,2020,2020-08-10,9855,2020-07-31,0115,020690,NA,5,3,6,3607,0,1,3,NA,2,601,SR-60 E/B (POMONA FWY),GROVE AVE.,50,E,N,A,-,Y,NA,NA,60,NA,NA,NA,NA,NA,E,Y,2,0,2,2,A,-,01,23152,A,N,C,C,A,A,H,-,D,A,0,NA,NA,NA,NA,Y,Y,A,01,1,1,0,0,0,0,0,0,0,-,-,34.03028869628906,-117.62789154052734,SAN BERNARDINO,ONTARIO,-117.62789154052734,34.030391693115234
91283193,2020,2020-08-10,9855,2020-07-31,2200,021483,NA,5,3,6,3607,0,1,1,NA,2,152,I-15 N/B (ONTARIO FWY),PHILADELPHIA ST.,10,N,N,A,-,Y,NA,NA,15,NA,NA,NA,NA,NA,N,Y,3,0,1,1,C,-,18,NA,NA,N,E,J,A,A,H,-,C,D,0,NA,NA,NA,NA,Y,NA,-,-,0,1,0,0,0,0,0,0,0,-,-,34.0335807800293,-117.55001068115234,SAN BERNARDINO,ONTARIO,-117.54998779296876,34.0335807800293
9128460,2020,2020-11-03,3600,2020-06-19,1047,G6919,VC057,5,5,5,3612,0,0,0,NA,0,VC5,PALMDALE RD,EL EVADO RD,288,E,N,A,-,Y,SBD,8,18,-,-,97.89,H,-,N,N,4,0,1,2,A,-,09,21804,A,N,D,C,A,A,H,-,A,D,0,NA,NA,Y,NA,Y,NA,D,22,0,0,1,0,0,0,0,0,1,-,-,NA,NA,SAN BERNARDINO,VICTORVILLE,-117.34571075439452,34.506744384765625
91284629,2020,2020-08-12,9860,2020-07-27,1825,020051,NA,1,2,6,3610,0,1,1,NA,2,216,I-215 S/B,SR-210,68,N,N,A,-,Y,NA,NA,215,NA,NA,NA,NA,NA,S,Y,4,0,1,1,A,-,08,22107,NA,N,E,I,A,A,H,-,A,D,0,NA,NA,NA,NA,Y,NA,A,01,0,0,1,0,0,0,0,0,0,-,-,34.144779205322266,-117.3197021484375,SAN BERNARDINO,SAN BERNARDINO,-117.31959533691406,34.14484405517578
9128472,2020,2020-09-23,3610,2020-06-17,1018,50700,NA,3,5,6,3610,0,0,0,NA,0,POLICE,RT 10,REDLANDS BL,21,N,N,B,-,Y,SBD,8,10,-,-,25.193,R,3,E,N,4,0,1,2,A,-,03,22350,NA,F,C,C,A,A,H,-,A,A,0,NA,NA,NA,NA,Y,NA,D,22,0,0,1,0,0,0,0,0,0,SF,-,34.06332015991211,-117.28234100341795,SAN BERNARDINO,SAN BERNARDINO,-117.28020477294922,34.06404113769531
91285035,2020,2020-08-12,9855,2020-08-02,2132,021732,NA,7,2,6,3616,0,1,1,NA,2,152,I-15 N/B (ONTARIO FWY),VICTORIA ST.,1056,N,N,A,-,Y,NA,NA,15,NA,NA,NA,NA,NA,N,Y,3,0,2,2,A,-,01,23152,A,N,C,C,A,A,H,-,D,D,0,NA,NA,NA,NA,Y,Y,A,01,0,1,1,0,0,0,0,0,0,-,-,34.1303596496582,-117.50292205810548,SAN BERNARDINO,RANCHO CUCAMONGA,-117.50289154052734,34.13032913208008
91285086,2020,2020-08-12,9855,2020-08-03,1143,014637,NA,1,1,6,3604,0,1,1,NA,2,153,I-15 S/B (ONTARIO FWY),DUNCAN CANYON RD.,1500,N,N,A,-,Y,NA,NA,15,NA,NA,NA,NA,NA,S,Y,4,0,1,2,A,-,07,21658,A,N,B,C,A,A,H,-,A,D,0,NA,NA,NA,NA,Y,NA,D,22,0,0,1,0,0,0,0,0,0,-,-,34.16910934448242,-117.456787109375,SAN BERNARDINO,FONTANA,-117.45674896240234,34.1690559387207
9128613,2020,2020-10-09,3600,2020-09-21,1258,E8923,SB201,1,5,4,3618,0,0,0,NA,0,HI2,VICTORIA AV,HIGHLAND AV,20,N,N,A,-,N,NA,NA,NA,NA,NA,NA,NA,NA,NA,N,4,0,1,2,A,-,03,22350,NA,N,C,C,A,A,H,-,A,A,0,NA,NA,NA,NA,Y,NA,J,48,0,0,1,0,0,0,0,0,0,-,-,34.150909423828125,-117.22566986083984,SAN BERNARDINO,HIGHLAND,-117.2261962890625,34.13588333129883
91286889,2020,2020-08-17,9860,2020-08-06,0725,016658,NA,4,1,6,3610,0,1,1,NA,2,202,SR-210 E/B,VALENCIA AVE,121,E,N,B,-,Y,NA,NA,210,NA,NA,NA,NA,NA,E,Y,3,0,1,1,A,-,08,22107,NA,N,E,I,A,A,H,-,A,D,0,NA,NA,NA,NA,Y,NA,A,07,0,1,0,0,0,0,0,0,0,-,-,34.14466094970703,-117.27197265625,SAN BERNARDINO,SAN BERNARDINO,-117.27196502685548,34.14473342895508
91287522,2020,2020-08-17,9870,2020-08-11,0600,016935,NA,2,1,9,3600,0,2,4,NA,2,042,AMBOY ROAD,MORGAN ROAD,250,W,N,A,-,N,NA,NA,NA,NA,NA,NA,NA,NA,NA,Y,3,0,1,1,A,-,01,23152,A,N,E,I,A,A,D,-,D,D,0,NA,NA,NA,NA,Y,Y,A,07,0,1,0,0,0,0,0,0,0,-,-,34.16535186767578,-115.82192230224608,SAN BERNARDINO,UNINCORPORATED,-115.822265625,34.165470123291016
91287717,2020,2020-08-17,9860,2020-08-11,0955,016651,NA,2,1,5,3609,0,1,1,NA,2,201,SR-210 E/B,CACTUS AVE,50,W,N,A,-,Y,NA,NA,210,NA,NA,NA,NA,NA,E,Y,4,0,1,2,A,-,07,21658,A,N,C,C,A,A,H,-,A,D,0,NA,NA,NA,Y,Y,NA,A,01,0,0,1,0,0,0,0,0,0,-,-,34.13560104370117,-117.384033203125,SAN BERNARDINO,RIALTO,-117.38402557373048,34.13567352294922
91288104,2020,2020-08-18,9835,2020-08-13,0940,022379,NA,4,1,9,3600,0,1,1,NA,2,074,I-15 S/B,RASORD,1267,S,N,A,-,Y,NA,NA,15,NA,NA,NA,NA,NA,S,Y,3,0,2,1,A,-,08,22107,NA,N,E,I,A,A,H,-,A,D,0,NA,NA,NA,NA,Y,NA,A,01,0,2,0,0,0,0,0,0,0,-,-,35.130741119384766,-116.21491241455078,SAN BERNARDINO,UNINCORPORATED,-116.21488189697266,35.130699157714844
91291361,2020,2020-08-24,9855,2020-08-14,1530,021978,NA,5,2,6,3607,0,1,1,NA,2,103,I-10 E/B (SAN BERNARDINO FWY),GROVE AVE.,300,W,N,A,-,Y,NA,NA,10,NA,NA,NA,NA,NA,E,Y,4,0,1,2,A,-,04,21703,NA,N,C,C,A,A,H,-,A,D,0,NA,NA,NA,NA,Y,NA,A,01,0,0,1,0,0,0,0,0,0,-,-,34.08121109008789,-117.62976837158205,SAN BERNARDINO,ONTARIO,-117.62977600097656,34.08119583129883
91291843,2020,2020-08-25,9850,2020-08-15,1612,022510,NA,6,2,9,3600,0,1,3,NA,2,044,OLD WOMAN SPRINGS RD,SR-18,10,W,N,A,-,N,NA,NA,NA,NA,NA,NA,NA,NA,NA,Y,4,0,1,2,A,-,09,21804,A,N,D,A,A,A,H,-,A,D,0,NA,NA,NA,NA,Y,NA,D,22,0,0,1,0,0,0,0,0,0,-,-,34.443870544433594,-116.9498291015625,SAN BERNARDINO,UNINCORPORATED,NA,NA
91292400,2020,2020-08-25,9855,2020-08-08,0205,021483,NA,6,3,6,3616,0,1,1,NA,2,152,I-15 S/B (ONTARIO FWY),FOOTHILL BLVD.,100,N,N,A,-,Y,NA,NA,15,NA,NA,NA,NA,NA,S,Y,3,0,1,2,A,-,01,23152,A,M,C,C,A,A,H,-,C,D,0,NA,NA,NA,Y,Y,Y,A,01,0,1,0,0,0,0,0,0,0,-,-,34.10667037963867,-117.53195190429688,SAN BERNARDINO,RANCHO CUCAMONGA,-117.53197479248048,34.10669708251953
91292996,2020,2020-08-26,9855,2020-08-15,0855,017781,NA,6,1,9,3600,0,3,5,NA,2,001,WHITTRAM AVE. (14900 BLOCK),LIVE OAK AVE.,135,E,N,A,-,N,NA,NA,NA,NA,NA,NA,NA,NA,NA,Y,4,0,1,2,A,-,09,21801,A,N,D,C,A,A,H,-,A,D,0,NA,NA,NA,NA,Y,NA,A,01,0,0,1,0,0,0,0,0,0,-,-,34.09577941894531,-117.4795379638672,SAN BERNARDINO,UNINCORPORATED,-117.47966766357422,34.09571075439453
91293599,2020,2020-08-27,9865,2020-08-22,1800,020725,NA,6,2,9,3600,0,1,3,NA,2,031,SR-38,STANFIELD CUTOFF,53,W,N,A,-,Y,NA,NA,NA,NA,NA,NA,NA,NA,NA,Y,2,0,5,2,A,-,05,21460,A,N,A,C,A,A,H,-,A,D,0,NA,NA,NA,NA,Y,NA,A,01,1,2,2,0,0,0,0,0,0,-,-,NA,NA,SAN BERNARDINO,UNINCORPORATED,-116.88567352294922,34.26239776611328
91295729,2020,2020-08-31,9860,2020-08-22,2226,020572,NA,6,3,6,3610,0,1,1,NA,2,104,I-10 W/B,TIPPECANOE AVE,320,W,N,A,-,Y,NA,NA,10,NA,NA,NA,NA,NA,W,Y,4,0,2,2,C,-,18,NA,NA,N,C,C,A,A,H,-,C,D,0,NA,NA,NA,NA,Y,NA,-,-,0,0,2,0,0,0,0,0,0,-,-,34.06439971923828,-117.26232147216795,SAN BERNARDINO,SAN BERNARDINO,-117.26232147216795,34.064422607421875
91295820,2020,2020-08-31,9860,2020-08-29,1245,019321,NA,6,1,6,3610,0,1,1,NA,2,202,SR-210 E/B,WATERMAN AVE.,1584,W,N,A,-,Y,NA,NA,210,NA,NA,NA,NA,NA,E,Y,3,0,1,2,A,-,03,22350,NA,N,C,C,A,A,H,-,A,D,0,NA,NA,NA,NA,Y,NA,A,01,0,1,0,0,0,0,0,0,0,-,-,34.14516067504883,-117.28321075439452,SAN BERNARDINO,SAN BERNARDINO,-117.28321075439452,34.14521789550781
91295940,2020,2020-08-31,9855,2020-08-21,1619,016051,NA,5,2,5,3602,0,1,3,NA,2,603,SR-60 E/B (POMONA FWY),SAN ANTONIO CREEK,255,W,N,A,-,Y,NA,NA,60,NA,NA,NA,NA,NA,E,Y,3,0,1,3,A,-,07,21658,A,N,B,C,A,A,H,-,A,D,0,NA,NA,Y,NA,Y,NA,A,07,0,1,0,0,0,0,0,0,1,-,-,34.025081634521484,-117.7289581298828,SAN BERNARDINO,CHINO,-117.7289581298828,34.025062561035156
91296329,2020,2020-08-31,9850,2020-08-23,2045,021878,NA,7,2,5,3619,0,1,1,NA,2,082,I-15 S/B,MAIN STREET,695,S,N,A,-,Y,NA,NA,15,NA,NA,NA,NA,NA,S,Y,3,0,2,2,A,-,01,23152,A,N,C,C,A,A,H,-,C,D,0,NA,NA,NA,NA,Y,Y,A,07,0,1,1,0,0,0,0,0,0,-,-,34.424869537353516,-117.38192749023438,SAN BERNARDINO,HESPERIA,-117.38198089599608,34.42491149902344
91297814,2020,2020-10-13,9855,2020-08-24,2335,018000,NA,1,3,6,3607,0,1,3,NA,2,601,SR-60 E/B (POMONA FWY),VINEYARD AVE.,2605,W,N,A,-,Y,NA,NA,60,NA,NA,NA,NA,NA,E,Y,4,0,1,2,A,-,07,21658,A,N,B,C,A,A,H,-,C,D,0,NA,NA,NA,Y,Y,NA,G,25,0,0,1,0,0,0,0,0,0,-,-,34.03036880493164,-117.61975860595705,SAN BERNARDINO,ONTARIO,-117.61975860595705,34.03042221069336
91298717,2020,2020-09-03,9860,2020-08-27,0840,019269,NA,4,1,5,3608,0,1,1,NA,2,203,SR-210 E/B TO I-10 W/B,ALABAMA ST,1584,E,N,A,-,Y,NA,NA,NA,NA,NA,NA,NA,NA,NA,Y,3,0,1,1,A,-,03,22350,NA,N,F,A,A,A,H,-,A,D,0,NA,NA,NA,Y,Y,NA,G,75,0,1,0,0,0,0,0,0,0,-,-,34.0671501159668,-117.20411682128906,SAN BERNARDINO,REDLANDS,-117.2956085205078,34.1454963684082
91298763,2020,2020-09-03,9860,2020-08-25,2005,019674,NA,2,2,4,3640,0,1,1,NA,2,106,I-10 E/B,COUNTY LINE RD,2640,W,N,A,-,Y,NA,NA,10,NA,NA,NA,NA,NA,E,N,4,0,1,2,A,-,03,22350,NA,N,C,C,A,A,D,-,D,D,0,NA,NA,NA,NA,Y,NA,A,08,0,0,1,0,0,0,0,0,0,-,-,34.010250091552734,-117.06922912597656,SAN BERNARDINO,YUCAIPA,-117.06926727294922,34.01020812988281
91299568,2020,2020-09-04,9860,2020-08-29,1430,020346,NA,6,2,5,3608,0,1,1,NA,2,105,I-10 W/B,TENNESSEE ST,2000,E,N,A,-,Y,NA,NA,10,NA,NA,NA,NA,NA,W,Y,4,0,1,2,A,-,07,21658,A,N,B,C,A,A,H,-,A,D,0,NA,NA,NA,NA,Y,NA,A,01,0,0,1,0,0,0,0,0,0,-,-,34.0630989074707,-117.19599151611328,SAN BERNARDINO,REDLANDS,-117.1959991455078,34.06308364868164
91299791,2020,2020-09-07,9860,2020-07-31,2205,021169,NA,5,3,9,3600,0,1,1,NA,2,151,I-15 N/B,KENWOOD AVE,330,S,N,A,-,Y,NA,NA,15,NA,NA,NA,NA,NA,N,N,4,0,1,2,A,-,07,21658,A,F,B,C,A,A,H,-,D,D,0,NA,NA,Y,NA,Y,NA,A,01,0,0,1,0,0,0,0,0,1,-,-,34.236141204833984,-117.42418670654295,SAN BERNARDINO,UNINCORPORATED,-117.42417144775392,34.23616409301758
91299901,2020,2020-09-07,9860,2020-08-26,1955,019419,NA,3,2,9,3600,0,1,1,NA,2,151,I-15 N/B,KENWOOD AVE,3854,N,N,A,-,Y,NA,NA,15,NA,NA,NA,NA,NA,N,Y,3,0,1,2,A,-,03,22350,NA,F,C,C,A,A,H,-,D,D,0,NA,NA,NA,NA,Y,NA,A,01,0,1,0,0,0,0,0,0,0,-,-,34.24433135986328,-117.43418884277344,SAN BERNARDINO,UNINCORPORATED,-117.43428802490234,34.24422836303711
91300011,2020,2020-09-08,9855,2020-08-29,2325,020664,NA,6,3,6,3616,0,1,1,NA,2,201,SR-210 E/B (FOOTHILL FWY),DAY CREEK BLVD.,1000,W,N,A,-,Y,NA,NA,210,NA,NA,NA,NA,NA,E,Y,3,0,1,2,A,-,01,23152,A,N,C,C,A,A,H,-,C,D,0,NA,NA,NA,NA,Y,Y,A,01,0,1,0,0,0,0,0,0,0,-,-,34.13645935058594,-117.54991149902344,SAN BERNARDINO,RANCHO CUCAMONGA,-117.54991149902344,34.13648223876953
9130060,2020,2020-11-17,3610,2020-07-14,0254,51136,NA,2,5,6,3610,0,0,0,NA,0,POLICE,W MILL ST,S ARROWHEAD AV,0,NA,Y,A,-,N,NA,NA,NA,NA,NA,NA,NA,NA,NA,Y,3,0,2,2,A,-,12,21453,A,N,F,C,A,A,H,-,C,A,0,NA,NA,NA,NA,Y,NA,A,01,0,2,0,0,0,0,0,0,0,-,-,34.092140197753906,-117.28964233398438,SAN BERNARDINO,SAN BERNARDINO,-117.28965759277344,34.0921516418457
9130403,2020,2020-11-05,3600,2020-07-24,1844,D3381,VC074,5,5,5,3612,0,0,0,NA,0,VC6,MOJAVE DR,AMARGOSA RD,0,NA,Y,A,-,N,NA,NA,NA,NA,NA,NA,NA,NA,NA,Y,4,0,1,3,A,-,01,23152,A,N,B,C,A,A,H,-,A,A,0,NA,NA,NA,NA,Y,Y,A,07,0,0,1,0,0,0,0,0,0,-,-,NA,NA,SAN BERNARDINO,VICTORVILLE,-117.33039093017578,34.52865982055664
91304367,2020,2020-09-14,9835,2020-09-05,1245,022078,NA,6,1,9,3600,0,3,5,NA,2,034,DAGGETT-YERMO RD,AGATE RD,1742,S,N,A,-,N,NA,NA,NA,NA,NA,NA,NA,NA,NA,Y,3,0,1,1,A,-,08,22107,NA,N,F,A,A,A,H,-,A,D,0,NA,NA,NA,NA,Y,NA,A,01,0,1,0,0,0,0,0,0,0,-,-,34.876739501953125,-116.88883972167967,SAN BERNARDINO,UNINCORPORATED,-116.88866424560548,34.87696838378906
91304948,2020,2020-09-15,9855,2020-09-08,1835,020002,NA,2,2,6,3616,0,1,1,NA,2,203,SR-210 E/B (FOOTHILL FWY),CARNELIAN ST.,1500,W,N,A,-,Y,NA,NA,210,NA,NA,NA,NA,NA,E,Y,4,0,1,2,A,-,03,22350,NA,N,C,C,A,A,H,-,A,D,0,NA,NA,NA,NA,Y,NA,A,01,0,0,1,0,0,0,0,0,0,-,-,34.13473129272461,-117.62217712402344,SAN BERNARDINO,RANCHO CUCAMONGA,-117.62217712402344,34.134761810302734
91305003,2020,2020-09-15,9835,2020-09-06,0545,022218,NA,7,3,9,3600,0,1,1,NA,2,073,INTERSTATE 15 NORTHBOUND,BASIN ROAD,9504,S,N,A,-,Y,NA,NA,15,NA,NA,NA,NA,NA,N,Y,2,0,4,2,A,-,01,23153,A,N,C,C,A,A,H,-,D,D,0,NA,NA,NA,NA,Y,Y,A,01,2,2,0,0,0,0,0,0,0,-,-,35.096981048583984,-116.29624938964844,SAN BERNARDINO,UNINCORPORATED,-116.29625701904295,35.09699630737305
91305770,2020,2020-09-16,9860,2020-09-07,1030,016536,NA,1,1,9,3600,0,3,5,NA,2,003,TIPPECANOE AVE,3RD ST.,0,NA,Y,A,-,N,NA,NA,NA,NA,NA,NA,NA,NA,NA,Y,4,0,1,2,A,-,12,21453,A,N,D,C,A,A,H,-,A,A,0,NA,NA,NA,NA,Y,NA,A,01,0,0,1,0,0,0,0,0,0,-,-,34.10456848144531,-117.25965881347656,SAN BERNARDINO,UNINCORPORATED,-117.25965118408205,34.10456085205078
91306683,2020,2020-09-17,9855,2020-09-13,2010,020564,NA,7,2,6,3616,0,1,1,NA,2,203,SR-210 E/B (FOOTHILL FWY),ARCHIBALD AVE.,2000,W,N,A,-,Y,NA,NA,210,NA,NA,NA,NA,NA,E,N,4,0,1,2,A,-,07,21658,A,F,B,C,A,A,H,-,C,D,0,NA,NA,NA,NA,Y,NA,-,99,0,0,1,0,0,0,0,0,0,-,-,34.1348991394043,-117.60057067871094,SAN BERNARDINO,RANCHO CUCAMONGA,-117.60057067871094,34.1348991394043
91307142,2020,2020-09-18,9850,2020-09-13,1650,022256,NA,7,2,5,3612,0,1,1,NA,2,083,I-15 S/B FROM D STREET,D ST,950,S,N,A,-,Y,NA,NA,15,NA,NA,NA,R,NA,S,Y,2,0,1,1,A,-,08,22107,NA,N,F,A,A,A,H,-,A,D,0,NA,NA,Y,NA,Y,NA,C,02,1,0,0,0,0,0,0,0,1,-,-,34.544498443603516,-117.30393981933594,SAN BERNARDINO,VICTORVILLE,-117.30393981933594,34.544498443603516
91307319,2020,2020-09-18,9834,2020-08-28,2108,018163,NA,5,2,9,3600,0,1,1,NA,2,042,INTERSTATE 40 EASTBOUND,WATER ROAD,5280,W,N,B,-,Y,NA,NA,40,NA,NA,NA,NA,NA,E,Y,1,1,1,1,A,-,08,22107,NA,N,E,I,A,A,H,-,D,D,0,NA,NA,NA,NA,Y,NA,D,22,1,0,0,0,0,0,0,0,0,-,-,34.840450286865234,-114.98635864257813,SAN BERNARDINO,UNINCORPORATED,-114.98638153076172,34.84052276611328
91307373,2020,2020-09-18,9860,2020-09-08,1120,020051,NA,2,1,9,3600,0,3,5,NA,2,002,BLAKE ST.,DUFFY ST,172,E,N,B,-,N,NA,NA,NA,NA,NA,NA,NA,NA,NA,Y,3,0,1,1,A,-,08,22107,NA,N,E,J,A,A,H,-,A,D,0,NA,NA,NA,NA,Y,NA,A,07,0,1,0,0,0,0,0,0,0,-,-,34.15053939819336,-117.34358215332033,SAN BERNARDINO,UNINCORPORATED,-117.34363555908205,34.15056610107422
91307683,2020,2020-09-21,9860,2020-09-18,1435,019725,NA,5,2,6,3610,0,1,1,NA,2,103,I-10 W/B,HUNTS LN,600,E,N,A,-,Y,NA,NA,10,NA,NA,NA,NA,NA,W,N,4,0,1,3,A,-,04,21703,NA,N,C,C,A,A,H,-,A,D,0,NA,NA,NA,NA,Y,NA,D,22,0,0,1,0,0,0,0,0,0,-,-,34.06401062011719,-117.284912109375,SAN BERNARDINO,SAN BERNARDINO,-117.28490447998048,34.063934326171875
91308006,2020,2020-09-21,9850,2020-09-18,2259,020648,NA,5,3,5,3612,0,1,1,NA,2,084,INTERSTATE 15 N/B TO STODDARD WELLS RD,STODDARD WELLS RD (SOUTH),835,N,N,A,-,Y,NA,NA,15,NA,NA,NA,R,NA,N,Y,4,0,1,1,A,-,01,23152,F,N,E,I,A,A,H,-,C,D,0,NA,NA,NA,NA,Y,NA,A,07,0,0,1,0,0,0,0,0,0,-,-,34.55615997314453,-117.28790283203124,SAN BERNARDINO,VICTORVILLE,-117.28790283203124,34.55615997314453
9130918,2020,2020-10-05,3600,2020-07-28,0831,G8549,HI04,2,5,4,3618,0,0,0,NA,0,HI2,5TH ST,PALM AV,0,NA,Y,A,-,N,NA,NA,NA,NA,NA,NA,NA,NA,NA,Y,4,0,2,2,A,-,12,21453,A,N,D,C,A,A,C,-,A,A,0,NA,NA,NA,NA,Y,NA,A,08,0,0,2,0,0,0,0,0,0,-,-,34.10797882080078,-117.20879364013672,SAN BERNARDINO,HIGHLAND,-117.20880126953124,34.107879638671875
91310818,2020,2020-09-24,9850,2020-09-13,1340,017730,NA,7,1,9,3600,0,2,4,NA,2,066,PHELAN ROAD,LILAC ROAD,30,E,N,A,-,N,NA,NA,NA,NA,NA,NA,NA,NA,NA,Y,2,0,5,3,A,-,09,21802,A,N,D,C,A,A,H,-,A,A,0,NA,NA,NA,NA,Y,NA,D,22,1,0,4,0,0,0,0,0,0,-,-,34.42667007446289,-117.42086029052734,SAN BERNARDINO,UNINCORPORATED,-117.54489135742188,34.42646026611328