CASE_ID,ACCIDENT_YEAR,PROC_DATE,JURIS,COLLISION_DATE,COLLISION_TIME,OFFICER_ID,REPORTING_DISTRICT,DAY_OF_WEEK,CHP_SHIFT,POPULATION,CNTY_CITY_LOC,SPECIAL_COND,BEAT_TYPE,CHP_BEAT_TYPE,CITY_DIVISION_LAPD,CHP_BEAT_CLASS,BEAT_NUMBER,PRIMARY_RD,SECONDARY_RD,DISTANCE,DIRECTION,INTERSECTION,WEATHER_1,WEATHER_2,STATE_HWY_IND,CALTRANS_COUNTY,CALTRANS_DISTRICT,STATE_ROUTE,ROUTE_SUFFIX,POSTMILE_PREFIX,POSTMILE,LOCATION_TYPE,RAMP_INTERSECTION,SIDE_OF_HWY,TOW_AWAY,COLLISION_SEVERITY,NUMBER_KILLED,NUMBER_INJURED,PARTY_COUNT,PRIMARY_COLL_FACTOR,PCF_CODE_OF_VIOL,PCF_VIOL_CATEGORY,PCF_VIOLATION,PCF_VIOL_SUBSECTION,HIT_AND_RUN,TYPE_OF_COLLISION,MVIW,PED_ACTION,ROAD_SURFACE,ROAD_COND_1,ROAD_COND_2,LIGHTING,CONTROL_DEVICE,CHP_ROAD_TYPE,PEDESTRIAN_ACCIDENT,BICYCLE_ACCIDENT,MOTORCYCLE_ACCIDENT,TRUCK_ACCIDENT,NOT_PRIVATE_PROPERTY,ALCOHOL_INVOLVED,STWD_VEHTYPE_AT_FAULT,CHP_VEHTYPE_AT_FAULT,COUNT_SEVERE_INJ,COUNT_VISIBLE_INJ,COUNT_COMPLAINT_PAIN,COUNT_PED_KILLED,COUNT_PED_INJURED,COUNT_BICYCLIST_KILLED,COUNT_BICYCLIST_INJURED,COUNT_MC_KILLED,COUNT_MC_INJURED,PRIMARY_RAMP,SECONDARY_RAMP,LATITUDE,LONGITUDE,COUNTY,CITY,POINT_X,POINT_Y
9139435,2020,2020-10-12,3600,2020-08-02,1535,G9467,AP026,7,5,5,3621,0,0,0,NA,0,AP3,BEAR VALLEY RD,JESS RANCH PKWY,0,NA,Y,A,-,N,NA,NA,NA,NA,NA,NA,NA,NA,NA,Y,4,0,1,3,A,-,12,21453,A,N,D,C,A,A,H,-,A,A,0,NA,NA,NA,NA,Y,NA,A,01,0,0,1,0,0,0,0,0,0,-,-,NA,NA,SAN BERNARDINO,APPLE VALLEY,-117.24916076660156,34.471099853515625
91398423,2021,2021-01-29,9860,2021-01-24,0130,022583,NA,7,3,6,3610,0,1,1,NA,2,104,I-10 W/B,TIPPECANOE AVE,2300,E,N,B,-,Y,NA,NA,10,NA,NA,NA,NA,NA,W,Y,4,0,1,1,A,-,01,23152,A,N,E,I,A,B,H,-,C,D,0,NA,NA,NA,NA,Y,Y,A,01,0,0,1,0,0,0,0,0,0,-,-,34.065738677978516,-117.25554656982422,SAN BERNARDINO,SAN BERNARDINO,-117.25557708740234,34.06585693359375
9139851,2020,2020-10-16,3604,2020-08-04,1932,1354,NA,2,5,6,3604,0,0,0,NA,0,NA,MARYGOLD AV,MANGO AV,30,W,N,A,-,N,NA,NA,NA,NA,NA,NA,NA,NA,NA,N,4,0,1,2,A,-,03,22350,NA,N,C,C,A,A,H,-,A,A,0,NA,NA,NA,NA,Y,NA,A,01,0,0,1,0,0,0,0,0,0,-,-,NA,NA,SAN BERNARDINO,FONTANA,-117.4314193725586,34.07398986816406
91398808,2021,2021-01-29,9855,2021-01-23,0501,020913,NA,6,3,6,3607,0,1,1,NA,2,152,I-15 N/B (ONTARIO FWY),JURUPA ST.,1775,S,N,C,-,Y,NA,NA,15,NA,NA,NA,NA,NA,N,Y,3,0,1,1,A,-,01,23152,A,N,E,I,A,B,H,-,D,D,0,NA,NA,NA,NA,Y,Y,A,01,0,1,0,0,0,0,0,0,0,-,-,34.0430908203125,-117.54989624023438,SAN BERNARDINO,ONTARIO,-117.55003356933594,34.0430908203125
91399074,2021,2021-02-01,9860,2021-01-15,1825,021638,NA,5,2,9,3600,0,1,1,NA,2,151,I-15 S/B,GLEN HELEN PKY,1192,S,N,A,-,Y,NA,NA,15,NA,NA,NA,NA,NA,S,Y,4,0,1,1,A,-,08,22107,NA,N,E,I,A,A,D,E,D,D,0,NA,NA,NA,NA,Y,NA,A,01,0,0,1,0,0,0,0,0,0,-,-,34.19934844970703,-117.41761016845705,SAN BERNARDINO,UNINCORPORATED,-117.41751098632813,34.19929122924805
91401465,2021,2021-02-03,9860,2021-01-23,2045,020346,NA,6,2,6,3610,0,1,1,NA,2,104,I-10 E/B,TIPPECANOE AVE,2000,W,N,B,C,Y,NA,NA,10,NA,NA,NA,NA,NA,E,Y,4,0,1,2,A,-,03,22350,NA,N,C,C,A,B,H,-,D,D,0,NA,NA,NA,NA,Y,NA,A,07,0,0,1,0,0,0,0,0,0,-,-,34.06364059448242,-117.26757049560548,SAN BERNARDINO,SAN BERNARDINO,-117.26757049560548,34.0637092590332
91402254,2021,2021-02-04,9860,2021-01-16,2030,020282,NA,6,2,9,3600,0,1,1,NA,2,202,SR-210 W/B,DEL ROSA AVE,235,E,N,A,-,Y,NA,NA,210,NA,NA,NA,NA,NA,W,Y,4,0,1,2,A,-,08,22107,NA,F,E,I,A,A,H,-,C,D,0,NA,NA,NA,NA,Y,NA,A,01,0,0,1,0,0,0,0,0,0,-,-,34.14226150512695,-117.25155639648438,SAN BERNARDINO,UNINCORPORATED,-117.25153350830078,34.1423225402832
9140283,2020,2020-09-21,3611,2020-04-06,1249,2325,3611,1,5,5,3611,0,0,0,NA,0,002,MOUNTAIN AV,9TH ST,0,NA,Y,B,C,N,NA,NA,NA,NA,NA,NA,NA,NA,NA,Y,4,0,1,2,A,-,12,21453,A,N,D,C,A,B,H,-,A,A,0,NA,NA,NA,NA,Y,NA,A,08,0,0,1,0,0,0,0,0,0,-,-,NA,NA,SAN BERNARDINO,UPLAND,-117.67024993896484,34.09600830078125
91403262,2021,2021-02-05,9855,2021-01-17,0521,020161,NA,7,3,6,3607,0,1,3,NA,2,601,SR-60 E/B (POMONA FWY),GROVE AVE.,990,W,N,A,-,Y,NA,NA,60,NA,NA,NA,NA,NA,E,Y,4,0,1,2,A,-,03,22350,NA,N,C,C,A,A,D,-,C,D,0,NA,NA,NA,NA,Y,Y,A,01,0,0,1,0,0,0,0,0,0,-,-,34.030391693115234,-117.62946319580078,SAN BERNARDINO,ONTARIO,-117.62946319580078,34.030391693115234
91404126,2021,2021-02-08,9855,2021-01-28,1120,014637,NA,4,1,6,3616,0,1,1,NA,2,201,SR-210 W/B (FOOTHILL FWY),ETIWANDA AVE.,0,NA,Y,B,-,Y,NA,NA,210,NA,NA,NA,NA,NA,W,Y,3,0,1,1,A,-,08,22107,NA,N,E,I,A,A,H,-,A,D,0,NA,NA,NA,NA,Y,NA,A,07,0,1,0,0,0,0,0,0,0,-,-,34.13655090332031,-117.52342224121094,SAN BERNARDINO,RANCHO CUCAMONGA,-117.52342224121094,34.13651657104492
91405502,2020,2021-02-09,9855,2020-09-27,2305,021233,NA,7,3,6,3607,0,1,1,NA,2,101,INTERSTATE 10 EASTBOUND,HAVEN AVENUE,1116,E,N,A,-,Y,NA,NA,10,NA,NA,NA,NA,NA,E,Y,1,1,1,2,A,-,11,21954,A,N,G,B,E,A,H,-,C,D,0,Y,NA,NA,NA,Y,NA,N,60,0,0,1,1,0,0,0,0,0,-,-,34.06745910644531,-117.57198333740234,SAN BERNARDINO,ONTARIO,-117.57198333740234,34.067440032958984
91406597,2021,2021-02-11,9860,2021-01-29,1945,019674,NA,5,2,5,3608,0,1,1,NA,2,105,I-10 W/B,UNIVERSITY ST,200,E,N,B,-,Y,NA,NA,10,NA,NA,NA,NA,NA,W,Y,3,0,1,2,A,-,03,22350,NA,F,C,C,A,A,H,-,D,D,0,NA,NA,NA,NA,Y,NA,-,99,0,1,0,0,0,0,0,0,0,-,-,34.05624008178711,-117.16613006591795,SAN BERNARDINO,REDLANDS,-117.16609191894533,34.05631637573242
91407237,2021,2021-02-11,9855,2021-01-21,2220,016215,NA,4,3,6,3607,0,1,3,NA,2,601,SR-60 E/B (POMONA FWY),ARCHIBALD AVE.,1325,E,N,A,-,Y,NA,NA,60,NA,NA,NA,NA,NA,E,Y,2,0,1,2,A,-,01,23153,A,F,B,C,A,A,D,-,C,D,0,NA,NA,Y,NA,Y,Y,A,01,1,0,0,0,0,0,0,0,1,-,-,34.03049850463867,-117.59100341796876,SAN BERNARDINO,ONTARIO,-117.59100341796876,34.03053283691406
91407588,2021,2021-02-12,9855,2021-01-31,1040,017323,NA,7,1,6,3607,0,1,1,NA,2,101,I-10 E/B (SAN BERNARDINO FWY),MILLIKEN AVE.,1056,W,N,A,-,Y,NA,NA,10,NA,NA,NA,NA,NA,E,Y,4,0,1,5,A,-,03,22350,NA,N,C,C,A,A,D,-,A,D,0,NA,NA,NA,Y,Y,NA,D,22,0,0,1,0,0,0,0,0,0,-,-,34.06734848022461,-117.56919097900392,SAN BERNARDINO,ONTARIO,-117.56919097900392,34.067420959472656
91408113,2021,2021-02-15,9860,2021-01-28,1605,019725,NA,4,2,9,3600,0,3,5,NA,2,002,CAJON BLVD,DEVORE ROAD,200,S,N,A,-,N,NA,NA,NA,NA,NA,NA,NA,NA,NA,N,2,0,1,1,C,-,18,NA,NA,N,G,B,A,A,H,-,A,D,0,NA,NA,NA,Y,Y,NA,-,-,1,0,0,0,0,0,0,0,0,-,-,34.219818115234375,-117.40157318115234,SAN BERNARDINO,UNINCORPORATED,-117.40184020996094,34.220035552978516
91408120,2021,2021-02-15,9860,2021-02-01,1455,021638,NA,1,2,9,3600,0,2,4,NA,1,410,VALLEY BLVD,LOCUST AVE,1056,E,N,A,-,N,NA,NA,NA,NA,NA,NA,NA,NA,NA,Y,4,0,2,3,A,-,03,22350,NA,N,C,C,A,A,H,-,A,D,0,NA,NA,NA,NA,Y,NA,A,01,0,0,2,0,0,0,0,0,0,-,-,34.07054138183594,-117.40621185302734,SAN BERNARDINO,UNINCORPORATED,-117.40604400634766,34.07046127319336
91409381,2021,2021-02-16,9850,2021-02-09,1640,021675,NA,2,2,9,3600,0,1,1,NA,2,084,I-15 S/B,WILD WASH RD,5280,S,N,A,-,Y,NA,NA,15,NA,NA,NA,NA,NA,S,Y,4,0,2,1,A,-,08,22107,NA,N,E,I,A,A,H,-,A,D,0,NA,NA,NA,NA,Y,NA,A,01,0,0,2,0,0,0,0,0,0,-,-,34.68648147583008,-117.2129364013672,SAN BERNARDINO,UNINCORPORATED,-117.21306610107422,34.68650436401367
9140967,2020,2020-09-17,3609,2020-07-04,1644,9826,RI099,6,5,5,3609,0,0,0,NA,0,002,RIVERSIDE AV,BASELINE RD,118,N,N,A,-,N,NA,NA,NA,NA,NA,NA,NA,NA,NA,N,4,0,2,2,A,-,11,21954,A,N,G,B,D,A,H,-,A,A,0,Y,NA,NA,NA,Y,NA,N,60,0,0,2,0,1,0,0,0,0,-,-,34.121910095214844,-117.37039947509766,SAN BERNARDINO,RIALTO,-117.37042236328124,34.121673583984375
91412173,2021,2021-02-22,9860,2021-02-20,0900,019419,NA,6,1,9,3600,0,2,4,NA,1,131,LYTLE CREEK RD,GLEN HELEN PKY,9504,N,N,A,-,Y,NA,NA,NA,NA,NA,NA,NA,NA,NA,Y,4,0,1,2,A,-,05,21460,A,N,B,C,A,A,H,-,A,D,0,NA,NA,NA,NA,Y,NA,A,01,0,0,1,0,0,0,0,0,0,-,-,34.21335983276367,-117.45723724365234,SAN BERNARDINO,UNINCORPORATED,-117.45669555664063,34.20809555053711
91413891,2021,2021-02-23,9860,2021-02-11,1815,019674,NA,4,2,5,3608,0,1,1,NA,2,104,I-10 E/B,CALIFORNIA ST,1056,W,N,A,-,Y,NA,NA,10,NA,NA,NA,NA,NA,E,N,4,0,3,2,A,-,03,22350,NA,N,C,C,A,A,H,-,D,D,0,NA,NA,NA,NA,Y,NA,D,22,0,0,3,0,0,0,0,0,0,-,-,34.06658172607422,-117.22998809814452,SAN BERNARDINO,REDLANDS,-117.22998809814452,34.06650924682617
91414291,2021,2021-02-24,9850,2021-02-16,1720,021878,NA,2,2,9,3600,0,2,4,NA,2,066,PHELAN ROAD,BARADA ROAD,57,E,N,A,-,N,NA,NA,NA,NA,NA,NA,NA,NA,NA,Y,2,0,1,2,A,-,08,22107,NA,N,B,C,A,A,H,-,A,D,0,NA,NA,Y,NA,Y,NA,A,07,1,0,0,0,0,0,0,0,1,-,-,34.42660140991211,-117.4472885131836,SAN BERNARDINO,UNINCORPORATED,-117.44731903076172,34.426551818847656
91415557,2021,2021-02-25,9855,2021-02-17,1350,019675,NA,3,1,5,3611,0,1,1,NA,2,103,I-10 E/B (SAN BERNARDINO FWY),CENTRAL AVE.,2000,E,N,A,-,Y,NA,NA,10,NA,NA,NA,NA,NA,E,N,4,0,1,2,A,-,03,22350,NA,N,C,C,A,A,D,-,A,D,0,NA,NA,NA,NA,Y,NA,A,08,0,0,1,0,0,0,0,0,0,-,-,34.08721160888672,-117.68309783935548,SAN BERNARDINO,UPLAND,-117.68309783935548,34.08713150024414
91416888,2021,2021-02-26,9855,2021-02-16,0740,014980,NA,2,1,5,3602,0,1,3,NA,2,603,SR-60 W/B (POMONA FWY),CENTRAL AVE.,2500,E,N,A,-,Y,NA,NA,60,NA,NA,NA,NA,NA,W,Y,4,0,1,3,A,-,03,22350,NA,N,C,C,A,A,D,-,A,D,0,NA,NA,NA,NA,Y,NA,A,01,0,0,1,0,0,0,0,0,0,-,-,34.03036117553711,-117.68328094482422,SAN BERNARDINO,CHINO,-117.68328094482422,34.030426025390625
9141751,2020,2020-10-26,3605,2020-08-14,2011,382,NA,5,5,4,3605,0,0,0,NA,0,NA,MISSION BL,RAMONA AV,204,W,N,A,-,N,NA,NA,NA,NA,NA,NA,NA,NA,NA,N,3,0,1,2,A,-,09,21804,A,N,-,-,A,A,H,-,B,-,0,NA,Y,NA,NA,Y,NA,A,01,0,1,0,0,0,0,1,0,0,-,-,NA,NA,SAN BERNARDINO,MONTCLAIR,-117.70758056640624,34.05604934692383
91422269,2020,2021-03-08,9870,2020-11-26,1725,021650,NA,4,2,9,3600,0,3,5,NA,2,002,BELFIELD BOULEVARD,ENCANTADO ROAD,242,S,N,A,-,N,NA,NA,NA,NA,NA,NA,NA,NA,NA,N,1,1,0,2,A,-,03,22350,NA,F,C,C,A,A,H,-,D,D,0,NA,NA,Y,NA,Y,Y,A,07,0,0,0,0,0,0,0,1,0,-,-,34.27975845336914,-116.40451049804688,SAN BERNARDINO,UNINCORPORATED,-116.40448760986328,34.27984619140625
91424906,2021,2021-03-11,9860,2021-02-25,2119,019062,NA,4,2,9,3600,0,2,4,NA,1,410,VALLEY BLVD EASTBOUND,LOCUST AVE,469,E,N,A,-,N,NA,NA,NA,NA,NA,NA,NA,NA,NA,Y,2,0,1,2,A,-,11,21954,A,N,G,B,D,A,H,-,D,D,0,Y,NA,NA,NA,Y,NA,N,60,1,0,0,0,1,0,0,0,0,-,-,34.070430755615234,-117.40789794921876,SAN BERNARDINO,UNINCORPORATED,-117.40797424316406,34.07046127319336
9142520,2020,2020-09-30,3610,2020-07-19,2320,51245,NA,7,5,6,3610,0,0,0,NA,0,NA,E PUMALO ST,N DEL ROSA AVE,0,NA,Y,A,-,N,NA,NA,NA,NA,NA,NA,NA,NA,NA,Y,4,0,1,2,A,-,12,22450,A,N,A,C,A,A,H,-,C,A,0,NA,NA,NA,NA,Y,NA,A,01,0,0,1,0,0,0,0,0,0,-,-,34.138580322265625,-117.25238800048828,SAN BERNARDINO,SAN BERNARDINO,-117.25241088867188,34.1385612487793
91425403,2021,2021-03-11,9850,2021-03-05,2323,020648,NA,5,3,9,3600,0,1,3,NA,2,062,SR-2,WRIGHT MOUNTAIN ROAD,1760,E,N,A,-,Y,NA,NA,2,NA,NA,NA,NA,NA,NA,Y,3,0,1,2,A,-,01,23152,A,N,B,C,A,A,H,-,D,D,0,NA,NA,NA,NA,Y,Y,A,01,0,1,0,0,0,0,0,0,0,-,-,34.361961364746094,-117.60423278808594,SAN BERNARDINO,UNINCORPORATED,-117.60417175292967,34.361942291259766
91426295,2021,2021-03-12,9860,2021-03-05,0045,022103,NA,5,3,9,3600,0,1,1,NA,2,151,I-15 N/B,CLEGHORN RD,9504,S,N,A,-,Y,NA,NA,15,NA,NA,NA,NA,NA,N,Y,3,0,1,2,A,-,03,22350,NA,N,C,C,A,A,H,-,D,D,0,NA,NA,NA,Y,Y,NA,A,01,0,1,0,0,0,0,0,0,0,-,-,34.27425003051758,-117.44947052001952,SAN BERNARDINO,UNINCORPORATED,-117.44953918457033,34.274227142333984
9142764,2020,2020-10-15,3600,2020-08-01,0801,F6913,RC010,6,5,6,3616,0,0,0,NA,0,003,WILSON AV,CERVANTES PL,0,NA,Y,A,-,N,NA,NA,NA,NA,NA,NA,NA,NA,NA,N,4,0,1,2,D,-,00,NA,NA,N,G,B,B,A,G,-,A,A,0,Y,NA,NA,NA,Y,NA,-,-,0,0,1,0,1,0,0,0,0,-,-,NA,NA,SAN BERNARDINO,RANCHO CUCAMONGA,-117.52985382080078,34.15045166015625
9142776,2020,2020-11-25,3600,2020-08-07,0053,D3983,RC013,5,5,6,3616,0,0,0,NA,0,RC3,MILLIKEN AV,RT 210,0,NA,Y,A,-,Y,SBD,8,210,-,-,8.095,R,4,E,Y,4,0,2,2,D,-,00,NA,NA,N,D,C,A,A,H,-,C,A,0,NA,NA,NA,NA,Y,NA,-,-,0,0,2,0,0,0,0,0,0,-,-,NA,NA,SAN BERNARDINO,RANCHO CUCAMONGA,-117.55538177490234,34.13644027709961
9142817,2020,2020-09-17,3610,2020-07-21,0600,51181,NA,2,5,6,3610,0,0,0,NA,0,DAVID,W MILL ST,S E ST,0,NA,Y,A,-,N,NA,NA,NA,NA,NA,NA,NA,NA,NA,Y,3,0,3,2,A,-,12,21453,NA,N,D,C,A,A,H,-,A,A,0,NA,NA,NA,NA,Y,NA,D,22,0,2,1,0,0,0,0,0,0,-,-,NA,NA,SAN BERNARDINO,SAN BERNARDINO,-117.29415130615234,34.0921516418457
91428391,2021,2021-03-16,9850,2021-03-09,1745,022361,NA,2,2,9,3600,0,1,3,NA,2,040,STATE ROUTE 18,CORTO ROAD,905,W,N,A,-,Y,NA,NA,18,NA,NA,NA,NA,NA,NA,Y,4,0,1,2,A,-,06,21755,NA,M,D,C,A,A,H,-,B,D,0,NA,NA,NA,NA,Y,NA,A,07,0,0,1,0,0,0,0,0,0,-,-,34.466880798339844,-117.0881805419922,SAN BERNARDINO,UNINCORPORATED,-117.08812713623048,34.46694564819336
91429261,2021,2021-03-17,9850,2021-03-14,1110,019278,NA,7,1,9,3600,0,3,5,NA,2,005,MOUNTAIN VIEW RD,TESORO RD,2000,N,N,A,-,N,NA,NA,NA,NA,NA,NA,NA,NA,NA,N,2,0,1,1,A,-,08,38314,NA,N,F,A,A,A,H,-,A,D,0,NA,NA,Y,NA,Y,NA,C,06,1,0,0,0,0,0,0,0,1,-,-,34.68315887451172,-117.54448699951172,SAN BERNARDINO,UNINCORPORATED,-117.54296112060548,34.674461364746094
91429375,2021,2021-03-17,9865,2021-03-12,0750,016179,NA,5,1,9,3600,0,3,5,NA,2,003,MAPLE LN,BALDWIN LN,0,NA,Y,B,-,N,NA,NA,NA,NA,NA,NA,NA,NA,NA,Y,3,0,1,2,A,-,12,22450,A,N,D,C,A,C,H,-,A,A,0,NA,NA,NA,NA,Y,NA,A,07,0,1,0,0,0,0,0,0,0,-,-,34.25046920776367,-116.82527160644533,SAN BERNARDINO,UNINCORPORATED,-116.82530975341795,34.25046157836914
91431060,2021,2021-03-19,9855,2021-03-10,0315,021483,NA,3,3,6,3616,0,1,1,NA,2,152,I-15 S/B (ONTARIO FWY),FOURTH ST.,1950,N,N,B,C,Y,NA,NA,15,NA,NA,NA,NA,NA,S,Y,3,0,1,1,A,-,08,22107,NA,N,E,I,A,B,H,-,C,D,0,NA,NA,NA,NA,Y,NA,A,07,0,1,0,0,0,0,0,0,0,-,-,34.0831298828125,-117.54508972167967,SAN BERNARDINO,RANCHO CUCAMONGA,-117.5449447631836,34.0831298828125
91431157,2021,2021-03-19,9855,2021-03-10,1212,014637,NA,3,1,9,3600,0,3,5,NA,2,001,NAPA ST,ETIWANDA AVE.,750,E,N,A,-,N,NA,NA,NA,NA,NA,NA,NA,NA,NA,N,4,0,2,2,A,-,08,22107,NA,N,D,C,A,A,H,-,A,D,0,NA,NA,NA,Y,Y,NA,D,22,0,0,2,0,0,0,0,0,0,-,-,34.08967971801758,-117.52152252197266,SAN BERNARDINO,UNINCORPORATED,-117.52136993408205,34.0897331237793
91431585,2021,2021-03-22,9860,2021-03-11,1515,022539,NA,4,2,9,3600,0,3,5,NA,2,002,MACY ST,MALLORY ST,70,S,N,A,-,N,NA,NA,NA,NA,NA,NA,NA,NA,NA,Y,4,0,1,2,A,-,12,22450,A,M,E,I,A,A,H,-,A,D,0,NA,NA,NA,NA,Y,NA,-,99,0,0,1,0,0,0,0,0,0,-,-,34.14308166503906,-117.33979034423828,SAN BERNARDINO,UNINCORPORATED,-117.33985137939452,34.14310836791992
91431812,2021,2021-03-22,9850,2021-03-10,1340,018211,NA,3,1,9,3600,0,3,5,NA,2,005,LAKEVIEW ROAD,BONITA LANE,0,NA,Y,B,-,N,NA,NA,NA,NA,NA,NA,NA,NA,NA,Y,3,0,3,2,A,-,09,21801,A,N,D,C,A,A,H,-,A,D,0,NA,NA,NA,NA,Y,NA,A,01,0,3,0,0,0,0,0,0,0,-,-,34.75107955932617,-117.34131622314452,SAN BERNARDINO,UNINCORPORATED,-117.34136962890624,34.750999450683594
91432152,2021,2021-03-22,9865,2021-03-12,2025,020725,NA,5,2,9,3600,0,1,3,NA,1,030,SR-18,GLORY RIDGE RD,528,N,N,D,E,Y,NA,NA,NA,NA,NA,NA,NA,NA,NA,Y,2,0,5,2,A,-,03,22350,NA,N,A,C,A,C,E,-,D,A,0,NA,NA,NA,NA,Y,NA,A,07,2,1,2,0,0,0,0,0,0,-,-,34.15010070800781,-116.5947036743164,SAN BERNARDINO,UNINCORPORATED,-117.0024185180664,34.248741149902344
91433074,2021,2021-03-23,9855,2021-03-12,1250,018313,NA,5,1,5,3602,0,1,3,NA,2,603,SR-60 W/B (POMONA FWY),MOUNTAIN AVE.,400,W,N,A,-,Y,NA,NA,60,NA,NA,NA,NA,NA,W,Y,3,0,1,2,A,-,08,22107,NA,N,B,I,A,A,D,-,A,D,0,NA,NA,NA,Y,Y,NA,A,01,0,1,0,0,0,0,0,0,0,-,-,34.03041076660156,-117.66931915283205,SAN BERNARDINO,CHINO,-117.66931915283205,34.030452728271484
91434036,2021,2021-03-24,9855,2021-03-14,1557,017506,NA,7,2,6,3616,0,1,1,NA,2,201,SR-210 W/B (FOOTHILL FWY),EAST ETIWANDA CREEK,1400,W,N,B,-,Y,NA,NA,210,NA,NA,NA,NA,NA,W,Y,3,0,1,2,A,-,07,21658,A,N,B,C,A,A,H,-,A,D,0,NA,NA,Y,NA,Y,NA,A,07,0,1,0,0,0,0,0,0,1,-,-,34.13637161254883,-117.50772857666016,SAN BERNARDINO,RANCHO CUCAMONGA,-117.50772857666016,34.136470794677734
91435260,2021,2021-03-25,9835,2021-03-12,1700,021765,NA,5,2,9,3600,0,3,5,NA,2,034,MINNEOLA ROAD,SILVER VALLEY RD,3696,N,N,A,-,N,NA,NA,NA,NA,NA,NA,NA,NA,NA,Y,2,0,1,1,A,-,08,22107,NA,N,E,I,A,A,H,-,B,D,0,NA,NA,NA,NA,Y,NA,A,01,1,0,0,0,0,0,0,0,0,-,-,34.876861572265625,-116.76889038085938,SAN BERNARDINO,UNINCORPORATED,-116.76821899414063,34.87546920776367
91436953,2021,2021-03-26,9835,2021-03-22,1725,020109,NA,1,2,9,3600,0,3,5,NA,2,032,BIRCH RD,JASPER RD,528,N,N,A,-,N,NA,NA,NA,NA,NA,NA,NA,NA,NA,N,2,0,1,2,A,-,06,21755,NA,N,D,C,A,A,H,-,A,D,0,NA,NA,Y,NA,Y,NA,C,02,1,0,0,0,0,0,0,0,1,-,-,34.88298034667969,-117.10650634765624,SAN BERNARDINO,UNINCORPORATED,-117.10655975341795,34.88270568847656
91437749,2021,2021-03-29,9860,2021-03-20,0220,021375,NA,6,3,5,3608,0,1,1,NA,2,105,I-10 E/B,UNIVERSITY ST.,1637,E,N,A,-,Y,NA,NA,10,NA,NA,NA,NA,NA,E,Y,4,0,1,2,A,-,03,22350,NA,N,B,C,A,A,H,-,C,D,0,NA,NA,NA,NA,Y,NA,A,07,0,0,1,0,0,0,0,0,0,-,-,34.05337905883789,-117.16245269775392,SAN BERNARDINO,REDLANDS,-117.16251373291016,34.053321838378906
91439121,2021,2021-03-30,9865,2021-03-23,1100,016179,NA,2,1,9,3600,0,1,3,NA,2,045,SR-38,JENKS LAKE RD EAST,9504,W,N,B,-,Y,NA,NA,NA,NA,NA,NA,NA,NA,NA,Y,4,0,1,1,A,-,08,22107,NA,N,E,I,A,B,H,-,A,D,0,NA,NA,NA,NA,Y,NA,A,01,0,0,1,0,0,0,0,0,0,-,-,34.17313003540039,-116.7248992919922,SAN BERNARDINO,UNINCORPORATED,-116.87904357910156,34.17061996459961
91439752,2021,2021-03-30,9855,2021-03-22,2150,021483,NA,1,2,6,3607,0,1,1,NA,2,103,I-10 W/B (SAN BERNARDINO FWY),MILLIKEN AVE.,1300,W,N,A,-,Y,NA,NA,10,NA,NA,NA,NA,NA,W,Y,4,0,1,2,A,-,03,22350,NA,N,C,C,A,A,D,-,C,D,0,NA,NA,NA,NA,Y,NA,D,22,0,0,1,0,0,0,0,0,0,-,-,34.06755065917969,-117.56256103515624,SAN BERNARDINO,ONTARIO,-117.56256103515624,34.067596435546875
91441528,2021,2021-04-02,9860,2021-03-20,1745,020282,NA,6,2,6,3610,0,1,1,NA,2,202,SR-210 E/B,MUSCUPIABE DR,113,W,N,A,-,Y,NA,NA,210,NA,NA,NA,NA,NA,E,Y,4,0,1,2,A,-,03,22350,NA,N,C,C,A,A,H,-,A,D,0,NA,NA,NA,NA,Y,NA,A,01,0,0,1,0,0,0,0,0,0,-,-,34.14556884765625,-117.30827331542967,SAN BERNARDINO,SAN BERNARDINO,-117.30827331542967,34.14560317993164
91443161,2021,2021-04-05,9850,2021-03-24,2011,022510,NA,3,2,9,3600,0,3,5,NA,2,005,WILSON RANCH ROAD,RANCHO ROAD,468,N,N,A,-,N,NA,NA,NA,NA,NA,NA,NA,NA,NA,N,1,1,0,2,A,-,11,21954,A,N,G,B,D,A,H,-,D,D,0,Y,NA,NA,NA,Y,NA,N,60,0,0,0,1,0,0,0,0,0,-,-,34.44963836669922,-117.52133178710938,SAN BERNARDINO,UNINCORPORATED,-117.52133941650392,34.44973373413086
91444422,2021,2021-04-06,9850,2021-03-26,1238,017730,NA,5,1,9,3600,0,3,5,NA,2,005,EL EVADO ROAD,BONAZA ROAD,0,NA,Y,A,-,N,NA,NA,NA,NA,NA,NA,NA,NA,NA,Y,2,0,2,2,A,-,09,21802,A,N,D,C,A,A,H,-,A,A,0,NA,NA,NA,NA,Y,NA,A,01,2,0,0,0,0,0,0,0,0,-,-,34.5030403137207,-117.34673309326172,SAN BERNARDINO,UNINCORPORATED,-117.34674835205078,34.50312042236328