CASE_ID,ACCIDENT_YEAR,PROC_DATE,JURIS,COLLISION_DATE,COLLISION_TIME,OFFICER_ID,REPORTING_DISTRICT,DAY_OF_WEEK,CHP_SHIFT,POPULATION,CNTY_CITY_LOC,SPECIAL_COND,BEAT_TYPE,CHP_BEAT_TYPE,CITY_DIVISION_LAPD,CHP_BEAT_CLASS,BEAT_NUMBER,PRIMARY_RD,SECONDARY_RD,DISTANCE,DIRECTION,INTERSECTION,WEATHER_1,WEATHER_2,STATE_HWY_IND,CALTRANS_COUNTY,CALTRANS_DISTRICT,STATE_ROUTE,ROUTE_SUFFIX,POSTMILE_PREFIX,POSTMILE,LOCATION_TYPE,RAMP_INTERSECTION,SIDE_OF_HWY,TOW_AWAY,COLLISION_SEVERITY,NUMBER_KILLED,NUMBER_INJURED,PARTY_COUNT,PRIMARY_COLL_FACTOR,PCF_CODE_OF_VIOL,PCF_VIOL_CATEGORY,PCF_VIOLATION,PCF_VIOL_SUBSECTION,HIT_AND_RUN,TYPE_OF_COLLISION,MVIW,PED_ACTION,ROAD_SURFACE,ROAD_COND_1,ROAD_COND_2,LIGHTING,CONTROL_DEVICE,CHP_ROAD_TYPE,PEDESTRIAN_ACCIDENT,BICYCLE_ACCIDENT,MOTORCYCLE_ACCIDENT,TRUCK_ACCIDENT,NOT_PRIVATE_PROPERTY,ALCOHOL_INVOLVED,STWD_VEHTYPE_AT_FAULT,CHP_VEHTYPE_AT_FAULT,COUNT_SEVERE_INJ,COUNT_VISIBLE_INJ,COUNT_COMPLAINT_PAIN,COUNT_PED_KILLED,COUNT_PED_INJURED,COUNT_BICYCLIST_KILLED,COUNT_BICYCLIST_INJURED,COUNT_MC_KILLED,COUNT_MC_INJURED,PRIMARY_RAMP,SECONDARY_RAMP,LATITUDE,LONGITUDE,COUNTY,CITY,POINT_X,POINT_Y
91535121,2021,2021-08-02,9855,2021-07-21,2340,021855,NA,3,3,6,3607,0,1,1,NA,2,101,I-10 W/B (SAN BERNARDINO FWY),ETIWANDA AVENUE,2335,E,N,A,-,Y,NA,NA,NA,NA,NA,NA,NA,NA,NA,Y,2,0,1,2,A,-,08,22107,NA,N,B,C,A,A,H,-,C,D,0,NA,NA,NA,NA,Y,NA,A,01,1,0,0,0,0,0,0,0,0,-,-,34.06779861450195,-117.51624298095705,SAN BERNARDINO,ONTARIO,-117.51643371582033,34.06779479980469
9153566,2020,2020-10-14,3600,2020-08-14,1507,E3370,RC036,5,5,6,3616,0,0,0,NA,0,004,HELLMAN AV,7TH ST,16,S,N,A,-,N,NA,NA,NA,NA,NA,NA,NA,NA,NA,Y,3,0,2,3,A,-,12,22450,A,N,D,C,A,A,H,-,A,A,0,NA,NA,NA,NA,Y,NA,A,01,0,1,1,0,0,0,0,0,0,-,-,NA,NA,SAN BERNARDINO,RANCHO CUCAMONGA,-117.60225677490234,34.08838653564453
91535876,2021,2021-08-03,9855,2021-07-23,1320,018989,NA,5,1,6,3607,0,1,1,NA,2,101,I-10 E/B (SAN BERNARDINO FWY),HAVEN AVE.,1300,W,N,A,-,Y,NA,NA,10,NA,NA,NA,NA,NA,E,N,4,0,1,3,A,-,03,22350,NA,M,C,C,A,A,D,-,A,D,0,NA,NA,NA,NA,Y,NA,D,22,0,0,1,0,0,0,0,0,0,-,-,34.06742858886719,-117.58345794677734,SAN BERNARDINO,ONTARIO,-117.58345794677734,34.06748580932617
91536478,2021,2021-08-04,9834,2021-07-31,0525,020488,NA,6,3,9,3600,0,1,1,NA,2,044,I-40 W/B,WATER RD.,26400,E,N,C,-,Y,NA,NA,40,NA,NA,NA,NA,NA,W,Y,4,0,1,1,A,-,03,22350,NA,N,E,I,A,B,H,-,B,D,0,NA,NA,NA,NA,Y,NA,D,22,0,0,1,0,0,0,0,0,0,-,-,34.86698913574219,-114.84789276123048,SAN BERNARDINO,UNINCORPORATED,-114.8479232788086,34.867088317871094
91536804,2021,2021-08-04,9855,2021-07-23,1615,017597,NA,5,2,6,3616,0,1,1,NA,2,203,SR-210 EASTBOUND,BERYL ST.,80,W,N,A,-,Y,NA,NA,210,NA,NA,NA,NA,NA,E,Y,4,0,2,3,A,-,03,22350,NA,N,C,C,A,A,H,-,A,D,0,NA,NA,NA,NA,Y,NA,A,01,0,0,2,0,0,0,0,0,0,-,-,34.13488006591797,-117.60749053955078,SAN BERNARDINO,RANCHO CUCAMONGA,-117.60749053955078,34.134849548339844
91537400,2021,2021-08-05,9860,2021-07-25,1850,021371,NA,7,2,9,3600,0,3,5,NA,2,002,VERMONT ST,FIRST AVE,220,N,N,A,-,N,NA,NA,NA,NA,NA,NA,NA,NA,NA,N,4,0,3,3,A,-,08,22100,A,N,D,C,A,A,H,-,A,D,0,NA,NA,NA,NA,Y,NA,D,22,0,0,3,0,0,0,0,0,0,-,-,34.16048049926758,-117.3529815673828,SAN BERNARDINO,UNINCORPORATED,-117.35295104980467,34.160404205322266
91537408,2021,2021-08-05,9865,2021-07-26,0620,017407,NA,1,1,9,3600,0,1,3,NA,2,020,STATE ROUTE 330,HIGHLAND AVENUE,12144,N,N,C,-,Y,NA,NA,330,NA,NA,NA,NA,NA,NA,Y,2,0,2,2,A,-,05,21460,A,N,A,C,A,B,H,-,A,D,0,NA,NA,NA,Y,Y,NA,D,22,1,1,0,0,0,0,0,0,0,-,-,34.16408920288086,-117.1826171875,SAN BERNARDINO,UNINCORPORATED,-117.18260192871094,34.16408157348633
91537767,2021,2021-08-05,9855,2021-07-24,1746,020046,NA,6,2,5,3611,0,1,1,NA,2,103,I-10 E/B (SAN BERNARDINO FWY),MOUNTAIN AVE.,150,W,N,A,-,Y,NA,NA,10,NA,NA,NA,NA,NA,E,N,3,0,1,2,A,-,03,22350,NA,N,C,C,A,A,D,-,A,D,0,NA,NA,NA,NA,Y,NA,A,08,0,1,0,0,0,0,0,0,0,-,-,34.0872917175293,-117.67070770263672,SAN BERNARDINO,UPLAND,-117.67070770263672,34.08718490600586
9153796,2020,2021-01-21,3604,2020-09-03,1822,769,NA,4,5,6,3604,0,0,0,NA,0,004,JURUPA AV,BANANA AV,0,NA,Y,A,-,N,NA,NA,NA,NA,NA,NA,NA,NA,NA,Y,2,0,1,2,A,-,12,21453,A,N,D,D,A,A,H,-,A,A,0,NA,NA,Y,NA,Y,NA,C,02,1,0,0,0,0,0,0,0,1,-,-,NA,NA,SAN BERNARDINO,FONTANA,-117.4977569580078,34.04816818237305
91538166,2021,2021-08-05,9855,2021-07-26,2258,020913,NA,1,3,6,3604,0,1,1,NA,2,101,I-10 W/B (SAN BERNARDINO FWY),CHERRY AVE.,2330,E,N,A,-,Y,NA,NA,10,NA,NA,NA,NA,NA,W,Y,3,0,1,2,A,-,03,22350,NA,N,C,C,A,A,H,-,D,D,0,NA,NA,NA,NA,Y,NA,D,22,0,1,0,0,0,0,0,0,0,-,-,34.066158294677734,-117.48101806640624,SAN BERNARDINO,FONTANA,-117.48101806640624,34.06618118286133
91539031,2021,2021-08-06,9865,2021-07-27,1439,014696,NA,2,2,9,3600,0,1,3,NA,2,020,SR-330,HIGHLAND AVENUE,11616,N,N,A,-,Y,NA,NA,330,NA,NA,NA,NA,NA,NA,Y,3,0,1,1,A,-,03,22350,NA,N,F,8,A,A,H,-,A,D,0,NA,NA,NA,NA,Y,NA,D,22,0,1,0,0,0,0,0,0,0,-,-,34.164791107177734,-117.18209075927734,SAN BERNARDINO,UNINCORPORATED,-117.1821060180664,34.1648063659668
91539064,2021,2021-08-06,9835,2021-07-22,1335,021765,NA,4,1,9,3600,0,1,3,NA,1,012,STATE ROUTE 58,HINKLEY RD,7920,E,N,A,-,Y,NA,NA,NA,NA,NA,NA,NA,NA,NA,Y,3,0,1,2,A,-,03,22350,NA,N,C,C,A,A,H,-,A,D,0,NA,NA,NA,Y,Y,NA,A,07,0,1,0,0,0,0,0,0,0,-,-,34.91569900512695,-117.14169311523438,SAN BERNARDINO,UNINCORPORATED,-117.16812133789063,34.91783142089844
91539884,2021,2021-08-09,9870,2021-07-30,1925,019709,NA,5,2,9,3600,0,1,3,NA,1,031,SR-62 (TWENTYNINE PALMS HWY.),SUNVIEW RD.,50,W,N,B,C,Y,NA,NA,NA,NA,NA,NA,NA,NA,NA,Y,3,0,4,2,A,-,03,22350,NA,N,D,C,A,B,F,-,B,D,0,NA,NA,NA,NA,Y,NA,A,01,0,1,3,0,0,0,0,0,0,-,-,34.132171630859375,-116.24301147460938,SAN BERNARDINO,UNINCORPORATED,NA,NA
91543225,2021,2021-08-12,9834,2021-06-28,2215,020488,NA,1,3,9,3600,0,3,5,NA,2,002,OPEN DESERT AREA,MALAMEDIA ROAD,2720,W,N,A,-,N,NA,NA,NA,NA,NA,NA,NA,NA,NA,Y,1,1,1,1,A,-,03,22350,NA,N,E,I,A,A,H,-,D,D,0,NA,NA,NA,NA,Y,NA,D,22,1,0,0,0,0,0,0,0,0,-,-,34.4730110168457,-114.42343902587892,SAN BERNARDINO,UNINCORPORATED,NA,NA
91544672,2021,2021-08-13,9860,2021-08-03,0910,018275,NA,2,1,9,3600,0,1,1,NA,2,103,I-10 E/B,9TH STREET,900,E,N,A,-,Y,NA,NA,NA,NA,NA,NA,NA,NA,NA,N,4,0,1,2,A,-,07,21658,A,N,B,C,A,A,H,-,A,D,0,NA,NA,NA,Y,Y,NA,G,25,0,0,1,0,0,0,0,0,0,-,-,34.06529998779297,-117.31907653808594,SAN BERNARDINO,UNINCORPORATED,-117.32305908203124,34.06565856933594
91544739,2021,2021-08-13,9860,2021-07-29,1920,019725,NA,4,2,9,3600,0,1,1,NA,2,152,I-15 S/B,CLEGHORN RD,500,N,N,A,-,Y,NA,NA,15,NA,NA,NA,NA,NA,S,N,4,0,1,3,A,-,03,22350,NA,N,C,C,A,A,H,-,A,D,0,NA,NA,NA,NA,Y,NA,A,01,0,0,1,0,0,0,0,0,0,-,-,34.29996109008789,-117.45864105224608,SAN BERNARDINO,UNINCORPORATED,-117.45872497558594,34.29989242553711
91545129,2021,2021-08-16,9860,2021-07-12,2036,020282,NA,1,2,6,3610,0,1,1,NA,2,202,SR-210 E/B,GOLDEN AVE,132,E,N,A,-,Y,NA,NA,210,NA,NA,NA,NA,NA,E,Y,3,0,2,2,A,-,08,22107,NA,N,C,C,A,A,H,-,C,D,0,NA,NA,NA,NA,Y,NA,A,08,0,1,1,0,0,0,0,0,0,-,-,34.143699645996094,-117.26059722900392,SAN BERNARDINO,SAN BERNARDINO,-117.26059722900392,34.14373779296875
91546032,2021,2021-08-16,9835,2021-08-10,2200,022218,NA,2,3,9,3600,0,2,4,NA,1,018,FORT IRWIN ROAD,IRWIN RD,6336,N,N,A,-,N,NA,NA,NA,NA,NA,NA,NA,NA,NA,Y,4,0,1,1,A,-,08,22107,NA,N,E,I,A,A,H,-,D,D,0,NA,NA,NA,NA,Y,NA,A,01,0,0,1,0,0,0,0,0,0,-,-,35.0042610168457,-116.90834045410156,SAN BERNARDINO,UNINCORPORATED,-116.8102798461914,35.11653518676758
91546646,2021,2021-08-17,9865,2021-08-11,1750,016738,NA,3,2,9,3600,0,3,5,NA,2,001,FERN DRIVE,SHADY LANE,0,NA,Y,A,-,N,NA,NA,NA,NA,NA,NA,NA,NA,NA,Y,3,0,1,1,A,-,08,22107,NA,N,E,I,A,A,H,-,A,D,0,NA,NA,NA,NA,Y,NA,A,07,0,1,0,0,0,0,0,0,0,-,-,34.239810943603516,-117.28782653808594,SAN BERNARDINO,UNINCORPORATED,-117.28778076171876,34.239925384521484
91547140,2021,2021-08-17,9855,2021-05-28,1150,017781,NA,5,1,4,3605,0,1,1,NA,2,103,I-10 W/B (SAN BERNARDINO FWY) TO CENTRAL AVE.,CENTRAL AVE.,500,E,N,A,-,Y,NA,NA,10,NA,NA,NA,R,NA,W,Y,3,0,1,2,A,-,03,22350,NA,N,F,I,A,A,D,-,A,A,0,NA,NA,Y,Y,Y,NA,C,02,0,1,0,0,0,0,0,0,1,-,-,34.08658981323242,-117.68779754638672,SAN BERNARDINO,MONTCLAIR,-117.68779754638672,34.08658981323242
91548083,2021,2021-08-18,9850,2021-08-11,1410,021675,NA,3,2,5,3619,0,3,5,NA,2,002,ARROWHEAD LAKE RD,HAVENHURST RD,2112,N,N,B,-,N,NA,NA,NA,NA,NA,NA,NA,NA,NA,Y,4,0,1,1,A,-,08,22107,NA,N,E,I,A,A,H,-,A,D,0,NA,NA,NA,NA,Y,NA,A,01,0,0,1,0,0,0,0,0,0,-,-,34.3614616394043,-117.24801635742188,SAN BERNARDINO,HESPERIA,-117.24813842773438,34.360755920410156
91548202,2021,2021-08-18,9850,2021-08-07,0426,020648,NA,6,3,9,3600,0,1,3,NA,2,052,SR-18,BALDY MESA ROAD,3379,W,N,A,-,Y,NA,NA,18,NA,NA,NA,NA,NA,NA,Y,1,1,3,2,A,-,08,22107,NA,N,A,C,A,A,H,-,D,D,0,NA,NA,NA,NA,Y,NA,A,01,0,3,0,0,0,0,0,0,0,-,-,34.506591796875,-117.46224212646484,SAN BERNARDINO,UNINCORPORATED,-117.46224212646484,34.50663375854492
91553131,2021,2021-08-24,9835,2021-08-12,1940,021765,NA,4,2,9,3600,0,1,3,NA,1,019,SR-247,247 SBD 75.7,300,S,N,A,-,Y,NA,NA,247,NA,NA,NA,NA,NA,NA,Y,2,0,1,1,A,-,08,22107,NA,N,E,I,A,A,H,-,D,D,0,NA,NA,NA,NA,Y,NA,A,01,1,0,0,0,0,0,0,0,0,-,-,34.834678649902344,-117.02452087402344,SAN BERNARDINO,UNINCORPORATED,-117.02460479736328,34.8347053527832
91553254,2021,2021-08-24,9855,2021-08-10,0735,017781,NA,2,1,6,3616,0,1,1,NA,2,201,SR-210 W/B (FOOTHILL FWY.),MILLIKEN AVE.,960,W,N,A,-,Y,NA,NA,210,NA,NA,NA,NA,NA,W,Y,4,0,1,4,A,-,03,22350,NA,N,C,C,A,A,H,-,A,D,0,NA,NA,NA,NA,Y,NA,D,22,0,0,1,0,0,0,0,0,0,-,-,34.136680603027344,-117.56188201904295,SAN BERNARDINO,RANCHO CUCAMONGA,-117.56187438964844,34.136756896972656
91553552,2021,2021-08-25,9860,2021-08-07,0445,020135,NA,6,3,9,3600,0,1,1,NA,2,152,LYTLE CREEK RD.,GREEN MOUNTAIN RD.,160,S,N,A,-,N,NA,NA,NA,NA,NA,NA,NA,NA,NA,Y,3,0,1,1,A,-,01,23152,A,N,E,J,A,A,H,-,D,D,0,NA,NA,NA,NA,Y,Y,A,01,0,1,0,0,0,0,0,0,0,-,-,34.23474884033203,-117.49256134033205,SAN BERNARDINO,UNINCORPORATED,-117.49267999999999,34.234754
91554025,2021,2021-08-25,9834,2021-06-08,1811,016267,NA,2,2,9,3600,0,1,1,NA,2,042,I-40 E/B,WATER RD,3696,W,N,B,-,Y,NA,NA,40,NA,NA,NA,NA,NA,E,Y,2,0,6,6,A,-,03,22350,NA,N,C,C,A,A,H,-,A,D,0,NA,NA,NA,Y,Y,NA,G,25,3,2,1,0,0,0,0,0,0,-,-,34.84257888793945,-114.97885894775392,SAN BERNARDINO,UNINCORPORATED,-114.97886657714844,34.842613220214844
91554185,2021,2021-08-25,9855,2021-08-14,0537,018989,NA,6,3,6,3607,0,1,3,NA,2,601,SR-60 E/B,GROVE AVE,1750,W,N,A,-,Y,NA,NA,60,NA,NA,NA,NA,NA,E,N,4,0,1,2,A,-,03,22350,NA,M,C,C,A,A,D,-,B,D,0,NA,NA,NA,NA,Y,NA,A,07,0,0,1,0,0,0,0,0,0,-,-,34.03031921386719,-117.63654327392578,SAN BERNARDINO,ONTARIO,-117.63654327392578,34.03037643432617
91555193,2021,2021-08-26,9855,2021-08-15,1145,017781,NA,7,1,6,3616,0,1,1,NA,2,203,SR-210 W/B (FOOTHILL FWY),CARNELIAN ST.,1425,W,N,A,-,Y,NA,NA,210,NA,NA,NA,NA,NA,W,Y,2,0,1,2,A,-,07,21658,A,N,C,C,A,A,H,-,A,D,0,NA,NA,Y,NA,Y,NA,A,07,1,0,0,0,0,0,0,0,1,-,-,34.13494873046875,-117.62191009521484,SAN BERNARDINO,RANCHO CUCAMONGA,-117.62191009521484,34.13503646850586
91555318,2021,2021-08-26,9865,2021-08-15,1200,018392,NA,7,1,9,3600,0,3,5,NA,2,001,DONNER DR.,DAVOS CT,180,S,N,A,-,N,NA,NA,NA,NA,NA,NA,NA,NA,NA,Y,2,0,1,1,A,-,03,22350,NA,N,F,I,A,A,H,-,A,D,0,NA,NA,Y,NA,Y,NA,C,02,1,0,0,0,0,0,0,0,1,-,-,34.247989654541016,-117.26326751708984,SAN BERNARDINO,UNINCORPORATED,-117.26331329345705,34.247955322265625
9155697,2020,2020-11-13,3604,2020-09-04,1650,1379,3604,5,5,6,3604,0,0,0,NA,0,NA,MANGO AV,MERRILL AV,0,NA,Y,A,-,N,NA,NA,NA,NA,NA,NA,NA,NA,NA,Y,3,0,5,2,A,-,09,21801,A,N,A,C,A,A,H,-,A,A,0,NA,NA,NA,NA,Y,NA,A,07,0,5,0,0,0,0,0,0,0,-,-,NA,NA,SAN BERNARDINO,FONTANA,-117.43138122558594,34.092140197753906
91557333,2021,2021-08-27,9855,2021-06-22,0719,013860,NA,2,1,6,3616,0,1,1,NA,2,201,SR 210 WB (FOOTHILL FREEWAY),MILLIKEN AVE.,1413,W,N,A,-,Y,NA,NA,210,NA,NA,NA,NA,NA,W,Y,3,0,1,3,A,-,03,22350,NA,F,C,C,A,A,H,-,A,D,0,NA,NA,NA,NA,Y,NA,A,01,0,1,0,0,0,0,0,0,0,-,-,34.1367301940918,-117.56343841552734,SAN BERNARDINO,RANCHO CUCAMONGA,-117.56343841552734,34.13679885864258
91558246,2021,2021-08-30,9855,2021-07-16,1315,018335,NA,5,1,6,3607,0,1,1,NA,2,101,I-10 E/B,HAVEN AVE.,50,E,N,A,-,Y,NA,NA,10,NA,NA,NA,NA,NA,E,Y,4,0,1,2,A,-,03,22350,NA,N,C,C,A,A,D,-,A,D,0,NA,NA,NA,Y,Y,NA,F,26,0,0,1,0,0,0,0,0,0,-,-,34.0673713684082,-117.57547760009766,SAN BERNARDINO,ONTARIO,-117.57547760009766,34.06745910644531
91560114,2021,2021-09-03,9850,2021-08-24,0001,022073,NA,2,3,9,3600,0,1,3,NA,2,060,RT 138,RT 2,2800,E,N,A,-,Y,NA,NA,138,NA,NA,NA,NA,NA,NA,Y,4,0,3,2,C,-,18,NA,NA,N,D,C,A,A,H,-,D,D,0,NA,NA,NA,NA,Y,NA,-,-,0,0,3,0,0,0,0,0,0,-,-,34.38417053222656,-117.57115936279295,SAN BERNARDINO,UNINCORPORATED,-117.57118988037108,34.384117126464844
91560225,2021,2021-09-01,9835,2021-08-22,0111,022393,NA,7,3,3,3601,0,1,1,NA,2,047,I-15 N/B,SR-247,4330,S,N,A,-,Y,NA,NA,15,NA,NA,NA,NA,NA,N,Y,2,0,2,2,A,-,03,22350,NA,N,C,C,A,A,H,-,D,D,0,NA,NA,Y,NA,Y,NA,C,02,1,1,0,0,0,0,0,0,2,-,-,34.885921478271484,-117.03756713867188,SAN BERNARDINO,BARSTOW,-117.03756713867188,34.8859748840332
91564131,2021,2021-09-07,9850,2021-09-06,2245,021562,NA,1,3,9,3600,0,1,3,NA,2,044,SR-247,SANTA FE RD,2180,E,N,A,-,Y,NA,NA,247,NA,NA,NA,NA,NA,NA,N,3,0,2,1,A,-,01,23152,A,F,F,A,A,A,H,-,D,D,0,NA,NA,NA,NA,Y,Y,D,22,0,2,0,0,0,0,0,0,0,-,-,34.42549133300781,-116.7815170288086,SAN BERNARDINO,UNINCORPORATED,-116.78150177001952,34.42557144165039
91564527,2021,2021-09-07,9855,2021-07-09,0640,017781,NA,5,1,6,3607,0,1,1,NA,2,101,I-10 E/B TO I-15 S/B,I-15,925,W,N,A,-,Y,NA,NA,10,NA,NA,NA,R,NA,E,Y,4,0,1,1,A,-,08,22107,NA,N,E,8,A,A,D,-,E,D,0,NA,NA,NA,NA,Y,NA,A,01,0,0,1,0,0,0,0,0,0,-,-,34.067169189453125,-117.54827880859376,SAN BERNARDINO,ONTARIO,-117.54827880859376,34.067169189453125
9156531,2020,2020-12-01,3605,2020-09-18,1013,428,NA,5,5,4,3605,0,0,0,NA,0,NA,FREMONT AV,MISSION BL,0,NA,Y,A,-,N,NA,NA,NA,NA,NA,NA,NA,NA,NA,Y,3,0,1,2,A,-,12,21453,A,N,D,C,A,A,H,-,A,A,0,NA,NA,NA,NA,Y,NA,A,01,0,1,0,0,0,0,0,0,0,-,-,NA,NA,SAN BERNARDINO,MONTCLAIR,-117.69381713867188,34.05601119995117
91567283,2021,2021-09-10,9855,2021-08-28,0107,021941,NA,6,3,5,3611,0,1,1,NA,2,203,SR-210 W/B (FOOTHILL FWY),MOUNTAIN AVE.,700,E,N,A,-,Y,NA,NA,210,NA,NA,NA,NA,NA,W,Y,3,0,1,1,A,-,01,23152,A,N,E,I,A,A,H,-,C,D,0,NA,NA,NA,NA,Y,Y,A,01,0,1,0,0,0,0,0,0,0,-,-,34.134761810302734,-117.66793823242188,SAN BERNARDINO,UPLAND,-117.66793823242188,34.134822845458984
91567444,2021,2021-09-10,9855,2021-08-29,1152,017323,NA,7,1,6,3607,0,1,1,NA,2,103,I-10 W/B (SAN BERNARDINO FWY),HAVEN,528,W,N,A,-,Y,NA,NA,10,NA,NA,NA,NA,NA,W,Y,4,0,1,3,A,-,03,22350,NA,N,C,C,A,A,D,-,A,D,0,NA,NA,NA,NA,Y,NA,D,22,0,0,1,0,0,0,0,0,0,-,-,34.06766891479492,-117.58159637451172,SAN BERNARDINO,ONTARIO,-117.58159637451172,34.067657470703125
9156827,2020,2021-02-23,3602,2020-12-28,1351,3573,NA,1,5,5,3602,0,0,0,NA,0,001,CENTRAL AV,COUNTRY FAIR DR,478,N,N,C,-,N,NA,NA,NA,NA,NA,NA,NA,NA,NA,Y,4,0,2,2,A,-,09,21801,A,N,D,C,A,B,H,-,A,D,0,NA,NA,NA,NA,Y,NA,A,01,0,0,2,0,0,0,0,0,0,-,-,34.03684997558594,-117.68956756591795,SAN BERNARDINO,CHINO,NA,NA
91568573,2021,2021-09-13,9865,2021-09-05,1040,018392,NA,7,1,9,3600,0,2,4,NA,2,013,LAKE DR,WILDROSE LN,222,E,N,A,-,N,NA,NA,NA,NA,NA,NA,NA,NA,NA,N,4,0,2,2,A,-,03,22350,NA,N,C,C,A,A,H,-,A,D,0,NA,NA,NA,NA,Y,NA,D,22,0,0,2,0,0,0,0,0,0,-,-,34.243221282958984,-117.28101348876952,SAN BERNARDINO,UNINCORPORATED,-117.28111267089844,34.24315643310547
91569664,2021,2021-09-14,9855,2021-08-15,1155,018989,NA,7,1,4,3605,0,1,1,NA,2,103,I-10 W/B (SAN BERNARDINO FWY),CENTRAL AVE,1200,E,N,A,-,Y,NA,NA,10,NA,NA,NA,NA,NA,W,Y,4,0,2,3,A,-,03,22350,NA,F,C,C,A,A,D,-,A,D,0,NA,NA,NA,Y,Y,NA,D,22,0,0,2,0,0,0,0,0,0,-,-,34.086788177490234,-117.68665313720705,SAN BERNARDINO,MONTCLAIR,-117.68666076660156,34.08683776855469
91571831,2021,2021-09-16,9865,2021-09-06,0445,021840,NA,1,3,9,3600,0,1,3,NA,2,012,SR-18,SKYPARK WAY,1848,N,N,A,-,Y,NA,NA,18,NA,NA,NA,NA,NA,NA,Y,3,0,3,2,A,-,05,21460,A,N,B,C,A,A,H,-,D,D,0,NA,NA,NA,NA,Y,NA,A,01,0,3,0,0,0,0,0,0,0,-,-,34.22996139526367,-117.16555786132813,SAN BERNARDINO,UNINCORPORATED,-117.16556549072266,34.23000717163086
91573136,2021,2021-09-17,9850,2021-09-13,0840,019278,NA,1,1,9,3600,0,1,3,NA,2,052,SR 18 WB,BUTTONWOOD STREET,389,W,N,A,-,Y,NA,NA,NA,NA,NA,NA,NA,NA,NA,Y,4,0,1,4,A,-,05,21752,A,N,A,C,A,A,H,-,A,D,0,NA,NA,NA,Y,Y,NA,A,01,0,0,1,0,0,0,0,0,0,-,-,34.50661849975586,-117.54457092285156,SAN BERNARDINO,UNINCORPORATED,-117.54451751708984,34.50660705566406
91573537,2021,2021-09-17,9855,2021-09-06,0248,020690,NA,1,3,6,3616,0,1,1,NA,2,201,SR-210 E/B (FOOTHILL FWY),ROCHESTER AVE.,550,W,N,A,-,Y,NA,NA,210,NA,NA,NA,NA,NA,E,Y,3,0,3,5,A,-,08,22107,NA,N,G,C,E,A,H,-,D,D,0,Y,NA,NA,NA,Y,NA,A,08,0,2,1,0,2,0,0,0,0,-,-,34.13636016845703,-117.54936981201172,SAN BERNARDINO,RANCHO CUCAMONGA,-117.54936981201172,34.13648223876953
91574690,2021,2021-09-20,9850,2021-09-09,0740,017377,NA,4,1,9,3600,0,2,4,NA,2,056,DUNCAN ROAD,JOHNSON ROAD,0,NA,Y,A,-,N,NA,NA,NA,NA,NA,NA,NA,NA,NA,Y,4,0,2,2,A,-,09,21802,A,N,D,C,A,A,H,-,A,A,0,NA,NA,NA,NA,Y,NA,A,07,0,0,2,0,0,0,0,0,0,-,-,34.46989822387695,-117.5551528930664,SAN BERNARDINO,UNINCORPORATED,-117.55517578125,34.46993637084961
91575886,2021,2021-09-21,9855,2021-09-09,1245,018313,NA,4,1,5,3602,0,1,3,NA,2,601,SR-60 W/B (POMONA FWY),CENTRAL AVE,500,W,N,A,-,Y,NA,NA,60,NA,NA,NA,NA,NA,W,N,4,0,1,2,A,-,03,22350,NA,N,C,C,A,A,D,-,A,D,0,NA,NA,NA,NA,Y,NA,A,07,0,0,1,0,0,0,0,0,0,-,-,34.03031921386719,-117.69454193115234,SAN BERNARDINO,CHINO,-117.69454193115234,34.03032684326172
91576858,2021,2021-09-22,9855,2021-09-12,0653,018313,NA,7,1,6,3604,0,1,1,NA,2,101,I-10 W/B (SAN BERNARDINO FWY),CHERRY AVE,100,W,N,A,-,Y,NA,NA,10,NA,NA,NA,NA,NA,W,Y,3,0,1,3,A,-,08,22107,NA,N,G,C,E,A,H,-,A,D,0,Y,NA,NA,NA,Y,NA,A,01,0,1,0,0,1,0,0,0,0,-,-,34.06623077392578,-117.4897918701172,SAN BERNARDINO,FONTANA,-117.48978424072266,34.066165924072266
91578845,2021,2021-09-24,9835,2021-08-12,0641,022612,NA,4,1,9,3600,0,1,3,NA,1,013,SR-58,US-395,7920,W,N,A,-,Y,NA,NA,NA,NA,NA,NA,NA,NA,NA,Y,1,1,2,1,A,-,08,22107,NA,N,E,I,A,A,H,-,A,D,0,NA,NA,NA,NA,Y,NA,A,07,1,1,0,0,0,0,0,0,0,-,-,34.99863815307617,-117.57444763183594,SAN BERNARDINO,UNINCORPORATED,-117.5678939819336,34.993648529052734
91578974,2021,2021-09-24,9855,2021-09-14,1252,017323,NA,2,1,6,3607,0,1,1,NA,2,103,I-10 E/B (SAN BERNARDINO FWY),MOUNTAIN AVE.,800,E,N,A,-,Y,NA,NA,10,NA,NA,NA,NA,NA,E,N,4,0,1,2,A,-,03,22350,NA,N,C,C,A,A,D,-,A,D,0,NA,NA,NA,Y,Y,NA,G,25,0,0,1,0,0,0,0,0,0,-,-,34.087181091308594,-117.6690673828125,SAN BERNARDINO,ONTARIO,-117.6690673828125,34.08720016479492