CASE_ID,ACCIDENT_YEAR,PROC_DATE,JURIS,COLLISION_DATE,COLLISION_TIME,OFFICER_ID,REPORTING_DISTRICT,DAY_OF_WEEK,CHP_SHIFT,POPULATION,CNTY_CITY_LOC,SPECIAL_COND,BEAT_TYPE,CHP_BEAT_TYPE,CITY_DIVISION_LAPD,CHP_BEAT_CLASS,BEAT_NUMBER,PRIMARY_RD,SECONDARY_RD,DISTANCE,DIRECTION,INTERSECTION,WEATHER_1,WEATHER_2,STATE_HWY_IND,CALTRANS_COUNTY,CALTRANS_DISTRICT,STATE_ROUTE,ROUTE_SUFFIX,POSTMILE_PREFIX,POSTMILE,LOCATION_TYPE,RAMP_INTERSECTION,SIDE_OF_HWY,TOW_AWAY,COLLISION_SEVERITY,NUMBER_KILLED,NUMBER_INJURED,PARTY_COUNT,PRIMARY_COLL_FACTOR,PCF_CODE_OF_VIOL,PCF_VIOL_CATEGORY,PCF_VIOLATION,PCF_VIOL_SUBSECTION,HIT_AND_RUN,TYPE_OF_COLLISION,MVIW,PED_ACTION,ROAD_SURFACE,ROAD_COND_1,ROAD_COND_2,LIGHTING,CONTROL_DEVICE,CHP_ROAD_TYPE,PEDESTRIAN_ACCIDENT,BICYCLE_ACCIDENT,MOTORCYCLE_ACCIDENT,TRUCK_ACCIDENT,NOT_PRIVATE_PROPERTY,ALCOHOL_INVOLVED,STWD_VEHTYPE_AT_FAULT,CHP_VEHTYPE_AT_FAULT,COUNT_SEVERE_INJ,COUNT_VISIBLE_INJ,COUNT_COMPLAINT_PAIN,COUNT_PED_KILLED,COUNT_PED_INJURED,COUNT_BICYCLIST_KILLED,COUNT_BICYCLIST_INJURED,COUNT_MC_KILLED,COUNT_MC_INJURED,PRIMARY_RAMP,SECONDARY_RAMP,LATITUDE,LONGITUDE,COUNTY,CITY,POINT_X,POINT_Y
91836510,2022,2022-08-09,9855,2022-03-18,0245,020913,NA,5,3,6,3604,0,1,1,NA,2,153,INTERSTATE-15 SOUTHBOUND (ONTARIO FWY),DUNCAN CANYON ROAD,3399,S,N,A,-,Y,SBD,NA,15,NA,NA,10.283,H,NA,L,Y,1,1,0,2,A,-,08,22107,NA,N,C,C,A,A,H,-,D,D,0,NA,NA,NA,Y,Y,NA,A,01,0,0,0,0,0,0,0,0,0,-,-,34.15753173828125,-117.47091674804688,SAN BERNARDINO,FONTANA,-117.47078704833984,34.15741729736328
9183881,2020,2021-01-28,3600,2020-11-18,1315,G6919,VC016,3,5,5,3612,0,0,0,NA,0,VC2,7TH ST,LORENE DR,0,NA,Y,A,-,N,NA,NA,NA,NA,NA,NA,NA,NA,NA,Y,3,0,3,4,A,-,12,21453,A,N,D,C,A,A,H,-,A,A,0,NA,NA,NA,NA,Y,NA,A,01,0,1,2,0,0,0,0,0,0,-,-,NA,NA,SAN BERNARDINO,VICTORVILLE,-117.3156280517578,34.51396179199219
91838927,2022,2022-08-12,9835,2022-08-06,1728,022612,NA,6,2,9,3600,0,1,2,NA,1,014,UNITED STATES HIGHWAY 395 NORTHBOUND,HOFFMAN ROAD,25027,S,N,A,-,Y,NA,NA,NA,NA,NA,NA,NA,NA,NA,Y,3,0,1,1,A,-,08,22107,NA,N,E,I,A,A,H,-,A,D,0,NA,NA,NA,NA,Y,NA,A,01,0,1,0,0,0,0,0,0,0,-,-,35.1439208984375,-117.36377716064452,SAN BERNARDINO,UNINCORPORATED,-117.61092376708984,35.24701690673828
91841436,2022,2022-08-16,9865,2022-08-12,1420,020725,NA,5,2,9,3600,0,1,3,NA,1,034,SR-18,FOREST ROAD 3N69,155,S,N,A,-,Y,SBD,NA,18,NA,NA,56.228,H,NA,R,Y,2,0,1,1,A,-,01,23152,A,N,E,I,A,A,H,-,A,D,0,NA,NA,NA,NA,Y,Y,D,22,1,0,0,0,0,0,0,0,0,-,-,34.273860931396484,-116.819580078125,SAN BERNARDINO,UNINCORPORATED,-116.81961059570313,34.273868560791016
91842313,2022,2022-08-17,9835,2022-08-04,0402,022899,NA,4,3,3,3601,0,1,1,NA,2,071,I-15 N/B,L STREET,2006,S,N,A,-,Y,SBD,NA,15,NA,NA,71.255,H,NA,R,Y,4,0,1,2,A,-,03,22350,NA,M,C,C,A,A,H,-,C,D,0,NA,NA,NA,NA,Y,NA,A,01,0,0,1,0,0,0,0,0,0,-,-,34.88277053833008,-117.0622787475586,SAN BERNARDINO,BARSTOW,-117.06232452392578,34.88282012939453
91842875,2022,2022-08-17,9855,2022-08-08,1739,022961,NA,1,2,6,3616,0,1,1,NA,2,153,I-15 S/B (ONTARIO FWY),VICTORIA STREET,750,N,N,A,-,Y,SBD,NA,15,NA,NA,7.561,H,NA,L,Y,3,0,2,2,A,-,08,22107,NA,N,C,C,A,A,H,-,A,D,0,NA,NA,NA,NA,Y,NA,A,01,0,1,1,0,0,0,0,0,0,-,-,34.12984085083008,-117.50443267822266,SAN BERNARDINO,RANCHO CUCAMONGA,-117.50428009033205,34.12971878051758
91843148,2022,2022-08-18,9850,2022-08-10,2120,022949,NA,3,2,5,3619,0,1,1,NA,2,082,I-15 N/B,BEAR VALLEY RD,6600,S,N,A,-,Y,SBD,NA,15,NA,NA,36.328,H,NA,R,Y,4,0,2,1,A,-,08,22107,NA,N,E,J,A,A,D,E,B,D,0,NA,NA,NA,NA,Y,NA,A,01,0,0,2,0,0,0,0,0,0,-,-,34.45502853393555,-117.35813903808594,SAN BERNARDINO,HESPERIA,-117.3581085205078,34.455013275146484
91843434,2022,2022-08-18,9860,2022-08-15,0754,016575,NA,1,1,9,3600,0,1,1,NA,2,102,I-10 W/B,CEDAR AVE. O/C,1580,W,N,A,-,Y,SBD,NA,10,NA,R,18.186,H,NA,L,Y,4,0,1,2,A,-,08,22107,NA,N,B,C,A,A,H,-,A,D,0,NA,NA,NA,Y,Y,NA,A,01,0,0,1,0,0,0,0,0,0,-,-,34.0682487487793,-117.40146636962892,SAN BERNARDINO,UNINCORPORATED,-117.40146636962892,34.06820297241211
91843722,2022,2022-08-18,9850,2022-08-12,2325,021562,NA,5,3,9,3600,0,1,1,NA,2,084,I-15 SB,DALE EVANS PKWY,5280,N,N,A,-,Y,SBD,NA,15,NA,NA,52.847,H,NA,L,Y,4,0,1,2,A,-,03,22350,NA,M,C,C,A,A,H,-,D,D,0,NA,NA,NA,NA,Y,Y,-,99,0,0,1,0,0,0,0,0,0,-,-,34.658180236816406,-117.21302795410156,SAN BERNARDINO,UNINCORPORATED,-117.2130126953125,34.65817642211914
91845629,2022,2022-08-22,9855,2022-06-07,0815,017213,NA,2,1,5,3630,0,1,3,NA,2,071,SR-71 N/B (CHINO VALLEY FWY),GRAND AVENUE,400,N,N,A,-,Y,NA,NA,NA,NA,NA,NA,NA,NA,NA,N,3,0,1,2,A,-,11,21954,A,N,G,B,E,A,H,-,A,D,0,Y,NA,NA,NA,Y,NA,N,60,0,1,0,0,1,0,0,0,0,-,-,34.00236892700195,-117.72743225097656,SAN BERNARDINO,CHINO HILLS,-117.72422027587892,34.00149917602539
91846580,2022,2022-08-23,9860,2022-08-19,1753,020654,NA,5,2,4,3603,0,1,1,NA,2,103,I-10 W/B TO I-215,HUNTS LANE,120,W,N,A,-,Y,SBD,NA,10,NA,NA,24.741,H,NA,L,N,4,0,1,3,A,-,03,22350,NA,N,C,C,A,A,H,-,A,D,0,NA,NA,NA,NA,Y,NA,A,07,0,0,1,0,0,0,0,0,0,-,-,34.06393814086914,-117.28804779052734,SAN BERNARDINO,COLTON,-117.28803253173828,34.063724517822266
91848090,2022,2022-08-24,9855,2022-04-14,1800,015826,NA,4,2,6,3604,0,1,1,NA,2,101,I-10 E/B (SAN BERNARDINO FWY),CYPRESS AVENUE,50,E,N,A,-,Y,SBD,NA,10,NA,NA,15.735,H,NA,R,Y,3,0,2,2,A,-,03,22350,NA,N,C,C,A,A,H,-,A,D,0,NA,NA,NA,NA,Y,NA,A,01,0,1,1,0,0,0,0,0,0,-,-,34.06686019897461,-117.44412231445313,SAN BERNARDINO,FONTANA,-117.4441146850586,34.066795349121094
91848592,2022,2022-08-25,9860,2022-08-14,1235,022890,NA,7,1,9,3600,0,3,5,NA,2,002,MALLORY ST,STATE ST,187,E,N,A,-,N,NA,NA,NA,NA,NA,NA,NA,NA,NA,N,4,0,1,2,A,-,03,22350,NA,N,C,C,A,A,H,-,A,D,0,NA,NA,NA,NA,Y,NA,A,01,0,0,1,0,0,0,0,0,0,-,-,34.1432991027832,-117.33486175537108,SAN BERNARDINO,UNINCORPORATED,-117.33485412597656,34.14328384399414
91848881,2022,2022-08-25,9855,2022-06-29,1719,018335,NA,3,2,5,3602,0,1,3,NA,2,071,SR-71 S/B (CHINO FWY),CHINO AVE.,1000,N,N,A,-,Y,SBD,NA,71,NA,R,0.603,H,NA,L,Y,4,0,1,4,A,-,03,22350,NA,N,C,C,A,A,H,-,A,D,0,NA,NA,NA,NA,Y,NA,A,07,0,0,1,0,0,0,0,0,0,-,-,34.01422119140625,-117.73757934570313,SAN BERNARDINO,CHINO,-117.73744964599608,34.014366149902344
91849122,2022,2022-08-25,9835,2022-08-24,0910,021448,NA,3,1,9,3600,0,3,5,NA,2,032,OLD HWY 58,RAMIREZ RD,276,E,N,B,-,N,NA,NA,NA,NA,NA,NA,NA,NA,NA,Y,2,0,1,1,C,-,18,NA,NA,N,F,A,A,A,H,-,A,D,0,NA,Y,NA,NA,Y,NA,-,-,1,0,0,0,0,0,1,0,0,-,-,34.909141540527344,-117.053466796875,SAN BERNARDINO,UNINCORPORATED,-117.05282592773438,34.908912658691406
91849151,2022,2022-08-25,9860,2022-08-17,0600,022890,NA,3,1,5,3609,0,1,1,NA,2,201,SR-210 E/B FROM AYALA DR.,AYALA DR,20,E,N,A,-,Y,NA,NA,NA,NA,NA,NA,NA,NA,NA,N,4,0,1,2,A,-,03,22350,NA,N,C,C,A,A,H,-,A,D,0,NA,NA,NA,NA,Y,NA,-,-,0,0,1,0,0,0,0,0,0,-,-,34.13496017456055,-117.39199829101563,SAN BERNARDINO,RIALTO,-117.39199829101563,34.13496017456055
91850573,2022,2022-08-26,9835,2022-08-25,0206,022308,NA,4,3,3,3601,0,1,1,NA,2,071,INTERSTATE 15,MURIEL DR,739,N,N,A,-,Y,NA,NA,NA,NA,NA,NA,NA,NA,NA,Y,4,0,1,2,A,-,08,22107,NA,N,D,C,A,A,H,-,D,D,0,NA,NA,NA,Y,Y,NA,A,01,0,0,1,0,0,0,0,0,0,-,-,NA,NA,SAN BERNARDINO,BARSTOW,-117.01039123535156,34.886260986328125
91852853,2022,2022-08-30,9855,2022-08-21,1900,021156,NA,7,2,6,3604,0,1,1,NA,2,201,SR-210 E/B (FOOTHILL FWY),BEECH AVE.,2200,E,N,A,-,Y,SBD,NA,210,NA,NA,13.319,H,NA,R,N,4,0,2,2,A,-,07,21658,A,N,E,I,A,A,H,-,A,D,0,NA,NA,NA,NA,Y,NA,A,01,0,0,2,0,0,0,0,0,0,-,-,34.13621139526367,-117.46417999267578,SAN BERNARDINO,FONTANA,-117.46417999267578,34.136314392089844
9185375,2020,2020-12-04,3610,2020-09-27,1743,51104,NA,7,5,6,3610,0,0,0,NA,0,ADAM,W FOOTHILL BL,N RANCHO AV,0,NA,Y,A,-,N,NA,NA,NA,NA,NA,NA,NA,NA,NA,Y,4,0,7,5,A,-,03,22350,NA,F,C,C,A,A,H,-,A,D,0,NA,NA,NA,NA,Y,NA,A,01,0,0,7,0,0,0,0,0,0,-,-,34.10670852661133,-117.33412933349608,SAN BERNARDINO,SAN BERNARDINO,-117.33399963378906,34.10673141479492
9185455,2020,2020-12-16,3600,2020-09-27,1047,H7557,VC042,7,5,5,3612,0,0,0,NA,0,VC1,D ST,2ND ST,0,NA,Y,A,-,N,NA,NA,NA,NA,NA,NA,NA,NA,NA,Y,3,0,3,2,A,-,09,21801,A,N,D,C,A,A,H,-,A,A,0,NA,NA,NA,Y,Y,NA,F,26,0,1,2,0,0,0,0,0,0,-,-,NA,NA,SAN BERNARDINO,VICTORVILLE,-117.2972412109375,34.53969192504883
91855340,2022,2022-09-01,9860,2022-08-18,1200,019495,NA,4,1,5,3608,0,1,1,NA,2,203,SR-210 E/B,5TH ST.,860,W,N,B,-,Y,SBD,NA,210,NA,R,30.065,H,NA,R,Y,4,0,1,2,A,-,07,21658,A,N,D,2,A,A,D,-,A,D,0,NA,NA,NA,NA,Y,NA,-,-,0,0,1,0,0,0,0,0,0,-,-,34.11043930053711,-117.19933319091795,SAN BERNARDINO,REDLANDS,-117.19932556152344,34.11043930053711
91858173,2022,2022-09-06,9850,2022-08-29,0815,021205,NA,1,1,9,3600,0,3,5,NA,2,001,SPRING VALLEY PKWY,SUNBURST RD,80,N,N,A,-,N,NA,NA,NA,NA,NA,NA,NA,NA,NA,Y,4,0,1,2,A,-,08,22107,NA,N,C,E,A,A,H,-,A,D,0,NA,NA,NA,NA,Y,NA,A,01,0,0,1,0,0,0,0,0,0,-,-,34.47911071777344,-117.2678680419922,SAN BERNARDINO,UNINCORPORATED,-117.26802825927734,34.47916030883789
91858873,2022,2022-09-07,9835,2022-08-28,1927,020976,NA,7,2,9,3600,0,1,1,NA,2,077,I-15 S/B,YATES WELL RD,1056,N,N,A,-,Y,SBD,NA,15,NA,NA,170.705,H,NA,L,N,4,0,2,2,A,-,03,22350,NA,N,C,C,A,A,H,-,D,D,0,NA,NA,NA,NA,Y,NA,E,22,0,0,2,0,0,0,0,0,0,-,-,35.46976852416992,-115.54218292236328,SAN BERNARDINO,UNINCORPORATED,-115.5421905517578,35.4697265625
91858927,2022,2023-08-08,9835,2022-08-29,0220,022649,NA,1,3,9,3600,0,1,1,NA,2,075,I-15 S/B,E. BAKER BLVD,21754,N,N,A,-,Y,SBD,NA,15,NA,NA,142.711,H,NA,L,Y,3,0,3,2,A,-,03,22350,NA,N,C,C,A,A,H,-,D,D,0,NA,NA,NA,NA,Y,NA,D,22,0,3,0,0,0,0,0,0,0,-,-,35.3183708190918,-115.99130249023438,SAN BERNARDINO,UNINCORPORATED,-115.99142456054688,35.31849670410156
91859301,2022,2022-09-07,9835,2022-08-29,1828,022209,NA,1,2,9,3600,0,1,1,NA,2,073,I-15 N/B,FIELD ROAD,122,N,N,A,-,Y,SBD,NA,15,NA,R,103.593,H,NA,R,Y,3,0,1,2,A,-,03,22350,NA,N,C,C,A,A,H,-,A,D,0,NA,NA,NA,Y,Y,NA,A,01,0,1,0,0,0,0,0,0,0,-,-,35.0106201171875,-116.53170776367188,SAN BERNARDINO,UNINCORPORATED,-116.53173065185548,35.01066207885742
91860080,2022,2022-09-08,9835,2022-08-29,2133,022889,NA,1,2,9,3600,0,1,1,NA,2,072,N/B I-15,SR-127,26928,N,N,A,-,Y,SBD,NA,15,NA,NA,141.86,H,NA,R,Y,4,0,1,3,A,-,08,22107,NA,N,B,C,A,A,H,-,D,D,0,NA,NA,NA,Y,Y,NA,G,25,0,0,1,0,0,0,0,0,0,-,-,35.31066131591797,-116.00312042236328,SAN BERNARDINO,UNINCORPORATED,-116.003173828125,35.31071853637695
91861036,2022,2022-09-09,9835,2022-06-27,1211,022393,NA,1,1,9,3600,0,1,3,NA,1,019,SR-247 S/B,STODDARD WELLS RD,3749,N,N,A,-,N,NA,NA,NA,NA,NA,NA,NA,NA,NA,Y,1,1,0,1,A,-,08,22107,NA,N,E,I,A,A,H,-,A,D,0,NA,NA,NA,NA,Y,NA,A,01,0,0,0,0,0,0,0,0,0,-,-,34.82920837402344,-117.02675628662108,SAN BERNARDINO,UNINCORPORATED,-117.02678680419922,34.829227447509766
91861918,2022,2022-09-12,9855,2022-08-30,0718,014637,NA,2,1,6,3616,0,1,1,NA,2,153,I-15 S/B (ONTARIO FWY),SR-210 E/B,750,S,N,A,-,Y,NA,NA,NA,NA,NA,NA,NA,NA,NA,N,4,0,2,3,A,-,03,22350,NA,N,C,C,A,A,H,-,A,D,0,NA,NA,NA,Y,Y,NA,A,07,0,0,2,0,0,0,0,0,0,-,-,34.13016128540039,-117.53401947021484,SAN BERNARDINO,RANCHO CUCAMONGA,-117.49813079833984,34.13478088378906
91862720,2022,2022-09-12,9860,2022-08-30,1610,020282,NA,2,2,9,3600,0,1,1,NA,2,102,I-10 E/B,CEDAR AVE,1056,W,N,A,-,Y,SBD,NA,10,NA,R,18.481,H,NA,R,Y,3,0,1,2,A,-,07,21658,A,N,B,C,A,A,H,-,A,D,0,NA,NA,Y,NA,Y,NA,A,01,0,1,0,0,0,0,0,0,1,-,-,34.06840133666992,-117.39630889892578,SAN BERNARDINO,UNINCORPORATED,-117.39630889892578,34.068397521972656
91864244,2022,2022-09-14,9865,2022-09-05,0045,021199,NA,1,3,9,3600,0,3,5,NA,2,001,CLEGHORN RD,STATE ROUTE 138,5280,W,N,A,-,N,NA,NA,NA,NA,NA,NA,NA,NA,NA,N,3,0,1,2,A,-,00,20001,NA,F,G,B,E,A,H,-,D,D,0,Y,NA,NA,NA,Y,NA,-,-,0,1,0,0,1,0,0,0,0,-,-,34.28614044189453,-117.37172698974608,SAN BERNARDINO,UNINCORPORATED,-117.35581207275392,34.287818908691406
91866578,2022,2022-09-16,9870,2022-08-20,2350,020213,NA,6,3,9,3600,0,3,5,NA,2,002,AVALON AVENUE,SUNWAY DRIVE,61,S,N,A,-,N,NA,NA,NA,NA,NA,NA,NA,NA,NA,Y,1,1,0,1,A,-,01,23152,A,N,F,A,A,A,H,-,D,D,0,NA,NA,NA,NA,Y,Y,D,22,0,0,0,0,0,0,0,0,0,-,-,34.17247009277344,-116.38713836669922,SAN BERNARDINO,UNINCORPORATED,-116.38706970214844,34.174713134765625
91868613,2022,2022-09-20,9855,2022-09-10,2349,020690,NA,6,3,5,3611,0,1,1,NA,2,204,SR-210 W/B (FOOTHILL FREEWAY),MOUNTAIN AVE.,380,W,N,A,-,Y,SBD,NA,210,NA,NA,1.413,H,NA,L,Y,3,0,1,2,A,-,07,21658,A,N,B,C,A,A,H,-,C,D,0,NA,NA,Y,NA,Y,Y,-,-,0,1,0,0,0,0,0,0,1,-,-,34.134700775146484,-117.6718292236328,SAN BERNARDINO,UPLAND,-117.67183685302734,34.13480758666992
91869893,2022,2022-09-21,9860,2022-09-11,2040,021363,NA,7,2,6,3610,0,1,1,NA,2,218,I-215 N/B,16TH ST,450,S,N,B,C,Y,SBD,NA,215,NA,NA,8.487,H,NA,R,Y,4,0,2,1,A,-,03,22350,NA,N,E,I,A,B,H,-,C,D,0,NA,NA,NA,NA,Y,NA,A,01,0,0,2,0,0,0,0,0,0,-,-,34.1272087097168,-117.3027572631836,SAN BERNARDINO,SAN BERNARDINO,-117.30257415771484,34.127254486083984
91873253,2022,2022-09-26,9855,2022-09-17,1916,021941,NA,6,2,6,3607,0,1,3,NA,2,603,SR-60 W/B (POMONA FWY),EUCLID AVE.,2000,W,N,A,-,Y,SBD,NA,60,NA,R,4.179,H,NA,L,N,4,0,1,2,A,-,03,22350,NA,N,C,C,A,A,H,-,A,D,0,NA,NA,NA,NA,Y,NA,A,07,0,0,1,0,0,0,0,0,0,-,-,34.03057861328125,-117.65785217285156,SAN BERNARDINO,ONTARIO,-117.65785217285156,34.03048324584961
91875598,2022,2022-09-28,9855,2022-09-07,0600,023010,NA,3,1,6,3604,0,1,1,NA,2,101,I-10 E/B (SAN BERNARDINO FWY),CHERRY AVE.,2215,W,N,A,-,Y,SBD,NA,10,NA,NA,12.733,H,NA,R,Y,4,0,1,1,C,-,18,NA,NA,N,E,H,A,A,H,-,D,D,0,NA,NA,NA,NA,Y,NA,-,-,0,0,1,0,0,0,0,0,0,-,-,34.06562042236328,-117.49640655517578,SAN BERNARDINO,FONTANA,-117.49640655517578,34.06559753417969
91876444,2022,2022-09-29,9860,2022-09-17,0520,021229,NA,6,3,9,3600,0,1,1,NA,2,152,I-15 N/B,OAK HILL RD,5280,S,N,A,-,Y,SBD,NA,15,NA,R,25.731,H,NA,R,Y,4,0,2,2,A,-,07,21658,A,N,C,C,A,A,H,-,D,D,0,NA,NA,NA,Y,Y,NA,G,25,0,0,2,0,0,0,0,0,0,-,-,34.34844970703125,-117.44078826904295,SAN BERNARDINO,UNINCORPORATED,-117.44081878662108,34.348472595214844
91878890,2022,2022-09-30,9850,2022-09-18,2045,022734,NA,7,2,9,3600,0,1,3,NA,2,040,SR-18,TRADEPOST RD,0,NA,Y,A,-,N,NA,NA,NA,NA,NA,NA,NA,NA,NA,Y,3,0,1,2,A,-,01,23152,A,N,D,C,A,A,H,-,C,A,0,NA,NA,NA,NA,Y,Y,A,01,0,1,0,0,0,0,0,0,0,-,-,34.44384002685547,-116.9633331298828,SAN BERNARDINO,UNINCORPORATED,-116.96327209472656,34.443817138671875
91881363,2022,2022-10-04,9850,2022-09-27,1443,023055,NA,2,2,5,3619,0,1,1,NA,2,081,I-15 N/B,RANCHERO RD,475,N,N,A,-,Y,SBD,NA,15,NA,NA,30.487,H,NA,R,Y,4,0,1,2,A,-,03,22350,NA,N,C,C,A,A,H,-,A,D,0,NA,NA,NA,NA,Y,NA,D,22,0,0,1,0,0,0,0,0,0,-,-,34.38412857055664,-117.41429138183594,SAN BERNARDINO,HESPERIA,-117.41425323486328,34.38410949707031
91882587,2022,2022-10-05,9850,2022-09-24,2245,022949,NA,6,3,5,3612,0,1,1,NA,2,082,I-15 N/B,BEAR VALLEY RD,4752,S,N,A,-,Y,SBD,NA,15,NA,NA,36.697,H,NA,R,Y,3,0,1,1,A,-,01,23152,A,N,F,I,A,A,D,E,C,D,0,NA,NA,NA,NA,Y,Y,A,01,0,1,0,0,0,0,0,0,0,-,-,34.459449768066406,-117.35443878173828,SAN BERNARDINO,VICTORVILLE,-117.35458374023438,34.45952606201172
91883727,2022,2022-10-06,9860,2022-10-02,1455,019495,NA,7,2,9,3600,0,1,1,NA,2,151,I-15 N/B,SIERRA AVE.,2640,N,N,A,-,Y,SBD,NA,15,NA,NA,13.415,H,NA,R,N,4,0,1,2,A,-,07,21658,A,N,C,C,A,A,H,-,A,D,0,NA,NA,NA,NA,Y,NA,A,01,0,0,1,0,0,0,0,0,0,-,-,34.187259674072266,-117.42984008789063,SAN BERNARDINO,UNINCORPORATED,-117.42981719970705,34.18723678588867
91884107,2022,2022-10-06,9860,2022-10-03,1630,022906,NA,1,2,9,3600,0,1,1,NA,2,152,I-15 N/B,CLEGHORN RD,77,S,N,A,-,Y,SBD,NA,15,NA,R,20.006,H,NA,R,Y,4,0,1,2,A,-,03,22350,NA,N,C,C,A,A,H,-,A,D,0,NA,NA,NA,NA,Y,NA,A,01,0,0,1,0,0,0,0,0,0,-,-,34.2988395690918,-117.4572982788086,SAN BERNARDINO,UNINCORPORATED,-117.45736694335938,34.298805236816406
91884112,2022,2022-10-06,9855,2022-10-01,1012,017597,NA,6,1,6,3607,0,1,3,NA,2,601,SR-60 E/B (POMONA FWY),MILLIKEN AVE.,1900,W,N,A,-,Y,SBD,NA,60,NA,R,9.604,H,NA,R,N,4,0,1,3,A,-,03,22350,NA,N,C,C,A,A,H,-,A,D,0,NA,NA,NA,NA,Y,NA,E,22,0,0,1,0,0,0,0,0,0,-,-,34.02555847167969,-117.56421661376952,SAN BERNARDINO,ONTARIO,-117.564208984375,34.02558898925781
91884459,2022,2022-10-06,9860,2022-09-30,0825,019495,NA,5,1,9,3600,0,3,5,NA,2,004,GRACE ST.,RANDALL AVE,528,S,N,A,-,N,NA,NA,NA,NA,NA,NA,NA,NA,NA,N,4,0,1,3,A,-,21,22106,NA,N,D,C,A,A,H,-,A,D,0,NA,NA,NA,NA,Y,NA,A,01,0,0,1,0,0,0,0,0,0,-,-,34.083099365234375,-117.4120864868164,SAN BERNARDINO,UNINCORPORATED,-117.41207122802734,34.083492279052734
91886989,2022,2022-10-11,9855,2022-05-16,1042,019675,NA,1,1,6,3607,0,1,3,NA,2,601,SR-60 W/B (POMONA FWY),CAMPUS AVENUE,250,W,N,A,-,Y,SBD,NA,60,NA,R,5.067,H,NA,L,Y,3,0,1,4,A,-,03,22350,NA,N,C,C,A,A,D,-,A,D,0,NA,NA,NA,Y,Y,NA,G,27,0,1,0,0,0,0,0,0,0,-,-,34.030609130859375,-117.64244079589844,SAN BERNARDINO,ONTARIO,-117.64244079589844,34.03054428100586
91887040,2022,2022-10-11,9860,2022-10-08,0815,018275,NA,6,1,5,3608,0,1,1,NA,2,106,I-10 W/B,WABASH AVENUE,200,E,N,A,-,Y,SBD,NA,10,NA,NA,34.319,H,NA,L,Y,3,0,4,3,A,-,07,21658,A,F,B,C,A,A,H,-,A,D,0,NA,NA,NA,NA,Y,NA,A,01,0,4,0,0,0,0,0,0,0,-,-,34.03313064575195,-117.13834381103516,SAN BERNARDINO,REDLANDS,-117.13835144042967,34.033103942871094
91887893,2022,2022-10-12,9865,2022-09-29,2159,021199,NA,4,2,9,3600,0,1,3,NA,2,012,SR18,KUFFEL CANYON RD,4840,N,N,A,-,Y,SBD,NA,18,NA,NA,26.73,H,NA,R,Y,2,0,5,2,A,-,01,23152,NA,N,A,C,A,A,H,-,D,D,0,NA,NA,Y,NA,Y,Y,C,06,2,3,0,0,0,0,0,0,4,-,-,34.2299690246582,-117.16554260253906,SAN BERNARDINO,UNINCORPORATED,-117.16556549072266,34.230010986328125
91888181,2022,2022-10-12,9860,2022-10-05,1618,020282,NA,3,2,6,3610,0,1,1,NA,2,202,SR-210 E/B TO WATERMAN AVE,WATERMAN AVE,322,W,N,A,-,Y,NA,NA,NA,NA,NA,NA,NA,NA,NA,N,4,0,1,2,A,-,03,22350,NA,N,C,C,A,A,H,-,A,A,0,NA,NA,NA,NA,Y,NA,A,01,0,0,1,0,0,0,0,0,0,-,-,34.14479064941406,-117.27986907958984,SAN BERNARDINO,SAN BERNARDINO,-117.27986907958984,34.14479064941406
9188890,2020,2021-01-28,3600,2020-10-20,1916,H9747,VC053,2,5,5,3612,0,0,0,NA,0,VC5,PALMDALE RD,RT 15,0,NA,Y,A,-,Y,SBD,8,18,-,R,96.713,I,5,N,Y,4,0,1,2,A,-,12,21453,A,F,D,C,A,A,H,-,C,A,0,NA,NA,NA,NA,Y,NA,-,99,0,0,1,0,0,0,0,0,0,-,SF,NA,NA,SAN BERNARDINO,VICTORVILLE,-117.32514190673828,34.50724792480469
91889254,2022,2022-10-13,9855,2022-10-06,2233,022865,NA,4,3,9,3600,0,3,5,NA,2,001,BEECH AVE,ARROW RTE.,0,NA,Y,A,-,N,NA,NA,NA,NA,NA,NA,NA,NA,NA,Y,4,0,1,2,A,-,09,21801,A,N,D,C,A,A,H,-,C,A,0,NA,NA,NA,NA,Y,NA,A,01,0,0,1,0,0,0,0,0,0,-,-,34.09925842285156,-117.47119903564452,SAN BERNARDINO,UNINCORPORATED,-117.47122192382813,34.099281311035156