CASE_ID,ACCIDENT_YEAR,PROC_DATE,JURIS,COLLISION_DATE,COLLISION_TIME,OFFICER_ID,REPORTING_DISTRICT,DAY_OF_WEEK,CHP_SHIFT,POPULATION,CNTY_CITY_LOC,SPECIAL_COND,BEAT_TYPE,CHP_BEAT_TYPE,CITY_DIVISION_LAPD,CHP_BEAT_CLASS,BEAT_NUMBER,PRIMARY_RD,SECONDARY_RD,DISTANCE,DIRECTION,INTERSECTION,WEATHER_1,WEATHER_2,STATE_HWY_IND,CALTRANS_COUNTY,CALTRANS_DISTRICT,STATE_ROUTE,ROUTE_SUFFIX,POSTMILE_PREFIX,POSTMILE,LOCATION_TYPE,RAMP_INTERSECTION,SIDE_OF_HWY,TOW_AWAY,COLLISION_SEVERITY,NUMBER_KILLED,NUMBER_INJURED,PARTY_COUNT,PRIMARY_COLL_FACTOR,PCF_CODE_OF_VIOL,PCF_VIOL_CATEGORY,PCF_VIOLATION,PCF_VIOL_SUBSECTION,HIT_AND_RUN,TYPE_OF_COLLISION,MVIW,PED_ACTION,ROAD_SURFACE,ROAD_COND_1,ROAD_COND_2,LIGHTING,CONTROL_DEVICE,CHP_ROAD_TYPE,PEDESTRIAN_ACCIDENT,BICYCLE_ACCIDENT,MOTORCYCLE_ACCIDENT,TRUCK_ACCIDENT,NOT_PRIVATE_PROPERTY,ALCOHOL_INVOLVED,STWD_VEHTYPE_AT_FAULT,CHP_VEHTYPE_AT_FAULT,COUNT_SEVERE_INJ,COUNT_VISIBLE_INJ,COUNT_COMPLAINT_PAIN,COUNT_PED_KILLED,COUNT_PED_INJURED,COUNT_BICYCLIST_KILLED,COUNT_BICYCLIST_INJURED,COUNT_MC_KILLED,COUNT_MC_INJURED,PRIMARY_RAMP,SECONDARY_RAMP,LATITUDE,LONGITUDE,COUNTY,CITY,POINT_X,POINT_Y
92265388,2023,2023-12-19,9860,2023-12-10,2005,022319,NA,7,2,4,3618,0,1,1,NA,2,203,SR-210 W/B TO BASELINE ST.,BASELINE ST.,60,E,N,A,-,Y,NA,NA,NA,NA,NA,NA,NA,NA,NA,Y,3,0,5,3,A,-,01,23152,A,N,C,C,A,A,H,-,C,D,0,NA,NA,NA,NA,Y,Y,D,22,0,4,1,0,0,0,0,0,0,-,-,34.12089157104492,-117.20011901855467,SAN BERNARDINO,HIGHLAND,-117.20011901855467,34.12089157104492
92265875,2023,2023-12-19,9835,2023-12-09,1737,023107,NA,6,2,9,3600,0,1,1,NA,2,073,INTERSTATE 15,ALVORD MOUNTAIN RD,600,S,N,A,-,Y,SBD,NA,15,NA,R,98.895,H,NA,L,Y,3,0,1,3,A,-,03,22350,NA,N,C,C,A,A,H,-,D,A,0,NA,NA,NA,Y,Y,NA,A,01,0,1,0,0,0,0,0,0,0,-,-,34.980751037597656,-116.60610198974608,SAN BERNARDINO,UNINCORPORATED,-116.60610198974608,34.980751037597656
92266515,2023,2023-12-19,9855,2023-12-08,1835,021006,NA,5,2,6,3607,0,1,3,NA,2,601,SR-60 E/B (POMONA FWY),GROVE AVENUE,2690,W,N,A,-,Y,SBD,NA,60,NA,R,5.365,H,NA,R,Y,2,0,1,2,A,-,07,21658,A,N,B,2,A,A,H,-,C,D,0,NA,NA,Y,NA,Y,NA,A,01,1,0,0,0,0,0,0,0,1,-,-,34.03036117553711,-117.63717651367188,SAN BERNARDINO,ONTARIO,-117.63717651367188,34.03037643432617
9226787,2021,2021-04-09,3600,2021-02-04,1054,F6913,NA,4,5,6,3616,0,0,0,NA,0,NA,HIGHLAND AV,DAY CREEK BL,533,W,N,A,-,N,NA,NA,NA,NA,NA,NA,NA,NA,NA,Y,2,0,2,2,A,-,09,21801,A,N,D,C,A,A,H,-,A,A,0,NA,NA,NA,NA,Y,NA,A,07,1,1,0,0,0,0,0,0,0,-,-,NA,NA,SAN BERNARDINO,RANCHO CUCAMONGA,-117.53846740722656,34.1353759765625
92268753,2023,2023-12-22,9860,2023-12-13,1725,021363,NA,3,2,5,3609,0,1,1,NA,2,214,SR-210 W/B,HIGHLAND AVE OC,1000,E,N,A,-,Y,SBD,NA,210,NA,NA,19.069,H,NA,L,Y,4,0,1,3,A,-,03,22350,NA,N,C,C,A,A,H,-,B,D,0,NA,NA,NA,NA,Y,NA,A,01,0,0,1,0,0,0,0,0,0,-,-,34.13636016845703,-117.36380004882813,SAN BERNARDINO,RIALTO,-117.36380004882813,34.13637161254883
92268764,2023,2023-12-22,9860,2023-12-14,1040,020654,NA,4,1,5,3609,0,1,1,NA,2,102,I-10 W/B,RIVERSIDE AVE.,1584,W,N,A,-,Y,SBD,NA,10,NA,NA,19.642,H,NA,L,N,4,0,1,2,A,-,03,22350,NA,N,C,C,A,A,H,-,A,D,0,NA,NA,NA,NA,Y,NA,A,01,0,0,1,0,0,0,0,0,0,-,-,34.06861877441406,-117.37608337402344,SAN BERNARDINO,RIALTO,-117.37608337402344,34.068660736083984
92269628,2023,2023-12-22,9835,2023-12-15,1130,022980,NA,5,1,9,3600,0,1,1,NA,2,070,I-15 SOUTHBOUND,HODGE ROAD,12270,N,N,A,-,Y,SBD,NA,15,NA,NA,62.487,H,NA,L,Y,3,0,1,2,A,-,03,22350,NA,N,C,C,A,A,H,-,A,D,0,NA,NA,NA,NA,Y,NA,A,01,0,1,0,0,0,0,0,0,0,-,-,34.77682876586914,-117.13752746582033,SAN BERNARDINO,UNINCORPORATED,-117.13753509521484,34.77683639526367
92269744,2023,2023-12-22,9860,2023-11-25,430,022359,NA,6,3,6,3610,0,1,1,NA,2,202,SR-210 W/B,WATERMAN AVE,659,W,N,A,-,Y,SBD,NA,210,NA,R,24.091,H,NA,L,Y,3,0,1,2,A,-,01,23152,A,N,E,2,A,A,H,-,C,D,0,NA,NA,NA,NA,Y,Y,A,01,0,1,0,0,0,0,0,0,0,-,-,34.145328521728516,-117.28083801269533,SAN BERNARDINO,SAN BERNARDINO,-117.28083801269533,34.1453742980957
92269748,2023,2023-12-22,9860,2023-12-10,1540,022694,NA,7,2,9,3600,0,1,1,NA,2,151,MEYER CANYON DR,S LYTTLE CREEK RD,5280,E,N,A,-,N,NA,NA,NA,NA,NA,NA,NA,NA,NA,Y,4,0,1,1,A,-,01,23152,A,F,F,A,A,A,H,-,A,D,0,NA,NA,NA,NA,Y,NA,A,07,0,0,1,0,0,0,0,0,0,-,-,34.20787048339844,-117.44441223144533,SAN BERNARDINO,UNINCORPORATED,NA,NA
92269792,2023,2024-05-20,9850,2023-12-12,1624,021384,NA,2,2,9,3600,0,1,3,NA,2,040,SR-18,JOSHUA RD,55,W,N,A,-,Y,SBD,NA,18,NA,NA,79.616,H,NA,R,Y,4,0,1,2,A,-,08,22107,NA,N,B,C,A,A,H,-,A,D,0,NA,NA,NA,NA,Y,NA,A,07,0,0,1,0,0,0,0,0,0,-,-,34.45029830932617,-117.05123901367188,SAN BERNARDINO,UNINCORPORATED,-117.05123901367188,34.4503288269043
92272000,2023,2023-12-27,9850,2023-12-16,1325,022591,NA,6,1,5,3619,0,1,1,NA,2,081,I-15 S/B,MAIN ST,5280,N,N,A,-,Y,SBD,NA,15,NA,NA,34.837,H,NA,L,N,3,0,1,3,A,-,03,22350,NA,M,C,C,A,A,D,-,A,D,0,NA,NA,NA,NA,Y,NA,A,08,0,1,0,0,0,0,0,0,0,-,-,34.43687057495117,-117.3725814819336,SAN BERNARDINO,HESPERIA,-117.3726043701172,34.436885833740234
92273648,2023,2023-12-28,9870,2023-12-27,1025,016935,NA,3,1,9,3600,0,3,5,NA,2,003,QUAIL SPRINGS ROAD,RAPALLO ROAD,350,E,N,B,-,N,NA,NA,NA,NA,NA,NA,NA,NA,NA,Y,3,0,2,1,A,-,03,22350,NA,N,F,A,A,A,B,-,A,D,0,NA,NA,NA,NA,Y,NA,A,07,0,2,0,0,0,0,0,0,0,-,-,34.09305953979492,-116.27696228027344,SAN BERNARDINO,UNINCORPORATED,-116.27672576904295,34.093021392822266
92275180,2023,2023-12-29,9855,2023-12-20,2100,021006,NA,3,2,5,3630,0,1,3,NA,2,071,SR-71 N/B (CHINO FWY),CHINO AVENUE,1000,S,N,B,C,Y,SBD,NA,71,NA,R,1.259,H,NA,R,Y,4,0,1,2,A,-,03,22350,NA,N,C,C,A,B,C,-,C,D,0,NA,NA,NA,NA,Y,NA,A,01,0,0,1,0,0,0,0,0,0,-,-,34.00767135620117,-117.7297592163086,SAN BERNARDINO,CHINO HILLS,-117.72994232177734,34.007545471191406
92275876,2023,2024-01-01,9860,2023-12-26,825,019429,NA,2,1,6,3604,0,1,1,NA,2,102,I-10 W/B,SIERRA AVE,739,E,N,B,-,Y,SBD,NA,10,NA,NA,17.594,H,NA,L,Y,4,0,1,2,A,-,08,22107,NA,N,C,C,A,A,H,-,A,D,0,NA,NA,NA,NA,Y,NA,A,01,0,0,1,0,0,0,0,0,0,-,-,34.06781005859375,-117.4118423461914,SAN BERNARDINO,FONTANA,-117.4118423461914,34.06779861450195
92276577,2023,2024-01-02,9835,2023-12-22,1230,022078,NA,5,1,9,3600,0,1,2,NA,1,014,US-395 S/B,SR-58 E/B,29304,S,N,B,C,Y,SBD,NA,395,NA,NA,40.481,H,NA,L,Y,3,0,5,4,A,-,08,22107,NA,N,A,C,A,B,H,-,A,D,0,NA,NA,NA,NA,Y,NA,A,07,0,5,0,0,0,0,0,0,0,-,-,34.91849136352539,-117.51638793945313,SAN BERNARDINO,UNINCORPORATED,-117.5163803100586,34.91849136352539
92276964,2023,2024-01-02,9835,2023-12-29,1644,023120,NA,5,2,9,3600,0,1,1,NA,2,075,I-15 S/B,HALLORAN SPRINGS RD,4974,N,N,A,-,Y,SBD,NA,15,NA,NA,150.551,H,NA,L,Y,3,0,2,2,A,-,08,22107,NA,N,B,C,A,A,H,-,D,D,0,NA,NA,NA,NA,Y,NA,A,01,0,2,0,0,0,0,0,0,0,-,-,35.37947082519531,-115.87554168701172,SAN BERNARDINO,UNINCORPORATED,-115.87554168701172,35.37946701049805
92278025,2023,2024-01-03,9835,2023-12-28,420,020389,NA,4,3,9,3600,0,1,1,NA,2,077,INTERSTATE 15 NORTHBOUND,YATES WELL ROAD,200,N,N,A,-,Y,SBD,NA,15,NA,NA,181.466,H,NA,R,Y,4,0,1,1,A,-,08,22107,NA,N,F,A,A,A,H,-,D,D,0,NA,NA,NA,NA,Y,NA,A,01,0,0,1,0,0,0,0,0,0,-,-,35.54182815551758,-115.41898345947266,SAN BERNARDINO,UNINCORPORATED,-115.41908264160156,35.5418586730957
9227810,2021,2021-04-20,3600,2021-02-10,0841,F8939,NE008,3,5,2,3606,0,0,0,NA,0,001,RT 95,ZOE LN,2287,S,N,A,-,Y,SBD,8,95,-,-,55.31,H,-,N,Y,4,0,1,1,A,-,07,21658,NA,N,F,A,A,A,H,-,A,D,0,NA,NA,NA,NA,Y,NA,-,NA,0,0,1,0,0,0,0,0,0,-,-,NA,NA,SAN BERNARDINO,NEEDLES,-114.60765838623048,34.798789978027344
9227946,2021,2021-04-21,3600,2021-03-03,1938,G5408,AP008,3,5,5,3621,0,0,0,NA,0,AP3,KIOWA RD,SITTING BULL RD,0,NA,Y,A,-,N,NA,NA,NA,NA,NA,NA,NA,NA,NA,Y,4,0,2,2,A,-,03,22350,NA,N,C,C,A,A,H,-,D,A,0,NA,NA,NA,NA,Y,NA,A,07,0,0,2,0,0,0,0,0,0,-,-,NA,NA,SAN BERNARDINO,APPLE VALLEY,-117.2077178955078,34.4853630065918
92280383,2023,2024-01-05,9855,2023-12-28,1615,023023,NA,4,2,5,3602,0,1,3,NA,2,603,SR-60 W/B (POMONA FREEWAY),EAST END AVENUE,700,E,N,A,-,Y,SBD,NA,60,NA,R,0.455,H,NA,L,N,4,0,1,2,A,-,03,22350,NA,N,C,C,A,A,H,-,A,D,0,NA,NA,NA,NA,Y,NA,A,01,0,0,1,0,0,0,0,0,0,-,-,34.0265998840332,-117.72200012207033,SAN BERNARDINO,CHINO,-117.72198486328124,34.02657699584961
9228040,2021,2021-03-25,3611,2021-01-08,1700,3336,3611,5,5,5,3611,0,0,0,NA,0,001,16TH ST,PALOMINO AV,20,W,N,A,-,N,NA,NA,NA,NA,NA,NA,NA,NA,NA,Y,4,0,2,3,A,-,03,22350,NA,F,C,C,A,A,H,-,A,D,0,NA,NA,NA,NA,Y,NA,A,01,0,0,2,0,0,0,0,0,0,-,-,NA,NA,SAN BERNARDINO,UPLAND,-117.67151641845705,34.12150955200195
92282668,2023,2024-01-09,9834,2023-12-28,955,017400,NA,4,1,9,3600,0,1,2,NA,1,095,US-95,095 SBD 71.00,1056,S,N,A,-,Y,SBD,NA,95,NA,NA,70.841,H,NA,R,Y,4,0,2,1,A,-,08,22107,NA,F,E,I,A,A,H,-,A,D,0,NA,NA,NA,NA,Y,Y,A,01,0,0,2,0,0,0,0,0,0,-,-,35.03969955444336,-114.8249282836914,SAN BERNARDINO,UNINCORPORATED,-114.82494354248048,35.039695739746094
92282857,2024,2024-01-09,9865,2024-01-01,10,021229,NA,1,3,9,3600,0,3,5,NA,2,001,LAKE DR,ZURICH DR,150,N,N,A,-,N,NA,NA,NA,NA,NA,NA,NA,NA,NA,Y,2,0,1,1,A,-,03,22350,NA,N,F,I,A,C,H,-,D,D,0,NA,NA,NA,NA,Y,NA,D,22,1,0,0,0,0,0,0,0,0,-,-,34.24454879760742,-117.27091979980467,SAN BERNARDINO,UNINCORPORATED,-117.27210235595705,34.2437629699707
92283601,2023,2024-01-10,9855,2023-12-29,1241,014637,NA,5,1,9,3600,0,3,5,NA,2,001,BEECH AVE (8900 BLK),MERRILL AVE,100,S,N,A,-,N,NA,NA,NA,NA,NA,NA,NA,NA,NA,Y,4,0,1,2,A,-,08,22107,NA,N,A,C,A,A,H,-,A,D,0,NA,NA,NA,NA,Y,NA,A,08,0,0,1,0,0,0,0,0,0,-,-,34.091209411621094,-117.4711685180664,SAN BERNARDINO,UNINCORPORATED,-117.47116088867188,34.09174728393555
92284866,2023,2024-01-11,9850,2023-12-23,1304,023055,NA,6,1,9,3600,0,1,3,NA,2,060,SR-138,SR-2,300,E,N,A,-,Y,SBD,NA,138,NA,NA,6.731,H,NA,R,Y,4,0,1,2,A,-,08,22100,B,N,D,C,A,A,H,-,A,D,0,NA,NA,NA,NA,Y,NA,A,08,0,0,1,0,0,0,0,0,0,-,-,34.39002990722656,-117.57553863525392,SAN BERNARDINO,UNINCORPORATED,-117.57558441162108,34.39000701904297
92286799,2024,2024-01-15,9860,2024-01-07,2104,023041,NA,7,2,9,3600,0,1,1,NA,2,102,I-10 E/B,CEDAR AVE,1500,W,N,A,-,Y,SBD,NA,10,NA,R,18.206,H,NA,R,Y,4,0,3,2,A,-,03,22350,NA,F,C,C,A,A,D,-,C,D,0,NA,NA,NA,NA,Y,NA,A,07,0,0,3,0,0,0,0,0,0,-,-,34.06800079345703,-117.401123046875,SAN BERNARDINO,UNINCORPORATED,-117.401123046875,34.06801223754883
92288871,2023,2024-01-17,9860,2023-12-31,1420,022319,NA,7,2,6,3610,0,1,1,NA,2,201,I-215 FROM SR-210 E/B,27TH ST.,700,W,N,A,-,Y,SBD,NA,210,NA,NA,21.376,H,NA,R,N,4,0,1,1,A,-,08,22107,NA,N,E,I,A,A,H,-,A,D,0,NA,NA,NA,NA,Y,NA,D,22,0,0,1,0,0,0,0,0,0,-,-,34.138648986816406,-117.3251495361328,SAN BERNARDINO,SAN BERNARDINO,-117.32537841796876,34.138797760009766
9229219,2021,2021-03-30,3600,2021-02-11,1933,G4523,HI002,4,5,4,3618,0,0,0,NA,0,HI1,DEL ROSA AV,PALOMA RD,490,S,N,A,-,N,NA,NA,NA,NA,NA,NA,NA,NA,NA,N,3,0,1,2,A,-,07,21658,NA,N,C,E,A,A,H,-,C,-,0,NA,NA,NA,NA,Y,NA,A,01,0,1,0,0,0,0,0,0,0,-,-,34.11882019042969,-117.2502670288086,SAN BERNARDINO,HIGHLAND,-117.2502212524414,34.11811828613281
92292834,2024,2024-01-22,9860,2024-01-20,1415,021169,NA,6,2,9,3600,0,1,1,NA,2,151,I-15 N/B,KENWOOD AVE,6389,N,N,B,C,Y,SBD,NA,15,NA,R,16.238,H,NA,R,Y,3,0,2,1,A,-,03,22350,NA,N,E,I,A,B,H,-,A,D,0,NA,NA,NA,NA,Y,NA,A,07,0,1,1,0,0,0,0,0,0,-,-,34.24885940551758,-117.44062042236328,SAN BERNARDINO,UNINCORPORATED,-117.44057464599608,34.248931884765625
92293487,2024,2024-01-22,9860,2024-01-17,1745,020282,NA,3,2,4,3603,0,1,1,NA,2,214,I-215 S/B,IOWA AVE,424,N,N,A,-,Y,SBD,NA,215,NA,NA,0.488,H,NA,L,Y,4,0,2,4,A,-,03,22350,NA,N,C,C,A,A,H,-,C,D,0,NA,NA,NA,NA,Y,NA,A,01,0,0,2,0,0,0,0,0,0,-,-,34.025108337402344,-117.3345184326172,SAN BERNARDINO,COLTON,-117.33455657958984,34.0251350402832
9229379,2021,2021-03-23,3600,2021-01-11,0805,H8994,HE323,1,5,5,3619,0,0,0,NA,0,HE3,RANCHORO RD,KERN AVE,360,E,N,A,G,N,NA,NA,NA,NA,NA,NA,NA,NA,NA,N,4,0,1,2,A,-,11,21954,A,N,G,B,D,A,H,-,A,D,0,Y,NA,NA,NA,Y,NA,N,60,0,0,1,0,1,0,0,0,0,-,-,NA,NA,SAN BERNARDINO,HESPERIA,-117.33133697509766,34.38328170776367
92300922,2024,2024-01-30,9850,2024-01-22,1525,021342,NA,1,2,9,3600,0,1,1,NA,2,084,I-15 N/B,DALE EVAN'S PRKY,15,S,N,C,-,Y,SBD,NA,15,NA,NA,51.824,H,NA,R,Y,4,0,2,1,A,-,03,22350,NA,N,E,I,A,B,H,-,A,D,0,NA,NA,NA,NA,Y,NA,A,01,0,0,2,0,0,0,0,0,0,-,-,34.64406967163086,-117.21782684326172,SAN BERNARDINO,UNINCORPORATED,-117.21788787841795,34.644100189208984
92301666,2023,2024-01-31,9835,2023-11-17,410,022410,NA,5,3,9,3600,0,1,1,NA,2,073,I-15 N/B,15 SBD MM 101.27,200,N,N,A,-,Y,SBD,NA,15,NA,R,101.143,H,NA,R,Y,1,1,0,1,A,-,08,22107,NA,N,E,9,A,A,H,-,D,D,0,NA,NA,NA,NA,Y,NA,A,01,0,0,0,0,0,0,0,0,0,-,-,34.9957389831543,-116.57096099853516,SAN BERNARDINO,UNINCORPORATED,-116.57093048095705,34.99570083618164
92306802,2024,2024-02-06,9835,2024-01-27,1249,023479,NA,6,1,9,3600,0,1,1,NA,2,074,I-15 N/B,KELBAKER RD,3326,S,N,A,-,Y,SBD,NA,15,NA,R,135.944,H,NA,R,N,4,0,1,2,A,-,08,22107,NA,N,D,C,A,A,H,-,A,D,0,NA,NA,NA,NA,Y,NA,A,01,0,0,1,0,0,0,0,0,0,-,-,35.257530212402344,-116.0818328857422,SAN BERNARDINO,UNINCORPORATED,-116.08195495605467,35.25766372680664
92307050,2024,2024-02-06,9835,2024-02-03,935,023107,NA,6,1,9,3600,0,1,1,NA,2,074,INTERSTATE 15,BAKER RD,18480,S,N,A,-,Y,SBD,NA,15,NA,R,133.06,H,NA,R,Y,3,0,1,1,A,-,17,21711,NA,N,F,A,A,A,H,-,A,D,0,NA,NA,NA,NA,Y,NA,E,22,0,1,0,0,0,0,0,0,0,-,-,35.222381591796875,-116.10765838623048,SAN BERNARDINO,UNINCORPORATED,-116.10760498046876,35.22235870361328
92307662,2024,2024-02-07,9860,2024-02-06,1242,017098,NA,2,1,9,3600,0,1,1,NA,2,151,I-15 N/B,SIERRA AVE,5808,N,N,B,C,Y,SBD,NA,15,NA,NA,14.086,H,NA,R,Y,4,0,1,1,A,-,03,22350,NA,N,E,I,A,B,H,-,A,D,0,NA,NA,NA,NA,Y,NA,A,07,0,0,1,0,0,0,0,0,0,-,-,34.193599700927734,-117.4208526611328,SAN BERNARDINO,UNINCORPORATED,-117.42091369628906,34.19364547729492
92308265,2024,2024-02-07,9855,2024-02-02,848,023010,NA,5,1,6,3607,0,1,3,NA,2,601,SR-60 W/B (POMONA FWY),VINEYARD AVE.,2690,E,N,A,-,Y,SBD,NA,60,NA,R,7.392,H,NA,L,N,3,0,2,3,A,-,03,22350,NA,N,C,C,A,A,H,-,A,D,0,NA,NA,NA,NA,Y,NA,A,01,0,2,0,0,0,0,0,0,0,-,-,34.03065872192383,-117.60189819335938,SAN BERNARDINO,ONTARIO,-117.60189819335938,34.03068923950195
92309578,2024,2024-02-08,9855,2024-01-21,350,022840,NA,7,3,6,3604,0,1,1,NA,2,153,I-15 NB (ONTARIO FREEWAY),DUNCAN CANYON DRIVE,200,S,N,B,-,Y,SBD,NA,15,NA,NA,10.57,H,NA,R,Y,3,0,1,1,A,-,01,23152,A,N,E,I,A,B,H,-,D,D,0,NA,NA,NA,NA,Y,Y,A,01,0,1,0,0,0,0,0,0,0,-,-,34.160369873046875,-117.46695709228516,SAN BERNARDINO,FONTANA,-117.4668426513672,34.160274505615234
92309981,2024,2024-02-09,9860,2024-02-08,650,020654,NA,4,1,5,3608,0,1,1,NA,2,105,I-10 E/B TO UNIVERSITY ST.,UNIVERISTY ST.,425,W,N,B,-,Y,SBD,NA,10,NA,NA,31.822,H,NA,R,Y,4,0,1,2,A,-,03,22350,NA,N,C,C,A,A,H,-,A,D,0,NA,NA,NA,NA,Y,NA,A,01,0,0,1,0,0,0,0,0,0,-,-,34.056758880615234,-117.16806030273438,SAN BERNARDINO,REDLANDS,-117.1679229736328,34.05693817138672
9231022,2021,2021-03-29,3604,2021-02-14,1428,1394,NA,7,5,6,3604,0,0,0,NA,0,NA,JUNIPER AV,MERRILL AV,344,S,N,A,B,N,NA,NA,NA,NA,NA,NA,NA,NA,NA,N,4,0,1,2,A,-,09,21804,A,N,D,C,A,A,H,-,-,A,0,NA,NA,NA,NA,Y,NA,A,01,0,0,1,0,0,0,0,0,0,-,-,NA,NA,SAN BERNARDINO,FONTANA,-117.44010925292967,34.09117889404297
92312906,2024,2024-02-13,9855,2024-02-05,625,021873,NA,1,1,6,3616,0,1,1,NA,2,201,SR-210 E/B TO I-15 N/B,SR-210 W/B (FOOTHILL FWY),10,N,N,B,C,Y,SBD,NA,210,NA,NA,11.657,H,NA,R,Y,3,0,1,1,A,-,03,22350,NA,N,E,I,A,A,F,-,B,D,0,NA,NA,NA,Y,Y,NA,G,25,0,1,0,0,0,0,0,0,0,-,-,34.13636016845703,-117.49333953857422,SAN BERNARDINO,RANCHO CUCAMONGA,-117.49333953857422,34.136234283447266
92313511,2024,2024-02-14,9860,2024-02-12,2200,022641,NA,1,3,6,3610,0,1,1,NA,2,214,I-215 NORTHBOUND TO INLAND CENTER DRIVE,INLAND CENTER DR,15,S,N,A,-,Y,NA,NA,NA,NA,NA,NA,NA,NA,NA,N,4,0,2,2,A,-,01,23152,A,N,C,C,A,A,H,-,C,A,0,NA,NA,NA,NA,Y,Y,A,01,0,0,2,0,0,0,0,0,0,-,-,34.085330963134766,-117.300537109375,SAN BERNARDINO,SAN BERNARDINO,-117.300537109375,34.085330963134766
9231424,2020,2021-03-10,3600,2020-12-31,1750,A8310,RC052,4,5,6,3616,0,0,0,NA,0,RC4,FOOTHILL BL,VINEYARD AV,558,E,N,A,-,N,NA,NA,NA,NA,NA,NA,NA,NA,NA,NA,3,0,1,2,A,-,11,21955,NA,N,D,B,D,A,H,-,C,D,0,Y,NA,NA,NA,Y,NA,N,60,0,1,0,0,1,0,0,0,0,-,-,NA,NA,SAN BERNARDINO,RANCHO CUCAMONGA,-117.60923004150392,34.106719970703125
9231437,2021,2021-03-15,3600,2021-01-25,1100,A8310,RC068,1,5,6,3616,0,0,0,NA,0,RC6,MILLIKEN AV,FOOTHILL BL,0,NA,Y,B,-,N,NA,NA,NA,NA,NA,NA,NA,NA,NA,Y,3,0,1,2,A,-,05,21650,1,N,D,G,A,A,H,-,A,A,0,NA,Y,NA,NA,Y,NA,L,04,0,1,0,0,0,0,1,0,0,-,-,NA,NA,SAN BERNARDINO,RANCHO CUCAMONGA,-117.5571060180664,34.1063117980957
92319015,2024,2024-02-21,9860,2024-02-20,115,022617,NA,2,3,9,3600,0,1,1,NA,2,151,I-15 N/B,MATHEWS RANCH RD,130,S,N,B,C,Y,SBD,NA,15,NA,R,15.889,H,NA,R,N,4,0,1,1,A,-,03,22350,NA,N,E,I,A,B,H,-,D,D,0,NA,NA,NA,NA,Y,NA,A,01,0,0,1,0,0,0,0,0,0,-,-,34.24562072753906,-117.43589019775392,SAN BERNARDINO,UNINCORPORATED,-117.43582153320313,34.245670318603516
92320966,2024,2024-02-23,9860,2024-01-12,609,023503,NA,5,1,4,3603,0,1,1,NA,2,102,I-10 W/B,MT VERNON AVE,2112,E,N,A,-,Y,SBD,NA,10,NA,R,23.712,H,NA,L,Y,4,0,2,3,A,-,08,22107,NA,N,B,2,A,A,H,-,C,D,0,NA,NA,NA,Y,Y,NA,-,-,0,0,2,0,0,0,0,0,0,-,-,34.0654296875,-117.30560302734376,SAN BERNARDINO,COLTON,-117.30559539794922,34.06535720825195
92326639,2024,2024-02-29,9865,2024-02-17,1735,021669,NA,6,2,9,3600,0,3,5,NA,2,003,STATE LN,SR-38,20,E,N,A,-,N,NA,NA,NA,NA,NA,NA,NA,NA,NA,Y,4,0,1,1,A,-,08,22107,NA,N,E,I,A,C,H,-,C,A,0,NA,NA,NA,NA,Y,NA,A,07,0,0,1,0,0,0,0,0,0,-,-,34.2441291809082,-116.80873870849608,SAN BERNARDINO,UNINCORPORATED,-116.8088150024414,34.24399185180664
92327684,2024,2024-03-01,9865,2024-02-25,1315,018881,NA,7,1,9,3600,0,1,3,NA,1,039,SR-38,DIVISION DRIVE,0,NA,Y,B,-,Y,SBD,NA,38,NA,NA,50.742,H,NA,R,Y,4,0,1,2,A,-,09,21802,A,N,D,C,A,A,H,-,A,A,0,NA,NA,NA,NA,Y,NA,A,01,0,0,1,0,0,0,0,0,0,-,-,34.2652587890625,-116.86614990234376,SAN BERNARDINO,UNINCORPORATED,-116.86614990234376,34.265262603759766
92329087,2024,2024-03-04,9855,2024-02-22,746,017323,NA,4,1,5,3630,0,1,3,NA,2,071,SR-71 S/B (CHINO FWY),PINE AVE.,150,S,N,A,-,Y,SBD,NA,71,NA,R,6.596,H,NA,L,N,4,0,1,2,A,-,03,22350,NA,N,C,C,A,A,H,-,A,D,0,NA,NA,NA,NA,Y,NA,A,01,0,0,1,0,0,0,0,0,0,-,-,33.946739196777344,-117.67398071289063,SAN BERNARDINO,CHINO HILLS,-117.67381286621094,33.946815490722656
9233241,2021,2021-04-05,3600,2021-02-19,1757,F6893,CH039,5,5,5,3630,0,0,0,NA,0,002,PIPELINE AV,CHINO HILLS PKWY,1246,N,N,A,-,N,NA,NA,NA,NA,NA,NA,NA,NA,NA,Y,4,0,1,2,A,-,09,21804,A,N,D,C,A,A,H,-,B,A,0,NA,NA,NA,NA,Y,NA,A,01,0,0,1,0,0,0,0,0,0,-,-,NA,NA,SAN BERNARDINO,CHINO HILLS,-117.71523284912108,33.98601531982422