CASE_ID,ACCIDENT_YEAR,PROC_DATE,JURIS,COLLISION_DATE,COLLISION_TIME,OFFICER_ID,REPORTING_DISTRICT,DAY_OF_WEEK,CHP_SHIFT,POPULATION,CNTY_CITY_LOC,SPECIAL_COND,BEAT_TYPE,CHP_BEAT_TYPE,CITY_DIVISION_LAPD,CHP_BEAT_CLASS,BEAT_NUMBER,PRIMARY_RD,SECONDARY_RD,DISTANCE,DIRECTION,INTERSECTION,WEATHER_1,WEATHER_2,STATE_HWY_IND,CALTRANS_COUNTY,CALTRANS_DISTRICT,STATE_ROUTE,ROUTE_SUFFIX,POSTMILE_PREFIX,POSTMILE,LOCATION_TYPE,RAMP_INTERSECTION,SIDE_OF_HWY,TOW_AWAY,COLLISION_SEVERITY,NUMBER_KILLED,NUMBER_INJURED,PARTY_COUNT,PRIMARY_COLL_FACTOR,PCF_CODE_OF_VIOL,PCF_VIOL_CATEGORY,PCF_VIOLATION,PCF_VIOL_SUBSECTION,HIT_AND_RUN,TYPE_OF_COLLISION,MVIW,PED_ACTION,ROAD_SURFACE,ROAD_COND_1,ROAD_COND_2,LIGHTING,CONTROL_DEVICE,CHP_ROAD_TYPE,PEDESTRIAN_ACCIDENT,BICYCLE_ACCIDENT,MOTORCYCLE_ACCIDENT,TRUCK_ACCIDENT,NOT_PRIVATE_PROPERTY,ALCOHOL_INVOLVED,STWD_VEHTYPE_AT_FAULT,CHP_VEHTYPE_AT_FAULT,COUNT_SEVERE_INJ,COUNT_VISIBLE_INJ,COUNT_COMPLAINT_PAIN,COUNT_PED_KILLED,COUNT_PED_INJURED,COUNT_BICYCLIST_KILLED,COUNT_BICYCLIST_INJURED,COUNT_MC_KILLED,COUNT_MC_INJURED,PRIMARY_RAMP,SECONDARY_RAMP,LATITUDE,LONGITUDE,COUNTY,CITY,POINT_X,POINT_Y
9428816,2022,2022-04-26,3610,2022-03-08,1715,51342,NA,2,5,6,3610,0,0,0,NA,0,POLICE,W 40TH ST,W ELECTRIC AV,0,NA,Y,A,-,N,NA,NA,NA,NA,NA,NA,NA,NA,NA,Y,4,0,1,3,A,-,12,21453,A,N,D,C,A,A,H,-,B,A,0,NA,NA,NA,NA,Y,NA,A,01,0,0,1,0,0,0,0,0,0,-,-,34.16468048095703,-117.28881072998048,SAN BERNARDINO,SAN BERNARDINO,-117.28882598876952,34.16469192504883
9429648,2022,2022-04-11,3605,2022-02-25,2339,457,NA,5,5,4,3605,0,0,0,NA,0,NA,HOLT BL,RAMONA AV,443,E,N,A,-,N,NA,NA,NA,NA,NA,NA,NA,NA,NA,Y,4,0,1,2,A,-,09,21804,A,F,D,C,A,A,H,-,C,D,0,NA,NA,NA,NA,Y,NA,A,01,0,0,1,0,0,0,0,0,0,-,-,NA,NA,SAN BERNARDINO,MONTCLAIR,-117.70560455322266,34.0631103515625
9430361,2022,2022-04-04,3603,2022-02-22,1549,4916,CPD,2,5,4,3603,0,0,0,NA,0,002,SAN BERNARDINO AV,EUCALYPTUS AV,0,NA,Y,A,-,N,NA,NA,NA,NA,NA,NA,NA,NA,NA,N,4,0,1,2,A,-,09,21801,A,M,D,C,A,A,H,-,A,A,0,NA,NA,NA,NA,Y,NA,A,07,0,0,1,0,0,0,0,0,0,-,-,34.07775115966797,-117.35723114013672,SAN BERNARDINO,COLTON,-117.35721588134766,34.077762603759766
9432046,2022,2022-05-16,3600,2022-04-12,1906,G9467,AP024,2,5,5,3621,0,0,0,NA,0,AP1,RT 18,DALE EVANS PKWY,412,E,N,G,-,Y,SBD,8,18,-,-,94.3,H,-,S,N,2,0,1,1,C,-,18,NA,NA,N,H,A,A,A,H,-,A,D,0,NA,NA,Y,NA,Y,NA,-,-,1,0,0,0,0,0,0,0,1,-,-,NA,NA,SAN BERNARDINO,APPLE VALLEY,-117.27082824707033,34.54022216796875
9432477,2022,2022-08-08,3600,2022-07-09,1035,H5152,YV019,6,5,3,3631,0,0,0,NA,0,YV1,RT 62,HERMOSA AV,605,W,N,A,-,Y,SBD,8,62,-,-,14.45,H,-,W,Y,4,0,3,2,A,-,08,22107,NA,N,D,C,A,A,H,-,A,A,0,NA,NA,NA,NA,Y,NA,A,07,0,0,3,0,0,0,0,0,0,-,-,34.134918212890625,-116.38198852539063,SAN BERNARDINO,YUCCA VALLEY,-116.38166046142578,34.1350212097168
9433853,2022,2022-10-12,3600,2022-05-17,1920,015826,NA,2,5,5,3630,0,0,0,NA,0,NA,CHINO AV,RT 71,0,NA,Y,A,-,Y,SBD,8,71,-,R,0.711,R,4,S,Y,4,0,1,2,D,-,00,NA,NA,N,D,C,A,A,H,-,B,A,0,NA,NA,NA,NA,Y,NA,-,-,0,0,1,0,0,0,0,0,0,-,SF,34.01116943359375,-117.7343521118164,SAN BERNARDINO,CHINO HILLS,-117.73593902587892,34.013343811035156
9434282,2022,2022-04-19,3604,2022-03-07,2059,680,NA,1,5,6,3604,0,0,0,NA,0,NA,CHERRY AV,BASELINE,40,S,N,A,G,N,NA,NA,NA,NA,NA,NA,NA,NA,NA,Y,4,0,1,2,A,-,01,23152,A,M,C,C,A,A,H,-,C,A,0,NA,NA,NA,NA,Y,Y,A,07,0,0,1,0,0,0,0,0,0,-,-,NA,NA,SAN BERNARDINO,FONTANA,-117.48860931396484,34.12126159667969
94357005,2024,2024-08-16,9835,2024-08-13,1224,023936,NA,2,1,9,3600,0,1,1,NA,2,070,SB I-15,I-15 S/B,10032,S,N,A,-,Y,SBD,NA,15,NA,NA,62.037,H,NA,R,N,3,0,3,2,A,-,07,21658,A,N,B,C,A,A,H,-,A,D,0,NA,NA,NA,NA,Y,NA,A,07,0,1,2,0,0,0,0,0,0,-,-,34.772281646728516,-117.14306640625,SAN BERNARDINO,UNINCORPORATED,-117.14289093017578,34.772125244140625
9435933,2022,2022-05-03,3600,2022-03-31,1416,G9963,VC069,4,5,5,3612,0,0,0,NA,0,VC5,RT 395,LA MESA RD,810.4,S,N,A,-,Y,SBD,8,395,-,-,9.47,H,-,N,Y,3,0,1,4,A,-,03,22350,NA,F,C,C,A,A,H,-,A,D,0,NA,NA,NA,NA,Y,NA,-,99,0,1,0,0,0,0,0,0,0,-,-,34.48257827758789,-117.39949035644533,SAN BERNARDINO,VICTORVILLE,-117.39949798583984,34.482704162597656
9435941,2022,2022-05-05,3600,2022-03-27,1728,J2651,VC037,7,5,5,3612,0,0,0,NA,0,VC01,7TH ST,UNION ST,0,NA,Y,A,-,N,NA,NA,NA,NA,NA,NA,NA,NA,NA,Y,3,0,1,2,A,-,12,22450,A,N,D,C,A,A,H,-,A,A,0,NA,NA,NA,NA,Y,NA,A,01,0,1,0,0,0,0,0,0,0,-,-,34.52949142456055,-117.29931640625,SAN BERNARDINO,VICTORVILLE,-117.29930114746094,34.52949142456055
94360130,2024,2024-08-19,9860,2024-08-02,1100,021934,NA,5,1,9,3600,0,1,3,NA,1,380,SR-38,JULIAN DR  W,500,E,N,A,-,Y,SBD,NA,38,NA,NA,6.366,H,NA,R,Y,2,0,1,2,A,-,03,22350,NA,N,C,C,A,A,H,-,A,D,0,NA,NA,Y,NA,Y,NA,C,02,1,0,0,0,0,0,0,0,1,-,-,34.07332992553711,-117.08312225341795,SAN BERNARDINO,UNINCORPORATED,-117.08312225341795,34.07330322265625
9436174,2022,2022-05-16,3600,2022-04-01,1414,G8023,AP026,5,5,5,3621,0,0,0,NA,0,AP3,BEAR VALLEY RD,JESS RANCH PKWY,823,W,N,A,-,N,NA,NA,NA,NA,NA,NA,NA,NA,NA,N,4,0,1,2,A,-,03,22350,NA,N,C,C,A,A,H,-,A,A,0,NA,NA,NA,NA,Y,NA,A,01,0,0,1,0,0,0,0,0,0,-,-,NA,NA,SAN BERNARDINO,APPLE VALLEY,-117.25188446044922,34.47092819213867
9436180,2022,2022-05-04,3600,2022-04-06,1314,G5408,AP018,3,5,5,3621,0,0,0,NA,0,AP4,NAVAJO RD,OTTAWA RD,0,NA,Y,A,-,N,NA,NA,NA,NA,NA,NA,NA,NA,NA,Y,4,0,1,2,A,-,09,21801,NA,N,D,C,A,A,H,-,A,A,0,NA,NA,NA,NA,Y,NA,-,-,0,0,1,0,0,0,0,0,0,-,-,NA,NA,SAN BERNARDINO,APPLE VALLEY,-117.19021606445313,34.493247985839844
9436198,2022,2022-05-02,3600,2022-03-25,0957,H7621,AP018,5,5,5,3621,0,0,0,NA,0,AP4,CENTRAL RD,POWHATAN RD,0,NA,Y,A,-,N,NA,NA,NA,NA,NA,NA,NA,NA,NA,Y,3,0,2,2,A,-,09,21801,NA,M,B,C,A,A,H,-,A,D,0,NA,NA,NA,NA,Y,NA,A,07,0,2,0,0,0,0,0,0,0,-,-,NA,NA,SAN BERNARDINO,APPLE VALLEY,-117.17272186279295,34.49700927734375
94362794,2024,2024-08-20,9855,2024-08-11,1920,022874,NA,7,2,5,3630,0,1,3,NA,2,071,SR-71 N/B (CHINO FWY),CHINO AVE,2020,S,N,A,-,Y,SBD,NA,71,NA,R,1.339,H,NA,R,N,4,0,1,2,A,-,08,22107,NA,N,B,C,A,A,H,-,A,D,0,NA,NA,NA,NA,Y,NA,A,01,0,0,1,0,0,0,0,0,0,-,-,34.00680923461914,-117.72882843017578,SAN BERNARDINO,CHINO HILLS,-117.7290496826172,34.006656646728516
94364013,2024,2024-08-21,9860,2024-08-14,1750,022439,NA,3,2,9,3600,0,2,4,NA,1,410,VALLEY BLVD,LINDEN AVE,0,NA,Y,A,-,N,NA,NA,NA,NA,NA,NA,NA,NA,NA,N,3,0,1,3,A,-,12,21453,A,N,D,2,A,A,H,-,A,A,0,NA,NA,NA,Y,Y,NA,F,25,0,1,0,0,0,0,0,0,0,-,-,34.07044982910156,-117.40084075927734,SAN BERNARDINO,UNINCORPORATED,-117.40077209472656,34.07048034667969
94364045,2024,2024-08-21,9855,2024-08-13,837,014637,NA,2,1,6,3616,0,1,1,NA,2,152,I-15 N/B (ONTARIO FWY),BASELINE RD,75,S,N,A,-,Y,SBD,NA,15,NA,NA,6.686,H,NA,R,Y,4,0,1,1,A,-,08,22107,NA,N,E,I,A,A,H,-,A,D,0,NA,NA,NA,NA,Y,NA,A,07,0,0,1,0,0,0,0,0,0,-,-,34.12030029296875,-117.5151824951172,SAN BERNARDINO,RANCHO CUCAMONGA,-117.5151138305664,34.120243072509766
94365356,2024,2024-08-22,9855,2024-08-13,1235,017213,NA,2,1,5,3611,0,1,1,NA,2,203,SR-210 W/B (FOOTHILL FWY),ARCHIBALD AVENUE,600,W,N,A,-,Y,SBD,NA,210,NA,NA,5.583,H,NA,L,N,4,0,1,2,A,-,07,21658,A,N,B,C,A,A,H,-,A,D,0,NA,NA,NA,NA,Y,NA,A,01,0,0,1,0,0,0,0,0,0,-,-,34.135189056396484,-117.59908294677734,SAN BERNARDINO,UPLAND,-117.59908294677734,34.13517379760742
94365549,2024,2024-08-22,9855,2024-08-15,750,018313,NA,4,1,5,3602,0,1,3,NA,2,603,SR-60 W/B (POMONA FWY),RAMONA AVE,400,E,N,A,-,Y,SBD,NA,60,NA,R,1.696,H,NA,L,N,4,0,1,2,A,-,03,22350,NA,N,C,C,A,A,H,-,A,D,0,NA,NA,NA,Y,Y,NA,G,27,0,0,1,0,0,0,0,0,0,-,-,34.03030014038086,-117.70110321044922,SAN BERNARDINO,CHINO,-117.70110321044922,34.03028106689453
94367458,2024,2024-08-23,9855,2024-08-16,110,023027,NA,5,3,6,3616,0,1,1,NA,2,201,SR-210 E/B (FOOTHILL FWY),HAVEN AVE,400,E,N,A,-,Y,SBD,NA,210,NA,NA,7.012,H,NA,R,N,4,0,1,2,A,-,08,22107,NA,F,B,C,A,A,H,-,C,D,0,NA,NA,NA,NA,Y,NA,-,99,0,0,1,0,0,0,0,0,0,-,-,34.13600158691406,-117.5741729736328,SAN BERNARDINO,RANCHO CUCAMONGA,-117.5741729736328,34.136043548583984
94367459,2024,2024-08-23,9865,2024-08-16,1002,020872,NA,5,1,9,3600,0,1,3,NA,1,030,SR-18,2N15 (GLORY RIDGE ROAD),6864,S,N,G,-,Y,SBD,NA,18,NA,NA,41.074,H,NA,R,Y,4,0,1,1,C,-,18,NA,NA,N,E,J,A,A,H,-,A,D,0,NA,NA,NA,NA,Y,NA,-,-,0,0,1,0,0,0,0,0,0,-,-,34.25056838989258,-117.01750946044922,SAN BERNARDINO,UNINCORPORATED,-117.01747131347656,34.250587463378906
94369213,2024,2024-08-26,9855,2024-08-11,1806,023529,NA,7,2,6,3604,0,3,5,NA,2,001,MERRILL AVENUE,LARKSPUR DRIVE,0,NA,Y,A,-,N,NA,NA,NA,NA,NA,NA,NA,NA,NA,Y,3,0,1,2,A,-,09,21801,A,M,D,C,A,A,H,-,A,D,0,NA,NA,NA,NA,Y,Y,A,07,0,1,0,0,0,0,0,0,0,-,-,34.09197998046875,-117.47279357910156,SAN BERNARDINO,FONTANA,-117.47280120849608,34.092010498046875
94371620,2024,2024-08-27,9855,2024-08-20,1706,021941,NA,2,2,6,3604,0,1,1,NA,2,101,I-10 E/B (SAN BERNARDINO FWY),ETIWANDA AVE,3500,E,N,A,-,Y,SBD,NA,10,NA,NA,11.807,H,NA,R,N,4,0,1,2,A,-,03,22350,NA,N,C,C,A,A,H,-,A,D,0,NA,NA,NA,NA,Y,NA,A,01,0,0,1,0,0,0,0,0,0,-,-,34.06690979003906,-117.51244354248048,SAN BERNARDINO,FONTANA,-117.51245880126952,34.06684875488281
94371778,2024,2024-08-27,9835,2024-08-26,1008,020109,NA,1,1,9,3600,0,1,3,NA,1,013,SR-58 E/B,HELENDALE RD,27984,W,N,A,-,Y,SBD,NA,58,NA,R,12.976,H,NA,R,N,3,0,1,2,A,-,07,21658,A,N,B,C,A,A,H,-,A,D,0,NA,NA,Y,NA,Y,NA,A,01,0,1,0,0,0,0,0,0,1,-,-,34.94955825805664,-117.41838836669922,SAN BERNARDINO,UNINCORPORATED,-117.41838836669922,34.949562072753906
9437256,2022,2022-06-02,3605,2022-04-29,1433,464,3605,5,5,4,3605,0,0,0,NA,0,NA,HOLT BL,YOSEMITE DR,780,E,N,A,-,N,NA,NA,NA,NA,NA,NA,NA,NA,NA,Y,3,0,1,2,A,-,09,21804,A,N,D,C,A,A,-,-,A,D,0,NA,NA,NA,NA,Y,NA,A,01,0,1,0,0,0,0,0,0,0,-,-,NA,NA,SAN BERNARDINO,MONTCLAIR,-117.70281982421876,34.0630989074707
94373939,2024,2024-08-28,9860,2024-08-18,2025,023004,NA,7,2,9,3600,0,2,4,NA,1,131,LYTLE CREEK RD,SOUTH FORK RD,6336,S,N,A,-,N,NA,NA,NA,NA,NA,NA,NA,NA,NA,Y,2,0,2,2,A,-,08,22107,NA,N,E,I,A,A,H,-,D,D,0,NA,NA,NA,NA,Y,NA,D,22,1,1,0,0,0,0,0,0,0,-,-,34.233970642089844,-117.47779083251952,SAN BERNARDINO,UNINCORPORATED,-117.48199462890624,34.23237991333008
94375456,2024,2024-08-29,9860,2024-08-24,2155,023004,NA,6,2,5,3608,0,1,1,NA,2,104,I-10 W/B TO ALABAMA ST,ALABAMA ST,800,E,N,A,-,Y,NA,NA,NA,NA,NA,NA,NA,NA,NA,N,3,0,4,2,A,-,03,22350,NA,N,C,C,A,A,H,-,D,D,0,NA,NA,NA,NA,Y,NA,A,01,0,1,3,0,0,0,0,0,0,-,-,34.06742858886719,-117.2055435180664,SAN BERNARDINO,REDLANDS,-117.20610809326172,34.06673812866211
94376953,2024,2024-08-30,9860,2024-08-26,720,016590,NA,1,1,9,3600,0,1,3,NA,1,012,SR-138,CENTOLA RD.,100,W,N,A,-,Y,SBD,NA,138,NA,NA,9.038,H,NA,R,Y,4,0,1,2,C,-,18,NA,NA,N,H,C,A,A,H,-,A,D,0,NA,NA,NA,NA,Y,NA,-,-,0,0,1,0,0,0,0,0,0,-,-,34.370948791503906,-117.54435729980467,SAN BERNARDINO,UNINCORPORATED,-117.54431915283205,34.37097930908203
94377297,2024,2024-08-30,9850,2024-07-23,2144,022494,NA,2,2,5,3619,0,1,1,NA,2,082,I-15 S/B,MAIN ST,1742,N,N,A,-,Y,SBD,NA,15,NA,NA,34.352,H,NA,L,Y,2,0,1,3,A,-,07,21658,A,N,C,C,A,A,D,-,D,D,0,NA,NA,Y,NA,Y,NA,C,02,1,0,0,0,0,0,0,0,1,-,-,34.43098831176758,-117.3772430419922,SAN BERNARDINO,HESPERIA,-117.3772201538086,34.43098068237305
9438011,2022,2022-06-15,3600,2022-04-26,1541,H7585,HE104,2,5,5,3619,0,0,0,NA,0,HE1,3RD AV,SEQUOIA ST,0,NA,Y,A,-,N,NA,NA,NA,NA,NA,NA,NA,NA,NA,N,4,0,1,2,A,-,12,22450,A,N,D,C,A,A,H,-,A,A,0,NA,NA,NA,NA,Y,NA,-,-,0,0,1,0,0,0,0,0,0,-,-,NA,NA,SAN BERNARDINO,HESPERIA,-117.30358123779295,34.46900939941406
94382273,2024,2024-09-05,9860,2024-09-02,1335,019009,NA,1,1,9,3600,0,3,5,NA,2,002,BLAKE ST,MACY ST,25,W,N,A,-,N,NA,NA,NA,NA,NA,NA,NA,NA,NA,Y,2,0,1,1,A,-,08,22107,NA,N,E,I,A,A,H,-,A,D,0,NA,NA,Y,NA,Y,NA,C,02,1,0,0,0,0,0,0,0,1,-,-,34.150630950927734,-117.33999633789063,SAN BERNARDINO,UNINCORPORATED,-117.33993530273438,34.150550842285156
94383910,2024,2024-09-06,9850,2024-08-25,340,023055,NA,7,3,5,3612,0,1,1,NA,2,083,I-15 S/B,STODDARD WELLS RD,634,N,N,A,-,Y,SBD,NA,15,NA,NA,44.513,H,NA,L,Y,2,0,2,1,A,-,03,22350,NA,N,F,J,A,A,H,-,C,D,0,NA,NA,NA,NA,Y,NA,A,01,1,0,1,0,0,0,0,0,0,-,-,34.555999755859375,-117.2889404296875,SAN BERNARDINO,VICTORVILLE,-117.28871917724608,34.55592346191406
94386680,2024,2024-09-09,9860,2024-09-05,1000,016575,NA,4,1,9,3600,0,1,1,NA,2,102,I-10 E/B,CEDAR AVE,3168,E,N,A,-,Y,SBD,NA,10,NA,NA,19.103,H,NA,R,Y,4,0,1,1,A,-,08,22107,NA,N,E,I,A,A,D,-,A,D,0,NA,NA,NA,NA,Y,NA,D,22,0,0,1,0,0,0,0,0,0,-,-,34.068119049072266,-117.38543701171876,SAN BERNARDINO,UNINCORPORATED,-117.38544464111328,34.068199157714844
9438675,2022,2022-05-13,3600,2022-04-22,1354,H7566,TW09,5,5,3,3617,0,0,0,NA,0,TW1,RT 62,LEAR AV,0,NA,Y,A,-,Y,SBD,8,62,-,-,27.72,H,-,E,Y,3,0,1,2,A,-,03,22350,NA,N,C,C,A,A,H,-,A,A,0,NA,NA,Y,NA,Y,NA,C,02,0,1,0,0,0,0,0,0,1,-,-,34.134918212890625,-116.15007019042967,SAN BERNARDINO,TWENTYNINE PALMS,-116.150146484375,34.13498306274414
94388331,2024,2024-09-10,9855,2024-08-30,1647,022998,NA,5,2,9,3600,0,3,5,NA,2,001,HEMLOCK AVE.,SAN BERNARDINO AVE.,215,N,N,A,-,N,NA,NA,NA,NA,NA,NA,NA,NA,NA,N,4,0,1,2,A,-,03,22350,NA,M,D,C,A,A,H,-,A,D,0,NA,NA,NA,NA,Y,NA,-,-,0,0,1,0,0,0,0,0,0,-,-,34.07815170288086,-117.47554779052734,SAN BERNARDINO,UNINCORPORATED,-117.47557067871094,34.07803726196289
94388601,2024,2024-09-10,9860,2024-09-06,120,022906,NA,5,3,9,3600,0,3,5,NA,2,004,SAN BERNARDINO AVE,LOCUST AVE,75,W,N,A,-,N,NA,NA,NA,NA,NA,NA,NA,NA,NA,Y,3,0,1,1,A,-,08,22107,NA,N,E,8,A,A,H,-,C,D,0,NA,NA,NA,NA,Y,NA,D,22,0,1,0,0,0,0,0,0,0,-,-,34.0777702331543,-117.40991973876952,SAN BERNARDINO,UNINCORPORATED,-117.40980529785156,34.077659606933594
94388718,2024,2024-09-10,9860,2024-09-06,1520,022843,NA,5,2,9,3600,0,1,1,NA,2,151,I-15 N/B,KENWOOD AVE,7392,N,N,A,-,Y,SBD,NA,15,NA,R,16.419,H,NA,R,Y,4,0,1,2,A,-,03,22350,NA,N,C,C,A,A,H,-,A,D,0,NA,NA,NA,NA,Y,NA,D,22,0,0,1,0,0,0,0,0,0,-,-,34.25025939941406,-117.44339752197266,SAN BERNARDINO,UNINCORPORATED,-117.443359375,34.25031661987305
94389903,2024,2024-09-11,9860,2024-09-01,750,022843,NA,7,1,9,3600,0,1,1,NA,2,151,I-15 N/B,GLEN HELEN PKY,3168,S,N,A,-,Y,SBD,NA,15,NA,NA,14.205,H,NA,R,Y,4,0,1,2,A,-,03,22350,NA,N,C,C,A,A,H,-,A,D,0,NA,NA,NA,NA,Y,NA,A,01,0,0,1,0,0,0,0,0,0,-,-,34.19501876831055,-117.41963958740234,SAN BERNARDINO,UNINCORPORATED,-117.41962432861328,34.195011138916016
94389955,2024,2024-09-11,9835,2024-09-07,1405,022619,NA,6,2,9,3600,0,1,1,NA,2,077,I-15 NB,BAILEY RD,17952,N,N,C,-,Y,SBD,NA,15,NA,NA,174.646,H,NA,R,N,4,0,1,1,A,-,03,22350,NA,N,A,I,A,D,H,-,A,D,0,NA,NA,NA,NA,Y,NA,A,07,0,0,1,0,0,0,0,0,0,-,-,35.4616813659668,-115.47559356689452,SAN BERNARDINO,UNINCORPORATED,-115.47564697265624,35.4615478515625
94390468,2024,2024-09-11,9860,2024-09-01,605,022843,NA,7,1,9,3600,0,1,1,NA,2,151,I-15 N/B,CLEGHORN RD,5280,S,N,A,-,Y,SBD,NA,15,NA,R,18.971,H,NA,R,N,3,0,1,1,A,-,08,22107,NA,N,E,I,A,A,H,-,B,D,0,NA,NA,NA,NA,Y,NA,M,94,0,1,0,0,0,0,0,0,0,-,-,34.28501892089844,-117.45160675048828,SAN BERNARDINO,UNINCORPORATED,-117.45175170898438,34.285030364990234
9439074,2022,2022-05-26,3600,2022-03-24,2154,I2279,VC046,4,5,5,3612,0,0,0,NA,0,VC6,AIR EXPRESSWAY BL,D ST,0,NA,Y,A,-,N,NA,NA,NA,NA,NA,NA,NA,NA,NA,Y,4,0,1,2,A,-,03,22350,NA,N,C,-,A,A,H,-,C,D,0,NA,NA,NA,NA,Y,NA,-,-,0,0,1,0,0,0,0,0,0,-,-,34.56597137451172,-117.3180694580078,SAN BERNARDINO,VICTORVILLE,-117.31846618652344,34.5662727355957
94398437,2024,2024-09-18,9860,2024-09-12,1700,022319,NA,4,2,6,3610,0,1,1,NA,2,202,SR-210 E/B,DEL ROSA AVE.,1450,W,N,A,-,Y,SBD,NA,210,NA,R,25.446,H,NA,R,Y,4,0,1,2,A,-,03,22350,NA,N,C,C,A,A,H,-,A,D,0,NA,NA,NA,NA,Y,NA,A,01,0,0,1,0,0,0,0,0,0,-,-,34.14332962036133,-117.25733947753906,SAN BERNARDINO,SAN BERNARDINO,-117.25733184814452,34.143375396728516
94399642,2024,2024-09-18,9855,2024-09-18,1340,021006,NA,3,1,6,3607,0,1,1,NA,2,101,I-10 E/B (SAN BERNARDINO FWY),MILLIKEN AVENUE,750,W,N,A,-,Y,SBD,NA,10,NA,NA,8.847,H,NA,R,N,4,0,1,2,A,-,03,22350,NA,N,C,C,A,A,H,-,A,D,0,NA,NA,NA,NA,Y,NA,A,01,0,0,1,0,0,0,0,0,0,-,-,34.06732177734375,-117.56394958496094,SAN BERNARDINO,ONTARIO,-117.56394958496094,34.0673942565918
94399962,2024,2024-09-19,9860,2024-09-18,525,014963,NA,3,3,5,3609,0,1,1,NA,2,102,I-10 E/B,RIVERSIDE AVE.,2323,W,N,A,-,Y,SBD,NA,10,NA,NA,19.524,H,NA,R,Y,4,0,1,2,A,-,08,22107,NA,N,C,E,A,A,H,-,C,D,0,NA,NA,NA,NA,Y,NA,A,01,0,0,1,0,0,0,0,0,0,-,-,34.0682487487793,-117.37808990478516,SAN BERNARDINO,RIALTO,-117.37809753417967,34.06837463378906
9440056,2022,2022-04-25,3600,2022-03-29,1700,H8288,HI013,2,5,4,3618,0,0,0,NA,0,HI2,CUNNINGHAM ST,CYPRESS ST,100,S,N,A,-,N,NA,NA,NA,NA,NA,NA,NA,NA,NA,Y,3,0,1,2,A,-,09,21801,A,N,D,C,A,A,H,-,A,A,0,NA,NA,NA,NA,Y,NA,A,01,0,1,0,0,0,0,0,0,0,-,-,34.11410140991211,-117.22174072265624,SAN BERNARDINO,HIGHLAND,-117.22180938720705,34.11373519897461
9440162,2022,2022-04-27,3604,2022-03-20,1848,680,NA,7,5,6,3604,0,0,0,NA,0,NA,WEST LIBERTY PKWY,JED SMITH ST,75,E,N,A,-,N,NA,NA,NA,NA,NA,NA,NA,NA,NA,Y,3,0,1,1,A,-,08,22107,NA,N,E,I,A,A,H,-,B,D,0,NA,NA,Y,NA,Y,NA,C,02,0,1,0,0,0,0,0,0,1,-,-,NA,NA,SAN BERNARDINO,FONTANA,-117.50777435302734,34.108219146728516
94402433,2024,2024-09-20,9850,2024-08-08,1905,022734,NA,4,2,9,3600,0,1,3,NA,2,060,SR-138,OASIS RD,0,NA,Y,A,-,Y,SBD,NA,138,NA,NA,1.228,H,NA,R,Y,4,0,2,2,A,-,01,23152,A,N,D,C,A,A,H,-,A,A,0,NA,NA,NA,NA,Y,Y,A,08,0,0,2,0,0,0,0,0,0,-,-,34.4404296875,-117.64212036132813,SAN BERNARDINO,UNINCORPORATED,-117.64230346679688,34.44023132324219
94405779,2024,2024-09-24,9860,2024-09-23,1535,016590,NA,1,2,6,3610,0,1,1,NA,2,202,SR-210 E/B,VALENCIA AVE.,67,E,N,A,-,Y,SBD,NA,210,NA,R,24.588,H,NA,R,Y,4,0,2,3,A,-,03,22350,NA,N,C,C,A,A,H,-,A,D,0,NA,NA,NA,NA,Y,NA,D,22,0,0,2,0,0,0,0,0,0,-,-,34.14469909667969,-117.27217864990234,SAN BERNARDINO,SAN BERNARDINO,-117.27217864990234,34.144744873046875
9440758,2022,2022-06-01,3603,2022-01-15,2200,4915,CPD,6,5,4,3603,0,0,0,NA,0,002,N COBURN ST;175,WILDWOOD ST,89,N,N,A,-,N,NA,NA,NA,NA,NA,NA,NA,NA,NA,Y,4,0,1,4,A,-,01,23152,A,N,A,E,A,A,H,-,C,D,0,NA,NA,NA,NA,Y,Y,A,01,0,0,1,0,0,0,0,0,0,-,-,34.07899856567383,-117.30699920654295,SAN BERNARDINO,COLTON,-117.3083953857422,34.07980728149414
94408763,2024,2024-09-26,9835,2024-09-16,2305,023936,NA,1,3,9,3600,0,1,1,NA,2,073,I-15 S/B,FIELD RD,581,S,N,G,-,Y,SBD,NA,15,NA,R,103.52,H,NA,L,Y,3,0,1,2,A,-,08,22107,NA,N,B,C,A,D,H,-,D,D,0,NA,NA,NA,Y,Y,NA,A,01,0,1,0,0,0,0,0,0,0,-,-,35.010528564453125,-116.53314971923828,SAN BERNARDINO,UNINCORPORATED,-116.53314971923828,35.01053237915039