CASE_ID,ACCIDENT_YEAR,PROC_DATE,JURIS,COLLISION_DATE,COLLISION_TIME,OFFICER_ID,REPORTING_DISTRICT,DAY_OF_WEEK,CHP_SHIFT,POPULATION,CNTY_CITY_LOC,SPECIAL_COND,BEAT_TYPE,CHP_BEAT_TYPE,CITY_DIVISION_LAPD,CHP_BEAT_CLASS,BEAT_NUMBER,PRIMARY_RD,SECONDARY_RD,DISTANCE,DIRECTION,INTERSECTION,WEATHER_1,WEATHER_2,STATE_HWY_IND,CALTRANS_COUNTY,CALTRANS_DISTRICT,STATE_ROUTE,ROUTE_SUFFIX,POSTMILE_PREFIX,POSTMILE,LOCATION_TYPE,RAMP_INTERSECTION,SIDE_OF_HWY,TOW_AWAY,COLLISION_SEVERITY,NUMBER_KILLED,NUMBER_INJURED,PARTY_COUNT,PRIMARY_COLL_FACTOR,PCF_CODE_OF_VIOL,PCF_VIOL_CATEGORY,PCF_VIOLATION,PCF_VIOL_SUBSECTION,HIT_AND_RUN,TYPE_OF_COLLISION,MVIW,PED_ACTION,ROAD_SURFACE,ROAD_COND_1,ROAD_COND_2,LIGHTING,CONTROL_DEVICE,CHP_ROAD_TYPE,PEDESTRIAN_ACCIDENT,BICYCLE_ACCIDENT,MOTORCYCLE_ACCIDENT,TRUCK_ACCIDENT,NOT_PRIVATE_PROPERTY,ALCOHOL_INVOLVED,STWD_VEHTYPE_AT_FAULT,CHP_VEHTYPE_AT_FAULT,COUNT_SEVERE_INJ,COUNT_VISIBLE_INJ,COUNT_COMPLAINT_PAIN,COUNT_PED_KILLED,COUNT_PED_INJURED,COUNT_BICYCLIST_KILLED,COUNT_BICYCLIST_INJURED,COUNT_MC_KILLED,COUNT_MC_INJURED,PRIMARY_RAMP,SECONDARY_RAMP,LATITUDE,LONGITUDE,COUNTY,CITY,POINT_X,POINT_Y
9520907,2023,2023-09-27,3600,2023-02-28,1940,H6860,LL014,2,5,3,3615,0,0,0,NA,0,LL2,BARTON RD,UNIVERSITY AV,0,NA,Y,A,-,N,NA,NA,NA,NA,NA,NA,NA,NA,NA,N,1,1,0,2,D,-,00,NA,NA,F,G,B,E,A,H,-,C,A,0,Y,NA,NA,NA,Y,NA,-,-,0,0,0,1,0,0,0,0,0,-,-,NA,NA,SAN BERNARDINO,LOMA LINDA,-117.274169921875,34.052032470703125
9521105,2022,2022-11-04,3604,2022-09-16,2221,1298,NA,5,5,6,3604,0,0,0,NA,0,NA,ARROW BL,OLEANDER AV,100,E,N,A,-,N,NA,NA,NA,NA,NA,NA,NA,NA,NA,Y,3,0,2,2,A,-,08,22107,NA,N,A,C,A,A,H,-,C,A,0,NA,NA,NA,NA,Y,NA,A,01,0,1,1,0,0,0,0,0,0,-,-,NA,NA,SAN BERNARDINO,FONTANA,-117.4485321044922,34.099308013916016
9521890,2022,2022-11-16,3608,2022-09-24,1103,3821,NA,6,5,5,3608,0,0,0,NA,0,NA,ALABAMA ST,CITRUS AV,0,NA,Y,A,-,N,NA,NA,NA,NA,NA,NA,NA,NA,NA,Y,3,0,4,2,A,-,12,21453,A,N,D,C,A,A,H,-,A,A,0,NA,NA,NA,NA,Y,NA,A,07,0,1,3,0,0,0,0,0,0,-,-,NA,NA,SAN BERNARDINO,REDLANDS,-117.2087631225586,34.05554962158203
9523022,2022,2023-01-18,3605,2022-12-03,1357,457,NA,6,5,4,3605,0,0,0,NA,0,NA,HOWARD ST,SAN PASQUAL AV,193,W,N,A,-,N,NA,NA,NA,NA,NA,NA,NA,NA,NA,Y,3,0,1,2,A,-,08,22107,NA,N,B,E,A,A,H,-,A,D,0,NA,NA,NA,NA,Y,NA,A,01,0,1,0,0,0,0,0,0,0,-,-,34.05231857299805,-117.7087631225586,SAN BERNARDINO,MONTCLAIR,-117.70940399169922,34.05216598510742
9523559,2022,2022-12-01,3605,2022-10-26,1305,481,3605,3,5,4,3605,0,0,0,NA,0,NA,CENTRAL AV,HOLT BL,39,N,N,A,-,N,NA,NA,NA,NA,NA,NA,NA,NA,NA,N,4,0,1,2,A,-,03,22350,NA,N,C,C,A,A,H,-,A,A,0,NA,NA,NA,NA,Y,NA,A,07,0,0,1,0,0,0,0,0,0,-,-,34.063079833984375,-117.68955230712892,SAN BERNARDINO,MONTCLAIR,-117.6897430419922,34.06324768066406
9523874,2022,2022-11-21,3608,2022-09-21,0937,3675,NA,3,5,5,3608,0,0,0,NA,0,NA,ALABAMA ST,PARK AV,600,S,N,A,-,N,NA,NA,NA,NA,NA,NA,NA,NA,NA,N,4,0,1,2,A,-,08,22107,NA,N,D,C,A,A,H,-,A,A,0,NA,NA,Y,NA,Y,NA,A,01,0,0,1,0,0,0,0,0,1,-,-,NA,NA,SAN BERNARDINO,REDLANDS,-117.20877838134766,34.05759811401367
9524205,2022,2022-12-29,3600,2022-11-03,1145,E3918,3600,4,5,6,3616,0,0,0,NA,0,004,ARCHIBALD AV,8TH ST,0,NA,Y,A,-,N,NA,NA,NA,NA,NA,NA,NA,NA,NA,Y,3,0,1,2,A,-,12,21453,A,N,D,C,A,A,H,-,A,A,0,NA,NA,NA,NA,Y,NA,A,07,0,1,0,0,0,0,0,0,0,-,-,NA,NA,SAN BERNARDINO,RANCHO CUCAMONGA,-117.59349822998048,34.0916748046875
9524732,2022,2022-12-08,3610,2022-10-24,0121,51045,NA,1,5,6,3610,0,0,0,NA,0,POLICE,W 5TH ST,N D ST,0,NA,Y,A,-,N,NA,NA,NA,NA,NA,NA,NA,NA,NA,Y,4,0,1,2,A,-,12,21453,A,N,D,C,A,A,H,-,C,A,0,NA,NA,NA,NA,Y,NA,A,07,0,0,1,0,0,0,0,0,0,-,-,34.10831069946289,-117.29189300537108,SAN BERNARDINO,SAN BERNARDINO,-117.29188537597656,34.108306884765625
9524735,2022,2022-12-08,3610,2022-10-23,1006,50367,NA,7,5,6,3610,0,0,0,NA,0,POLICE,N E ST,34TH ST,26,S,N,A,-,N,NA,NA,NA,NA,NA,NA,NA,NA,NA,Y,3,0,3,2,A,-,08,22100,5,N,D,C,A,A,H,-,A,A,0,NA,NA,NA,NA,Y,NA,A,01,0,3,0,0,0,0,0,0,0,-,-,NA,NA,SAN BERNARDINO,SAN BERNARDINO,-117.29405212402344,34.152957916259766
9524739,2022,2022-12-08,3610,2022-10-19,1947,51159,NA,3,5,6,3610,0,0,0,NA,0,POLICE,N G ST,18TH ST,150,N,N,A,-,N,NA,NA,NA,NA,NA,NA,NA,NA,NA,Y,4,0,2,2,A,-,03,22350,NA,N,C,E,A,A,H,-,C,D,0,NA,NA,NA,NA,Y,NA,A,01,0,0,2,0,0,0,0,0,0,-,-,34.13182067871094,-117.29898071289063,SAN BERNARDINO,SAN BERNARDINO,-117.29863739013672,34.13175964355469
9525511,2022,2023-02-07,3600,2022-12-26,0045,J1899,HE134,1,5,5,3619,0,0,0,NA,0,HE1,MAPLE AV,WILLOW ST,16,S,N,A,-,N,NA,NA,NA,NA,NA,NA,NA,NA,NA,Y,3,0,2,2,A,-,03,22350,NA,N,C,E,A,A,H,-,C,D,0,NA,NA,NA,NA,Y,NA,-,-,0,1,1,0,0,0,0,0,0,-,-,NA,NA,SAN BERNARDINO,HESPERIA,-117.34654235839844,34.43467712402344
9525529,2022,2023-02-07,3608,2022-12-21,1751,3608,4342,3,5,5,3608,0,0,0,NA,0,NA,CAJON ST,HIGHLAND AV,0,NA,Y,A,-,N,NA,NA,NA,NA,NA,NA,NA,NA,NA,Y,4,0,1,2,A,-,12,22450,NA,N,D,C,A,A,H,-,C,A,0,NA,NA,NA,NA,Y,NA,A,01,0,0,1,0,0,0,0,0,0,-,-,NA,NA,SAN BERNARDINO,REDLANDS,-117.17166900634766,34.04133987426758
9525942,2022,2023-02-09,3610,2022-12-04,0814,50367,NA,7,5,6,3610,0,0,0,NA,0,NA,E 9TH ST,D ST,39,W,N,A,-,N,NA,NA,NA,NA,NA,NA,NA,NA,NA,N,4,0,3,2,A,-,12,21453,A,N,D,C,A,A,H,-,B,A,0,NA,NA,NA,NA,Y,NA,A,01,0,0,3,0,0,0,0,0,0,-,-,NA,NA,SAN BERNARDINO,SAN BERNARDINO,-117.2920150756836,34.115760803222656
9525945,2022,2023-02-09,3610,2022-12-09,0110,51428,NA,5,5,6,3610,0,0,0,NA,0,NA,EAST HIGHLAND AV,N VALENCIA AV,0,NA,Y,A,-,N,NA,NA,NA,NA,NA,NA,NA,NA,NA,Y,3,0,2,2,A,-,01,23152,A,F,D,C,A,A,H,-,C,A,0,NA,NA,NA,NA,Y,Y,A,01,0,1,1,0,0,0,0,0,0,-,-,NA,NA,SAN BERNARDINO,SAN BERNARDINO,-117.27252197265624,34.135902404785156
9527103,2023,2023-02-21,3610,2023-01-11,1744,51237,NA,3,5,6,3610,0,0,0,NA,0,POLICE,W 40TH ST,N SEPULVEDA AV,0,NA,Y,A,-,N,NA,NA,NA,NA,NA,NA,NA,NA,NA,N,3,0,1,2,A,-,08,22107,1,N,A,C,A,A,H,-,C,A,0,NA,NA,Y,NA,Y,NA,C,02,0,1,0,0,0,0,0,0,1,-,-,34.16489028930664,-117.28501129150392,SAN BERNARDINO,SAN BERNARDINO,-117.28285980224608,34.16487121582031
9528460,2022,2022-11-17,3600,2022-10-15,1736,G9467,AP006,6,5,5,3621,0,0,0,NA,0,AP1,RINCON RD,SHOSHONEE RD,0,NA,Y,A,-,N,NA,NA,NA,NA,NA,NA,NA,NA,NA,N,4,0,1,2,A,-,09,21802,A,N,D,C,A,A,H,-,A,A,0,NA,NA,NA,NA,Y,NA,A,07,0,0,1,0,0,0,0,0,0,-,-,NA,NA,SAN BERNARDINO,APPLE VALLEY,-117.22541809082033,34.50859069824219
9529116,2022,2022-11-17,3602,2022-09-10,1608,4171,CHINO,6,5,5,3602,0,0,0,NA,0,002,PHILADELPHIA ST,BENSON AV,10,E,N,A,-,N,NA,NA,NA,NA,NA,NA,NA,NA,NA,N,4,0,2,3,A,-,03,22350,NA,N,C,C,A,A,H,-,A,A,0,NA,NA,NA,NA,Y,NA,A,01,0,0,2,0,0,0,0,0,0,-,-,34.03350830078125,-117.68807220458984,SAN BERNARDINO,CHINO,-117.6807098388672,34.03363037109375
9530381,2022,2022-12-13,3600,2022-11-01,1642,D3381,VC077,2,5,5,3612,0,0,0,NA,0,VC1,7TH ST,FORREST AV,0,NA,Y,A,-,N,NA,NA,NA,NA,NA,NA,NA,NA,NA,Y,4,0,1,2,A,-,12,21453,A,N,D,C,A,A,H,-,A,A,0,NA,NA,NA,NA,Y,NA,A,01,0,0,1,0,0,0,0,0,0,-,-,34.53316116333008,-117.29682159423828,SAN BERNARDINO,VICTORVILLE,-117.29679870605467,34.53312683105469
9530940,2022,2022-12-07,3600,2022-09-14,0946,F4772,VC021,3,5,5,3612,0,0,0,NA,0,VC3,JASMINE ST,INDUSTRIAL BL,27,W,N,A,-,N,NA,NA,NA,NA,NA,NA,NA,NA,NA,Y,4,0,1,2,A,-,01,23152,NA,N,C,C,A,A,H,-,A,A,0,NA,NA,NA,NA,Y,Y,A,07,0,0,1,0,0,0,0,0,0,-,-,34.47446823120117,-117.2831802368164,SAN BERNARDINO,VICTORVILLE,-117.28302001953124,34.47494888305664
9531987,2022,2022-12-20,3600,2022-11-02,0903,G5408,AP018,3,5,5,3621,0,0,0,NA,0,AP3,BEAR VALLEY RD,PECOS RD,0,NA,Y,A,-,N,NA,NA,NA,NA,NA,NA,NA,NA,NA,Y,4,0,1,2,A,-,09,21804,A,N,D,C,A,A,H,-,A,D,0,NA,NA,NA,NA,Y,NA,D,22,0,0,1,0,0,0,0,0,0,-,-,NA,NA,SAN BERNARDINO,APPLE VALLEY,-117.20374298095705,34.47145080566406
9532094,2022,2022-11-14,3603,2022-01-03,0604,4991,CPD,1,5,4,3603,0,0,0,NA,0,004,WASHINGTON ST,S VIA DE LA ZANJA LN,65,E,N,A,-,N,NA,NA,NA,NA,NA,NA,NA,NA,NA,N,2,0,1,2,A,-,11,21955,NA,N,G,B,D,A,H,-,B,D,0,Y,NA,NA,NA,Y,NA,N,60,1,0,0,0,1,0,0,0,0,-,-,34.04780960083008,-117.30164337158205,SAN BERNARDINO,COLTON,NA,NA
9532254,2022,2022-12-22,3608,2022-11-04,1932,5144,NA,5,5,5,3608,0,0,0,NA,0,NA,SAN TIMOTEO CANYON RD,ALESSANDRO RD,1363,W,N,A,-,N,NA,NA,NA,NA,NA,NA,NA,NA,NA,Y,3,0,3,2,A,-,03,22350,NA,F,A,C,A,A,H,-,D,A,0,NA,NA,NA,NA,Y,NA,D,22,0,3,0,0,0,0,0,0,0,-,-,NA,NA,SAN BERNARDINO,REDLANDS,-117.18450164794922,34.01468276977539
9534727,2022,2023-02-17,3600,2022-10-28,2250,S4227,CH011,5,5,5,3630,0,0,0,NA,0,002,CHINO HILLS PKWY,PEYTON DR,0,NA,Y,A,-,Y,SBD,8,142,-,-,4.4,I,5,W,Y,4,0,1,2,A,-,09,21453,C,N,D,C,A,A,H,-,C,A,0,NA,NA,NA,NA,Y,NA,A,07,0,0,1,0,0,0,0,0,0,-,-,NA,NA,SAN BERNARDINO,CHINO HILLS,-117.7325439453125,33.98256301879883
9535910,2023,2023-03-07,3604,2023-01-17,1851,680,NA,2,5,6,3604,0,0,0,NA,0,NA,SANTA ANA AV,CYPRESS AV,0,NA,Y,A,-,N,NA,NA,NA,NA,NA,NA,NA,NA,NA,Y,2,0,1,2,A,-,12,21453,A,N,D,C,A,A,H,-,C,A,0,NA,NA,Y,NA,Y,NA,C,02,1,0,0,0,0,0,0,0,1,-,-,NA,NA,SAN BERNARDINO,FONTANA,-117.44432830810548,34.055755615234375
9536103,2022,2023-01-10,3600,2022-11-20,1729,H8283,TW004,7,5,3,3617,0,0,0,NA,0,TW1,RT 62,ADOBE RD,0,NA,Y,A,-,Y,SBD,8,62,-,-,33.208,I,5,W,N,4,0,1,2,A,-,09,21801,NA,N,A,C,A,A,H,-,C,D,0,NA,NA,NA,NA,Y,NA,A,08,0,0,1,0,0,0,0,0,0,-,-,34.13555145263672,-116.05445098876952,SAN BERNARDINO,TWENTYNINE PALMS,-116.05438995361328,34.135623931884766
9536173,2022,2023-01-03,3610,2022-11-30,0550,51246,NA,3,5,6,3610,0,0,0,NA,0,POLICE,W MILL ST,RT 215,0,NA,Y,A,-,Y,SBD,8,215,-,-,5.274,R,4,S,N,4,0,1,2,A,-,10,21950,A,N,G,B,B,A,H,-,B,A,0,Y,NA,NA,NA,Y,NA,A,07,0,0,1,0,1,0,0,0,0,-,SO,34.092140197753906,-117.30200958251952,SAN BERNARDINO,SAN BERNARDINO,-117.29857635498048,34.08122253417969
9536617,2022,2022-12-28,3610,2022-11-23,2047,51249,NA,3,5,6,3610,0,0,0,NA,0,POLICE,W BASELINE ST,N MERIDIAN AV,467,E,N,A,-,N,NA,NA,NA,NA,NA,NA,NA,NA,NA,Y,3,0,1,1,A,-,08,22107,NA,N,E,I,A,-,H,-,D,A,0,NA,NA,NA,NA,Y,NA,D,22,0,1,0,0,0,0,0,0,0,-,-,34.121360778808594,-117.34525299072266,SAN BERNARDINO,SAN BERNARDINO,-117.34703826904295,34.12135314941406
9536629,2022,2023-01-17,3600,2022-07-24,0907,F3801,RC028,7,5,6,3616,0,0,0,NA,0,RC2,19TH ST,HERMOSA AV,0,NA,Y,A,-,N,NA,NA,NA,NA,NA,NA,NA,NA,NA,N,2,0,1,2,A,-,12,21453,A,N,D,-,A,A,H,-,A,A,0,NA,Y,NA,NA,Y,NA,L,04,1,0,0,0,0,0,1,0,0,-,-,34.13243103027344,-117.5847625732422,SAN BERNARDINO,RANCHO CUCAMONGA,-117.58477783203124,34.13243865966797
9537147,2022,2022-12-28,3610,2022-11-23,0419,51167,NA,3,5,6,3610,0,0,0,NA,0,POLICE,W MILL ST,S I ST,0,NA,Y,A,-,N,NA,NA,NA,NA,NA,NA,NA,NA,NA,N,3,0,1,2,A,-,11,21456,B,N,A,B,B,A,H,-,C,A,0,Y,NA,NA,NA,Y,NA,N,60,0,1,0,0,1,0,0,0,0,-,-,NA,NA,SAN BERNARDINO,SAN BERNARDINO,-117.30315399169922,34.0921630859375
9537151,2022,2023-01-27,3610,2022-11-21,1440,51003,NA,1,5,6,3610,0,0,0,NA,0,POLICE,SOUTH WATERMAN AV,RT 215,0,NA,Y,A,-,Y,SBD,8,10,-,-,24.816,R,4,W,Y,4,0,1,2,A,-,12,21453,A,N,D,C,A,A,H,-,A,A,0,NA,NA,NA,NA,Y,NA,-,-,0,0,1,0,0,0,0,0,0,-,-,34.065860748291016,-117.27873229980467,SAN BERNARDINO,SAN BERNARDINO,-117.28672027587892,34.06380844116211
9537160,2022,2022-12-28,3610,2022-11-13,1754,51360,NA,7,5,6,3610,0,0,0,NA,0,POLICE,W BASELINE ST,TIAJUANA ST,39,W,N,A,-,N,NA,NA,NA,NA,NA,NA,NA,NA,NA,Y,2,0,1,2,A,-,11,21954,A,N,G,B,D,A,H,-,C,D,0,Y,NA,NA,NA,Y,NA,N,60,1,0,0,0,1,0,0,0,0,-,-,NA,NA,SAN BERNARDINO,SAN BERNARDINO,-117.32186126708984,34.12131881713867
9538045,2022,2023-01-18,3600,2022-11-11,1311,H5833,YC307,5,5,4,3640,0,0,0,NA,0,YC2,WILDWOOD CANYON RD,BRYANT ST,0,NA,Y,A,-,N,NA,NA,NA,NA,NA,NA,NA,NA,NA,N,3,0,1,2,A,-,04,21703,NA,M,C,C,A,A,H,-,A,A,0,NA,NA,NA,NA,Y,NA,A,07,0,1,0,0,0,0,0,0,0,-,-,NA,NA,SAN BERNARDINO,YUCAIPA,-117.0344696044922,34.0157356262207
9539259,2022,2023-01-31,3600,2022-12-26,1138,J2793,HE120,1,5,5,3619,0,0,0,NA,0,HE3,MAUNA LOA ST,MAPLE AV,0,NA,Y,A,-,N,NA,NA,NA,NA,NA,NA,NA,NA,NA,Y,4,0,1,2,A,-,12,22450,A,N,D,C,A,A,H,-,A,D,0,NA,NA,NA,NA,Y,NA,A,01,0,0,1,0,0,0,0,0,0,-,-,NA,NA,SAN BERNARDINO,HESPERIA,-117.34661102294922,34.442630767822266
9543443,2022,2023-02-02,3605,2022-12-02,0327,461,NA,5,5,4,3605,0,0,0,NA,0,NA,BENSON AV,MORENO ST,310,N,N,C,-,N,NA,NA,NA,NA,NA,NA,NA,NA,NA,Y,3,0,1,2,A,-,01,23152,A,N,B,E,A,B,H,-,C,D,0,NA,NA,NA,NA,Y,Y,A,01,0,1,0,0,0,0,0,0,0,-,-,34.088809967041016,-117.68099212646484,SAN BERNARDINO,MONTCLAIR,-117.68097686767578,34.089576721191406
9543711,2022,2023-01-17,3600,2022-11-19,1742,I6865,VC019,6,5,5,3612,0,0,0,NA,0,VC2,7TH ST,LORENE DR,644,S,N,A,-,N,NA,NA,NA,NA,NA,NA,NA,NA,NA,N,2,0,1,2,A,-,00,21954,NA,F,G,B,D,A,H,-,C,D,0,Y,NA,NA,NA,Y,NA,N,60,1,0,0,0,1,0,0,0,0,-,-,34.51396179199219,-117.31561279296876,SAN BERNARDINO,VICTORVILLE,-117.31702423095705,34.51262664794922
9544548,2023,2023-03-10,3605,2023-01-09,1829,440,SANBE,1,5,4,3605,0,0,0,NA,0,NA,RAMONA AV,DALE ST,315,N,N,C,-,N,NA,NA,NA,NA,NA,NA,NA,NA,NA,NA,4,0,1,2,A,-,08,22107,NA,N,B,D,A,B,H,-,B,D,0,NA,NA,NA,NA,Y,NA,A,07,0,0,1,0,0,0,0,0,0,-,-,34.05786895751953,-117.70693969726563,SAN BERNARDINO,MONTCLAIR,-117.70696258544922,34.05864334106445
9545050,2022,2023-02-10,3605,2022-12-23,0137,438,NA,5,5,4,3605,0,0,0,NA,0,002,RAMONA AV,BANDERA ST,54,N,N,B,-,N,NA,NA,NA,NA,NA,NA,NA,NA,NA,Y,3,0,1,2,A,-,01,23152,A,N,B,E,A,A,H,-,C,D,0,NA,NA,NA,NA,Y,NA,A,01,0,1,0,0,0,0,0,0,0,-,-,34.06496810913086,-117.70703887939452,SAN BERNARDINO,MONTCLAIR,-117.70702362060548,34.06509780883789
9545835,2022,2023-03-01,3610,2022-12-30,1200,51451,NA,5,5,6,3610,0,0,0,NA,0,NA,N G ST,W 2ND ST,93,N,N,A,-,N,NA,NA,NA,NA,NA,NA,NA,NA,NA,N,4,0,1,2,A,-,09,21804,A,M,D,C,A,A,H,-,A,D,0,NA,NA,NA,Y,Y,NA,A,01,0,0,1,0,0,0,0,0,0,-,-,34.10313034057617,-117.29868316650392,SAN BERNARDINO,SAN BERNARDINO,-117.29863739013672,34.103065490722656
9546687,2023,2023-02-24,3604,2023-01-30,705,1047,3604,1,5,6,3604,0,0,0,NA,0,NA,ARROW BL,ALDER AV,0,NA,Y,B,-,N,NA,NA,NA,NA,NA,NA,NA,NA,NA,Y,4,0,1,2,A,-,12,21453,A,N,D,C,A,B,H,-,A,A,0,NA,NA,NA,NA,Y,NA,A,07,0,0,1,0,0,0,0,0,0,-,-,NA,NA,SAN BERNARDINO,FONTANA,-117.4183349609375,34.09945297241211
9546689,2023,2023-02-24,3604,2023-01-27,1327,1302,NA,5,5,6,3604,0,0,0,NA,0,NA,FOOTHILL BL,OLEANDER AV,0,NA,Y,A,-,N,NA,NA,NA,NA,NA,NA,NA,NA,NA,Y,4,0,3,2,A,-,12,21453,A,N,D,C,A,A,H,-,A,A,0,NA,NA,NA,NA,Y,NA,A,01,0,0,3,0,0,0,0,0,0,-,-,NA,NA,SAN BERNARDINO,FONTANA,-117.44886779785156,34.1065788269043
9547155,2022,2023-02-21,3600,2022-12-24,1752,G9823,RC046,6,5,6,3616,0,0,0,NA,0,RC1,19TH ST,CARNELIAN ST,200,W,N,A,-,N,NA,NA,NA,NA,NA,NA,NA,NA,NA,Y,3,0,1,2,A,-,09,21804,NA,N,D,C,A,A,H,-,C,D,0,NA,NA,NA,NA,Y,NA,A,01,0,1,0,0,0,0,0,0,0,-,-,NA,NA,SAN BERNARDINO,RANCHO CUCAMONGA,-117.61688232421876,34.13261795043945
9548270,2023,2023-03-02,3610,2023-01-16,2025,51315,NA,1,5,6,3610,0,0,0,NA,0,NA,NORTH WATERMAN AV,W 9TH ST,239,S,N,B,-,N,NA,NA,NA,NA,NA,NA,NA,NA,NA,Y,4,0,1,2,A,-,08,22107,NA,F,A,C,A,-,H,-,C,D,0,NA,NA,NA,NA,Y,NA,A,07,0,0,1,0,0,0,0,0,0,-,-,34.11579895019531,-117.27877807617188,SAN BERNARDINO,SAN BERNARDINO,-117.27879333496094,34.11514663696289
9548331,2023,2023-04-11,3600,2023-02-13,1359,I1632,HE419,1,5,5,3619,0,0,0,NA,0,HE4,SUMMIT VALLEY RD,LURELANE AV,11,S,N,A,-,N,NA,NA,NA,NA,NA,NA,NA,NA,NA,N,4,0,1,2,A,-,08,22103,NA,N,D,D,A,A,H,-,A,D,0,NA,NA,NA,NA,Y,NA,A,01,0,0,1,0,0,0,0,0,0,-,-,NA,NA,SAN BERNARDINO,HESPERIA,-117.3141860961914,34.376220703125
9549059,2023,2023-03-06,3608,2023-02-14,1925,4866,3608,2,5,5,3608,0,0,0,NA,0,901,SAN BERNARDINO AV,JUDSON AV,60,NA,N,C,-,N,NA,NA,NA,NA,NA,NA,NA,NA,NA,NA,4,0,1,2,A,-,01,23152,A,N,A,C,A,B,H,-,C,A,0,NA,NA,NA,NA,Y,Y,A,01,0,0,1,0,0,0,0,0,0,-,-,NA,NA,SAN BERNARDINO,REDLANDS,-117.15625762939452,34.07731246948242
9549470,2023,2023-03-21,3608,2023-02-02,1325,4345,SANBE,4,5,5,3608,0,0,0,NA,0,NA,COLTON AV,ALTA ST,110,E,N,A,-,N,NA,NA,NA,NA,NA,NA,NA,NA,NA,N,4,0,1,2,A,-,03,22350,NA,N,C,C,A,A,A,H,A,A,0,NA,NA,NA,NA,Y,NA,A,01,0,0,1,0,0,0,0,0,0,-,-,NA,NA,SAN BERNARDINO,REDLANDS,-117.18106079101563,34.06283187866211
9549471,2023,2023-03-21,3608,2023-02-15,1347,4345,SANBE,3,5,5,3608,0,0,0,NA,0,NA,REDLANDS BL,IOWA ST,130,W,N,A,-,N,NA,NA,NA,NA,NA,NA,NA,NA,NA,N,4,0,1,2,A,-,09,21804,A,N,D,C,A,A,H,-,A,A,0,NA,NA,NA,NA,Y,NA,A,01,0,0,1,0,0,0,0,0,0,-,-,NA,NA,SAN BERNARDINO,REDLANDS,-117.21360778808594,34.062931060791016
9550335,2023,2023-03-17,3603,2023-02-03,1141,5143,CPD,5,5,4,3603,0,0,0,NA,0,002,N MT VERNON AV,E FAIRWAY DR,0,NA,Y,A,-,N,NA,NA,NA,NA,NA,NA,NA,NA,NA,Y,3,0,1,2,A,-,09,21804,A,N,D,C,A,A,H,-,A,A,0,NA,NA,NA,NA,Y,NA,A,01,0,1,0,0,0,0,0,0,0,-,-,34.06869125366211,-117.31385040283205,SAN BERNARDINO,COLTON,-117.3138427734375,34.06870651245117
9551729,2023,2023-02-27,3600,2023-02-08,1746,E3370,RC029,3,5,6,3616,0,0,0,NA,0,005,BASE LINE RD,TEAK WY,64,E,N,A,-,N,NA,NA,NA,NA,NA,NA,NA,NA,NA,Y,4,0,3,3,A,-,03,22350,NA,N,C,C,A,A,H,-,B,A,0,NA,NA,NA,NA,Y,NA,A,01,0,0,3,0,0,0,0,0,0,-,-,NA,NA,SAN BERNARDINO,RANCHO CUCAMONGA,-117.58715057373048,34.12154006958008
9551819,2023,2023-03-06,3610,2023-01-21,1702,51424,NA,6,5,6,3610,0,0,0,NA,0,NA,W RIALTO AV,N MT VERNON AV,0,NA,Y,A,-,N,NA,NA,NA,NA,NA,NA,NA,NA,NA,Y,4,0,1,2,A,-,12,21453,A,N,D,C,A,A,H,-,C,A,0,NA,NA,NA,NA,Y,NA,A,01,0,0,1,0,0,0,0,0,0,-,-,NA,NA,SAN BERNARDINO,SAN BERNARDINO,-117.31382751464844,34.10083770751953
9552677,2023,2023-04-13,3603,2023-02-13,1605,4861,CPD,1,5,4,3603,0,0,0,NA,0,003,S LA CADENA DR,S IOWA AV,263,S,N,A,-,N,NA,NA,NA,NA,NA,NA,NA,NA,NA,Y,3,0,2,2,A,-,07,21658,A,N,D,C,A,A,H,-,A,D,0,NA,NA,NA,NA,Y,NA,A,07,0,1,1,0,0,0,0,0,0,-,-,34.024879455566406,-117.3356475830078,SAN BERNARDINO,COLTON,-117.3354263305664,34.02412796020508
9558680,2023,2023-03-21,3610,2023-02-02,1300,51337,NA,4,5,6,3610,0,0,0,NA,0,NA,N H ST,WEST HIGHLAND AV,0,NA,Y,A,-,N,NA,NA,NA,NA,NA,NA,NA,NA,NA,N,4,0,1,2,A,-,12,21453,A,N,A,C,A,A,H,-,A,A,0,NA,NA,NA,NA,Y,NA,A,01,0,0,1,0,0,0,0,0,0,-,-,34.136009216308594,-117.30088043212892,SAN BERNARDINO,SAN BERNARDINO,-117.30088043212892,34.13602066040039
9558759,2023,2023-03-22,3608,2023-01-14,2229,5071,SBSUP,6,5,5,3608,0,0,0,NA,0,NA,COOK ST,CENTRAL AV,0,NA,Y,A,-,N,NA,NA,NA,NA,NA,NA,NA,NA,NA,Y,4,0,1,2,A,-,12,22450,A,N,D,C,A,A,H,-,C,A,0,NA,NA,NA,NA,Y,NA,A,01,0,0,1,0,0,0,0,0,0,-,-,NA,NA,SAN BERNARDINO,REDLANDS,-117.16284942626952,34.05717086791992
9559049,2023,2023-03-30,3603,2023-02-27,734,4435,CPD,1,5,4,3603,0,0,0,NA,0,001,W ORANGE AV,W ORANGE AV 233,57,S,N,B,-,N,NA,NA,NA,NA,NA,NA,NA,NA,NA,Y,4,0,2,4,A,-,01,23153,A,N,B,C,A,A,H,-,A,D,0,NA,NA,NA,NA,Y,Y,D,22,0,0,2,0,0,0,0,0,0,-,-,34.08774948120117,-117.32447052001952,SAN BERNARDINO,COLTON,-117.96395111083984,34.05252456665039