CASE_ID,ACCIDENT_YEAR,PROC_DATE,JURIS,COLLISION_DATE,COLLISION_TIME,OFFICER_ID,REPORTING_DISTRICT,DAY_OF_WEEK,CHP_SHIFT,POPULATION,CNTY_CITY_LOC,SPECIAL_COND,BEAT_TYPE,CHP_BEAT_TYPE,CITY_DIVISION_LAPD,CHP_BEAT_CLASS,BEAT_NUMBER,PRIMARY_RD,SECONDARY_RD,DISTANCE,DIRECTION,INTERSECTION,WEATHER_1,WEATHER_2,STATE_HWY_IND,CALTRANS_COUNTY,CALTRANS_DISTRICT,STATE_ROUTE,ROUTE_SUFFIX,POSTMILE_PREFIX,POSTMILE,LOCATION_TYPE,RAMP_INTERSECTION,SIDE_OF_HWY,TOW_AWAY,COLLISION_SEVERITY,NUMBER_KILLED,NUMBER_INJURED,PARTY_COUNT,PRIMARY_COLL_FACTOR,PCF_CODE_OF_VIOL,PCF_VIOL_CATEGORY,PCF_VIOLATION,PCF_VIOL_SUBSECTION,HIT_AND_RUN,TYPE_OF_COLLISION,MVIW,PED_ACTION,ROAD_SURFACE,ROAD_COND_1,ROAD_COND_2,LIGHTING,CONTROL_DEVICE,CHP_ROAD_TYPE,PEDESTRIAN_ACCIDENT,BICYCLE_ACCIDENT,MOTORCYCLE_ACCIDENT,TRUCK_ACCIDENT,NOT_PRIVATE_PROPERTY,ALCOHOL_INVOLVED,STWD_VEHTYPE_AT_FAULT,CHP_VEHTYPE_AT_FAULT,COUNT_SEVERE_INJ,COUNT_VISIBLE_INJ,COUNT_COMPLAINT_PAIN,COUNT_PED_KILLED,COUNT_PED_INJURED,COUNT_BICYCLIST_KILLED,COUNT_BICYCLIST_INJURED,COUNT_MC_KILLED,COUNT_MC_INJURED,PRIMARY_RAMP,SECONDARY_RAMP,LATITUDE,LONGITUDE,COUNTY,CITY,POINT_X,POINT_Y
9594825,2023,2023-07-07,3600,2023-05-19,1903,J2651,VC060,5,5,5,3612,0,0,0,NA,0,VC04,BEAR VALLEY RD,MONTE VISTA,0,NA,Y,A,-,N,NA,NA,NA,NA,NA,NA,NA,NA,NA,N,4,0,2,2,A,-,09,21801,A,N,D,C,A,A,H,-,A,A,0,NA,NA,NA,NA,Y,NA,A,07,0,0,2,0,0,0,0,0,0,-,-,34.47024917602539,-117.43460083007813,SAN BERNARDINO,VICTORVILLE,-117.43473052978516,34.47026062011719
9594838,2023,2023-07-11,3600,2023-05-13,1927,12283,AP018,6,5,5,3621,0,0,0,NA,0,AP04,OTTOWA RD,CANDLEWOOD RD,0,NA,Y,A,-,N,NA,NA,NA,NA,NA,NA,NA,NA,NA,N,4,0,2,1,-,-,-,NA,NA,N,F,A,A,A,B,-,A,A,0,NA,NA,NA,NA,Y,NA,-,-,0,0,2,0,0,0,0,0,0,-,-,34.49243927001953,-117.15802001953124,SAN BERNARDINO,APPLE VALLEY,-117.1584701538086,34.493614196777344
9596166,2023,2023-07-14,3610,2023-04-30,1210,51444,NA,7,5,6,3610,0,0,0,NA,0,NA,RT 18,OLD WATERMAN CANYON RD,0,NA,N,A,-,Y,SBD,8,18,-,R,13.3,H,-,S,Y,3,0,1,1,A,-,03,22350,NA,N,E,I,A,-,H,-,A,D,0,NA,NA,Y,NA,Y,NA,C,02,0,1,0,0,0,0,0,0,1,-,-,34.21720886230469,-117.29135131835938,SAN BERNARDINO,SAN BERNARDINO,-117.2913055419922,34.217288970947266
9597636,2023,2023-08-11,3600,2023-06-21,934,G9450,LL,3,5,3,3615,0,0,0,NA,0,0LL,MOUNTAIN  VIEW AV,RT 10,24,W,N,A,-,Y,SBD,8,10,-,-,27.047,R,4,E,N,3,0,1,2,A,-,12,21453,A,N,D,C,A,A,H,-,A,A,0,NA,NA,NA,NA,Y,NA,A,01,0,1,0,0,0,0,0,0,0,-,-,NA,NA,SAN BERNARDINO,LOMA LINDA,-117.24828338623048,34.066505432128906
9598224,2023,2023-09-11,3600,2023-05-27,1430,F6913,NA,6,5,6,3616,0,0,0,NA,0,006,MILLIKEN AV,5TH ST,0,NA,Y,A,-,N,NA,NA,NA,NA,NA,NA,NA,NA,NA,N,3,0,2,2,A,-,09,21801,A,N,D,C,A,A,H,-,A,A,0,NA,NA,NA,NA,Y,NA,A,01,0,2,0,0,0,0,0,0,0,-,-,NA,NA,SAN BERNARDINO,RANCHO CUCAMONGA,-117.55841064453124,34.080902099609375
9598229,2023,2023-08-15,3600,2023-05-22,1156,F8556,RC005,1,5,6,3616,0,0,0,NA,0,006,CHURCH ST,ARBOR LN,0,NA,Y,A,-,N,NA,NA,NA,NA,NA,NA,NA,NA,NA,Y,4,0,2,2,A,-,12,21453,A,N,D,C,A,A,H,-,A,A,0,NA,NA,NA,NA,Y,NA,A,07,0,0,2,0,0,0,0,0,0,-,-,NA,NA,SAN BERNARDINO,RANCHO CUCAMONGA,-117.53199768066406,34.11491394042969
9598248,2023,2023-09-07,3600,2023-04-10,2100,I2571,NA,1,5,6,3616,0,0,0,NA,0,004,ARCHIBALD AV,9TH ST,0,NA,Y,A,-,N,NA,NA,NA,NA,NA,NA,NA,NA,NA,Y,3,0,1,2,A,-,12,21453,A,N,A,C,A,-,H,-,C,A,0,NA,NA,NA,NA,Y,NA,A,01,0,1,0,0,0,0,0,0,0,-,-,NA,NA,SAN BERNARDINO,RANCHO CUCAMONGA,-117.59346771240234,34.09566116333008
9598256,2023,2023-08-15,3600,2023-04-26,715,G3863,RC052,3,5,6,3616,0,0,0,NA,0,004,GROVE AV,SAN BERNARDINO RD,20,E,N,A,-,N,NA,NA,NA,NA,NA,NA,NA,NA,NA,Y,4,0,1,2,A,-,12,21453,A,N,D,C,A,A,H,-,A,A,0,NA,NA,NA,NA,Y,NA,A,01,0,0,1,0,0,0,0,0,0,-,-,NA,NA,SAN BERNARDINO,RANCHO CUCAMONGA,-117.62854766845705,34.10472869873047
9598562,2023,2023-07-18,3600,2023-05-20,2030,H8342,MBL1,6,5,3,3631,0,0,0,NA,0,0YV,YUCCA TER,DUMOSA AV,300,W,N,A,-,N,NA,NA,NA,NA,NA,NA,NA,NA,NA,N,2,0,1,2,A,-,03,22350,NA,F,G,B,C,A,H,-,D,D,0,Y,NA,NA,NA,Y,Y,-,NA,1,0,0,0,1,0,0,0,0,-,-,34.12057876586914,-116.41671752929688,SAN BERNARDINO,YUCCA VALLEY,-116.41878509521484,34.12059020996094
9598909,2023,2024-01-26,3600,2023-12-12,1917,D3381,VC013,2,5,5,3612,0,0,0,NA,0,VC4,AMARGOSA RD,BEAR VALLEY RD,0,NA,Y,A,-,N,NA,NA,NA,NA,NA,NA,NA,NA,NA,Y,4,0,1,1,C,-,18,NA,NA,N,E,J,A,A,H,-,C,A,0,NA,NA,NA,NA,Y,NA,-,-,0,0,1,0,0,0,0,0,0,-,-,34.47032165527344,-117.3484115600586,SAN BERNARDINO,VICTORVILLE,-117.34842681884766,34.47041320800781
9599195,2023,2024-03-05,3600,2023-12-31,1633,I3847,YV,7,5,3,3631,0,0,0,NA,0,YV9,RT 29,CAMINO DEL CIELO CT,0,NA,Y,A,-,Y,SBD,8,62,-,-,9.21,H,-,W,Y,2,0,3,3,A,-,03,22350,NA,N,D,C,A,A,H,-,A,A,0,NA,NA,NA,NA,Y,NA,D,22,1,1,1,0,0,0,0,0,0,-,-,34.11399841308594,-116.46790313720705,SAN BERNARDINO,YUCCA VALLEY,-116.46794128417967,34.11397171020508
9599399,2023,2023-07-28,3608,2023-06-22,1641,4298,NA,4,5,5,3608,0,0,0,NA,0,NA,TENNESSEE ST,ORANGE AV,6,N,N,A,-,N,NA,NA,NA,NA,NA,NA,NA,NA,NA,N,4,0,1,2,A,-,03,22350,A,N,C,C,A,A,H,-,A,A,0,NA,NA,NA,NA,Y,NA,A,07,0,0,1,0,0,0,0,0,0,-,-,NA,NA,SAN BERNARDINO,REDLANDS,-117.1999969482422,34.051998138427734
9599729,2023,2023-07-26,3608,2023-03-28,732,5224,NA,2,5,5,3608,0,0,0,NA,0,NA,E CITRUS AV,N UNIVERSITY ST,0,NA,Y,A,-,N,NA,NA,NA,NA,NA,NA,NA,NA,NA,Y,4,0,1,2,A,-,12,21453,NA,N,D,C,A,A,H,-,A,A,0,NA,NA,NA,NA,Y,NA,A,01,0,0,1,0,0,0,0,0,0,-,-,NA,NA,SAN BERNARDINO,REDLANDS,-117.16683959960938,34.05554962158203
9599859,2023,2023-08-11,3605,2023-07-08,1936,401,3605,6,5,4,3605,0,0,0,NA,0,NA,KINGSLEY ST,MILLS AV,131,E,N,A,-,N,NA,NA,NA,NA,NA,NA,NA,NA,NA,N,3,0,1,2,A,-,09,21804,A,N,D,C,A,A,H,-,B,A,0,NA,NA,NA,NA,Y,NA,A,01,0,1,0,0,0,0,0,0,0,-,-,NA,NA,SAN BERNARDINO,MONTCLAIR,-117.71609497070313,34.06686019897461
9599917,2023,2023-07-31,3604,2023-06-22,1049,925,NA,4,5,6,3604,0,0,0,NA,0,NA,RANDALL AV,MANGO AV,0,NA,Y,A,-,N,NA,NA,NA,NA,NA,NA,NA,NA,NA,Y,4,0,2,2,A,-,12,22450,A,N,D,C,A,A,H,-,A,A,0,NA,NA,NA,NA,Y,NA,A,01,0,0,2,0,0,0,0,0,0,-,-,NA,NA,SAN BERNARDINO,FONTANA,-117.43135833740234,34.084861755371094
9599935,2023,2023-08-07,3600,2023-06-14,2008,H7533,NA,3,5,4,3618,0,0,0,NA,0,HI02,6TH ST,BONNIE ST,111,E,N,A,-,N,NA,NA,NA,NA,NA,NA,NA,NA,NA,Y,3,0,1,1,C,-,18,NA,NA,N,A,-,A,A,H,-,C,D,0,NA,NA,NA,NA,Y,NA,-,-,0,1,0,0,0,0,0,0,0,-,-,34.11024856567383,-117.24857330322266,SAN BERNARDINO,HIGHLAND,-117.2486572265625,34.11017990112305
9599937,2023,2023-08-09,3600,2023-06-05,1731,F5280,NA,1,5,4,3618,0,0,0,NA,0,HI1,STERLING AV,BASELINE ST,6,N,N,A,-,N,NA,NA,NA,NA,NA,NA,NA,NA,NA,N,4,0,1,2,A,-,03,22350,NA,N,D,C,A,A,H,-,A,A,0,NA,NA,NA,NA,Y,Y,A,01,0,0,1,0,0,0,0,0,0,-,-,34.121498107910156,-117.24355316162108,SAN BERNARDINO,HIGHLAND,-117.24365997314452,34.1213264465332
9600244,2023,2023-09-26,3610,2023-06-27,1410,51442,NA,2,5,6,3610,0,0,0,NA,0,NA,N E ST,W BASELINE ST,0,NA,Y,A,-,N,NA,NA,NA,NA,NA,NA,NA,NA,NA,N,4,0,1,1,A,-,12,21453,A,N,D,D,A,A,H,-,A,A,0,NA,NA,NA,NA,Y,NA,-,-,0,0,1,0,0,0,0,0,0,-,-,34.121429443359375,-117.29419708251952,SAN BERNARDINO,SAN BERNARDINO,-117.29415893554688,34.1213493347168
9601055,2023,2023-08-28,3604,2023-07-05,21,1330,NA,3,5,6,3604,0,0,0,NA,0,NA,DUNCAN CANYON,ARBORETUM,24,W,N,A,-,N,NA,NA,NA,NA,NA,NA,NA,NA,NA,N,4,0,1,2,A,-,03,22350,NA,M,C,C,A,A,H,-,C,D,0,NA,NA,NA,NA,Y,NA,-,99,0,0,1,0,0,0,0,0,0,-,-,NA,NA,SAN BERNARDINO,FONTANA,NA,NA
9601583,2023,2023-09-06,3600,2023-07-31,2016,J2826,YV019,1,5,3,3631,0,0,0,NA,0,YV1,RT 62,HERMOSA AV,89,W,N,A,-,Y,SBD,8,62,-,-,14.54,H,-,E,N,4,0,1,1,A,-,03,22350,NA,N,H,A,A,A,H,-,B,D,0,NA,NA,Y,NA,Y,NA,C,02,0,0,1,0,0,0,0,0,1,-,-,34.13494110107422,-116.38025665283205,SAN BERNARDINO,YUCCA VALLEY,-116.38021087646484,34.134864807128906
9602247,2023,2023-08-10,3610,2023-06-25,1217,51410,NA,7,5,6,3610,0,0,0,NA,0,NA,W KENDALL DR,N UNIVERSITY DR,0,NA,Y,A,-,N,NA,NA,NA,NA,NA,NA,NA,NA,NA,N,4,0,1,1,A,-,03,22350,NA,N,E,I,A,A,H,-,A,A,0,NA,NA,NA,NA,Y,NA,A,01,0,0,1,0,0,0,0,0,0,-,-,34.1762809753418,-117.33109283447266,SAN BERNARDINO,SAN BERNARDINO,-117.33115386962892,34.176265716552734
9602423,2023,2023-08-11,3610,2023-07-20,1250,51436,NA,4,5,6,3610,0,0,0,NA,0,NA,EAST HIGHLAND AV,MONTE VISTA DR,165,W,N,A,-,N,NA,NA,NA,NA,NA,NA,NA,NA,NA,Y,4,0,1,1,A,-,03,22350,NA,N,E,I,A,A,H,-,-,D,0,NA,NA,NA,NA,Y,NA,A,01,0,0,1,0,0,0,0,0,0,-,-,NA,NA,SAN BERNARDINO,SAN BERNARDINO,-117.2589111328125,34.13587188720703
9602580,2023,2023-08-16,3610,2023-07-02,1149,51044,NA,7,5,6,3610,0,0,0,NA,0,NA,E LYNWOOD DR,N VICTORIA AV,0,NA,Y,A,-,N,NA,NA,NA,NA,NA,NA,NA,NA,NA,N,3,0,1,2,A,-,09,21804,A,N,D,C,A,A,H,-,A,A,0,NA,NA,NA,NA,Y,NA,-,NA,0,1,0,0,0,0,0,0,0,-,-,34.14670181274414,-117.22850799560548,SAN BERNARDINO,SAN BERNARDINO,-117.22599792480467,34.14670181274414
9602757,2023,2023-09-11,3600,2023-08-01,1856,G4514,RC037,2,5,6,3616,0,0,0,NA,0,RC4,FOOTHILL BL,LION DR,0,NA,Y,A,-,N,NA,NA,NA,NA,NA,NA,NA,NA,NA,Y,4,0,2,2,A,-,09,21804,A,N,D,C,A,A,H,-,A,A,0,NA,NA,NA,NA,Y,NA,D,22,0,0,2,0,0,0,0,0,0,-,-,NA,NA,SAN BERNARDINO,RANCHO CUCAMONGA,-117.60487365722656,34.1066780090332
9602824,2023,2023-08-02,3610,2023-06-06,2019,51044,NA,2,5,6,3610,0,0,0,NA,0,NA,N STERLING AV,E MARSHALL BL,0,NA,Y,A,-,N,NA,NA,NA,NA,NA,NA,NA,NA,NA,Y,4,0,1,2,A,-,12,22450,A,N,D,C,A,A,H,-,D,D,0,NA,NA,NA,NA,Y,NA,A,01,0,0,1,0,0,0,0,0,0,-,-,34.14942932128906,-117.24369049072266,SAN BERNARDINO,SAN BERNARDINO,-117.24371337890624,34.149436950683594
9603099,2023,2023-07-27,3600,2023-06-28,1714,G6721,AP007,3,5,5,3621,0,0,0,NA,0,NA,PINERIDGE AV,STANDING ROCK AV,273,S,N,A,-,N,NA,NA,NA,NA,NA,NA,NA,NA,NA,Y,2,0,1,1,A,-,03,22350,NA,N,E,I,A,A,H,-,A,D,0,NA,NA,Y,NA,Y,NA,C,02,1,0,0,0,0,0,0,0,1,-,-,NA,NA,SAN BERNARDINO,APPLE VALLEY,-117.20995330810548,34.521461486816406
9603478,2023,2023-08-17,3600,2023-06-27,1644,E3370,RC033,2,5,6,3616,0,0,0,NA,0,005,ARROW RTE,ARCHIBALD AV,0,NA,Y,A,-,N,NA,NA,NA,NA,NA,NA,NA,NA,NA,N,4,0,2,2,A,-,03,22350,NA,N,C,C,A,A,H,-,A,A,0,NA,NA,NA,NA,Y,NA,-,-,0,0,2,0,0,0,0,0,0,-,-,NA,NA,SAN BERNARDINO,RANCHO CUCAMONGA,-117.59347534179688,34.099308013916016
9604782,2023,2024-01-16,3608,2023-11-22,1851,5007,SBCEN,3,5,5,3608,0,0,0,NA,0,NA,UNIVERSITY ST,CITRUS AV,0,NA,Y,A,-,N,NA,NA,NA,NA,NA,NA,NA,NA,NA,Y,4,0,1,2,A,-,12,21453,A,N,D,C,A,A,H,-,C,A,0,NA,NA,NA,NA,Y,NA,A,01,0,0,1,0,0,0,0,0,0,-,-,NA,NA,SAN BERNARDINO,REDLANDS,-117.16683959960938,34.05554962158203
9604910,2023,2024-01-22,3600,2023-11-18,2239,H5833,YC307,6,5,4,3640,0,0,0,NA,0,YC3,BRYANT ST,WILDWOOD CANYON RD,416,N,N,A,-,N,NA,NA,NA,NA,NA,NA,NA,NA,NA,N,2,0,1,2,A,-,14,21201,D,N,C,G,A,A,H,-,D,D,0,NA,Y,NA,NA,Y,NA,L,04,1,0,0,0,0,0,1,0,0,-,-,34.010101318359375,-117.02040100097656,SAN BERNARDINO,YUCAIPA,-117.03447723388672,34.016868591308594
9605179,2023,2024-02-22,3603,2023-12-09,259,4435,CPD,6,5,4,3603,0,0,0,NA,0,002,W MILL ST,W MILL ST 449,33,S,N,A,-,N,NA,NA,NA,NA,NA,NA,NA,NA,NA,N,4,0,1,2,A,-,05,21650,NA,N,C,C,A,A,H,-,C,D,0,NA,NA,NA,NA,Y,NA,A,01,0,0,1,0,0,0,0,0,0,-,-,34.09239959716797,-117.32788848876952,SAN BERNARDINO,COLTON,-117.33196258544922,34.09217071533203
9606107,2023,2023-08-18,3608,2023-07-17,2251,5159,NA,1,5,5,3608,0,0,0,NA,0,NA,EUREKA ST,PEARL AV,0,NA,Y,A,-,N,NA,NA,NA,NA,NA,NA,NA,NA,NA,N,4,0,1,2,A,-,12,21453,A,N,D,G,A,A,H,-,C,A,0,NA,Y,NA,NA,Y,NA,L,04,0,0,1,0,0,0,1,0,0,-,-,NA,NA,SAN BERNARDINO,REDLANDS,-117.18646240234376,34.06132888793945
9607254,2023,2023-09-06,3600,2023-04-15,2005,I5443,NA,6,5,5,3619,0,0,0,NA,0,HE01,BALSAM AV,EUCALYPTUS ST,0,NA,Y,A,-,N,NA,NA,NA,NA,NA,NA,NA,NA,NA,N,4,0,2,2,D,-,00,NA,NA,N,D,C,A,A,H,-,B,A,0,NA,NA,NA,NA,Y,NA,-,-,0,0,2,0,0,0,0,0,0,-,-,NA,NA,SAN BERNARDINO,HESPERIA,-117.32975769042967,34.456085205078125
9607660,2023,2023-09-25,3610,2023-08-16,823,50756,NA,3,5,6,3610,0,0,0,NA,0,NA,W 6TH ST,N K ST,0,NA,Y,A,-,N,NA,NA,NA,NA,NA,NA,NA,NA,NA,N,3,0,2,2,A,-,09,21801,A,N,A,C,A,A,H,-,A,D,0,NA,NA,NA,NA,Y,NA,A,01,0,1,1,0,0,0,0,0,0,-,-,34.110191345214844,-117.307861328125,SAN BERNARDINO,SAN BERNARDINO,-117.3078842163086,34.11018753051758
9609584,2023,2023-10-06,3603,2023-05-13,2209,4546,CPD,6,5,4,3603,0,0,0,NA,0,003,VALLEY BL,LA CADENA DR,0,NA,Y,A,-,N,NA,NA,NA,NA,NA,NA,NA,NA,NA,Y,3,0,1,2,A,-,01,23152,A,F,D,C,A,A,H,-,C,A,0,NA,NA,NA,NA,Y,Y,D,22,0,1,0,0,0,0,0,0,0,-,-,34.06779098510742,-117.33056640625,SAN BERNARDINO,COLTON,-117.32432556152344,34.066871643066406
9609730,2023,2023-08-30,3600,2023-08-03,1015,F4772,VC070,4,5,5,3612,0,0,0,NA,0,VC5,RT 395,LUNA RD,0,NA,Y,A,-,N,NA,NA,NA,NA,NA,NA,NA,NA,NA,Y,4,0,1,2,A,-,12,21453,A,N,D,C,A,A,H,-,A,A,0,NA,NA,NA,NA,Y,NA,D,22,0,0,1,0,0,0,0,0,0,-,-,34.492210388183594,-117.39946746826172,SAN BERNARDINO,VICTORVILLE,-121.32118988037108,38.63162612915039
9610052,2023,2023-08-22,3600,2023-05-15,1450,F6904,RC047,1,5,6,3616,0,0,0,NA,0,RC1,CARNELIAN ST,19TH ST,111,S,N,A,-,N,NA,NA,NA,NA,NA,NA,NA,NA,NA,Y,4,0,1,2,A,-,08,22100,B,N,D,C,A,A,H,-,A,A,0,NA,NA,NA,NA,Y,NA,A,01,0,0,1,0,0,0,0,0,0,-,-,NA,NA,SAN BERNARDINO,RANCHO CUCAMONGA,-117.61621856689452,34.13229751586914
9610540,2023,2023-10-06,3600,2023-08-02,2132,G8614,RC030,3,5,6,3616,0,0,0,NA,0,RC5,ARCHIBALD AV,CHURCH ST,0,NA,Y,A,-,N,NA,NA,NA,NA,NA,NA,NA,NA,NA,Y,3,0,1,2,A,-,09,21803,A,N,D,C,A,A,H,-,C,A,0,NA,NA,NA,NA,Y,NA,A,01,0,1,0,0,0,0,0,0,0,-,-,NA,NA,SAN BERNARDINO,RANCHO CUCAMONGA,-117.59349060058594,34.11405944824219
9610846,2023,2023-09-11,3600,2023-04-20,907,G6203,HE104,4,5,5,3619,0,0,0,NA,0,HE1,BEAR VALLEY RD,5TH AV,0,NA,Y,A,-,N,NA,NA,NA,NA,NA,NA,NA,NA,NA,Y,3,0,1,2,A,-,12,21453,A,N,D,C,A,A,H,-,A,A,0,NA,NA,NA,NA,Y,NA,A,01,0,1,0,0,0,0,0,0,0,-,-,NA,NA,SAN BERNARDINO,HESPERIA,-117.30801391601563,34.47080993652344
9611073,2023,2023-11-17,3604,2023-09-03,2317,1339,NA,7,5,6,3604,0,0,0,NA,0,NA,LOCUST AV,ARROW BL,0,NA,Y,A,-,N,NA,NA,NA,NA,NA,NA,NA,NA,NA,N,3,0,1,2,A,-,12,21453,A,F,D,C,A,A,H,-,C,A,0,NA,NA,NA,NA,Y,Y,A,08,0,1,0,0,0,0,0,0,0,-,-,NA,NA,SAN BERNARDINO,FONTANA,-117.40963745117188,34.09947967529297
9611104,2023,2023-09-18,3604,2023-08-16,1612,989,NA,3,5,6,3604,0,0,0,NA,0,NA,VALLEY BL,JUNIPER AV,562,W,N,A,-,N,NA,NA,NA,NA,NA,NA,NA,NA,NA,Y,4,0,1,3,A,-,03,22350,NA,N,C,C,A,A,H,-,A,A,0,NA,NA,NA,NA,Y,NA,A,01,0,0,1,0,0,0,0,0,0,-,-,NA,NA,SAN BERNARDINO,FONTANA,-117.4418716430664,34.07035827636719
9612279,2023,2023-09-19,3604,2023-08-17,756,1086,NA,4,5,6,3604,0,0,0,NA,0,NA,ETIWANDA AV,VALLEY BL,760,S,N,A,-,N,NA,NA,NA,NA,NA,NA,NA,NA,NA,N,4,0,1,2,A,-,03,22350,NA,N,C,C,A,A,H,-,A,A,0,NA,NA,NA,NA,Y,NA,D,22,0,0,1,0,0,0,0,0,0,-,-,NA,NA,SAN BERNARDINO,FONTANA,-117.52411651611328,34.06890106201172
9614147,2023,2023-10-05,3600,2023-08-14,1054,J5330,BL208,1,5,2,3680,0,0,0,NA,0,BL2,BIG BEAR BL,SUMMIT AV,0,NA,Y,A,-,N,NA,NA,NA,NA,NA,NA,NA,NA,NA,Y,4,0,3,2,A,-,12,21453,A,N,D,C,A,A,H,-,A,A,0,NA,NA,NA,NA,Y,NA,A,NA,0,0,3,0,0,0,0,0,0,-,-,NA,NA,SAN BERNARDINO,BIG BEAR LAKE,-116.8883819580078,34.24336242675781
9614220,2023,2023-09-29,3608,2023-08-02,640,5161,NA,3,5,5,3608,0,0,0,NA,0,NA,LIVE OAK CANYON RD,RT 10,124,S,N,A,-,N,NA,NA,NA,NA,NA,NA,NA,NA,NA,N,3,0,1,2,A,-,03,22350,NA,N,C,C,A,A,H,-,B,A,0,NA,NA,NA,Y,Y,NA,A,07,0,1,0,0,0,0,0,0,0,-,-,NA,NA,SAN BERNARDINO,REDLANDS,-117.0964126586914,34.01643371582031
9614236,2023,2023-09-29,3608,2023-07-31,1128,5230,NA,1,5,5,3608,0,0,0,NA,0,REDLAN,FURLOW DR,DOMESTIC AV,532,S,N,A,-,N,NA,NA,NA,NA,NA,NA,NA,NA,NA,N,4,0,1,3,A,-,03,22350,NA,N,C,E,A,A,H,-,A,D,0,NA,NA,NA,NA,Y,NA,D,22,0,0,1,0,0,0,0,0,0,-,-,NA,NA,SAN BERNARDINO,REDLANDS,-117.18733978271484,34.083133697509766
9614567,2023,2023-10-03,3600,2023-06-15,2020,I7898,HE1,4,5,5,3619,0,0,0,NA,0,HE118,LIVE OAK ST,MARIPOSA RD,1129,E,N,A,-,N,NA,NA,NA,NA,NA,NA,NA,NA,NA,Y,2,0,1,1,A,-,08,22107,NA,N,E,I,A,A,H,-,C,A,0,NA,NA,NA,NA,Y,NA,A,01,1,0,0,0,0,0,0,0,0,-,-,NA,NA,SAN BERNARDINO,HESPERIA,-117.37037658691406,34.43400955200195
9616348,2023,2023-10-19,3605,2023-09-04,1519,448,NA,1,5,4,3605,0,0,0,NA,0,NA,ARROW HWY,CENTRAL AV,0,NA,Y,A,-,N,NA,NA,NA,NA,NA,NA,NA,NA,NA,N,4,0,2,2,A,-,12,21453,A,N,D,C,A,A,H,-,A,A,0,NA,NA,NA,NA,Y,NA,A,01,0,0,2,0,0,0,0,0,0,-,-,34.09238052368164,-117.68968200683594,SAN BERNARDINO,MONTCLAIR,-117.68971252441406,34.09233474731445
9617188,2023,2023-11-03,3601,2023-06-07,2037,P39,BARST,3,5,3,3601,0,0,0,NA,0,PATROL,EAST MAIN ST,YUCCA AV,0,NA,Y,A,-,N,NA,NA,NA,NA,NA,NA,NA,NA,NA,Y,3,0,3,2,A,-,09,21801,A,N,D,C,A,A,H,-,C,A,0,NA,NA,NA,NA,Y,NA,I,11,0,2,1,0,0,0,0,0,0,-,-,NA,NA,SAN BERNARDINO,BARSTOW,-117.00721740722656,34.896175384521484
9619981,2023,2024-01-03,3600,2023-09-28,1238,G6203,HE412,4,5,5,3619,0,0,0,NA,0,HE4,RANCHERO RD,DANBURY AV,738,E,N,A,-,N,NA,NA,NA,NA,NA,NA,NA,NA,NA,Y,3,0,1,1,A,-,08,22107,NA,N,F,A,A,A,H,-,A,A,0,NA,NA,NA,NA,Y,Y,D,22,0,1,0,0,0,0,0,0,0,-,-,NA,NA,SAN BERNARDINO,HESPERIA,-117.29510498046876,34.38363265991211
9619986,2023,2024-01-03,3600,2023-09-20,1554,F5717,HE103,3,5,5,3619,0,0,0,NA,0,HE1,BEAR VALLEY RD,11TH AV,0,NA,Y,A,-,N,NA,NA,NA,NA,NA,NA,NA,NA,NA,Y,4,0,3,3,A,-,12,21453,A,N,D,C,A,A,H,-,A,A,0,NA,NA,NA,NA,Y,NA,D,22,0,0,3,0,0,0,0,0,0,-,-,34.4705696105957,-117.32112884521484,SAN BERNARDINO,HESPERIA,-117.32115173339844,34.470638275146484
9620445,2023,2023-10-12,3600,2023-09-18,841,J1624,VC011,1,5,5,3612,0,0,0,NA,0,VC2,RODEO DR,BATSON PL,0,N,N,A,-,N,NA,NA,NA,NA,NA,NA,NA,NA,NA,Y,4,0,3,2,A,-,08,22107,NA,N,D,C,A,A,H,-,A,A,0,NA,NA,NA,NA,Y,NA,A,01,0,0,3,0,0,0,0,0,0,-,-,NA,NA,SAN BERNARDINO,VICTORVILLE,-117.30387115478516,34.507537841796875
9621000,2023,2023-10-27,3600,2023-09-14,1858,H9747,VC052,4,5,5,3612,0,0,0,NA,0,VC6,FAIRFIELDS LANE,POPPY RD,155,S,N,A,-,N,NA,NA,NA,NA,NA,NA,NA,NA,NA,N,3,0,1,2,A,-,08,22107,A,N,D,C,A,A,H,-,C,D,0,NA,NA,Y,NA,Y,Y,C,02,0,1,0,0,0,0,0,0,1,-,-,NA,NA,SAN BERNARDINO,VICTORVILLE,-117.3593978881836,34.53896713256836
9621090,2023,2023-11-02,3600,2023-09-27,2127,G9438,HI013,3,5,4,3618,0,0,0,NA,0,HI2,9TH ST,9TH ST 26599,0,NA,Y,A,-,N,NA,NA,NA,NA,NA,NA,NA,NA,NA,N,3,0,1,2,A,-,11,21954,A,N,G,B,D,A,H,-,C,D,0,Y,NA,NA,NA,Y,NA,N,60,0,1,0,0,1,0,0,0,0,-,-,34.115760803222656,-117.22402191162108,SAN BERNARDINO,HIGHLAND,-117.25247955322266,34.11574172973633
9621175,2023,2023-11-03,3603,2023-09-28,504,4817,CPD,4,5,4,3603,0,0,0,NA,0,003,RANCHO AV,LA CADENA DR,309,N,N,A,-,N,NA,NA,NA,NA,NA,NA,NA,NA,NA,Y,2,0,1,1,A,-,05,21650,NA,N,E,I,A,A,H,-,C,A,0,NA,NA,NA,NA,Y,NA,A,01,1,0,0,0,0,0,0,0,0,-,-,34.04827117919922,-117.33306121826172,SAN BERNARDINO,COLTON,-117.3306884765625,34.05012130737305