CASE_ID,ACCIDENT_YEAR,PROC_DATE,JURIS,COLLISION_DATE,COLLISION_TIME,OFFICER_ID,REPORTING_DISTRICT,DAY_OF_WEEK,CHP_SHIFT,POPULATION,CNTY_CITY_LOC,SPECIAL_COND,BEAT_TYPE,CHP_BEAT_TYPE,CITY_DIVISION_LAPD,CHP_BEAT_CLASS,BEAT_NUMBER,PRIMARY_RD,SECONDARY_RD,DISTANCE,DIRECTION,INTERSECTION,WEATHER_1,WEATHER_2,STATE_HWY_IND,CALTRANS_COUNTY,CALTRANS_DISTRICT,STATE_ROUTE,ROUTE_SUFFIX,POSTMILE_PREFIX,POSTMILE,LOCATION_TYPE,RAMP_INTERSECTION,SIDE_OF_HWY,TOW_AWAY,COLLISION_SEVERITY,NUMBER_KILLED,NUMBER_INJURED,PARTY_COUNT,PRIMARY_COLL_FACTOR,PCF_CODE_OF_VIOL,PCF_VIOL_CATEGORY,PCF_VIOLATION,PCF_VIOL_SUBSECTION,HIT_AND_RUN,TYPE_OF_COLLISION,MVIW,PED_ACTION,ROAD_SURFACE,ROAD_COND_1,ROAD_COND_2,LIGHTING,CONTROL_DEVICE,CHP_ROAD_TYPE,PEDESTRIAN_ACCIDENT,BICYCLE_ACCIDENT,MOTORCYCLE_ACCIDENT,TRUCK_ACCIDENT,NOT_PRIVATE_PROPERTY,ALCOHOL_INVOLVED,STWD_VEHTYPE_AT_FAULT,CHP_VEHTYPE_AT_FAULT,COUNT_SEVERE_INJ,COUNT_VISIBLE_INJ,COUNT_COMPLAINT_PAIN,COUNT_PED_KILLED,COUNT_PED_INJURED,COUNT_BICYCLIST_KILLED,COUNT_BICYCLIST_INJURED,COUNT_MC_KILLED,COUNT_MC_INJURED,PRIMARY_RAMP,SECONDARY_RAMP,LATITUDE,LONGITUDE,COUNTY,CITY,POINT_X,POINT_Y
9704014,2024,2024-07-22,3600,2024-05-18,844,H5258,HER42,6,5,5,3619,0,0,0,NA,0,HE4,RANCHERO RD,LYONS AV,15,W,N,A,-,N,NA,NA,NA,NA,NA,NA,NA,NA,NA,N,3,0,1,2,A,-,03,22350,NA,N,B,C,A,A,H,-,A,D,0,NA,NA,Y,NA,Y,NA,C,02,0,1,0,0,0,0,0,0,1,-,-,NA,NA,SAN BERNARDINO,HESPERIA,-117.28163146972656,34.38373947143555
9704126,2024,2024-08-02,3600,2024-04-11,2056,J4809,HI010,4,5,4,3618,0,0,0,NA,0,HI2,PACIFIC ST,SAN FRANCISCO ST,273,E,N,A,-,N,NA,NA,NA,NA,NA,NA,NA,NA,NA,N,2,0,1,2,A,-,11,21954,A,N,G,B,E,A,H,-,C,D,0,Y,NA,NA,NA,Y,NA,N,60,1,0,0,0,1,0,0,0,0,-,-,NA,NA,SAN BERNARDINO,HIGHLAND,-117.2226333618164,34.12854766845703
9704940,2024,2024-07-01,3600,2024-05-07,1507,I1565,AP008,2,5,5,3621,0,0,0,NA,0,AP3,BEAR VALLEY RD,BRAEBURN ROAD,0,NA,Y,A,-,N,NA,NA,NA,NA,NA,NA,NA,NA,NA,Y,4,0,2,2,A,-,09,21802,A,N,D,C,A,A,H,-,A,D,0,NA,NA,NA,NA,Y,NA,D,22,0,0,2,0,0,0,0,0,0,-,-,NA,NA,SAN BERNARDINO,APPLE VALLEY,-117.21955871582033,34.47138595581055
9705102,2024,2024-07-18,3610,2024-05-23,1755,51527,NA,4,5,6,3610,0,0,0,NA,0,NA,N BELLE ST,E 16TH ST,0,NA,Y,A,-,N,NA,NA,NA,NA,NA,NA,NA,NA,NA,N,3,0,1,2,A,-,03,22350,NA,N,E,E,A,-,H,-,-,A,0,NA,NA,Y,NA,Y,NA,C,02,0,1,0,0,0,0,0,0,1,-,-,34.12866973876953,-117.28006744384766,SAN BERNARDINO,SAN BERNARDINO,-117.28009796142578,34.128684997558594
9705228,2024,2024-06-28,3600,2024-04-27,2000,I6876,HE322,6,5,5,3619,0,0,0,NA,0,HE5,7TH AV,3RD AV,675,N,N,A,-,N,NA,NA,NA,NA,NA,NA,NA,NA,NA,Y,3,0,1,1,A,-,-,NA,NA,N,H,A,A,A,H,-,D,D,0,NA,NA,Y,NA,Y,Y,C,02,0,1,0,0,0,0,0,0,1,-,-,NA,NA,SAN BERNARDINO,HESPERIA,-117.31967926025392,34.38705062866211
9705275,2024,2024-06-28,3600,2024-04-29,1427,I1565,AP009,1,5,5,3621,0,0,0,NA,0,AP3,YUCCA LOMA RD,FORTUNA LN,120,E,N,A,-,N,NA,NA,NA,NA,NA,NA,NA,NA,NA,Y,4,0,1,2,A,-,05,21651,A,N,D,C,A,A,H,-,A,D,0,NA,NA,NA,NA,Y,NA,A,07,0,0,1,0,0,0,0,0,0,-,-,NA,NA,SAN BERNARDINO,APPLE VALLEY,-117.26036071777344,34.500938415527344
9706122,2024,2024-06-13,3603,2024-04-25,26,4819,CPD,4,5,4,3603,0,0,0,NA,0,002,CITRUS ST,BORDWELL AV,100,W,N,A,-,N,NA,NA,NA,NA,NA,NA,NA,NA,NA,Y,2,0,2,1,A,-,05,21650,NA,N,E,I,A,A,H,-,C,A,0,NA,NA,NA,NA,Y,NA,A,01,2,0,0,0,0,0,0,0,0,-,-,34.08488845825195,-117.31387329101563,SAN BERNARDINO,COLTON,-117.31832122802734,34.084869384765625
9707718,2024,2024-07-08,3608,2024-05-28,232,5143,NA,2,5,5,3608,0,0,0,NA,0,NA,CLARK STREET,SONORA ST,0,NA,Y,A,-,N,NA,NA,NA,NA,NA,NA,NA,NA,NA,Y,4,0,1,2,A,-,01,23152,A,N,E,E,A,A,H,-,C,A,0,NA,NA,NA,NA,Y,Y,A,01,0,0,1,0,0,0,0,0,0,-,-,NA,NA,SAN BERNARDINO,REDLANDS,-117.17791748046876,34.0529670715332
9708198,2024,2024-08-07,3603,2024-06-12,652,4861,CPD,3,5,4,3603,0,0,0,NA,0,001,N PEPPER AV,W SAN BERNARDINO AV,0,NA,Y,A,-,N,NA,NA,NA,NA,NA,NA,NA,NA,NA,Y,3,0,1,3,A,-,12,21453,A,N,B,C,A,A,H,-,A,A,0,NA,NA,NA,NA,Y,NA,A,01,0,1,0,0,0,0,0,0,0,-,-,34.0777587890625,-117.35292816162108,SAN BERNARDINO,COLTON,-117.35292053222656,34.07775115966797
9708263,2024,2024-08-07,3600,2024-06-21,2155,I8688,VC030,5,5,5,3612,0,0,0,NA,0,VC2,GREENTREE BL,RODEO DR,0,NA,Y,A,-,N,NA,NA,NA,NA,NA,NA,NA,NA,NA,Y,3,0,2,2,D,-,00,NA,NA,N,D,C,A,A,H,-,C,A,0,NA,NA,NA,NA,Y,NA,-,-,0,2,0,0,0,0,0,0,0,-,-,34.499000549316406,-117.3030014038086,SAN BERNARDINO,VICTORVILLE,-117.30377960205078,34.499961853027344
9708286,2024,2024-08-08,3610,2024-06-01,1706,51280,NA,6,5,6,3610,0,0,0,NA,0,NA,5TH ST,LESLIE LN,200,E,N,A,-,N,NA,NA,NA,NA,NA,NA,NA,NA,NA,Y,4,0,2,3,A,-,03,22350,NA,N,C,C,A,A,H,-,A,D,0,NA,NA,NA,NA,Y,NA,A,01,0,0,2,0,0,0,0,0,0,-,-,34.108001708984375,-117.23400115966795,SAN BERNARDINO,SAN BERNARDINO,-117.2326431274414,34.10845947265625
9708678,2024,2024-07-31,3608,2024-06-11,1915,5071,3608,2,5,5,3608,0,0,0,NA,0,901,REDLANDS BL,FERN ST,79,N,N,A,-,N,NA,NA,NA,NA,NA,NA,NA,NA,NA,Y,3,0,1,2,A,-,08,22107,NA,N,C,C,A,A,H,-,A,A,0,NA,NA,Y,NA,Y,NA,A,01,0,1,0,0,0,0,0,0,1,-,-,NA,NA,SAN BERNARDINO,REDLANDS,-117.17393493652344,34.05332946777344
9708914,2024,2024-12-24,3600,2024-06-11,2245,H5849,YC406,2,5,4,3640,0,0,0,NA,0,YC3,YUCAIPA BL,16TH ST,307,E,N,A,-,N,NA,NA,NA,NA,NA,NA,NA,NA,NA,Y,2,0,1,1,A,-,01,23152,B,N,E,J,A,A,H,-,D,A,0,NA,NA,NA,NA,Y,Y,-,-,1,0,0,0,0,0,0,0,0,-,-,34.0335807800293,-117.10202026367188,SAN BERNARDINO,YUCAIPA,-117.10218811035156,34.03339767456055
9708938,2024,2024-08-01,3610,2024-06-06,38,51393,NA,4,5,6,3610,0,0,0,NA,0,NA,N E ST,W 27TH ST,0,NA,Y,A,-,N,NA,NA,NA,NA,NA,NA,NA,NA,NA,Y,3,0,1,3,A,-,08,22107,NA,N,C,E,A,A,H,-,C,D,0,NA,NA,NA,NA,Y,NA,A,01,0,1,0,0,0,0,0,0,0,-,-,34.14072036743164,-117.2944564819336,SAN BERNARDINO,SAN BERNARDINO,-117.29412841796876,34.140682220458984
9708947,2024,2024-08-30,3610,2024-06-09,1515,51349,NA,7,5,6,3610,0,0,0,NA,0,NA,NORTH WATERMAN AV,E 30TH ST,0,NA,Y,B,-,N,NA,NA,NA,NA,NA,NA,NA,NA,NA,Y,4,0,6,4,A,-,09,21803,A,N,A,C,A,A,H,-,A,A,0,NA,NA,NA,NA,Y,NA,A,01,0,0,6,0,0,0,0,0,0,-,-,34.145931243896484,-117.27867126464844,SAN BERNARDINO,SAN BERNARDINO,-117.27870178222656,34.14598083496094
9708948,2024,2024-08-27,3610,2024-06-08,1624,51494,NA,6,5,6,3610,0,0,0,NA,0,NA,E 21ST ST,N WALL AV,0,NA,Y,A,-,N,NA,NA,NA,NA,NA,NA,NA,NA,NA,Y,4,0,1,2,A,-,12,22450,A,N,F,C,A,A,H,-,A,C,0,NA,NA,NA,NA,Y,NA,A,01,0,0,1,0,0,0,0,0,0,-,-,34.134090423583984,-117.28134918212892,SAN BERNARDINO,SAN BERNARDINO,-117.28134918212892,34.13404846191406
9709722,2024,2024-08-01,3610,2024-06-28,1600,51554,NA,5,5,6,3610,0,0,0,NA,0,NA,E HOSPITALITY LN,E HARRIMAN PL,0,NA,Y,A,-,N,NA,NA,NA,NA,NA,NA,NA,NA,NA,Y,4,0,1,1,A,-,01,23152,A,N,F,I,A,A,H,-,A,D,0,NA,NA,NA,NA,Y,Y,A,01,0,0,1,0,0,0,0,0,0,-,-,34.06608963012695,-117.27105712890624,SAN BERNARDINO,SAN BERNARDINO,-117.26956176757813,34.06638717651367
9709726,2024,2024-08-30,3610,2024-06-27,1649,51444,NA,4,5,6,3610,0,0,0,NA,0,NA,E 30TH ST,N BROADMOOR BL,0,NA,Y,A,-,N,NA,NA,NA,NA,NA,NA,NA,NA,NA,Y,4,0,1,2,A,-,03,22350,NA,N,C,C,A,A,H,-,A,A,0,NA,NA,NA,NA,Y,NA,A,07,0,0,1,0,0,0,0,0,0,-,-,34.145931243896484,-117.27794647216795,SAN BERNARDINO,SAN BERNARDINO,-117.27797698974608,34.145973205566406
9709736,2024,2024-08-01,3600,2024-06-04,638,J5511,HE325,2,5,5,3619,0,0,0,NA,0,HE3,CALIENTE RD,RANCHERO RD,862,S,N,A,-,N,NA,NA,NA,NA,NA,NA,NA,NA,NA,Y,4,0,1,2,A,-,09,21801,A,N,D,C,A,A,H,-,B,D,0,NA,NA,NA,NA,Y,NA,A,07,0,0,1,0,0,0,0,0,0,-,-,NA,NA,SAN BERNARDINO,HESPERIA,-117.418701171875,34.38060760498047
9709765,2024,2024-08-21,3600,2024-07-06,720,I1632,HE419,6,5,5,3619,0,0,0,NA,0,HE4,SUMMIT VALLEY RD,LAS FLORES DR,400,W,N,A,-,N,NA,NA,NA,NA,NA,NA,NA,NA,NA,N,3,0,1,2,D,-,00,NA,NA,N,B,C,A,A,H,-,A,D,0,NA,NA,NA,NA,Y,NA,-,-,0,1,0,0,0,0,0,0,0,-,-,NA,NA,SAN BERNARDINO,HESPERIA,-117.31632232666016,34.37056350708008
9710974,2024,2024-08-20,3600,2024-07-04,923,H8994,HE304,4,5,5,3619,0,0,0,NA,0,HE3,MAIN ST,ESCONDIDO AV,914,E,N,A,-,N,NA,NA,NA,NA,NA,NA,NA,NA,NA,Y,4,0,3,2,A,-,05,21651,A,N,D,C,A,A,H,-,A,D,0,NA,NA,NA,NA,Y,NA,D,22,0,0,3,0,0,0,0,0,0,-,-,NA,NA,SAN BERNARDINO,HESPERIA,-117.36997222900392,34.42668533325195
9711009,2024,2024-08-06,3608,2024-06-23,2144,3372,NA,7,5,5,3608,0,0,0,NA,0,901,W STUART AV,LAWTON ST,428,E,N,A,-,N,NA,NA,NA,NA,NA,NA,NA,NA,NA,N,3,0,1,1,A,-,03,22350,NA,N,E,I,A,A,H,-,C,A,0,NA,NA,NA,NA,Y,NA,D,22,0,1,0,0,0,0,0,0,0,-,-,NA,NA,SAN BERNARDINO,REDLANDS,-117.1886978149414,34.05961990356445
9711269,2024,2024-08-20,3600,2024-07-07,1849,F4490,3600,7,5,4,3640,0,0,0,NA,0,YC2,3RD ST,PLEASANT GROVE ST,0,NA,Y,A,-,N,NA,NA,NA,NA,NA,NA,NA,NA,NA,Y,4,0,1,1,A,-,08,22107,NA,N,A,I,A,A,H,-,A,D,0,NA,NA,NA,NA,Y,NA,A,01,0,0,1,0,0,0,0,0,0,-,-,NA,NA,SAN BERNARDINO,YUCAIPA,-117.04756927490234,34.01193618774414
9711701,2024,2024-08-05,3610,2024-06-23,1032,51526,NA,7,5,6,3610,0,0,0,NA,0,NA,N CALIFORNIA ST,W WASHINGTON AV,119,W,N,A,-,N,NA,NA,NA,NA,NA,NA,NA,NA,NA,N,3,0,1,2,A,-,11,21954,A,N,G,B,D,A,H,-,A,D,0,Y,NA,NA,NA,Y,NA,N,60,0,1,0,0,1,0,0,0,0,-,-,34.136138916015625,-117.3311004638672,SAN BERNARDINO,SAN BERNARDINO,-117.33110809326172,34.13412094116211
9711753,2024,2024-08-26,3600,2024-07-18,1745,68603,RC200,4,5,6,3616,0,0,0,NA,0,RC6,KEW AV,N MAIN ST,0,NA,Y,A,-,N,NA,NA,NA,NA,NA,NA,NA,NA,NA,N,4,0,1,2,A,-,09,21802,A,N,A,C,A,A,H,-,A,D,0,NA,NA,NA,NA,Y,NA,D,22,0,0,1,0,0,0,0,0,0,-,-,NA,NA,SAN BERNARDINO,RANCHO CUCAMONGA,-117.53110504150392,34.11210632324219
9711782,2024,2024-09-27,3600,2024-07-11,142,G9454,YC303,4,5,4,3640,0,0,0,NA,0,YC2,WILDWOOD CANYON RD,MESA GRAND DR,0,NA,Y,A,-,N,NA,NA,NA,NA,NA,NA,NA,NA,NA,Y,3,0,1,1,A,-,00,23123,5,N,E,I,A,A,H,-,C,D,0,NA,NA,NA,NA,Y,Y,D,22,0,1,0,0,0,0,0,0,0,-,-,34.01530838012695,-117.01342010498048,SAN BERNARDINO,YUCAIPA,-117.00768280029295,34.01530075073242
9711786,2024,2024-08-27,3600,2024-07-15,2203,J2802,HE102,1,5,5,3619,0,0,0,NA,0,HE1,MAPLE AV,SYCAMORE ST,0,NA,Y,A,-,N,NA,NA,NA,NA,NA,NA,NA,NA,NA,Y,2,0,3,2,A,-,12,22450,A,N,D,C,A,A,H,-,D,A,0,NA,NA,NA,NA,Y,NA,A,01,1,2,0,0,0,0,0,0,0,-,-,NA,NA,SAN BERNARDINO,HESPERIA,-117.34666442871094,34.46316146850586
9712897,2024,2024-08-13,3600,2024-06-13,1731,H8975,HE417,4,5,5,3619,0,0,0,NA,0,HE04,RANCHERO RD,FARMDALE AV,0,NA,Y,A,-,N,NA,NA,NA,NA,NA,NA,NA,NA,NA,N,3,0,1,2,A,-,07,21658,A,N,-,A,A,A,H,-,A,D,0,NA,NA,Y,NA,Y,NA,A,01,0,1,0,0,0,0,0,0,1,-,-,NA,NA,SAN BERNARDINO,HESPERIA,-117.28917694091795,34.38368225097656
9712898,2024,2024-08-13,3600,2024-06-07,2113,H8975,01,5,5,5,3619,0,0,0,NA,0,113,OAKWOOD AV,MESA ST,0,NA,Y,A,-,N,NA,NA,NA,NA,NA,NA,NA,NA,NA,Y,3,0,6,2,A,-,09,21802,A,N,D,C,A,A,H,-,E,A,0,NA,NA,NA,NA,Y,NA,A,01,0,6,0,0,0,0,0,0,0,-,-,NA,NA,SAN BERNARDINO,HESPERIA,-117.3427276611328,34.44866943359375
9718421,2024,2024-07-26,3605,2024-04-26,848,437,NA,5,5,4,3605,0,0,0,NA,0,NA,MONTE VISTA AV,HOLT BL,0,NA,Y,C,-,N,NA,NA,NA,NA,NA,NA,NA,NA,NA,Y,4,0,2,2,A,-,09,21801,A,N,D,C,A,B,H,-,A,A,0,NA,NA,NA,NA,Y,NA,A,08,0,0,2,0,0,0,0,0,0,-,-,34.06298065185547,-117.69830322265624,SAN BERNARDINO,MONTCLAIR,-117.69829559326172,34.06308364868164
9718470,2024,2024-08-09,3600,2024-05-28,1640,F7812,AP005,2,5,5,3621,0,0,0,NA,0,AP1,APPLE VALLEY RD,MONDAMON RD,390,N,N,A,-,N,NA,NA,NA,NA,NA,NA,NA,NA,NA,Y,4,0,1,3,A,-,04,21703,NA,N,C,C,A,A,H,-,A,D,0,NA,NA,NA,NA,Y,NA,A,01,0,0,1,0,0,0,0,0,0,-,-,NA,NA,SAN BERNARDINO,APPLE VALLEY,-117.26483917236328,34.53315734863281
9719319,2024,2024-08-08,3600,2024-05-13,13,I3325,RC037,1,5,6,3616,0,0,0,NA,0,RC4,FOOTHILL BL,KLUSMAN ROAD,150,W,N,A,-,N,NA,NA,NA,NA,NA,NA,NA,NA,NA,Y,2,0,1,1,A,-,01,23152,C,N,E,I,A,A,H,-,C,D,0,NA,NA,NA,NA,Y,Y,A,01,1,0,0,0,0,0,0,0,0,-,-,NA,NA,SAN BERNARDINO,RANCHO CUCAMONGA,-117.59617614746094,34.10668182373047
9719455,2024,2024-08-02,3600,2024-06-19,1839,G8614,RC071,3,5,6,3616,0,0,0,NA,0,RC3,HIGHLAND AV,DAY CREEK BL,0,NA,Y,A,-,N,NA,NA,NA,NA,NA,NA,NA,NA,NA,Y,3,0,2,2,A,-,09,21801,A,N,A,C,A,A,H,-,A,D,0,NA,NA,NA,NA,Y,NA,A,01,0,2,0,0,0,0,0,0,0,-,-,NA,NA,SAN BERNARDINO,RANCHO CUCAMONGA,-117.53684997558594,34.13486862182617
9719465,2024,2024-08-07,3600,2024-06-23,1220,G7681,RC071,7,5,6,3616,0,0,0,NA,0,003,DAY CREEK BL,HIGHLAND AV,0,NA,Y,A,-,N,NA,NA,NA,NA,NA,NA,NA,NA,NA,Y,3,0,2,3,A,-,12,21453,A,N,D,C,A,A,-,-,A,A,0,NA,NA,NA,NA,Y,NA,A,01,0,1,1,0,0,0,0,0,0,-,-,NA,NA,SAN BERNARDINO,RANCHO CUCAMONGA,-117.53684997558594,34.13486862182617
9719751,2024,2024-10-02,3600,2024-07-04,1406,G4514,RC022,4,5,6,3616,0,0,0,NA,0,RC2,HAVEN AV,RT 210,0,NA,Y,A,-,N,NA,NA,NA,NA,NA,NA,NA,NA,NA,Y,3,0,1,2,A,-,12,21453,A,F,D,C,A,A,H,-,A,A,0,NA,NA,NA,NA,Y,NA,A,01,0,1,0,0,0,0,0,0,0,-,EO,NA,NA,SAN BERNARDINO,RANCHO CUCAMONGA,-117.57601165771484,34.135894775390625
9719900,2024,2024-08-27,3600,2024-07-03,756,F6913,RC017,3,5,6,3616,0,0,0,NA,0,005,6TH ST,CLEVELAND AV,213,W,N,A,-,N,NA,NA,NA,NA,NA,NA,NA,NA,NA,Y,4,0,1,2,A,-,06,21755,A,N,B,C,A,A,D,-,A,A,0,NA,NA,Y,NA,Y,NA,C,02,0,0,1,0,0,0,0,0,1,-,-,NA,NA,SAN BERNARDINO,RANCHO CUCAMONGA,-117.5678482055664,34.08470153808594
9720378,2024,2024-09-18,3610,2024-07-20,1051,51478,NA,6,5,6,3610,0,0,0,NA,0,NA,RT 18,LOMA LINDA DR,0,NA,N,A,-,Y,SBD,8,18,-,R,11.6,H,-,S,Y,3,0,1,1,A,-,03,22350,NA,N,H,I,A,-,H,-,A,D,0,NA,NA,Y,NA,Y,NA,C,02,0,1,0,0,0,0,0,0,1,-,-,NA,NA,SAN BERNARDINO,SAN BERNARDINO,-117.27988433837892,34.19829559326172
9721145,2024,2024-08-13,3603,2024-05-22,1138,5191,CPD,3,5,4,3603,0,0,0,NA,0,003,S LA CADENA DR,W FOGG ST,0,NA,Y,A,-,N,NA,NA,NA,NA,NA,NA,NA,NA,NA,N,3,0,1,2,A,-,09,21801,B,N,D,C,A,A,H,-,A,A,0,NA,NA,NA,NA,Y,NA,A,01,0,1,0,0,0,0,0,0,0,-,-,34.052738189697266,-117.33036041259766,SAN BERNARDINO,COLTON,-117.33033752441406,34.05270767211914
9721572,2024,2024-08-23,3610,2024-07-01,1338,51366,NA,1,5,6,3610,0,0,0,NA,0,NA,NORTH WATERMAN AV,E 9TH ST,144,S,N,A,-,N,NA,NA,NA,NA,NA,NA,NA,NA,NA,N,3,0,2,2,A,-,09,21804,A,N,D,C,A,A,H,-,A,A,0,NA,NA,NA,NA,Y,NA,A,01,0,2,0,0,0,0,0,0,0,-,-,34.11579895019531,-117.27877807617188,SAN BERNARDINO,SAN BERNARDINO,-117.27879333496094,34.11540603637695
9721681,2024,2024-08-28,3600,2024-06-05,1127,E3370,RC022,3,5,6,3616,0,0,0,NA,0,002,HAVEN AV,RT 210,77,N,N,A,-,Y,SBD,8,210,-,-,7.101,R,4,W,Y,3,0,1,2,A,-,07,21658,A,N,C,C,A,A,H,-,A,A,0,NA,NA,Y,NA,Y,NA,C,02,0,1,0,0,0,0,0,0,1,-,WF,NA,NA,SAN BERNARDINO,RANCHO CUCAMONGA,-117.57261657714844,34.13636016845703
9722274,2024,2024-09-16,3604,2024-07-28,1852,1463,NA,7,5,6,3604,0,0,0,NA,0,NA,SIERRA,SIERRA LAKES PKWY,601,S,N,A,-,N,NA,NA,NA,NA,NA,NA,NA,NA,NA,N,4,0,1,2,A,-,03,22350,NA,N,C,C,A,A,H,-,A,A,0,NA,NA,NA,NA,Y,NA,A,07,0,0,1,0,0,0,0,0,0,-,-,NA,NA,SAN BERNARDINO,FONTANA,-117.43614959716795,34.13795471191406
9722851,2024,2024-09-17,3604,2024-07-31,2104,1470,NA,3,5,6,3604,0,0,0,NA,0,002,BASELINE AV,MARKET PL,40,E,N,A,-,N,NA,NA,NA,NA,NA,NA,NA,NA,NA,N,4,0,1,3,A,-,03,22350,NA,M,C,C,A,A,H,-,C,A,0,NA,NA,NA,NA,Y,Y,D,22,0,0,1,0,0,0,0,0,0,-,-,NA,NA,SAN BERNARDINO,FONTANA,-117.48651123046876,34.12150955200195
9723005,2024,2024-09-18,3600,2024-08-29,1531,G6203,HE212,4,5,5,3619,0,0,0,NA,0,HE2,TIMBERLANE AV,YUCCA ST,0,NA,Y,A,-,N,NA,NA,NA,NA,NA,NA,NA,NA,NA,Y,3,0,1,3,A,-,12,22450,A,N,D,C,A,A,H,-,A,A,0,NA,NA,NA,NA,Y,NA,A,01,0,1,0,0,0,0,0,0,0,-,-,NA,NA,SAN BERNARDINO,HESPERIA,-117.27367401123048,34.41877365112305
9723707,2024,2024-10-15,3600,2024-09-28,1909,H8994,HE105,6,5,5,3619,0,0,0,NA,0,HE1,BEAR VALLEY RD,HESPERIA RD,471,E,N,A,-,N,NA,NA,NA,NA,NA,NA,NA,NA,NA,Y,4,0,2,2,A,-,09,21804,A,N,D,C,A,A,H,-,C,D,0,NA,NA,Y,NA,Y,NA,A,01,0,0,2,0,0,0,0,0,1,-,-,NA,NA,SAN BERNARDINO,HESPERIA,-117.29041290283205,34.47095489501953
9723761,2024,2024-10-11,3608,2024-09-04,1507,5218,3608,3,5,5,3608,0,0,0,NA,0,901,ORANGE ST,EAST SAN BERNARDINO AV,0,NA,Y,A,-,N,NA,NA,NA,NA,NA,NA,NA,NA,NA,Y,3,0,2,2,A,-,09,21801,A,N,D,C,A,A,H,-,A,A,0,NA,NA,NA,NA,Y,NA,A,01,0,2,0,0,0,0,0,0,0,-,-,NA,NA,SAN BERNARDINO,REDLANDS,-117.1823959350586,34.077266693115234
9723963,2024,2024-10-16,3600,2024-09-23,2301,I8688,VC017,1,5,5,3612,0,0,0,NA,0,VC2,7TH ST,DESERT KNOLL DR,495,N,N,A,-,N,NA,NA,NA,NA,NA,NA,NA,NA,NA,N,4,0,1,2,A,-,11,21954,A,N,G,B,E,A,H,-,C,D,0,Y,NA,NA,NA,Y,NA,N,60,0,0,1,0,1,0,0,0,0,-,-,34.52075958251953,-117.30856323242188,SAN BERNARDINO,VICTORVILLE,-117.30889129638672,34.52039337158203
9724701,2024,2024-09-23,3604,2024-06-30,1415,1408,NA,7,5,6,3604,0,0,0,NA,0,003,OCEANDER AV,IRIS DR,0,NA,Y,A,-,N,NA,NA,NA,NA,NA,NA,NA,NA,NA,N,4,0,1,2,A,-,09,21802,A,N,D,C,A,A,H,-,A,A,0,NA,NA,Y,NA,Y,NA,A,01,0,0,1,0,0,0,0,0,1,-,-,NA,NA,SAN BERNARDINO,FONTANA,-117.44873046875,34.0724983215332
9725415,2024,2024-08-26,3610,2024-07-21,1404,51400,NA,7,5,6,3610,0,0,0,NA,0,NA,EAST HIGHLAND AV,N HARRISON ST,0,NA,Y,A,-,N,NA,NA,NA,NA,NA,NA,NA,NA,NA,Y,4,0,1,2,A,-,04,21703,NA,M,C,C,A,A,H,-,A,A,0,NA,NA,NA,NA,Y,NA,D,22,0,0,1,0,0,0,0,0,0,-,-,NA,NA,SAN BERNARDINO,SAN BERNARDINO,-117.26468658447266,34.135894775390625
9725578,2024,2024-08-20,3610,2024-07-22,758,51450,NA,1,5,6,3610,0,0,0,NA,0,NA,N MOUNTAIN VIEW AV,W 48TH ST,0,NA,Y,A,-,N,NA,NA,NA,NA,NA,NA,NA,NA,NA,Y,4,0,1,2,A,-,09,21802,A,N,D,C,A,A,H,-,A,D,0,NA,NA,NA,NA,Y,NA,A,07,0,0,1,0,0,0,0,0,0,-,-,34.17195129394531,-117.28726196289063,SAN BERNARDINO,SAN BERNARDINO,-117.28726959228516,34.17192840576172
9725585,2024,2024-08-20,3610,2024-07-24,340,51526,NA,3,5,6,3610,0,0,0,NA,0,NA,W MILL ST,S MERIDIAN AV,0,NA,Y,A,-,N,NA,NA,NA,NA,NA,NA,NA,NA,NA,Y,4,0,2,2,A,-,09,21801,A,N,D,C,A,A,H,-,C,D,0,NA,NA,NA,NA,Y,NA,A,01,0,0,2,0,0,0,0,0,0,-,-,34.09236145019531,-117.34825897216795,SAN BERNARDINO,SAN BERNARDINO,-117.3485107421875,34.0922966003418
9726928,2024,2024-12-12,3600,2024-11-15,1141,G4514,RC051,5,5,6,3616,0,0,0,NA,0,RC4,HELLMAN AV,ARROW RT,0,NA,Y,B,C,N,NA,NA,NA,NA,NA,NA,NA,NA,NA,Y,4,0,1,2,A,-,09,21801,A,N,D,C,A,B,H,-,A,A,0,NA,NA,NA,NA,Y,NA,A,01,0,0,1,0,0,0,0,0,0,-,-,NA,NA,SAN BERNARDINO,RANCHO CUCAMONGA,-117.60228729248048,34.099327087402344
9727055,2024,2024-12-12,3600,2024-10-21,2041,A8310,RC008,1,5,6,3616,0,0,0,NA,0,RC3,BASELINE RD,EAST AV,0,NA,Y,A,-,N,NA,NA,NA,NA,NA,NA,NA,NA,NA,Y,3,0,1,2,A,-,12,21453,A,N,D,C,A,A,H,-,C,A,0,NA,NA,NA,NA,Y,NA,-,-,0,1,0,0,0,0,0,0,0,-,-,NA,NA,SAN BERNARDINO,RANCHO CUCAMONGA,-117.51467895507813,34.12131118774414
9727314,2024,2024-12-12,3600,2024-11-05,1815,J2782,RC038,2,5,6,3616,0,0,0,NA,0,RC4,FOOTHILL BL,MALACHITE AV,109,E,N,A,-,N,NA,NA,NA,NA,NA,NA,NA,NA,NA,Y,3,0,3,3,A,-,03,22350,NA,N,C,C,A,A,H,-,C,D,0,NA,NA,NA,NA,Y,NA,A,07,0,2,1,0,0,0,0,0,0,-,-,NA,NA,SAN BERNARDINO,RANCHO CUCAMONGA,-117.59703826904295,34.106529235839844