CASE_ID,ACCIDENT_YEAR,PROC_DATE,JURIS,COLLISION_DATE,COLLISION_TIME,OFFICER_ID,REPORTING_DISTRICT,DAY_OF_WEEK,CHP_SHIFT,POPULATION,CNTY_CITY_LOC,SPECIAL_COND,BEAT_TYPE,CHP_BEAT_TYPE,CITY_DIVISION_LAPD,CHP_BEAT_CLASS,BEAT_NUMBER,PRIMARY_RD,SECONDARY_RD,DISTANCE,DIRECTION,INTERSECTION,WEATHER_1,WEATHER_2,STATE_HWY_IND,CALTRANS_COUNTY,CALTRANS_DISTRICT,STATE_ROUTE,ROUTE_SUFFIX,POSTMILE_PREFIX,POSTMILE,LOCATION_TYPE,RAMP_INTERSECTION,SIDE_OF_HWY,TOW_AWAY,COLLISION_SEVERITY,NUMBER_KILLED,NUMBER_INJURED,PARTY_COUNT,PRIMARY_COLL_FACTOR,PCF_CODE_OF_VIOL,PCF_VIOL_CATEGORY,PCF_VIOLATION,PCF_VIOL_SUBSECTION,HIT_AND_RUN,TYPE_OF_COLLISION,MVIW,PED_ACTION,ROAD_SURFACE,ROAD_COND_1,ROAD_COND_2,LIGHTING,CONTROL_DEVICE,CHP_ROAD_TYPE,PEDESTRIAN_ACCIDENT,BICYCLE_ACCIDENT,MOTORCYCLE_ACCIDENT,TRUCK_ACCIDENT,NOT_PRIVATE_PROPERTY,ALCOHOL_INVOLVED,STWD_VEHTYPE_AT_FAULT,CHP_VEHTYPE_AT_FAULT,COUNT_SEVERE_INJ,COUNT_VISIBLE_INJ,COUNT_COMPLAINT_PAIN,COUNT_PED_KILLED,COUNT_PED_INJURED,COUNT_BICYCLIST_KILLED,COUNT_BICYCLIST_INJURED,COUNT_MC_KILLED,COUNT_MC_INJURED,PRIMARY_RAMP,SECONDARY_RAMP,LATITUDE,LONGITUDE,COUNTY,CITY,POINT_X,POINT_Y
7042862,2015,2016-11-19,9860,2015-06-25,1300,20856,NA,4,1,9,3600,0,1,1,NA,2,152,RT 15,RT 138,2640,S,N,A,-,Y,SBD,8,15,-,R,20.87,H,-,S,Y,4,0,1,5,A,-,03,22350,NA,N,C,C,A,A,D,-,A,D,1,NA,NA,NA,NA,Y,NA,A,07,0,0,1,0,0,0,0,0,0,-,-,34.40646,-117.46884,SAN BERNARDINO,UNINCORPORATED,-117.46887643,34.30657559
7042873,2015,2017-01-13,9860,2015-07-07,0539,14686,NA,2,3,9,3600,0,1,1,NA,2,152,RT 15,KENWOOD AV,13728,N,N,A,-,Y,SBD,8,15,-,R,17.59,H,-,N,Y,3,0,1,3,A,-,07,21658,A,F,B,C,A,A,D,-,B,D,1,NA,NA,NA,Y,Y,NA,A,01,0,1,0,0,0,0,0,0,0,-,-,34.26702,-117.44918,SAN BERNARDINO,UNINCORPORATED,-117.44928831,34.26536756
7043465,2015,2017-01-13,9835,2015-08-10,0612,12597,NA,1,1,9,3600,0,1,1,NA,2,077,RT 15,NIPTON RD,1584,S,N,A,-,Y,SBD,8,15,-,-,176.14,H,-,N,Y,3,0,1,2,A,-,03,22350,NA,N,C,C,A,A,H,-,A,D,1,NA,NA,NA,Y,Y,NA,D,22,0,1,0,0,0,0,0,0,0,-,-,NA,NA,SAN BERNARDINO,UNINCORPORATED,-115.452357,35.46953526
7044378,2015,2017-01-14,9860,2015-07-20,0025,020758,NA,1,3,4,3640,0,1,1,NA,2,106,RT 10,LIVE OAK CANYON RD,2640,E,N,C,-,Y,SBD,8,10,-,R,37.53,H,-,W,Y,3,0,3,3,A,-,03,22350,NA,N,C,C,A,B,H,-,D,D,1,NA,NA,NA,NA,Y,NA,A,01,0,2,1,0,0,0,0,0,0,-,-,34.01457,-117.08404,SAN BERNARDINO,YUCAIPA,-117.08746357,34.01535523
7059056,2015,2017-01-18,9855,2015-08-29,1530,020487,NA,6,2,6,3607,0,1,1,NA,2,103,RT 10,ARCHIBALD AV,150,W,N,A,-,Y,SBD,8,10,-,-,7.13,H,-,E,Y,4,0,2,2,A,-,03,22350,NA,N,C,C,A,A,H,-,A,D,1,NA,NA,NA,NA,Y,NA,A,01,0,0,2,0,0,0,0,0,0,-,-,34.06821,-117.60407,SAN BERNARDINO,ONTARIO,-117.59385304,34.06756118
7059068,2015,2016-12-05,9855,2015-09-01,2335,15763,NA,2,3,5,3602,0,1,3,NA,2,603,RT 60,CENTRAL AV,56,W,N,A,-,Y,SBD,8,60,-,R,2.35,H,-,W,Y,3,0,1,1,A,-,01,23152,A,N,E,I,A,A,H,-,D,D,1,NA,NA,NA,NA,Y,Y,A,01,0,1,0,0,0,0,0,0,0,-,-,34.0305,-117.69083,SAN BERNARDINO,CHINO,-117.68971113,34.03037323
7064984,2015,2016-12-07,9855,2015-04-23,1835,16801,NA,4,2,6,3616,0,1,1,NA,2,203,RT 210,HERMOSA AV,50,W,N,A,-,Y,SBD,8,210,-,-,6.39,H,-,E,Y,3,0,1,2,A,-,01,23152,A,N,C,C,A,A,H,-,A,D,1,NA,NA,NA,Y,Y,Y,A,01,0,1,0,0,0,0,0,0,0,-,-,34.13541,-117.58409,SAN BERNARDINO,RANCHO CUCAMONGA,-117.58499657,34.1354682
7065768,2014,2015-09-16,9855,2014-12-25,0745,020871,NA,4,1,5,3611,0,1,1,NA,2,103,RT 10,SAN ANTONIO AV,935,W,N,A,-,Y,NA,NA,10,NA,NA,NA,NA,NA,NA,Y,3,0,1,1,A,-,08,22107,NA,N,E,I,A,A,H,-,A,D,0,NA,NA,NA,NA,Y,NA,A,01,0,1,0,0,0,0,0,0,0,-,-,34.08733,-117.664,SAN BERNARDINO,UPLAND,-117.66399989,34.08723321
7079006,2015,2015-10-16,3607,2015-08-11,1801,80313,210,2,5,6,3607,0,0,0,NA,0,071,MISSION BL,BAKER AV,0,NA,Y,A,-,N,NA,NA,NA,NA,NA,NA,NA,NA,NA,Y,4,0,2,2,A,-,03,22350,NA,N,C,C,A,A,H,-,A,A,0,NA,NA,NA,NA,Y,NA,-,NA,0,0,2,0,0,0,0,0,0,-,-,NA,NA,SAN BERNARDINO,ONTARIO,-117.61531009,34.05147006
7052102,2015,2015-09-18,3605,2015-08-21,1749,131,NA,5,5,4,3605,0,0,0,NA,0,NA,CENTRAL AV,COSTCO DR,60,S,N,A,-,N,NA,NA,NA,NA,NA,NA,NA,NA,NA,N,4,0,1,2,A,-,03,22350,NA,N,C,C,A,A,H,-,A,D,0,NA,NA,NA,NA,Y,NA,A,01,0,0,1,0,0,0,0,0,0,-,-,NA,NA,SAN BERNARDINO,MONTCLAIR,-117.68965065,34.08342046
7093646,2015,2017-01-12,9860,2015-09-05,0220,019485,NA,6,3,6,3610,0,1,1,NA,2,214,RT 215,IOWA AV,1056,N,N,A,-,Y,SBD,8,215,-,-,0.6,H,-,S,Y,4,0,1,3,A,-,03,22350,NA,M,C,C,A,A,H,-,C,D,1,NA,NA,NA,NA,Y,NA,A,01,0,0,1,0,0,0,0,0,0,-,-,34.0136,-117.1959,SAN BERNARDINO,SAN BERNARDINO,-117.33334662,34.0264263
7093722,2015,2017-01-18,9860,2015-09-06,1120,019269,NA,7,1,4,3603,0,1,1,NA,2,103,RT 10,RT 215,242,E,N,A,-,Y,SBD,8,10,-,-,9.755,R,2,E,Y,4,0,1,1,A,-,08,22107,NA,N,E,I,A,A,H,-,A,D,0,NA,NA,NA,NA,Y,NA,A,01,0,0,1,0,0,0,0,0,0,TO,-,34.0627,-117.29806,SAN BERNARDINO,COLTON,-117.5481002,34.06734481
7093734,2015,2015-11-23,9860,2015-09-03,0840,019419,NA,4,1,9,3600,0,3,5,NA,2,001,GLEN HELEN PKWY,SYCAMORE CREEK DR,5280,E,N,A,-,N,NA,NA,15,NA,NA,NA,NA,NA,NA,N,2,0,1,1,A,-,08,22107,NA,N,F,A,A,A,H,-,A,D,0,NA,Y,NA,NA,Y,NA,L,04,1,0,0,0,0,0,1,0,0,-,-,34.19746,-117.41906,SAN BERNARDINO,UNINCORPORATED,-117.41866901,34.19725611
7093742,2015,2015-11-23,9860,2015-09-02,1320,014963,NA,3,1,9,3600,0,3,5,NA,2,003,OAK GLEN RD,PINE BENCH RD,1165,W,N,A,-,N,NA,NA,NA,NA,NA,NA,NA,NA,NA,Y,3,0,1,1,A,-,03,22350,NA,N,E,I,A,A,H,-,A,D,0,NA,NA,Y,NA,Y,NA,C,02,0,1,0,0,0,0,0,0,1,-,-,34.04092,-117.94,SAN BERNARDINO,UNINCORPORATED,-116.94017532,34.04095207
7052114,2015,2015-09-18,3608,2015-08-31,2326,2898,NA,1,5,5,3608,0,0,0,NA,0,NA,SIXTH ST,WESTERN AV,22,N,N,A,-,N,NA,NA,NA,NA,NA,NA,NA,NA,NA,Y,4,0,1,2,A,-,01,23152,A,M,B,E,A,A,H,-,C,D,0,NA,NA,NA,NA,Y,Y,A,01,0,0,1,0,0,0,0,0,0,-,-,NA,NA,SAN BERNARDINO,REDLANDS,-117.1803,34.06826026
7052881,2015,2016-07-19,3604,2015-08-17,1144,744,NA,1,5,6,3604,0,0,0,NA,0,NA,RT 66,PALMETTO AV,425,E,N,A,-,N,NA,NA,NA,NA,NA,NA,NA,NA,NA,N,3,0,1,2,A,-,03,22350,NA,N,C,C,A,A,H,-,A,A,0,NA,NA,NA,NA,Y,NA,A,01,0,1,0,0,0,0,0,0,0,-,-,NA,NA,SAN BERNARDINO,FONTANA,-117.42568374,34.10664344
7099814,2015,2017-01-03,3607,2015-09-04,1108,14931,200,5,5,6,3607,0,0,0,NA,0,052,EUCLID AV,FRANCIS ST,250,S,N,A,-,Y,SBD,8,83,-,-,7.87,H,-,S,Y,3,0,1,2,A,-,09,21804,A,N,C,C,A,A,H,-,A,D,0,NA,NA,NA,NA,Y,NA,-,NA,0,1,0,0,0,0,0,0,0,-,-,NA,NA,SAN BERNARDINO,ONTARIO,-117.65107081,34.04038921
7099843,2015,2017-01-19,3600,2015-10-11,1250,E4540,BL208,7,5,2,3680,0,0,0,NA,0,BL2,RT 18,BIG BEAR BL,19,W,N,A,-,Y,SBD,8,18,-,-,48.36,H,-,N,Y,4,0,1,2,A,-,09,21804,A,N,D,C,A,A,H,-,A,D,0,NA,NA,NA,NA,Y,NA,A,01,0,0,1,0,0,0,0,0,0,-,-,NA,NA,SAN BERNARDINO,BIG BEAR LAKE,-116.91970504,34.24154526
7100110,2015,2015-12-02,3600,2015-08-01,1707,C8777,RC056,6,5,6,3616,0,0,0,NA,0,NA,FOOTHILL BL,N GROVE AV,0,NA,Y,A,-,N,NA,NA,NA,NA,NA,NA,NA,NA,NA,Y,3,0,2,3,A,-,09,21801,A,N,D,C,A,A,H,-,A,A,0,NA,NA,NA,NA,Y,NA,A,01,0,1,1,0,0,0,0,0,0,-,-,NA,NA,SAN BERNARDINO,RANCHO CUCAMONGA,-117.62852009,34.10672003
7100123,2015,2015-10-26,3610,2015-08-19,1523,50749,NA,3,5,6,3610,0,0,0,NA,0,NA,N D ST,W 7TH ST,0,NA,Y,-,-,N,NA,NA,NA,NA,NA,NA,NA,NA,NA,Y,4,0,1,2,A,-,03,22350,NA,N,-,-,A,-,-,-,-,-,0,NA,NA,NA,NA,Y,NA,A,08,0,0,1,0,0,0,0,0,0,-,-,NA,NA,SAN BERNARDINO,SAN BERNARDINO,-117.29190013,34.11204006
7100143,2015,2017-01-12,3610,2015-08-19,1958,25717,NA,3,5,6,3610,0,0,0,NA,0,NA,BASELINE ST,RT 215,0,NA,Y,A,-,Y,SBD,8,215,-,-,8.202,R,4,N,Y,4,0,1,2,A,-,12,21453,A,F,D,C,A,A,H,-,C,A,0,NA,NA,NA,NA,Y,NA,-,-,0,0,1,0,0,0,0,0,0,-,-,NA,NA,SAN BERNARDINO,SAN BERNARDINO,-117.30250258,34.12305046
7055490,2015,2017-02-04,3608,2015-10-21,2221,3821,NA,3,5,5,3608,0,0,0,NA,0,NA,LUGONZA AV,JUDSON ST,0,NA,Y,A,-,Y,SBD,8,38,-,-,2.07,I,5,E,Y,4,0,1,2,A,-,09,21801,A,N,A,C,A,A,H,-,C,A,0,NA,NA,NA,NA,Y,NA,A,01,0,0,1,0,0,0,0,0,0,-,-,NA,NA,SAN BERNARDINO,REDLANDS,-117.15632018,34.07008979
7105009,2015,2015-11-04,3604,2015-09-25,0842,748,NA,5,5,6,3604,0,0,0,NA,0,NA,SIERRA AV,HOLLY DR,85,S,N,A,-,N,NA,NA,NA,NA,NA,NA,NA,NA,NA,Y,4,0,1,2,A,-,03,22350,NA,N,C,E,A,A,H,-,A,A,0,NA,NA,NA,NA,Y,NA,A,07,0,0,1,0,0,0,0,0,0,-,-,NA,NA,SAN BERNARDINO,FONTANA,-117.43569,34.0801071
7055705,2015,2016-12-08,9855,2015-04-24,1747,020913,NA,5,2,6,3604,0,1,1,NA,2,101,RT 10,CHERRY AV,1600,W,N,B,-,Y,SBD,8,10,-,-,12.87,H,-,E,N,4,0,1,2,A,-,03,22350,NA,F,C,C,A,A,H,-,A,D,1,NA,NA,NA,NA,Y,NA,-,NA,0,0,1,0,0,0,0,0,0,-,-,34.0658,-117.4916,SAN BERNARDINO,FONTANA,-117.49401877,34.06566171
7057311,2015,2015-11-05,3603,2015-09-29,1510,CL4277,NA,2,5,4,3603,0,0,0,NA,0,003,RANCHO AV,LA CADENA DR,0,NA,Y,A,-,N,NA,NA,NA,NA,NA,NA,NA,NA,NA,N,4,0,4,2,A,-,03,22350,NA,N,C,C,A,A,H,-,A,A,0,NA,NA,NA,NA,Y,NA,A,08,0,0,4,0,0,0,0,0,0,-,-,NA,NA,SAN BERNARDINO,COLTON,-117.33069,34.05012006
7105801,2015,2015-10-29,3604,2015-09-25,0119,798,NA,5,5,6,3604,0,0,0,NA,0,NA,PEPPER AV,MERRILL AV,65,S,N,A,-,N,NA,NA,NA,NA,NA,NA,NA,NA,NA,Y,4,0,1,2,A,-,03,22350,NA,N,C,E,A,A,H,-,C,D,0,NA,NA,NA,NA,Y,NA,A,01,0,0,1,0,0,0,0,0,0,-,-,NA,NA,SAN BERNARDINO,FONTANA,-117.44228951,34.0919519
7108317,2015,2017-01-28,3600,2015-10-05,1246,F5137,VC043,1,5,5,3612,0,0,0,NA,0,VC1,RT 18,STODDARD WELLS RD,718,N,N,B,C,Y,SBD,8,18,-,-,95.08,H,-,S,N,4,0,1,3,A,-,03,22350,NA,N,C,C,A,B,H,-,A,D,0,NA,NA,NA,NA,Y,NA,A,01,0,0,1,0,0,0,0,0,0,-,-,NA,NA,SAN BERNARDINO,VICTORVILLE,-117.28284028,34.53575848
7109214,2015,2015-11-12,3603,2015-09-26,2206,CL3863,COLTO,6,5,4,3603,0,0,0,NA,0,001,VALLEY BL,VALLEY FORGE RD,0,NA,Y,A,-,N,NA,NA,NA,NA,NA,NA,NA,NA,NA,Y,4,0,1,2,A,-,09,21802,A,N,D,C,A,A,H,-,C,A,0,NA,NA,NA,NA,Y,NA,D,22,0,0,1,0,0,0,0,0,0,-,-,NA,NA,SAN BERNARDINO,COLTON,NA,NA
7057991,2015,2016-09-16,3604,2015-10-10,1856,1043,NA,6,5,6,3604,0,0,0,NA,0,NA,RT 66,ALMERIA AV,28,W,N,A,-,N,NA,NA,NA,NA,NA,NA,NA,NA,NA,Y,4,0,3,2,A,-,01,23152,A,N,A,C,A,A,H,-,C,D,0,NA,NA,NA,NA,Y,Y,A,01,0,0,3,0,0,0,0,0,0,-,-,NA,NA,SAN BERNARDINO,FONTANA,-117.46032625,34.10652722
7058126,2015,2015-11-24,3600,2015-10-04,1330,H2968,YC309,7,5,4,3640,0,0,0,NA,0,YC3,COUNTY LINE RD,5TH ST,739,W,N,A,-,N,NA,NA,NA,NA,NA,NA,NA,NA,NA,N,4,0,1,2,A,-,09,21801,A,N,D,C,A,A,H,-,A,A,0,NA,NA,NA,NA,Y,NA,A,01,0,0,1,0,0,0,0,0,0,-,-,NA,NA,SAN BERNARDINO,YUCAIPA,-117.05862838,34.00423445
7113555,2015,2015-11-25,3600,2015-10-22,0918,S2986,LL011,4,5,3,3615,0,0,0,NA,0,0LL,ANDERSON ST,PROSPECT AV,0,NA,Y,A,-,N,NA,NA,NA,NA,NA,NA,NA,NA,NA,N,4,0,1,2,A,-,12,22450,NA,N,-,B,B,-,-,-,-,A,0,Y,NA,NA,NA,Y,NA,D,22,0,0,1,0,1,0,0,0,0,-,-,NA,NA,SAN BERNARDINO,LOMA LINDA,-117.26113002,34.0502201
7089916,2015,2017-01-13,3600,2015-09-22,2145,B7126,AP004,2,5,5,3621,0,0,0,NA,0,NA,RT 18 OH S,PIUTE RD,0,NA,N,A,-,Y,SBD,8,18,-,-,92.33,H,-,N,Y,3,0,1,1,A,-,01,23152,A,N,F,I,A,A,H,-,C,D,0,NA,NA,NA,NA,Y,Y,A,01,0,1,0,0,0,0,0,0,0,-,-,NA,NA,SAN BERNARDINO,APPLE VALLEY,-117.2374475,34.53491471
7091358,2015,2015-10-15,3607,2015-08-31,1727,80363,276,1,5,6,3607,0,0,0,NA,0,071,ARCHIBALD AV,WALNUT ST,50,N,N,A,-,N,NA,NA,NA,NA,NA,NA,NA,NA,NA,N,4,0,1,2,A,-,03,22350,NA,N,C,C,A,A,H,-,A,A,0,NA,NA,NA,NA,Y,NA,-,NA,0,0,1,0,0,0,0,0,0,-,-,NA,NA,SAN BERNARDINO,ONTARIO,-117.59328505,34.02650195
7115197,2015,2015-11-10,3611,2015-09-18,1550,2822,3611,5,5,5,3611,0,0,0,NA,0,001,BENSON AV,13TH ST,0,NA,Y,A,-,N,NA,NA,NA,NA,NA,NA,NA,NA,NA,Y,4,0,1,2,A,-,08,22107,NA,N,B,C,A,A,H,-,A,A,0,NA,NA,NA,NA,Y,NA,A,01,0,0,1,0,0,0,0,0,0,-,-,NA,NA,SAN BERNARDINO,UPLAND,-117.6808901,34.11051007
7064353,2015,2015-10-13,3611,2015-08-10,1750,2387,3611,1,5,5,3611,0,0,0,NA,0,003,FOOTHILL BL N SERVICE RD,FOOTHILL BL,4,N,N,A,-,N,NA,NA,NA,NA,NA,NA,NA,NA,NA,Y,3,0,1,2,A,-,09,21804,A,N,D,C,A,A,H,-,A,D,0,NA,NA,NA,NA,Y,NA,A,07,0,1,0,0,0,0,0,0,0,-,-,NA,NA,SAN BERNARDINO,UPLAND,NA,NA
7092103,2015,2015-10-19,3602,2015-09-11,0749,3299,NA,5,5,5,3602,0,0,0,NA,0,003,CHINO AV,ROSWELL AV,0,NA,Y,A,-,N,NA,NA,NA,NA,NA,NA,NA,NA,NA,N,4,0,1,2,A,-,12,21453,A,N,D,C,A,A,H,-,A,A,0,NA,NA,NA,NA,Y,NA,D,22,0,0,1,0,0,0,0,0,0,-,-,NA,NA,SAN BERNARDINO,CHINO,-117.71973001,34.01162007
7092139,2015,2015-10-20,3602,2015-08-23,0729,3054,NA,7,5,5,3602,0,0,0,NA,0,005,PINE AV,MILL CREEK AV,0,NA,Y,A,-,N,NA,NA,NA,NA,NA,NA,NA,NA,NA,Y,3,0,2,2,A,-,12,21453,A,N,D,C,A,A,H,-,A,A,0,NA,NA,NA,NA,Y,NA,A,07,0,1,1,0,0,0,0,0,0,-,-,NA,NA,SAN BERNARDINO,CHINO,-117.63293002,33.95748004
7070906,2015,2017-02-03,3609,2015-08-26,2008,3156,510,3,5,5,3609,0,0,0,NA,0,002,RT 66,PEPPER AV,100,E,N,A,-,Y,SBD,8,66,-,-,20.16,H,-,W,N,4,0,2,2,A,-,01,23152,A,N,C,C,A,A,H,-,C,A,0,NA,NA,NA,NA,Y,Y,D,22,0,0,2,0,0,0,0,0,0,-,-,NA,NA,SAN BERNARDINO,RIALTO,-117.35257773,34.10684595
7072183,2014,2015-09-18,9855,2014-12-22,0900,020871,NA,1,1,6,3607,0,1,3,NA,2,603,RT 60,HAVEN AV,70,E,N,A,-,Y,NA,NA,NA,NA,NA,NA,NA,NA,NA,Y,4,0,2,3,A,-,03,22350,NA,N,C,C,A,A,H,-,A,D,0,NA,NA,NA,Y,Y,NA,G,25,0,0,2,0,0,0,0,0,0,-,-,34.06767,-117.57537,SAN BERNARDINO,ONTARIO,-117.57550104,34.02899029
7118405,2015,2017-02-02,3600,2015-10-05,0457,E9961,CH007,1,5,5,3630,0,0,0,NA,0,003,RT 142,CARRIAGE HILLS LN,299,S,N,B,-,Y,SBD,8,142,-,-,1.87,H,-,W,Y,4,0,1,1,A,-,03,22350,A,N,E,I,A,B,H,-,C,D,0,NA,NA,NA,NA,Y,Y,A,01,0,0,1,0,0,0,0,0,0,-,-,NA,NA,SAN BERNARDINO,CHINO HILLS,-117.76089363,33.96394238
7073528,2015,2015-09-23,3600,2015-08-22,1451,D3381,VC013,6,5,5,3612,0,0,0,NA,0,VC4,AMARGOSA RD,DESERT ESCAPE RD,0,NA,Y,A,-,N,NA,NA,NA,NA,NA,NA,NA,NA,NA,Y,2,0,2,2,A,-,05,21752,D,N,B,C,A,A,H,-,A,A,0,NA,NA,Y,NA,Y,NA,C,02,2,0,0,0,0,0,0,0,2,-,-,NA,NA,SAN BERNARDINO,VICTORVILLE,-117.35028008,34.46593007
7073600,2015,2015-09-23,3600,2015-08-24,1852,D3381,VC021,1,5,5,3612,0,0,0,NA,0,VC3,BEAR VALLEY RD,FISH HATCHERY RD,0,NA,Y,A,-,N,NA,NA,NA,NA,NA,NA,NA,NA,NA,Y,4,0,1,2,A,-,03,22350,NA,N,C,C,A,A,H,-,A,A,0,NA,NA,NA,NA,Y,NA,D,22,0,0,1,0,0,0,0,0,0,-,-,NA,NA,SAN BERNARDINO,VICTORVILLE,-117.25823013,34.47094004
7092200,2015,2015-10-16,3602,2015-09-09,1202,3402,NA,3,5,5,3602,0,0,0,NA,0,003,CHINO AV,DON JULIAN AV,51,W,N,A,-,N,NA,NA,NA,NA,NA,NA,NA,NA,NA,N,4,0,1,2,A,-,08,22107,NA,N,D,C,A,-,H,-,A,A,0,NA,NA,NA,NA,Y,NA,A,01,0,0,1,0,0,0,0,0,0,-,-,NA,NA,SAN BERNARDINO,CHINO,-117.70907786,34.01168
7121362,2015,2015-12-04,3604,2015-10-20,0639,678,NA,2,5,6,3604,0,0,0,NA,0,NA,VALLEY BL,BEECH AV,0,NA,Y,A,-,N,NA,NA,NA,NA,NA,NA,NA,NA,NA,Y,4,0,2,2,A,-,09,21802,A,N,A,C,A,A,H,-,A,A,0,NA,NA,NA,NA,Y,NA,A,01,0,0,2,0,0,0,0,0,0,-,-,NA,NA,SAN BERNARDINO,FONTANA,-117.47126001,34.07023002
7079491,2015,2015-10-17,3602,2015-09-13,1651,1256,NA,7,5,5,3602,0,0,0,NA,0,005,KIMBALL AV,RINCON MEADOWS,0,NA,Y,A,-,N,NA,NA,NA,NA,NA,NA,NA,NA,NA,Y,3,0,3,2,A,-,09,21804,A,N,D,C,A,A,H,-,A,A,0,NA,NA,NA,NA,Y,NA,A,01,0,2,1,0,0,0,0,0,0,-,-,NA,NA,SAN BERNARDINO,CHINO,-117.63652003,33.96861005
7122984,2015,2015-11-23,3600,2015-10-04,2127,G1047,YUCAI,7,5,4,3640,0,0,0,NA,0,YC103,YUCAIPA BL,OAK GLEN RD,0,NA,Y,A,-,N,NA,NA,NA,NA,NA,NA,NA,NA,NA,Y,4,0,1,2,A,-,12,21453,A,N,D,C,A,B,H,-,C,A,0,NA,NA,NA,NA,Y,NA,-,NA,0,0,1,0,0,0,0,0,0,-,-,NA,NA,SAN BERNARDINO,YUCAIPA,-117.0730101,34.03387008
7123952,2015,2016-10-05,3610,2015-10-11,2000,50640,NA,7,5,6,3610,0,0,0,NA,0,POLICE,EAST HIGHLAND AV,N BRADFORD AV,142,W,N,A,-,N,NA,NA,NA,NA,NA,NA,NA,NA,NA,N,1,1,0,2,A,-,11,21954,A,N,G,B,D,A,H,-,C,D,0,Y,NA,NA,NA,Y,NA,N,60,0,0,0,1,0,0,0,0,0,-,-,NA,NA,SAN BERNARDINO,SAN BERNARDINO,-117.20549778,34.13579
7080197,2015,2015-10-10,3600,2015-07-23,1050,D6902,TW005,4,5,3,3617,0,0,0,NA,0,TW1,AMBOY RD,UTAH TR,0,NA,Y,A,-,N,NA,NA,NA,NA,NA,NA,NA,NA,NA,Y,2,0,1,2,A,-,09,21802,A,N,D,C,A,A,H,-,A,A,0,NA,NA,NA,NA,Y,NA,D,22,1,0,0,0,0,0,0,0,0,-,-,NA,NA,SAN BERNARDINO,TWENTYNINE PALMS,-116.03652012,34.16499003
7095831,2015,2015-10-24,3600,2015-09-27,1813,E7442,CV002,7,5,5,3612,0,0,0,NA,0,NA,MOJAVE DR,LA PAZ DR,0,NA,N,A,-,N,NA,NA,NA,NA,NA,NA,NA,NA,NA,Y,3,0,4,3,A,-,03,22350,NA,N,C,-,A,A,H,-,A,A,0,NA,NA,NA,NA,Y,NA,-,NA,0,1,3,0,0,0,0,0,0,-,-,NA,NA,SAN BERNARDINO,VICTORVILLE,-117.31287005,34.52896003
7130501,2015,2016-01-29,3600,2015-10-26,1800,D3403,AP008,1,5,5,3621,0,0,0,NA,0,003,IROQUOIS RD,OTTAWA RD,0,NA,Y,A,-,N,NA,NA,NA,NA,NA,NA,NA,NA,NA,Y,4,0,1,2,A,-,09,21802,A,N,D,C,A,A,H,-,A,A,0,NA,NA,NA,NA,Y,NA,A,08,0,0,1,0,0,0,0,0,0,-,-,NA,NA,SAN BERNARDINO,APPLE VALLEY,-117.21253013,34.49253003
7096728,2015,2015-10-19,3600,2015-09-21,1623,F1596,RC024,1,5,6,3616,0,0,0,NA,0,006,HERMOSA AV,HILLSIDE RD,156,S,N,A,-,N,NA,NA,NA,NA,NA,NA,NA,NA,NA,Y,4,0,1,2,A,-,05,21650,NA,N,B,C,A,A,H,-,A,A,0,NA,NA,NA,NA,Y,NA,A,01,0,0,1,0,0,0,0,0,0,-,-,NA,NA,SAN BERNARDINO,RANCHO CUCAMONGA,-117.58443939,34.15373256
7132299,2015,2015-12-14,3602,2015-11-20,0530,3276,NA,5,5,5,3602,0,0,0,NA,0,005,PINE AV,EUCLID AV,300,E,N,A,-,N,NA,NA,NA,NA,NA,NA,NA,NA,NA,N,4,0,1,2,A,-,03,22350,NA,N,C,C,A,A,H,-,C,D,0,NA,NA,NA,NA,Y,NA,A,01,0,0,1,0,0,0,0,0,0,-,-,NA,NA,SAN BERNARDINO,CHINO,-117.64957052,33.95354116
7132307,2015,2015-12-14,3602,2015-11-08,1841,2798,NA,7,5,5,3602,0,0,0,NA,0,005,EDISON AV,12TH ST,48,E,N,A,-,N,NA,NA,NA,NA,NA,NA,NA,NA,NA,N,4,0,1,2,A,-,03,22350,NA,N,C,C,A,A,H,-,C,A,0,NA,NA,NA,NA,Y,NA,A,01,0,0,1,0,0,0,0,0,0,-,-,NA,NA,SAN BERNARDINO,CHINO,-117.68460205,33.99731
7101725,2015,2016-04-20,3608,2015-11-21,2205,NA,NA,6,5,5,3608,0,0,0,NA,0,NA,TENNESSEE ST,COLTON AV,0,NA,Y,A,-,N,NA,NA,NA,NA,NA,NA,NA,NA,NA,Y,4,0,1,3,B,-,22,NA,NA,N,D,C,A,A,H,-,C,A,0,NA,NA,NA,NA,Y,NA,J,48,0,0,1,0,0,0,0,0,0,-,-,34.06281,-117.20008,SAN BERNARDINO,REDLANDS,-117.2001401,34.06287011
7080526,2015,2016-07-20,3608,2015-09-05,1314,3675,NA,6,5,5,3608,0,0,0,NA,0,NA,ORANGE ST,PIONEER AV,528,N,N,A,-,N,NA,NA,NA,NA,NA,NA,NA,NA,NA,Y,2,0,2,2,A,-,03,22350,NA,N,C,C,A,A,H,-,A,D,0,NA,NA,NA,NA,Y,NA,A,01,1,0,1,0,0,0,0,0,0,-,-,NA,NA,SAN BERNARDINO,REDLANDS,-117.18238763,34.08228627
7105569,2015,2016-01-27,3600,2015-10-05,0758,E4794,HE102,1,5,5,3619,0,0,0,NA,0,HE1,COTTONWOOD AV,EUCALYPTUS ST,0,NA,Y,B,-,N,NA,NA,NA,NA,NA,NA,NA,NA,NA,Y,4,0,3,2,A,-,09,21802,A,N,D,C,A,B,H,-,A,A,0,NA,NA,NA,NA,Y,NA,A,01,0,0,3,0,0,0,0,0,0,-,-,NA,NA,SAN BERNARDINO,HESPERIA,-117.33857009,34.45600005
7138116,2015,2015-12-24,3610,2015-11-03,2015,50625,NA,2,5,6,3610,0,0,0,NA,0,POLICE,NORTH SIERRA WY,BASELINE ST,126,N,N,B,C,N,NA,NA,NA,NA,NA,NA,NA,NA,NA,N,3,0,1,2,A,-,05,21650,1,F,D,G,A,B,H,-,C,D,0,NA,Y,NA,NA,Y,NA,L,04,0,1,0,0,0,0,1,0,0,-,-,34.12434,-117.28554,SAN BERNARDINO,SAN BERNARDINO,-117.28515173,34.12168518
7138134,2015,2015-12-22,3611,2015-10-30,1406,2670,NA,5,5,5,3611,0,0,0,NA,0,002,8TH ST,HARRINGTON AV,11,W,N,A,-,N,NA,NA,NA,NA,NA,NA,NA,NA,NA,Y,4,0,2,2,A,-,08,22107,NA,N,B,C,A,A,H,-,A,D,0,NA,NA,NA,NA,Y,NA,A,01,0,0,2,0,0,0,0,0,0,-,-,NA,NA,SAN BERNARDINO,UPLAND,-117.66792624,34.09243