CASE_ID,ACCIDENT_YEAR,PROC_DATE,JURIS,COLLISION_DATE,COLLISION_TIME,OFFICER_ID,REPORTING_DISTRICT,DAY_OF_WEEK,CHP_SHIFT,POPULATION,CNTY_CITY_LOC,SPECIAL_COND,BEAT_TYPE,CHP_BEAT_TYPE,CITY_DIVISION_LAPD,CHP_BEAT_CLASS,BEAT_NUMBER,PRIMARY_RD,SECONDARY_RD,DISTANCE,DIRECTION,INTERSECTION,WEATHER_1,WEATHER_2,STATE_HWY_IND,CALTRANS_COUNTY,CALTRANS_DISTRICT,STATE_ROUTE,ROUTE_SUFFIX,POSTMILE_PREFIX,POSTMILE,LOCATION_TYPE,RAMP_INTERSECTION,SIDE_OF_HWY,TOW_AWAY,COLLISION_SEVERITY,NUMBER_KILLED,NUMBER_INJURED,PARTY_COUNT,PRIMARY_COLL_FACTOR,PCF_CODE_OF_VIOL,PCF_VIOL_CATEGORY,PCF_VIOLATION,PCF_VIOL_SUBSECTION,HIT_AND_RUN,TYPE_OF_COLLISION,MVIW,PED_ACTION,ROAD_SURFACE,ROAD_COND_1,ROAD_COND_2,LIGHTING,CONTROL_DEVICE,CHP_ROAD_TYPE,PEDESTRIAN_ACCIDENT,BICYCLE_ACCIDENT,MOTORCYCLE_ACCIDENT,TRUCK_ACCIDENT,NOT_PRIVATE_PROPERTY,ALCOHOL_INVOLVED,STWD_VEHTYPE_AT_FAULT,CHP_VEHTYPE_AT_FAULT,COUNT_SEVERE_INJ,COUNT_VISIBLE_INJ,COUNT_COMPLAINT_PAIN,COUNT_PED_KILLED,COUNT_PED_INJURED,COUNT_BICYCLIST_KILLED,COUNT_BICYCLIST_INJURED,COUNT_MC_KILLED,COUNT_MC_INJURED,PRIMARY_RAMP,SECONDARY_RAMP,LATITUDE,LONGITUDE,COUNTY,CITY,POINT_X,POINT_Y
7210520,2016,2016-04-05,3600,2016-03-08,0829,G0803,RC029,2,5,6,3616,0,0,0,NA,0,005,BASE LINE RD,ARCHIBALD AV,250,E,N,A,-,N,NA,NA,NA,NA,NA,NA,NA,NA,NA,Y,4,0,1,2,A,-,09,21801,A,N,A,C,A,A,H,-,A,D,0,NA,NA,NA,NA,Y,NA,A,07,0,0,1,0,0,0,0,0,0,-,-,NA,NA,SAN BERNARDINO,RANCHO CUCAMONGA,-117.59266621,34.12154
8003129,2016,2016-04-05,3609,2016-03-05,1405,0456,3609,6,5,5,3609,0,0,0,NA,0,004,MANZANITA ST,WILLOW AV,330,W,N,A,-,N,NA,NA,NA,NA,NA,NA,NA,NA,NA,N,3,0,1,2,A,-,09,21804,A,N,D,G,A,A,H,-,A,D,0,NA,Y,NA,NA,Y,NA,L,04,0,1,0,0,0,0,1,0,0,-,-,NA,NA,SAN BERNARDINO,RIALTO,-117.37574658,34.07857001
8048653,2016,2016-05-31,3607,2016-04-30,0517,80464,820,6,5,6,3607,0,0,0,NA,0,081,GROVE AV,EUCALYPTUS AV,0,NA,Y,A,-,N,NA,NA,NA,NA,NA,NA,NA,NA,NA,Y,4,0,1,2,A,-,09,21802,A,N,D,C,A,A,H,-,D,A,0,NA,NA,NA,NA,Y,NA,-,NA,0,0,1,0,0,0,0,0,0,-,-,NA,NA,SAN BERNARDINO,ONTARIO,-117.62805007,33.99041009
8048686,2016,2016-08-29,3600,2016-04-08,1439,F7969,NE003,5,5,2,3606,0,0,0,NA,0,NE1,NEEDLES HWY,N ST,45,E,N,B,-,N,NA,NA,NA,NA,NA,NA,NA,NA,NA,Y,4,0,2,2,A,-,09,21800,A,N,A,C,A,A,H,-,A,D,0,NA,NA,NA,NA,Y,NA,A,01,0,0,2,0,0,0,0,0,0,-,-,NA,NA,SAN BERNARDINO,NEEDLES,-114.61386105,34.84846
8048897,2016,2016-05-31,3611,2016-03-20,1638,2387,NA,7,5,5,3611,0,0,0,NA,0,004,CAMPUS AV,WASHINGTON BL,0,NA,Y,A,-,N,NA,NA,NA,NA,NA,NA,NA,NA,NA,Y,3,0,1,2,A,-,09,21802,A,N,D,C,A,A,H,-,A,A,0,NA,NA,NA,NA,Y,NA,A,01,0,1,0,0,0,0,0,0,0,-,-,NA,NA,SAN BERNARDINO,UPLAND,-117.64147006,34.09806011
8003275,2016,2016-03-25,3609,2016-02-27,0047,5550,161,6,5,5,3609,0,0,0,NA,0,004,MERRILL AV,RIVERSIDE AV,0,NA,Y,A,-,N,NA,NA,NA,NA,NA,NA,NA,NA,NA,Y,4,0,3,2,A,-,09,21801,A,N,A,C,A,A,H,-,C,D,0,NA,NA,NA,NA,Y,NA,A,01,0,0,3,0,0,0,0,0,0,-,-,NA,NA,SAN BERNARDINO,RIALTO,-117.37035001,34.09229
8004537,2016,2017-02-15,3607,2016-02-25,1435,80195,338,4,5,6,3607,0,0,0,NA,0,041,4TH ST,RT 15,50,E,N,A,-,Y,SBD,8,15,-,-,3.314,R,4,N,N,4,0,1,2,A,-,03,22350,NA,N,C,C,A,A,H,-,A,A,0,NA,NA,NA,NA,Y,NA,-,NA,0,0,1,0,0,0,0,0,0,-,-,NA,NA,SAN BERNARDINO,ONTARIO,-117.54462969,34.08111654
8051036,2016,2016-06-07,3608,2016-05-17,1706,4554,NA,2,5,5,3608,0,0,0,NA,0,NA,ALABAMA ST,ORANGE AV,0,NA,Y,A,-,N,NA,NA,NA,NA,NA,NA,NA,NA,NA,Y,2,0,1,2,A,-,-,NA,NA,N,D,C,A,A,H,-,A,A,0,NA,NA,NA,NA,Y,NA,-,-,1,0,0,0,0,0,0,0,0,-,-,NA,NA,SAN BERNARDINO,REDLANDS,-117.20871008,34.05199002
8005477,2016,2016-04-20,3607,2016-02-24,1123,80313,216,3,5,6,3607,0,0,0,NA,0,042,MILLIKEN AV,FRANCIS ST,2640,S,N,A,-,N,NA,NA,NA,NA,NA,NA,NA,NA,NA,N,3,0,1,2,A,-,08,22107,NA,N,-,C,A,A,D,-,A,D,0,NA,NA,NA,NA,Y,NA,A,01,0,1,0,0,0,0,0,0,0,-,-,NA,NA,SAN BERNARDINO,ONTARIO,-117.55845,34.03432552
8006920,2016,2016-04-12,3602,2016-02-10,1818,3527,NA,3,5,5,3602,0,0,0,NA,0,003,RAMONA AV,CHINO AV,0,NA,Y,A,-,N,NA,NA,NA,NA,NA,NA,NA,NA,NA,Y,3,0,2,2,B,-,22,NA,NA,N,D,C,A,A,H,-,B,A,0,NA,NA,NA,NA,Y,NA,A,01,0,1,1,0,0,0,0,0,0,-,-,NA,NA,SAN BERNARDINO,CHINO,-117.70668009,34.01170009
8007066,2015,2017-01-14,9860,2015-07-15,0057,18275,NA,3,3,4,3603,0,1,1,NA,2,214,RT 215,WASHINGTON ST,360,S,-,A,-,Y,SBD,8,215,-,-,2.634,R,2,S,Y,2,0,2,1,A,-,01,23152,A,N,E,I,A,A,H,-,C,D,1,NA,NA,NA,NA,Y,Y,A,01,1,1,0,0,0,0,0,0,0,FR,-,34.0412,-117.30919,SAN BERNARDINO,COLTON,-117.30838853,34.04717211
8053823,2016,2016-06-06,3607,2016-05-04,1105,15035,122,3,5,6,3607,0,0,0,NA,0,012,MOUNTAIN AV,HOLT BL,30,S,N,A,-,N,NA,NA,NA,NA,NA,NA,NA,NA,NA,N,4,0,1,2,A,-,03,22350,NA,N,C,C,A,A,H,-,A,A,0,NA,NA,NA,NA,Y,NA,-,NA,0,0,1,0,0,0,0,0,0,-,-,NA,NA,SAN BERNARDINO,ONTARIO,-117.67004,34.0633
8053831,2016,2016-06-06,3607,2016-05-05,1748,80520,330,4,5,6,3607,0,0,0,NA,0,041,CONCOURS ST,FERRARI LN,500,W,N,A,-,N,NA,NA,NA,NA,NA,NA,NA,NA,NA,NA,3,0,1,1,A,-,03,22350,NA,N,E,I,A,A,H,-,A,D,0,NA,NA,NA,NA,Y,NA,-,NA,0,1,0,0,0,0,0,0,0,-,-,NA,NA,SAN BERNARDINO,ONTARIO,-117.56493367,34.07146795
8054835,2016,2016-08-05,3609,2016-06-21,1408,2493,139,2,5,5,3609,0,0,0,NA,0,004,RIVERSIDE AV,3RD ST,0,NA,Y,-,-,N,NA,NA,NA,NA,NA,NA,NA,NA,NA,Y,4,0,1,2,A,-,08,22107,NA,N,-,C,A,A,H,-,A,A,0,NA,NA,NA,NA,Y,NA,-,NA,0,0,1,0,0,0,0,0,0,-,-,NA,NA,SAN BERNARDINO,RIALTO,-117.37052005,34.10422007
8054851,2016,2016-08-05,3609,2016-06-22,1250,8510,125,3,5,5,3609,0,0,0,NA,0,004,MILLARD AV,RT 66,258,S,N,A,-,N,NA,NA,NA,NA,NA,NA,NA,NA,NA,N,4,0,1,2,A,-,21,22106,NA,N,H,C,A,A,H,-,A,D,0,NA,NA,NA,NA,Y,NA,I,11,0,0,1,0,0,0,0,0,0,-,-,NA,NA,SAN BERNARDINO,RIALTO,-117.37691581,34.10603226
8008554,2020,2021-01-12,3600,2020-10-06,0654,G8025,HE202,2,5,5,3619,0,0,0,NA,0,HE2,BEAR VALLEY RD,PEACH AV,0,NA,Y,A,-,N,NA,NA,NA,NA,NA,NA,NA,NA,NA,Y,3,0,1,2,A,-,09,21802,A,N,D,C,A,A,H,-,A,A,0,NA,NA,NA,NA,Y,NA,-,NA,0,1,0,0,0,0,0,0,0,-,-,NA,NA,SAN BERNARDINO,HESPERIA,-117.26927947998048,34.47105026245117
8031625,2016,2016-08-29,3604,2016-04-09,2148,1154,NA,6,5,6,3604,0,0,0,NA,0,NA,FOOTHILL BL,PALMETTO AV,1056,E,N,B,-,N,NA,NA,NA,NA,NA,NA,NA,NA,NA,N,3,0,1,2,A,-,08,22107,NA,N,D,G,A,B,H,-,C,D,0,NA,Y,NA,NA,Y,NA,L,04,0,1,0,0,0,0,1,0,0,-,-,NA,NA,SAN BERNARDINO,FONTANA,-117.42362178,34.10667774
8034547,2016,2016-05-04,3600,2016-04-11,0716,E5343,HE412,1,5,5,3619,0,0,0,NA,0,HE4,ALSTON AV,I AV,0,NA,Y,A,-,N,NA,NA,NA,NA,NA,NA,NA,NA,NA,N,4,0,1,2,A,-,10,21950,A,N,B,B,D,A,H,-,A,A,0,Y,NA,NA,NA,Y,NA,A,01,0,0,1,0,1,0,0,0,0,-,-,NA,NA,SAN BERNARDINO,HESPERIA,-117.28516008,34.40305003
8055418,2016,2016-06-03,3600,2016-05-12,1256,E3926,RC059,4,5,6,3616,0,0,0,NA,0,NA,FOOTHILL BL,ETIWANDA AV,28,E,N,A,-,N,NA,NA,NA,NA,NA,NA,NA,NA,NA,N,4,0,1,2,A,-,12,21453,A,N,D,C,A,A,H,-,A,A,0,NA,NA,NA,NA,Y,NA,A,01,0,0,1,0,0,0,0,0,0,-,-,NA,NA,SAN BERNARDINO,RANCHO CUCAMONGA,-117.52361776,34.10633
8056115,2016,2016-06-08,3609,2016-05-14,1237,9017,81,6,5,5,3609,0,0,0,NA,0,002,EUCALYPTUS AV,EASTON ST,330,S,N,B,-,N,NA,NA,NA,NA,NA,NA,NA,NA,NA,Y,3,0,1,3,A,-,01,23152,A,N,C,E,A,A,H,-,A,D,0,NA,NA,NA,NA,Y,Y,A,01,0,1,0,0,0,0,0,0,0,-,-,34.133,-117.3583,SAN BERNARDINO,RIALTO,-117.35736504,34.13321162
8056337,2016,2016-06-16,3603,2016-04-13,0708,CL4172,COLTO,3,5,4,3603,0,0,0,NA,0,004,EAST WASHINGTON ST,MEADOW LN,300,E,N,A,-,N,NA,NA,NA,NA,NA,NA,NA,NA,NA,Y,4,0,1,2,A,-,09,21804,A,N,D,C,A,A,H,-,A,D,0,NA,NA,NA,NA,Y,NA,A,01,0,0,1,0,0,0,0,0,0,-,-,NA,NA,SAN BERNARDINO,COLTON,-117.29844269,34.04841435
8058046,2016,2016-06-15,3600,2016-05-18,1755,F8944,VC056,3,5,5,3612,0,0,0,NA,0,NA,SENECA RD,SENECA RD 14959,0,NA,N,A,-,N,NA,NA,NA,NA,NA,NA,NA,NA,NA,Y,3,0,1,2,A,-,12,22450,A,N,D,C,A,A,H,-,A,D,0,NA,NA,NA,NA,Y,NA,D,23,0,1,0,0,0,0,0,0,0,-,-,NA,NA,SAN BERNARDINO,VICTORVILLE,-117.33647972,34.51416783
8059499,2016,2016-06-15,3602,2016-04-22,1559,3527,NA,5,5,5,3602,0,0,0,NA,0,003,EDISON AV,MONTE VISTA AV,359,W,N,A,-,N,NA,NA,NA,NA,NA,NA,NA,NA,NA,Y,4,0,2,2,A,-,03,22350,NA,N,C,C,A,A,H,-,A,D,0,NA,NA,NA,NA,Y,NA,A,01,0,0,2,0,0,0,0,0,0,-,-,NA,NA,SAN BERNARDINO,CHINO,-117.69898104,33.99723
8059588,2016,2016-06-16,3600,2016-05-26,0942,D6174,RC056,4,5,6,3616,0,0,0,NA,0,RC4,FOOTHILL BL,N GROVE AV,0,NA,Y,A,-,N,NA,NA,NA,NA,NA,NA,NA,NA,NA,Y,4,0,1,2,A,-,12,21453,A,N,A,C,A,A,H,-,A,D,0,NA,NA,NA,NA,Y,NA,A,01,0,0,1,0,0,0,0,0,0,-,-,NA,NA,SAN BERNARDINO,RANCHO CUCAMONGA,-117.62852009,34.10672003
8034559,2016,2016-05-04,3604,2016-04-13,2238,768,NA,3,5,6,3604,0,0,0,NA,0,NA,ALMERIA AV,MONTGOMERY AV,0,NA,Y,A,-,N,NA,NA,NA,NA,NA,NA,NA,NA,NA,Y,3,0,1,2,A,-,01,23152,A,N,C,E,A,A,H,-,C,D,0,NA,NA,NA,NA,Y,Y,A,01,0,1,0,0,0,0,0,0,0,-,-,NA,NA,SAN BERNARDINO,FONTANA,-117.46019009,34.11920009
8061740,2016,2016-06-21,3610,2016-05-10,1804,50993,NA,2,5,6,3610,0,0,0,NA,0,POLICE,W VALLEY ST,S E ST,0,NA,Y,A,-,N,NA,NA,NA,NA,NA,NA,NA,NA,NA,Y,3,0,2,2,A,-,12,21453,A,N,D,C,A,A,H,-,A,A,0,NA,NA,Y,NA,Y,Y,C,02,0,1,1,0,0,0,0,0,1,-,-,34.09597,-117.29411,SAN BERNARDINO,SAN BERNARDINO,-117.29417013,34.09597002
8037169,2016,2016-05-17,3610,2016-04-02,1329,50733,NA,6,5,6,3610,0,0,0,NA,0,POLICE,S TIPPECANOE AV,GOULD ST,300,N,N,A,-,N,NA,NA,NA,NA,NA,NA,NA,NA,NA,N,4,0,1,2,A,-,08,22107,NA,N,B,C,A,A,H,-,A,D,0,NA,NA,NA,NA,Y,NA,A,07,0,0,1,0,0,0,0,0,0,-,-,34.07755,-117.25973,SAN BERNARDINO,SAN BERNARDINO,-117.26083838,34.07187243
8017260,2016,2016-04-18,3600,2016-03-18,0755,A9113,RC012,5,5,6,3616,0,0,0,NA,0,003,BANYAN ST,MT BALDY PL,175,E,N,A,-,N,NA,NA,NA,NA,NA,NA,NA,NA,NA,Y,4,0,1,1,C,-,18,NA,NA,N,E,I,A,A,H,-,A,A,0,NA,NA,NA,NA,Y,NA,-,-,0,0,1,0,0,0,0,0,0,-,-,NA,NA,SAN BERNARDINO,RANCHO CUCAMONGA,-117.54849337,34.14330925
8063190,2016,2016-09-28,3600,2016-09-09,1055,D2561,VC053,5,5,5,3612,0,0,0,NA,0,VC3,MARIPOSA RD,TALPA RD,0,NA,Y,A,-,N,NA,NA,NA,NA,NA,NA,NA,NA,NA,Y,4,0,2,1,A,-,03,22350,NA,N,E,I,A,A,H,-,A,A,0,NA,NA,NA,NA,Y,NA,A,01,0,0,2,0,0,0,0,0,0,-,-,NA,NA,SAN BERNARDINO,VICTORVILLE,-117.32827002,34.4960901
8038871,2016,2016-05-18,3610,2016-04-02,0718,50733,NA,6,5,6,3610,0,0,0,NA,0,NA,E BASELINE ST,NORTH SIERRA WY,0,NA,Y,A,-,N,NA,NA,NA,NA,NA,NA,NA,NA,NA,Y,2,0,3,2,A,-,12,21453,A,N,D,C,A,A,H,-,A,A,0,NA,NA,NA,NA,Y,NA,D,22,1,0,2,0,0,0,0,0,0,-,-,34.12135,-117.28512,SAN BERNARDINO,SAN BERNARDINO,-117.28515,34.1213401
8038972,2016,2016-05-20,3600,2016-04-16,1522,F3069,VC059,6,5,5,3612,0,0,0,NA,0,VC4,PETALUMA RD,HILLSBOROUGH DR,0,NA,N,A,-,N,NA,NA,NA,NA,NA,NA,NA,NA,NA,Y,3,0,2,2,A,-,03,22350,NA,N,D,C,A,A,H,-,A,D,0,NA,NA,Y,NA,Y,NA,C,02,0,1,1,0,0,0,0,0,1,-,-,NA,NA,SAN BERNARDINO,VICTORVILLE,-117.35201002,34.48175012
8063331,2016,2017-05-03,3600,2016-12-05,2030,F8567,VC063,1,5,5,3612,0,0,0,NA,0,VC3,BEAR VALLEY RD,CYPRESS AV,0,NA,N,A,-,N,NA,NA,NA,NA,NA,NA,NA,NA,NA,N,4,0,1,2,A,-,11,21954,A,N,G,B,D,A,H,-,D,A,0,Y,NA,NA,NA,Y,NA,N,60,0,0,1,0,1,0,0,0,0,-,-,NA,NA,SAN BERNARDINO,VICTORVILLE,-117.32553003,34.47061002
8021153,2016,2016-04-28,3610,2016-03-22,1025,50732,NA,2,5,6,3610,0,0,0,NA,0,NA,N MEDICAL CENTER DR,BASELINE ST,28,S,N,B,-,N,NA,NA,NA,NA,NA,NA,NA,NA,NA,N,3,0,1,2,A,-,05,21202,A,N,E,G,A,A,H,-,A,A,0,NA,Y,NA,NA,Y,NA,L,04,0,1,0,0,0,0,1,0,0,-,-,NA,NA,SAN BERNARDINO,SAN BERNARDINO,-117.32256957,34.12124329
8021236,2016,2016-08-26,3610,2016-03-23,1555,50987,NA,3,5,6,3610,0,0,0,NA,0,DAVID,WEST ORANGE SHOW RD,NORTH E ST,0,NA,Y,A,G,N,NA,NA,NA,NA,NA,NA,NA,NA,NA,N,4,0,1,1,A,-,03,22350,NA,N,H,A,A,A,H,-,A,A,0,NA,NA,Y,NA,Y,NA,C,02,0,0,1,0,0,0,0,0,1,-,-,34.07961,-117.29416,SAN BERNARDINO,SAN BERNARDINO,-117.294138,34.079553
8065507,2016,2016-06-21,3600,2016-06-09,1433,F5717,HE129,4,5,5,3619,0,0,0,NA,0,HE1,JUNIPER ST,9TH AV,0,NA,Y,A,-,N,NA,NA,NA,NA,NA,NA,NA,NA,NA,Y,3,0,2,2,A,-,09,21802,A,N,D,C,A,A,H,-,A,A,0,NA,NA,NA,NA,Y,NA,A,01,0,1,1,0,0,0,0,0,0,-,-,NA,NA,SAN BERNARDINO,HESPERIA,-117.3200001,34.42616004
8021310,2016,2016-04-19,3610,2016-03-21,1845,50911,NA,1,5,6,3610,0,0,0,NA,0,ADAM,N MT VERNON AV,W 9TH ST,0,NA,Y,A,-,N,NA,NA,NA,NA,NA,NA,NA,NA,NA,Y,4,0,1,2,A,-,09,21801,A,N,A,C,A,A,H,-,B,A,0,NA,NA,NA,NA,Y,NA,A,01,0,0,1,0,0,0,0,0,0,-,-,34.1158,-117.31381,SAN BERNARDINO,SAN BERNARDINO,-117.31384007,34.11576007
8043568,2016,2016-05-23,3604,2016-05-04,0938,744,NA,3,5,6,3604,0,0,0,NA,0,NA,SUMMITT AV,KNOX AV,0,NA,Y,A,-,N,NA,NA,NA,NA,NA,NA,NA,NA,NA,Y,4,0,1,2,A,-,03,22350,NA,N,D,C,A,A,H,-,A,A,0,NA,NA,NA,NA,Y,NA,A,01,0,0,1,0,0,0,0,0,0,-,-,NA,NA,SAN BERNARDINO,FONTANA,-117.46218003,34.1504601
8023160,2016,2017-06-02,3600,2016-04-10,1952,F8534,TW004,7,5,3,3617,0,0,0,NA,0,TW1,TWENTYNINE PALMS HWY,TAMARISK AV,0,NA,N,A,-,Y,SBD,8,62,-,-,32.987,I,5,E,N,1,1,0,2,A,-,01,23153,A,F,-,B,B,A,H,-,C,A,0,Y,NA,NA,Y,Y,Y,F,86,0,0,0,1,0,0,0,0,0,-,-,NA,NA,SAN BERNARDINO,TWENTYNINE PALMS,-116.05829508,34.13556866
8026257,2016,2016-05-03,3607,2016-03-24,1807,80489,327,4,5,6,3607,0,0,0,NA,0,041,INLAND EMPIRE BL,CENTER ST,80,W,N,A,-,N,NA,NA,NA,NA,NA,NA,NA,NA,NA,Y,3,0,2,2,A,-,03,22350,NA,N,C,C,A,A,H,-,A,A,0,NA,NA,NA,NA,Y,NA,-,NA,0,1,1,0,0,0,0,0,0,-,-,NA,NA,SAN BERNARDINO,ONTARIO,-117.58067391,34.07139448
8066414,2016,2017-02-16,3608,2016-06-02,1529,3540,NA,4,5,5,3608,0,0,0,NA,0,NA,ALABAMA ST,RT 10,0,NA,Y,A,-,Y,SBD,8,10,-,-,29.687,R,4,W,Y,4,0,1,2,A,-,12,21453,A,N,D,C,A,A,H,-,A,A,0,NA,NA,NA,NA,Y,NA,A,07,0,0,1,0,0,0,0,0,0,-,-,NA,NA,SAN BERNARDINO,REDLANDS,-117.20255993,34.06640318
8068084,2016,2016-06-22,3600,2016-05-07,0618,G3845,TW006,6,5,3,3617,0,0,0,NA,0,TW1,NATIONAL PARK DR,29 PALMS HWY,0,NA,Y,A,-,N,NA,NA,NA,NA,NA,NA,NA,NA,NA,N,3,0,1,1,A,-,03,22350,NA,N,E,I,A,A,H,-,A,A,0,NA,NA,Y,NA,Y,NA,C,02,0,1,0,0,0,0,0,0,1,-,-,34.12955,-116.04476,SAN BERNARDINO,TWENTYNINE PALMS,-116.05199575,34.13564804
8026614,2016,2016-04-26,3605,2016-04-02,1116,309,NA,6,5,4,3605,0,0,0,NA,0,NA,CENTRAL AV,BENITO ST,0,NA,Y,A,-,N,NA,NA,NA,NA,NA,NA,NA,NA,NA,N,4,0,1,3,A,-,09,21801,A,N,C,C,A,A,H,-,A,A,0,NA,NA,NA,NA,Y,NA,A,01,0,0,1,0,0,0,0,0,0,-,-,NA,NA,SAN BERNARDINO,MONTCLAIR,-117.68963001,34.0740101
8068722,2016,2016-06-23,3604,2016-05-01,1857,958,NA,7,5,6,3604,0,0,0,NA,0,NA,CITRUS AV,FLORENCE LN,87,S,N,A,-,N,NA,NA,NA,NA,NA,NA,NA,NA,NA,Y,3,0,1,1,A,-,03,22350,NA,N,E,I,A,A,H,-,A,D,0,NA,NA,Y,NA,Y,NA,C,02,0,1,0,0,0,0,0,0,1,-,-,NA,NA,SAN BERNARDINO,FONTANA,-117.46152763,34.03874302
8069705,2016,2016-06-27,3604,2016-05-18,1000,509,NA,3,5,6,3604,0,0,0,NA,0,NA,VALLEY BL,VINEYARD VALLEY,500,E,N,A,-,N,NA,NA,NA,NA,NA,NA,NA,NA,NA,Y,4,0,4,3,A,-,03,22350,NA,N,C,C,A,A,H,-,A,D,0,NA,NA,NA,NA,Y,NA,A,01,0,0,4,0,0,0,0,0,0,-,-,NA,NA,SAN BERNARDINO,FONTANA,-117.43130388,34.07039
8071378,2016,2016-07-21,3610,2016-05-05,1655,50756,NA,4,5,6,3610,0,0,0,NA,0,POLICE,W 6TH ST,N D ST,0,NA,Y,B,-,N,NA,NA,NA,NA,NA,NA,NA,NA,NA,Y,3,0,2,2,A,-,08,22107,NA,F,D,C,A,A,H,-,A,A,0,NA,NA,NA,NA,Y,NA,A,01,0,1,1,0,0,0,0,0,0,-,-,NA,NA,SAN BERNARDINO,SAN BERNARDINO,-117.29189008,34.11019009
8026755,2016,2016-04-26,3604,2016-04-03,1846,680,NA,7,5,6,3604,0,0,0,NA,0,NA,ORANGE AV,MANGO AV,0,NA,Y,A,-,N,NA,NA,NA,NA,NA,NA,NA,NA,NA,Y,4,0,2,2,A,-,09,21802,A,N,D,C,A,A,H,-,A,A,0,NA,NA,NA,NA,Y,NA,A,01,0,0,2,0,0,0,0,0,0,-,-,NA,NA,SAN BERNARDINO,FONTANA,-117.43140008,34.09588012
8073286,2016,2016-07-07,3602,2016-05-12,1643,3402,NA,4,5,5,3602,0,0,0,NA,0,005,RIVERSIDE DR,RAMONA AV,13,E,N,A,-,N,NA,NA,NA,NA,NA,NA,NA,NA,NA,Y,3,0,1,2,A,-,05,21650,1,N,D,G,A,A,H,-,A,A,0,NA,Y,NA,NA,Y,NA,L,04,0,1,0,0,0,0,1,0,0,-,-,NA,NA,SAN BERNARDINO,CHINO,-117.70671722,34.01894079
8073622,2016,2016-07-06,3602,2016-05-23,0832,3678,NA,1,5,5,3602,0,0,0,NA,0,005,PINE AV,MILL CREEK AV,670,W,N,A,-,N,NA,NA,NA,NA,NA,NA,NA,NA,NA,N,4,0,1,2,A,-,03,22350,NA,N,C,C,A,A,H,-,A,D,0,NA,NA,NA,NA,Y,NA,A,01,0,0,1,0,0,0,0,0,0,-,-,NA,NA,SAN BERNARDINO,CHINO,-117.63511279,33.95722886
8074516,2016,2016-07-05,3600,2016-06-17,1849,D3311,RC027,5,5,6,3616,0,0,0,NA,0,RC2,HERMOSA AV,HIGHLAND AV,0,NA,Y,A,-,N,NA,NA,NA,NA,NA,NA,NA,NA,NA,N,4,0,1,2,A,-,09,21800,B,N,D,C,A,A,H,-,A,A,0,NA,NA,NA,NA,Y,NA,A,01,0,0,1,0,0,0,0,0,0,-,-,NA,NA,SAN BERNARDINO,RANCHO CUCAMONGA,-117.58482,34.13605003
8026894,2016,2016-04-27,3610,2016-03-21,2022,50842,NA,1,5,6,3610,0,0,0,NA,0,POLICE,GARDENA ST,W DUNE AV,75,N,N,A,-,N,NA,NA,NA,NA,NA,NA,NA,NA,NA,Y,4,0,2,3,A,-,08,22107,NA,N,C,E,A,A,H,-,-,D,0,NA,NA,NA,NA,Y,NA,A,01,0,0,2,0,0,0,0,0,0,-,-,34.14455,-117.32466,SAN BERNARDINO,SAN BERNARDINO,-117.32481055,34.14471295
8078173,2016,2016-07-15,3609,2016-06-25,2229,9632,59,6,5,5,3609,0,0,0,NA,0,002,N RIVERSIDE AV,E SHAMWOOD AV,0,NA,Y,A,-,N,NA,NA,NA,NA,NA,NA,NA,NA,NA,Y,4,0,1,2,A,-,09,21802,A,N,D,C,A,A,H,-,C,A,0,NA,NA,NA,NA,Y,NA,A,01,0,0,1,0,0,0,0,0,0,-,-,NA,NA,SAN BERNARDINO,RIALTO,-117.37311004,34.14003009
8055152,2016,2016-06-15,3602,2016-03-18,2222,3051,NA,5,5,5,3602,0,0,0,NA,0,004,CENTRAL AV,RIVERSIDE DR,22,S,N,A,-,N,NA,NA,NA,NA,NA,NA,NA,NA,NA,Y,4,0,2,4,A,-,01,23152,A,N,D,C,A,A,H,-,D,A,0,NA,NA,NA,NA,Y,Y,A,01,0,0,2,0,0,0,0,0,0,-,-,NA,NA,SAN BERNARDINO,CHINO,-117.68939853,34.01901971
8060570,2016,2016-06-20,3610,2016-05-03,1639,50993,NA,2,5,6,3610,0,0,0,NA,0,POLICE,N MT VERNON AV,16TH ST,27,S,N,A,-,N,NA,NA,NA,NA,NA,NA,NA,NA,NA,N,4,0,1,2,A,-,03,22350,NA,N,C,C,A,A,H,-,A,A,0,NA,NA,NA,NA,Y,NA,A,08,0,0,1,0,0,0,0,0,0,-,-,34.12871,-117.31381,SAN BERNARDINO,SAN BERNARDINO,-117.31381,34.12867603
8082775,2016,2016-07-15,3600,2016-06-21,1208,A7108,CH013,2,5,5,3630,0,0,0,NA,0,CH2,SOQUEL CANYON PKWY,POMONA RINCON RD,0,NA,Y,A,-,N,NA,NA,NA,NA,NA,NA,NA,NA,NA,Y,3,0,3,2,A,-,12,21453,A,N,A,C,A,A,H,-,A,A,0,NA,NA,NA,NA,Y,NA,A,07,0,2,1,0,0,0,0,0,0,-,-,NA,NA,SAN BERNARDINO,CHINO HILLS,-117.69207013,33.96461009
8084591,2016,2016-07-22,3611,2016-04-16,1543,3062,3611,6,5,5,3611,0,0,0,NA,0,004,8 TH ST,1ST AV,0,NA,Y,A,-,N,NA,NA,NA,NA,NA,NA,NA,NA,NA,N,4,0,1,2,A,-,09,21802,A,N,D,C,A,A,H,-,A,A,0,NA,NA,NA,NA,Y,NA,A,01,0,0,1,0,0,0,0,0,0,-,-,NA,NA,SAN BERNARDINO,UPLAND,-117.649773,34.092459
8061816,2016,2017-02-09,3610,2016-05-21,0600,50986,NA,6,5,6,3610,0,0,0,NA,0,POLICE,NORTH WATERMAN AV,RT 210,0,NA,Y,A,-,Y,SBD,8,210,-,R,24.462,R,4,W,Y,4,0,1,2,A,-,09,21803,A,F,B,C,A,A,H,-,A,A,0,NA,NA,NA,NA,Y,Y,A,07,0,0,1,0,0,0,0,0,0,-,-,34.14405,-117.27865,SAN BERNARDINO,SAN BERNARDINO,-117.2743705,34.14507917
8085998,2016,2016-07-25,3604,2016-06-25,1856,1043,NA,6,5,6,3604,0,0,0,NA,0,NA,VALLEY BL,HEALTHCARE PKWY,739,W,N,A,-,N,NA,NA,NA,NA,NA,NA,NA,NA,NA,N,4,0,1,2,A,-,09,21804,A,N,D,B,F,A,H,-,A,D,0,Y,NA,NA,NA,Y,NA,A,01,0,0,1,0,1,0,0,0,0,-,-,NA,NA,SAN BERNARDINO,FONTANA,-117.43176313,34.07039
8086443,2016,2016-07-18,3610,2016-06-25,1336,50925,NA,6,5,6,3610,0,0,0,NA,0,POLICE,W 4TH ST,N F ST,0,NA,Y,A,-,N,NA,NA,NA,NA,NA,NA,NA,NA,NA,N,3,0,2,2,A,-,12,21453,A,N,D,C,A,A,H,-,A,A,0,NA,NA,Y,NA,Y,NA,C,03,0,1,1,0,0,0,0,0,2,-,-,34.10644,-117.2964,SAN BERNARDINO,SAN BERNARDINO,-117.29641007,34.10643006