CASE_ID,ACCIDENT_YEAR,PROC_DATE,JURIS,COLLISION_DATE,COLLISION_TIME,OFFICER_ID,REPORTING_DISTRICT,DAY_OF_WEEK,CHP_SHIFT,POPULATION,CNTY_CITY_LOC,SPECIAL_COND,BEAT_TYPE,CHP_BEAT_TYPE,CITY_DIVISION_LAPD,CHP_BEAT_CLASS,BEAT_NUMBER,PRIMARY_RD,SECONDARY_RD,DISTANCE,DIRECTION,INTERSECTION,WEATHER_1,WEATHER_2,STATE_HWY_IND,CALTRANS_COUNTY,CALTRANS_DISTRICT,STATE_ROUTE,ROUTE_SUFFIX,POSTMILE_PREFIX,POSTMILE,LOCATION_TYPE,RAMP_INTERSECTION,SIDE_OF_HWY,TOW_AWAY,COLLISION_SEVERITY,NUMBER_KILLED,NUMBER_INJURED,PARTY_COUNT,PRIMARY_COLL_FACTOR,PCF_CODE_OF_VIOL,PCF_VIOL_CATEGORY,PCF_VIOLATION,PCF_VIOL_SUBSECTION,HIT_AND_RUN,TYPE_OF_COLLISION,MVIW,PED_ACTION,ROAD_SURFACE,ROAD_COND_1,ROAD_COND_2,LIGHTING,CONTROL_DEVICE,CHP_ROAD_TYPE,PEDESTRIAN_ACCIDENT,BICYCLE_ACCIDENT,MOTORCYCLE_ACCIDENT,TRUCK_ACCIDENT,NOT_PRIVATE_PROPERTY,ALCOHOL_INVOLVED,STWD_VEHTYPE_AT_FAULT,CHP_VEHTYPE_AT_FAULT,COUNT_SEVERE_INJ,COUNT_VISIBLE_INJ,COUNT_COMPLAINT_PAIN,COUNT_PED_KILLED,COUNT_PED_INJURED,COUNT_BICYCLIST_KILLED,COUNT_BICYCLIST_INJURED,COUNT_MC_KILLED,COUNT_MC_INJURED,PRIMARY_RAMP,SECONDARY_RAMP,LATITUDE,LONGITUDE,COUNTY,CITY,POINT_X,POINT_Y
84600588,2025,2025-03-18,3611,2025-01-14,1619,3392,NA,2,5,5,3611,0,0,0,NA,0,002,MOUNTAIN AVE,I 10 OFRP W,0,NA,Y,A,-,Y,NA,NA,NA,NA,NA,NA,NA,NA,NA,Y,3,0,2,2,D,-,00,NA,NA,N,D,C,A,A,H,-,B,A,0,NA,NA,NA,NA,Y,NA,-,-,0,2,0,0,0,0,0,0,0,-,-,34.08795166015625,-117.67008209228516,SAN BERNARDINO,UPLAND,-117.6701431274414,34.08717727661133
84606900,2025,2025-03-18,3602,2025-02-19,2335,4251,NA,3,5,5,3602,0,0,0,NA,0,001,CENTRAL AVE,EUCALYPTUS AVE,25,N,N,A,-,N,NA,NA,NA,NA,NA,NA,NA,NA,NA,N,4,0,2,3,A,-,03,22350,NA,N,C,C,A,A,H,-,C,A,0,NA,NA,NA,NA,Y,Y,A,01,0,0,2,0,0,0,0,0,0,-,-,33.990028381347656,-117.68895721435548,SAN BERNARDINO,CHINO,-117.68904113769533,33.99007797241211
8462622,2017,2017-10-11,3607,2017-07-24,1647,80457,283,1,5,6,3607,0,0,0,NA,0,072,HAVEN AV,CREEKSIDE DR,0,NA,Y,A,-,N,NA,NA,NA,NA,NA,NA,NA,NA,NA,N,4,0,1,2,A,-,10,21950,A,N,B,B,B,A,H,-,A,A,0,Y,NA,NA,NA,Y,NA,-,NA,0,0,1,0,1,0,0,0,0,-,-,NA,NA,SAN BERNARDINO,ONTARIO,-117.57538013,34.02255011
84631185,2025,2025-03-31,3609,2025-03-13,811,01323,NA,4,5,5,3609,0,0,0,NA,0,003,MERRILL AVE,LILAC AVE,720,E,N,B,C,N,NA,NA,NA,NA,NA,NA,NA,NA,NA,Y,4,0,1,2,A,-,09,21804,A,N,D,C,A,B,H,-,A,D,0,NA,NA,NA,NA,Y,NA,A,01,0,0,1,0,0,0,0,0,0,-,-,34.09239959716797,-117.37880706787108,SAN BERNARDINO,RIALTO,-117.37670135498048,34.09226989746094
84631208,2024,2025-03-31,3607,2024-03-18,1607,21568,NA,1,5,6,3607,0,0,0,NA,0,062,CAMPUS AV,RIVERSIDE DR,743,S,N,A,-,N,NA,NA,NA,NA,NA,NA,NA,NA,NA,Y,4,0,1,2,A,-,03,22350,NA,N,C,C,A,A,H,-,A,D,0,NA,NA,NA,NA,Y,NA,A,01,0,0,1,0,0,0,0,0,0,-,-,NA,NA,SAN BERNARDINO,ONTARIO,-117.64137268066406,34.0173454284668
84631627,2025,2025-03-31,3609,2025-02-26,1702,02753,NA,3,5,5,3609,0,0,0,NA,0,001,FOOTHILL BLVD,SHOPPING CTR,0,NA,Y,A,-,N,NA,NA,NA,NA,NA,NA,NA,NA,NA,N,3,0,1,2,A,-,09,21801,A,N,D,C,A,A,H,-,B,A,0,NA,NA,NA,NA,Y,NA,A,01,0,1,0,0,0,0,0,0,0,-,-,34.10676956176758,-117.39874267578124,SAN BERNARDINO,RIALTO,NA,NA
8463211,2017,2017-10-25,3600,2017-09-29,1205,F5142,RC027,5,5,6,3616,0,0,0,NA,0,001,LEMON AV,ARCHIBALD AV,0,NA,Y,A,-,N,NA,NA,NA,NA,NA,NA,NA,NA,NA,Y,3,0,1,2,A,-,12,21453,A,N,D,C,A,A,H,-,A,A,0,NA,NA,NA,NA,Y,NA,A,01,0,1,0,0,0,0,0,0,0,-,-,NA,NA,SAN BERNARDINO,RANCHO CUCAMONGA,-117.59340006,34.13968003
84635388,2025,2025-04-03,3607,2025-03-11,2303,20816,NA,2,5,6,3607,0,0,0,NA,0,021,EUCLID AV,I ST,0,NA,Y,B,-,N,NA,NA,NA,NA,NA,NA,NA,NA,NA,Y,3,0,1,2,A,-,03,22350,NA,F,C,C,A,A,H,-,C,A,0,NA,NA,NA,NA,Y,NA,A,01,0,1,0,0,0,0,0,0,0,-,-,NA,NA,SAN BERNARDINO,ONTARIO,-117.65088653564452,34.07426071166992
8463870,2017,2017-10-13,3600,2017-09-06,1516,F7805,HE103,3,5,5,3612,0,0,0,NA,0,003,BEAR VALLY RD,CYPRESS RD,0,NA,Y,A,-,N,NA,NA,NA,NA,NA,NA,NA,NA,NA,N,4,0,1,2,A,-,09,21802,A,N,D,C,A,A,H,-,A,A,0,NA,NA,NA,NA,Y,NA,A,01,0,0,1,0,0,0,0,0,0,-,-,NA,NA,SAN BERNARDINO,VICTORVILLE,-117.32553003,34.47061002
84647046,2025,2025-04-14,3602,2025-03-26,1551,4585,NA,3,5,5,3602,0,0,0,NA,0,003,HUNTINGTON GARDEN AVENUE (16000 BLOCK),GARDEN PARK STREET,318,S,N,B,-,N,NA,NA,NA,NA,NA,NA,NA,NA,NA,Y,3,0,1,1,A,-,08,22107,NA,N,E,J,A,A,H,-,A,A,0,NA,NA,NA,NA,Y,NA,A,01,0,1,0,0,0,0,0,0,0,-,-,33.96295166015625,-117.6302490234375,SAN BERNARDINO,CHINO,-117.63072204589844,33.963050842285156
84650976,2025,2025-04-16,3604,2025-02-10,1514,1395,NA,1,5,6,3604,0,0,0,NA,0,NA,SLOVER AVE,ALMOND AVE,50,W,-,A,-,N,NA,NA,NA,NA,NA,NA,NA,NA,NA,N,4,0,1,2,A,-,03,22350,NA,N,C,C,A,A,H,-,A,A,0,NA,NA,NA,NA,Y,NA,A,01,0,0,1,0,0,0,0,0,0,-,-,NA,NA,SAN BERNARDINO,FONTANA,-117.4933853149414,34.06285858154297
84652596,2025,2025-04-17,3604,2025-02-18,2122,680,NA,2,5,6,3604,0,0,0,NA,0,NA,BASELINE AVE,AMERICANA WAY,30,E,-,A,-,N,NA,NA,NA,NA,NA,NA,NA,NA,NA,Y,4,0,3,2,A,-,03,22350,NA,N,C,C,A,A,H,-,C,A,0,NA,NA,NA,Y,Y,NA,G,25,0,0,3,0,0,0,0,0,0,-,-,NA,NA,SAN BERNARDINO,FONTANA,-117.5105438232422,34.1213493347168
8465407,2017,2018-10-08,3600,2017-06-16,2258,D2561,VC023,5,5,5,3612,0,0,0,NA,0,VC3,HESPERIA RD,COMANCHE ST,0,NA,Y,A,-,N,NA,NA,NA,NA,NA,NA,NA,NA,NA,Y,1,1,0,2,A,-,11,21950,B,N,G,B,D,A,H,-,C,A,0,Y,NA,NA,NA,Y,NA,N,60,0,0,0,1,0,0,0,0,0,-,-,NA,NA,SAN BERNARDINO,VICTORVILLE,-117.29060006,34.4818301
8465425,2017,2018-10-02,3610,2017-05-31,1825,51048,NA,3,5,6,3610,0,0,0,NA,0,CHARLI,N ORANGE ST,E MERCEDES AV,0,NA,Y,A,-,N,NA,NA,NA,NA,NA,NA,NA,NA,NA,Y,1,1,0,2,A,-,03,22350,NA,N,A,C,A,A,H,-,A,D,0,NA,NA,Y,NA,Y,NA,A,01,0,0,0,0,0,0,0,0,0,-,-,34.14023,-117.21279,SAN BERNARDINO,SAN BERNARDINO,-117.21311008,34.14096008
8465484,2017,2019-04-10,3600,2017-10-10,2140,D6186,YC403,2,5,4,3640,0,0,0,NA,0,003,OAK GLEN RD,AVENUE E,736,S,N,A,-,N,NA,NA,NA,NA,NA,NA,NA,NA,NA,Y,1,1,0,1,A,-,01,23152,B,N,F,I,A,A,H,-,C,D,0,NA,NA,NA,NA,Y,Y,A,01,0,0,0,0,0,0,0,0,0,-,-,NA,NA,SAN BERNARDINO,YUCAIPA,-117.08370922,34.02429097
8465533,2017,2019-04-10,3610,2017-09-05,0041,50571,NA,2,5,6,3610,0,0,0,NA,0,ADAM,W KENDALL DR,WESTERN AV,562,E,N,A,-,N,NA,NA,NA,NA,NA,NA,NA,NA,NA,N,1,1,3,3,A,-,01,23152,A,N,C,C,A,A,H,-,C,D,0,NA,NA,NA,NA,Y,Y,A,01,0,2,1,0,0,0,0,0,0,-,-,34.16709,-117.31153,SAN BERNARDINO,SAN BERNARDINO,-117.31220678,34.16740394
84655522,2025,2025-04-21,3602,2025-04-02,1020,4585,NA,3,5,5,3602,0,0,0,NA,0,002,YORBA AVENUE (13900 BLOCK),EDISON AVENUE,488,N,N,A,-,N,NA,NA,NA,NA,NA,NA,NA,NA,NA,Y,3,0,1,2,A,-,08,22107,NA,N,D,C,A,A,H,-,A,D,0,NA,NA,NA,NA,Y,NA,A,07,0,1,0,0,0,0,0,0,0,-,-,33.996829986572266,-117.70221710205078,SAN BERNARDINO,CHINO,-117.7021713256836,33.9985466003418
84656093,2025,2025-04-21,3609,2025-03-31,2106,01813,NA,1,5,5,3609,0,0,0,NA,0,002,BASELINE RD,RIVERSIDE AVE,251,E,N,A,-,N,NA,NA,NA,NA,NA,NA,NA,NA,NA,N,3,0,1,1,A,-,03,22350,NA,N,E,I,A,A,H,-,A,D,0,NA,NA,Y,NA,Y,NA,C,02,0,1,0,0,0,0,0,0,1,-,-,34.12137985229492,-117.37035369873048,SAN BERNARDINO,RIALTO,-117.37042236328124,34.1213493347168
8465649,2018,2019-02-21,3611,2018-04-14,1615,2488,3611,6,5,5,3611,0,0,0,NA,0,003,EUCLID AV,13TH ST,0,NA,Y,A,-,N,NA,NA,NA,NA,NA,NA,NA,NA,NA,Y,1,1,1,2,A,-,09,21802,A,N,D,C,A,A,H,-,A,A,0,NA,NA,NA,NA,Y,NA,A,01,0,1,0,0,0,0,0,0,0,-,-,NA,NA,SAN BERNARDINO,UPLAND,-117.65135192871094,34.11064910888672
8465661,2018,2019-03-01,3600,2018-12-23,1835,D2561,VC073,7,5,5,3612,0,0,0,NA,0,VC6,MOJAVE DR,ASHLEY GLEN DR,0,W,N,A,-,N,NA,NA,NA,NA,NA,NA,NA,NA,NA,N,1,1,0,3,A,-,11,21954,A,F,G,B,E,A,H,-,C,A,0,Y,NA,NA,NA,Y,NA,N,60,0,0,0,1,0,0,0,0,0,-,-,NA,NA,SAN BERNARDINO,VICTORVILLE,-117.34023284912108,34.528560638427734
8465665,2018,2019-03-01,3604,2018-11-15,0602,925,NA,4,5,6,3604,0,0,0,NA,0,NA,ELM AV,SLOVER AV,348,S,N,A,-,N,NA,NA,NA,NA,NA,NA,NA,NA,NA,N,1,1,0,2,A,-,11,21950,B,N,G,B,D,A,H,-,B,A,0,Y,NA,NA,NA,Y,NA,N,60,0,0,0,1,0,0,0,0,0,-,-,NA,NA,SAN BERNARDINO,FONTANA,-117.46688079833984,34.062015533447266
8465867,2019,2021-05-25,3610,2019-03-14,2304,51172,NA,4,5,6,3610,0,0,0,NA,0,ADAM,W 5TH ST,N FLORES ST,12,W,N,A,-,N,NA,NA,NA,NA,NA,NA,NA,NA,NA,Y,1,1,0,1,A,-,03,22350,NA,N,A,I,A,A,H,-,C,D,0,NA,NA,NA,NA,Y,NA,A,01,0,0,0,0,0,0,0,0,0,-,-,34.180328369140625,-117.32305145263672,SAN BERNARDINO,SAN BERNARDINO,-117.32717895507813,34.10834884643555
84660754,2025,2025-04-24,3604,2025-03-28,1137,1527,NA,5,5,6,3604,0,0,0,NA,0,002,FOOTHILL BLVD,TOKAY AVE,15,E,-,A,-,N,NA,NA,NA,NA,NA,NA,NA,NA,NA,N,4,0,1,3,A,-,07,21658,A,N,B,C,A,A,H,-,A,A,0,NA,NA,NA,NA,Y,NA,A,01,0,0,1,0,0,0,0,0,0,-,-,NA,NA,SAN BERNARDINO,FONTANA,-117.45584106445313,34.10652160644531
84663440,2025,2025-04-25,3604,2025-03-29,1551,1312,NA,6,5,6,3604,0,0,0,NA,0,002,CITRUS AVE,LOS CEDROS AVE,0,NA,Y,-,-,N,NA,NA,NA,NA,NA,NA,NA,NA,NA,Y,4,0,1,2,A,-,09,21801,A,N,D,C,A,A,H,-,A,D,0,NA,NA,NA,NA,Y,NA,A,01,0,0,1,0,0,0,0,0,0,-,-,34.130760192871094,-117.45343780517578,SAN BERNARDINO,FONTANA,-117.45362854003906,34.130619049072266
84667362,2025,2025-04-29,3604,2025-03-31,1457,1507,NA,1,5,6,3604,0,0,0,NA,0,NA,HOLLY DR,SIERRA AVE,7,W,-,A,-,N,NA,NA,NA,NA,NA,NA,NA,NA,NA,N,3,0,1,2,A,-,05,21650,NA,N,D,C,A,A,H,-,A,A,0,NA,NA,NA,NA,Y,NA,M,94,0,1,0,0,0,0,0,0,0,-,-,NA,NA,SAN BERNARDINO,FONTANA,-117.43571472167967,34.08033752441406
84672555,2025,2025-05-02,3611,2025-03-16,2039,3627,NA,7,5,5,3611,0,0,0,NA,0,003,16TH ST,1ST AVE,70,W,N,A,-,N,NA,NA,NA,NA,NA,NA,NA,NA,NA,Y,4,0,1,2,A,-,08,22107,NA,N,C,E,A,A,H,-,C,D,0,NA,NA,NA,NA,Y,NA,A,01,0,0,1,0,0,0,0,0,0,-,-,34.12158966064453,-117.6497802734375,SAN BERNARDINO,UPLAND,-117.64997100830078,34.12155532836914
84679686,2025,2025-05-08,3607,2025-03-30,1923,21881,NA,7,5,6,3607,0,0,0,NA,0,082,ONTARIO RANCH RD,ARCHIBALD AV,0,S,Y,A,-,N,NA,NA,NA,NA,NA,NA,NA,NA,NA,Y,3,0,3,3,A,-,12,21453,A,N,D,C,A,A,H,-,C,A,0,NA,NA,NA,Y,Y,NA,A,01,0,1,2,0,0,0,0,0,0,-,-,NA,NA,SAN BERNARDINO,ONTARIO,-117.59329223632813,33.99723815917969
84679695,2025,2025-05-08,3607,2025-05-01,747,20345,NA,4,5,6,3607,0,0,0,NA,0,011,SIXTH ST,MOUNTAIN AV,150,E,N,A,-,N,NA,NA,NA,NA,NA,NA,NA,NA,NA,N,4,0,1,2,A,-,09,21801,A,N,D,C,A,A,H,-,A,D,0,NA,NA,NA,Y,Y,NA,A,01,0,0,1,0,0,0,0,0,0,-,-,NA,NA,SAN BERNARDINO,ONTARIO,-117.6696548461914,34.08512878417969
84679697,2025,2025-05-08,3607,2025-05-01,1745,19809,NA,4,5,6,3607,0,0,0,NA,0,051,BENSON AV,MISSION BL,0,NA,Y,A,-,N,NA,NA,NA,NA,NA,NA,NA,NA,NA,Y,4,0,1,2,A,-,12,21453,A,N,D,C,A,A,H,-,A,A,0,NA,NA,NA,NA,Y,NA,A,01,0,0,1,0,0,0,0,0,0,-,-,NA,NA,SAN BERNARDINO,ONTARIO,-117.68080139160156,34.05584716796875
84681208,2025,2025-05-09,3607,2025-04-27,1327,21319,NA,7,5,6,3607,0,0,0,NA,0,081,ARCHIBALD AV,ONTARIO RANCH RD,0,NA,Y,A,-,N,NA,NA,NA,NA,NA,NA,NA,NA,NA,N,3,0,1,2,A,-,12,21453,A,N,D,C,A,A,H,-,A,A,0,NA,NA,NA,Y,Y,NA,A,01,0,1,0,0,0,0,0,0,0,-,-,NA,NA,SAN BERNARDINO,ONTARIO,-117.59329223632813,33.99723815917969
84681218,2025,2025-05-12,3607,2025-05-01,1807,20177,NA,4,5,6,3607,0,0,0,NA,0,022,LEMON AV,F ST,0,NA,Y,A,-,N,NA,NA,NA,NA,NA,NA,NA,NA,NA,Y,3,0,1,2,A,-,12,22450,A,N,D,C,A,A,H,-,B,A,0,NA,NA,Y,NA,Y,NA,C,03,0,1,0,0,0,0,0,0,1,-,-,NA,NA,SAN BERNARDINO,ONTARIO,-117.64960479736328,34.069419860839844
84688211,2025,2025-05-16,3607,2025-04-29,913,21883,NA,2,5,6,3607,0,0,0,NA,0,022,EUCLID AV,B ST,0,NA,Y,A,-,N,NA,NA,NA,NA,NA,NA,NA,NA,NA,Y,4,0,2,3,A,-,12,21453,A,N,D,C,A,A,H,-,A,A,0,NA,NA,NA,NA,Y,NA,A,01,0,0,2,0,0,0,0,0,0,-,-,NA,NA,SAN BERNARDINO,ONTARIO,-117.6508331298828,34.06455993652344
8468947,2017,2018-06-18,3600,2017-09-16,2312,F6907,VC042,6,5,5,3612,0,0,0,NA,0,VC1,D ST,STODDARD WELLS RD,813,W,N,A,-,Y,SBD,8,18,-,-,95.38,H,-,N,Y,3,0,1,2,A,-,07,21658,A,F,B,C,A,A,H,-,D,D,0,NA,NA,NA,NA,Y,NA,-,99,0,1,0,0,0,0,0,0,0,-,-,NA,NA,SAN BERNARDINO,VICTORVILLE,-117.28722797,34.53360847
8469403,2017,2018-06-18,3600,2017-08-29,1146,G6200,YV002,2,5,3,3631,0,0,0,NA,0,0YV,TWENTYNINE PALMS HWY,CAMINO DEL CIELO TRL,0,NA,Y,A,-,Y,SBD,8,62,-,-,9.28,H,-,E,Y,4,0,3,2,A,-,17,21462,NA,N,C,C,A,A,H,-,A,A,0,NA,NA,NA,NA,Y,NA,A,01,0,0,3,0,0,0,0,0,0,-,-,NA,NA,SAN BERNARDINO,YUCCA VALLEY,-116.46669572,34.11415918
84694883,2025,2025-05-21,3604,2025-01-30,100,1288,NA,4,5,6,3604,0,0,0,NA,0,003,ALDER AVE,HAWTHORNE AVE,290,N,-,A,-,N,NA,NA,NA,NA,NA,NA,NA,NA,NA,N,4,0,1,2,A,-,03,22350,NA,N,C,E,A,A,H,-,C,D,0,NA,NA,NA,NA,Y,NA,A,01,0,0,1,0,0,0,0,0,0,-,-,NA,NA,SAN BERNARDINO,FONTANA,-117.41828918457033,34.082122802734375
8469862,2017,2017-10-31,3600,2017-09-16,0208,D6034,HE106,6,5,5,3619,0,0,0,NA,0,NA,SEQUOIA ST,SANTA FE AVE W,0,NA,Y,A,-,N,NA,NA,NA,NA,NA,NA,NA,NA,NA,Y,2,0,3,1,A,-,03,22350,NA,N,-,A,A,A,H,-,A,-,0,NA,NA,NA,NA,Y,Y,A,07,2,1,0,0,0,0,0,0,0,-,-,NA,NA,SAN BERNARDINO,HESPERIA,-117.27946002,34.4691601
8469869,2017,2017-11-09,3600,2017-08-23,1533,C8620,RC008,3,5,6,3616,0,0,0,NA,0,RC3,HIGHLAND AV,ROCKROSE AV,0,NA,Y,A,-,N,NA,NA,NA,NA,NA,NA,NA,NA,NA,Y,4,0,1,1,A,-,03,22350,NA,N,E,I,A,A,H,-,A,A,0,NA,NA,Y,NA,Y,NA,C,02,0,0,1,0,0,0,0,0,1,-,-,NA,NA,SAN BERNARDINO,RANCHO CUCAMONGA,-117.52773002,34.13573007
84704359,2025,2025-05-29,3604,2025-03-02,2137,1496,NA,7,5,6,3604,0,0,0,NA,0,003,SIERRA AVE,SAN BERNARDINO AVE,0,N,-,A,-,N,NA,NA,NA,NA,NA,NA,NA,NA,NA,N,4,0,1,2,A,-,09,21453,C,N,A,C,A,A,H,-,C,A,0,NA,NA,NA,NA,Y,NA,A,01,0,0,1,0,0,0,0,0,0,-,-,NA,NA,SAN BERNARDINO,FONTANA,-117.43568420410156,34.07758331298828
84706113,2025,2025-05-30,3604,2025-04-03,1146,1526,NA,4,5,6,3604,0,0,0,NA,0,002,BASELINE AVE,BEECH AVE,31,W,-,A,-,N,NA,NA,NA,NA,NA,NA,NA,NA,NA,Y,3,0,1,2,A,-,03,22350,NA,N,C,C,A,A,H,-,A,A,0,NA,NA,NA,NA,Y,NA,A,01,0,1,0,0,0,0,0,0,0,-,-,NA,NA,SAN BERNARDINO,FONTANA,-117.47119903564452,34.12147903442383
84706236,2025,2025-05-30,3604,2025-04-26,1012,1367,NA,6,5,6,3604,0,0,0,NA,0,NA,MERRILL AVE,CHANTRY AVE,0,N,-,B,C,N,NA,NA,NA,NA,NA,NA,NA,NA,NA,Y,4,0,1,2,A,-,09,21802,A,N,D,C,A,B,H,-,A,A,0,NA,NA,NA,NA,Y,NA,A,01,0,0,1,0,0,0,0,0,0,-,-,NA,NA,SAN BERNARDINO,FONTANA,-117.44332122802734,34.09211730957031
84706250,2025,2025-05-30,3604,2025-04-28,1511,989,NA,1,5,6,3604,0,0,0,NA,0,NA,MANGO AVE,ORANGE WAY,0,N,-,A,-,N,NA,NA,NA,NA,NA,NA,NA,NA,NA,Y,4,0,1,2,A,-,09,21801,A,N,D,C,A,A,H,-,A,A,0,NA,NA,NA,NA,Y,NA,A,07,0,0,1,0,0,0,0,0,0,-,-,NA,NA,SAN BERNARDINO,FONTANA,-117.43140411376952,34.09587860107422
84706304,2025,2025-05-30,3604,2025-05-06,1530,1139,NA,2,5,6,3604,0,0,0,NA,0,NA,JURUPA AVE,BEECH AVE,0,N,-,B,-,N,NA,NA,NA,NA,NA,NA,NA,NA,NA,Y,3,0,1,2,A,-,12,21453,A,N,D,C,A,A,H,-,A,A,0,NA,NA,NA,NA,Y,NA,A,01,0,1,0,0,0,0,0,0,0,-,-,NA,NA,SAN BERNARDINO,FONTANA,-117.47125244140624,34.0479736328125
84706308,2025,2025-05-30,3604,2025-05-07,1912,1288,NA,3,5,6,3604,0,0,0,NA,0,001,CITRUS AVE,CASA GRANDE AVE,25,N,-,A,-,N,NA,NA,NA,NA,NA,NA,NA,NA,NA,N,4,0,1,2,A,-,12,21453,A,N,G,G,A,A,H,-,A,A,0,NA,Y,NA,NA,Y,NA,L,04,0,0,1,0,0,0,1,0,0,-,-,NA,NA,SAN BERNARDINO,FONTANA,-117.45352935791016,34.1578483581543
84707882,2025,2025-06-02,3604,2025-05-19,1801,680,NA,1,5,6,3604,0,0,0,NA,0,NA,FOOTHILL BLVD,LAUREL AVE,490,W,-,A,-,N,NA,NA,NA,NA,NA,NA,NA,NA,NA,N,4,0,4,2,A,-,09,21804,A,N,D,C,A,A,H,-,A,D,0,NA,NA,NA,NA,Y,NA,A,01,0,0,4,0,0,0,0,0,0,-,-,NA,NA,SAN BERNARDINO,FONTANA,-117.41561126708984,34.10669708251953
8470984,2017,2017-10-27,3600,2017-10-10,1048,F7804,YC209,2,5,4,3640,0,0,0,NA,0,YC2,OAK GLEN RD,OAK GLEN AV,30,S,N,A,-,N,NA,NA,NA,NA,NA,NA,NA,NA,NA,Y,4,0,1,2,A,-,12,21453,A,N,B,C,A,A,H,-,A,A,0,NA,NA,NA,NA,Y,NA,-,NA,0,0,1,0,0,0,0,0,0,-,-,NA,NA,SAN BERNARDINO,YUCAIPA,-117.09562936,34.01692117
8471434,2017,2017-10-20,3600,2017-08-25,1259,E6896,HI001,5,5,4,3618,0,0,0,NA,0,NA,3RD ST,DEL ROSA DR,10,W,N,A,-,N,NA,NA,NA,NA,NA,NA,NA,NA,NA,Y,3,0,1,1,A,-,03,22350,NA,N,E,J,A,A,H,-,A,D,0,NA,NA,NA,NA,Y,NA,A,01,0,1,0,0,0,0,0,0,0,-,-,NA,NA,SAN BERNARDINO,HIGHLAND,-117.25134293,34.10454
84731227,2025,2025-06-19,3604,2025-06-17,942,1518,NA,2,5,6,3604,0,0,0,NA,0,003,RANDALL AVE,OLIVE ST,233,E,-,A,-,N,NA,NA,NA,NA,NA,NA,NA,NA,NA,Y,3,0,1,1,A,-,03,22350,NA,N,E,I,A,A,H,-,A,D,0,NA,NA,NA,NA,Y,NA,A,01,0,1,0,0,0,0,0,0,0,-,-,NA,NA,SAN BERNARDINO,FONTANA,-117.4371337890625,34.0848503112793
84731281,2025,2025-06-19,3611,2025-03-30,2004,3558,NA,7,5,5,3611,0,0,0,NA,0,001,BASELINE RD,SYCAMORE HILLS PLAZA,0,NA,Y,A,-,N,NA,NA,NA,NA,NA,NA,NA,NA,NA,Y,3,0,1,2,A,-,03,22350,NA,N,C,C,A,A,H,-,C,A,0,NA,NA,NA,NA,Y,NA,A,01,0,1,0,0,0,0,0,0,0,-,-,NA,NA,SAN BERNARDINO,UPLAND,-117.36605834960938,34.121368408203125
84732797,2025,2025-06-20,3604,2025-06-10,2220,1288,NA,2,5,6,3604,0,0,0,NA,0,002,CITRUS AVE,CHASE RD,295,S,-,A,-,N,NA,NA,NA,NA,NA,NA,NA,NA,NA,N,4,0,1,2,A,-,03,22350,NA,N,C,C,A,A,H,-,C,D,0,NA,NA,NA,NA,Y,NA,A,01,0,0,1,0,0,0,0,0,0,-,-,NA,NA,SAN BERNARDINO,FONTANA,-117.45365142822266,34.12419128417969
84734235,2025,2025-06-23,3609,2025-04-26,1540,02511,NA,6,5,5,3609,0,0,0,NA,0,004,RIVERSIDE AVE,RIALTO AVE,0,NA,Y,A,-,N,NA,NA,NA,NA,NA,NA,NA,NA,NA,N,3,0,2,2,A,-,12,21453,A,N,D,C,A,A,H,-,A,A,0,NA,NA,NA,NA,Y,NA,A,01,0,2,0,0,0,0,0,0,0,-,-,34.09865951538086,-117.37043762207033,SAN BERNARDINO,RIALTO,-117.37046813964844,34.098724365234375
8473472,2017,2017-11-02,3600,2017-09-07,0956,E6896,HI022,4,5,4,3618,0,0,0,NA,0,NA,BOULDER AV,ATLANTIC AV,0,NA,Y,A,-,N,NA,NA,NA,NA,NA,NA,NA,NA,NA,N,4,0,1,2,A,-,08,22107,NA,N,D,C,A,A,H,-,A,D,0,NA,NA,NA,NA,Y,NA,A,01,0,0,1,0,0,0,0,0,0,-,-,NA,NA,SAN BERNARDINO,HIGHLAND,-117.19560012,34.1330101
84734960,2025,2025-06-23,3602,2025-06-11,1440,4601,NA,3,5,5,3602,0,0,0,NA,0,001,PHILADELPHIA STREET (5200 BLOCK),CENTRAL AVENUE,320,W,N,A,-,N,NA,NA,NA,NA,NA,NA,NA,NA,NA,N,4,0,1,2,A,-,09,21804,A,N,D,C,A,A,H,-,A,A,0,NA,NA,NA,NA,Y,NA,A,01,0,0,1,0,0,0,0,0,0,-,-,34.033531188964844,-117.63950347900392,SAN BERNARDINO,CHINO,-117.69062042236328,34.033538818359375
8473504,2017,2017-11-02,3600,2017-09-21,1759,F6921,HI005,4,5,4,3618,0,0,0,NA,0,HI1,LANKERSHIM AV,9TH ST,24,N,N,A,-,N,NA,NA,NA,NA,NA,NA,NA,NA,NA,Y,4,0,1,2,A,-,08,22103,NA,N,D,C,A,A,H,-,A,D,0,NA,NA,NA,NA,Y,NA,-,NA,0,0,1,0,0,0,0,0,0,-,-,NA,NA,SAN BERNARDINO,HIGHLAND,-117.23492892,34.11578574
8473675,2017,2017-11-07,3600,2017-09-29,1904,D7733,YC108,5,5,4,3640,0,0,0,NA,0,014,7TH ST,AVENUE E,0,NA,Y,A,-,N,NA,NA,NA,NA,NA,NA,NA,NA,NA,N,4,0,2,2,A,-,09,21802,B,N,D,C,A,A,H,-,C,A,0,NA,NA,NA,NA,Y,NA,A,01,0,0,2,0,0,0,0,0,0,-,-,NA,NA,SAN BERNARDINO,YUCAIPA,-117.06496,34.02660005
84741516,2025,2025-06-27,3604,2025-06-25,1222,1518,NA,3,5,6,3604,0,0,0,NA,0,003,ALDER AVE,PACIFIC ELECTRIC TRL,0,N,-,A,-,N,NA,NA,NA,NA,NA,NA,NA,NA,NA,N,3,0,1,2,A,-,09,21802,A,N,D,G,A,A,H,-,A,A,0,NA,Y,NA,NA,Y,NA,L,04,0,1,0,0,0,0,1,0,0,-,-,NA,NA,SAN BERNARDINO,FONTANA,-117.41835021972656,34.101322174072266