CASE_ID,ACCIDENT_YEAR,PROC_DATE,JURIS,COLLISION_DATE,COLLISION_TIME,OFFICER_ID,REPORTING_DISTRICT,DAY_OF_WEEK,CHP_SHIFT,POPULATION,CNTY_CITY_LOC,SPECIAL_COND,BEAT_TYPE,CHP_BEAT_TYPE,CITY_DIVISION_LAPD,CHP_BEAT_CLASS,BEAT_NUMBER,PRIMARY_RD,SECONDARY_RD,DISTANCE,DIRECTION,INTERSECTION,WEATHER_1,WEATHER_2,STATE_HWY_IND,CALTRANS_COUNTY,CALTRANS_DISTRICT,STATE_ROUTE,ROUTE_SUFFIX,POSTMILE_PREFIX,POSTMILE,LOCATION_TYPE,RAMP_INTERSECTION,SIDE_OF_HWY,TOW_AWAY,COLLISION_SEVERITY,NUMBER_KILLED,NUMBER_INJURED,PARTY_COUNT,PRIMARY_COLL_FACTOR,PCF_CODE_OF_VIOL,PCF_VIOL_CATEGORY,PCF_VIOLATION,PCF_VIOL_SUBSECTION,HIT_AND_RUN,TYPE_OF_COLLISION,MVIW,PED_ACTION,ROAD_SURFACE,ROAD_COND_1,ROAD_COND_2,LIGHTING,CONTROL_DEVICE,CHP_ROAD_TYPE,PEDESTRIAN_ACCIDENT,BICYCLE_ACCIDENT,MOTORCYCLE_ACCIDENT,TRUCK_ACCIDENT,NOT_PRIVATE_PROPERTY,ALCOHOL_INVOLVED,STWD_VEHTYPE_AT_FAULT,CHP_VEHTYPE_AT_FAULT,COUNT_SEVERE_INJ,COUNT_VISIBLE_INJ,COUNT_COMPLAINT_PAIN,COUNT_PED_KILLED,COUNT_PED_INJURED,COUNT_BICYCLIST_KILLED,COUNT_BICYCLIST_INJURED,COUNT_MC_KILLED,COUNT_MC_INJURED,PRIMARY_RAMP,SECONDARY_RAMP,LATITUDE,LONGITUDE,COUNTY,CITY,POINT_X,POINT_Y
8511186,2017,2017-12-20,3604,2017-11-01,1713,958,NA,3,5,6,3604,0,0,0,NA,0,NA,BASELINE AV,EAST AV,0,NA,Y,A,-,N,NA,NA,NA,NA,NA,NA,NA,NA,NA,N,3,0,1,2,A,-,12,21453,A,N,D,G,A,A,H,-,A,A,0,NA,Y,NA,NA,Y,NA,L,04,0,1,0,0,0,0,1,0,0,-,-,NA,NA,SAN BERNARDINO,FONTANA,-117.51449009,34.12136007
8512048,2017,2017-12-28,3600,2017-12-02,1440,D8559,LL018,6,5,3,3615,0,0,0,NA,0,LL1,BARTON RD,NEW JERSEY ST,0,NA,Y,A,-,N,NA,NA,NA,NA,NA,NA,NA,NA,NA,Y,3,0,3,3,A,-,01,23152,A,N,C,C,A,A,H,-,A,A,0,NA,NA,NA,NA,Y,NA,A,01,0,1,2,0,0,0,0,0,0,-,-,NA,NA,SAN BERNARDINO,LOMA LINDA,-117.22170004,34.04821001
8514353,2017,2017-12-18,3608,2017-11-22,1559,4759,3608,3,5,5,3608,0,0,0,NA,0,901,BROOKSIDE AV,TENNESSEE ST,97,W,N,A,-,N,NA,NA,NA,NA,NA,NA,NA,NA,NA,Y,4,0,1,2,A,-,03,22350,NA,N,C,C,A,A,H,-,A,D,0,NA,NA,NA,NA,Y,NA,A,07,0,0,1,0,0,0,0,0,0,-,-,NA,NA,SAN BERNARDINO,REDLANDS,-117.19938082,34.04784682
8516614,2017,2018-06-13,3610,2017-12-29,0159,51036,NA,5,5,6,3610,0,0,0,NA,0,POLICE,E BASELINE ST,WALL ST,252,E,N,A,-,N,NA,NA,NA,NA,NA,NA,NA,NA,NA,Y,3,0,2,2,A,-,08,22107,NA,N,A,C,A,A,H,-,C,D,0,NA,NA,NA,NA,Y,NA,A,01,0,2,0,0,0,0,0,0,0,-,-,34.12104,-117.28103,SAN BERNARDINO,SAN BERNARDINO,-117.28052992,34.12133
8516876,2017,2018-01-26,3610,2017-11-12,1224,50981,NA,7,5,6,3610,0,0,0,NA,0,POLICE,W BASELINE ST,N MT VERNON AV,0,NA,Y,B,-,N,NA,NA,NA,NA,NA,NA,NA,NA,NA,Y,4,0,2,3,A,-,12,21453,A,N,D,C,A,A,H,-,A,A,0,NA,NA,NA,NA,Y,NA,A,01,0,0,2,0,0,0,0,0,0,-,-,34.12133,-117.31383,SAN BERNARDINO,SAN BERNARDINO,-117.31384006,34.12133002
8517000,2017,2018-02-07,3600,2017-12-08,1111,G3599,HE404,5,5,5,3619,0,0,0,NA,0,HE4,JOSHUA ST,BUCKTHORN AV,0,NA,Y,A,-,N,NA,NA,NA,NA,NA,NA,NA,NA,NA,N,3,0,3,2,A,-,09,21802,A,N,D,C,A,A,H,-,A,A,0,NA,NA,NA,NA,Y,NA,D,22,0,1,2,0,0,0,0,0,0,-,-,NA,NA,SAN BERNARDINO,HESPERIA,-117.29491001,34.40066007
8517347,2017,2017-12-29,3611,2017-10-31,1846,626,3611,2,5,5,3611,0,0,0,NA,0,004,EUCLID AV,9TH ST,0,NA,Y,A,-,N,NA,NA,NA,NA,NA,NA,NA,NA,NA,Y,3,0,1,2,A,-,12,21453,A,N,D,C,A,A,H,-,C,A,0,NA,NA,NA,NA,Y,NA,A,01,0,1,0,0,0,0,0,0,0,-,-,NA,NA,SAN BERNARDINO,UPLAND,-117.65130005,34.09610005
8517375,2017,2018-06-08,3611,2017-10-11,1417,3176,3611,3,5,5,3611,0,0,0,NA,0,002,BENSON AV,ARROW HWY,21,S,N,A,-,N,NA,NA,NA,NA,NA,NA,NA,NA,NA,N,4,0,1,2,A,-,12,21453,A,N,H,G,A,A,H,-,A,A,0,NA,Y,NA,NA,Y,NA,L,04,0,0,1,0,0,0,1,0,0,-,-,NA,NA,SAN BERNARDINO,UPLAND,-117.68092,34.09957244
8517888,2017,2017-12-21,3600,2017-11-29,0926,A7108,CH005,3,5,5,3630,0,0,0,NA,0,CH1,PEYTON DR,EUCALYPTUS AV,25,N,N,A,-,N,NA,NA,NA,NA,NA,NA,NA,NA,NA,N,4,0,1,2,A,-,12,21457,A,N,D,C,A,A,D,-,A,B,0,NA,NA,NA,NA,Y,NA,A,07,0,0,1,0,0,0,0,0,0,-,-,NA,NA,SAN BERNARDINO,CHINO HILLS,-117.7325668,33.98983574
8517899,2017,2017-12-22,3600,2017-11-11,0919,F5137,VC066,6,5,5,3612,0,0,0,NA,0,VC4,SIERRA RD,GARRETT LN,0,NA,Y,A,-,N,NA,NA,NA,NA,NA,NA,NA,NA,NA,Y,4,0,2,2,A,-,09,21802,A,N,D,C,A,A,H,-,A,A,0,NA,NA,NA,NA,Y,NA,A,01,0,0,2,0,0,0,0,0,0,-,-,NA,NA,SAN BERNARDINO,VICTORVILLE,-117.3936,34.46671009
8518331,2017,2018-01-08,3600,2017-10-30,1808,B3501,RC028,1,5,6,3616,0,0,0,NA,0,RC3,BASE LINE RD,HERMOSA AV,0,NA,Y,A,-,N,NA,NA,NA,NA,NA,NA,NA,NA,NA,Y,4,0,1,2,A,-,09,21801,A,N,A,C,A,A,H,-,B,A,0,NA,NA,NA,NA,Y,NA,D,22,0,0,1,0,0,0,0,0,0,-,-,NA,NA,SAN BERNARDINO,RANCHO CUCAMONGA,-117.58469007,34.12153006
8518560,2017,2018-01-30,3600,2017-10-26,1319,B3501,RC068,4,5,6,3616,0,0,0,NA,0,RC6,FOOTHILL BL,ROCHESTER AV,0,NA,Y,A,-,N,NA,NA,NA,NA,NA,NA,NA,NA,NA,Y,4,0,1,2,A,-,12,21453,A,N,D,C,A,A,H,-,A,A,0,NA,NA,NA,NA,Y,NA,A,01,0,0,1,0,0,0,0,0,0,-,-,NA,NA,SAN BERNARDINO,RANCHO CUCAMONGA,-117.54564001,34.10646005
8519047,2017,2018-01-04,3605,2017-11-28,1320,303,NA,2,5,4,3605,0,0,0,NA,0,NA,HOLT BL,MONTE VISTA AV,225,W,N,A,-,N,NA,NA,NA,NA,NA,NA,NA,NA,NA,Y,4,0,1,2,A,-,04,21703,NA,N,C,C,A,A,H,-,A,D,0,NA,NA,NA,NA,Y,NA,A,01,0,0,1,0,0,0,0,0,0,-,-,NA,NA,SAN BERNARDINO,MONTCLAIR,-117.69903097,34.06321368
8519728,2017,2018-01-02,3600,2017-11-07,1316,F3794,VC064,2,5,5,3612,0,0,0,NA,0,VC5,BOREGO RD,DOS PALMAS RD,0,NA,Y,A,-,N,NA,NA,NA,NA,NA,NA,NA,NA,NA,Y,4,0,1,2,A,-,09,21802,A,N,D,C,A,A,H,-,A,A,0,NA,NA,NA,NA,Y,NA,A,01,0,0,1,0,0,0,0,0,0,-,-,NA,NA,SAN BERNARDINO,VICTORVILLE,-117.33447009,34.49967005
8519864,2017,2018-01-04,3600,2017-12-15,0732,F4772,VC021,5,5,5,3612,0,0,0,NA,0,003,JASMINE ST,APATITE AV,21,N,N,A,-,N,NA,NA,NA,NA,NA,NA,NA,NA,NA,Y,4,0,1,2,A,-,09,21802,A,N,D,C,A,A,H,-,A,A,0,NA,NA,NA,NA,Y,NA,A,01,0,0,1,0,0,0,0,0,0,-,-,NA,NA,SAN BERNARDINO,VICTORVILLE,-117.2861,34.47493
8520800,2017,2018-01-03,3610,2017-11-07,0725,50562,NA,2,5,6,3610,0,0,0,NA,0,POLICE,E 2ND ST,ALLEN,96,E,N,A,-,N,NA,NA,NA,NA,NA,NA,NA,NA,NA,N,4,0,2,3,A,-,03,22350,NA,N,C,C,A,A,H,-,A,D,0,NA,NA,NA,NA,Y,NA,D,22,0,0,2,0,0,0,0,0,0,-,-,34.10271,-117.28189,SAN BERNARDINO,SAN BERNARDINO,-117.28158385,34.102719
8521122,2017,2018-01-03,3600,2017-11-03,1848,F5142,RC012,5,5,6,3616,0,0,0,NA,0,003,ROCHESTER AV,VINTAGE DR,0,NA,Y,A,-,N,NA,NA,NA,NA,NA,NA,NA,NA,NA,Y,4,0,1,2,A,-,09,21801,A,N,D,C,A,A,H,-,C,A,0,NA,NA,NA,NA,Y,NA,A,01,0,0,1,0,0,0,0,0,0,-,-,NA,NA,SAN BERNARDINO,RANCHO CUCAMONGA,-117.54527008,34.13904001
8521529,2017,2017-12-29,3610,2017-11-27,1550,51048,NA,1,5,6,3610,0,0,0,NA,0,DAVID,S ARROWHEAD AV,W MILL ST,0,NA,Y,A,-,N,NA,NA,NA,NA,NA,NA,NA,NA,NA,Y,4,0,2,2,A,-,08,22107,NA,N,D,C,A,A,H,-,C,A,0,NA,NA,NA,NA,Y,NA,A,01,0,0,2,0,0,0,0,0,0,-,-,34.09215,-117.28957,SAN BERNARDINO,SAN BERNARDINO,-117.28966011,34.09215007
8521545,2017,2017-12-29,3610,2017-11-22,1433,51069,NA,3,5,6,3610,0,0,0,NA,0,CHARLI,EAST HIGHLAND AV,N VALENCIA AV,0,NA,Y,A,-,N,NA,NA,NA,NA,NA,NA,NA,NA,NA,Y,3,0,5,3,A,-,09,21801,A,N,A,C,A,A,H,-,A,A,0,NA,NA,NA,NA,Y,NA,A,01,0,2,3,0,0,0,0,0,0,-,-,NA,NA,SAN BERNARDINO,SAN BERNARDINO,-117.27252002,34.1359001
8522134,2017,2018-01-22,3608,2017-12-11,1805,4707,3608,1,5,5,3608,0,0,0,NA,0,901,EUREKA ST,COLTON AV,0,NA,-,A,-,N,NA,NA,NA,NA,NA,NA,NA,NA,NA,N,4,0,1,2,A,-,12,21453,A,N,G,G,A,A,H,-,C,A,0,NA,Y,NA,NA,Y,NA,L,04,0,0,1,0,0,0,1,0,0,-,-,NA,NA,SAN BERNARDINO,REDLANDS,-117.18648013,34.06284009
8522142,2017,2018-01-08,3608,2017-12-12,1124,4335,3608,2,5,5,3608,0,0,0,NA,0,901,SAN MATEO ST,TENNESSEE ST,0,NA,Y,A,-,N,NA,NA,NA,NA,NA,NA,NA,NA,NA,N,4,0,1,2,D,-,00,NA,NA,F,G,B,B,A,H,-,A,A,0,Y,NA,NA,NA,Y,NA,-,-,0,0,1,0,1,0,0,0,0,-,-,NA,NA,SAN BERNARDINO,REDLANDS,-117.19960007,34.04999009
8522574,2017,2018-02-03,3600,2017-12-13,1721,F6921,HI001,3,5,4,3618,0,0,0,NA,0,HI1,5TH ST,DEL ROSA DR,55,W,N,A,-,N,NA,NA,NA,NA,NA,NA,NA,NA,NA,N,4,0,1,2,A,-,03,22350,A,N,C,C,A,A,H,-,C,A,0,NA,NA,NA,NA,Y,NA,D,22,0,0,1,0,0,0,0,0,0,-,-,NA,NA,SAN BERNARDINO,HIGHLAND,-117.25144113,34.10833
8522582,2017,2018-01-16,3600,2017-10-31,0823,F6888,HI014,2,5,4,3618,0,0,0,NA,0,NA,5TH ST,CENTRAL AV,951,E,N,A,-,N,NA,NA,NA,NA,NA,NA,NA,NA,NA,Y,2,0,3,2,A,-,05,21651,NA,N,B,C,A,A,H,-,A,D,0,NA,NA,NA,NA,Y,NA,A,71,1,0,2,0,0,0,0,0,0,-,-,NA,NA,SAN BERNARDINO,HIGHLAND,-117.2144384,34.10822991
8522965,2017,2018-01-11,3600,2017-11-11,0225,F6907,VC046,6,5,5,3612,0,0,0,NA,0,VC6,AIR EXPWY,GAS LINE RD,940,W,N,A,-,N,NA,NA,NA,NA,NA,NA,NA,NA,NA,Y,4,0,1,1,A,-,08,22107,NA,N,F,A,A,-,-,-,-,D,0,NA,NA,NA,NA,Y,NA,A,01,0,0,1,0,0,0,0,0,0,-,-,NA,NA,SAN BERNARDINO,VICTORVILLE,-117.33325303,34.56493536
8523025,2017,2018-01-11,3610,2017-11-08,1410,51097,NA,3,5,6,3610,0,0,0,NA,0,CHARLI,N BANGOR ST,E CITRUS AV,60,S,N,A,-,N,NA,NA,NA,NA,NA,NA,NA,NA,NA,N,4,0,1,2,A,-,03,22350,NA,F,C,C,A,A,H,-,A,D,0,NA,NA,NA,NA,Y,NA,A,01,0,0,1,0,0,0,0,0,0,-,-,34.12085,-117.2853,SAN BERNARDINO,SAN BERNARDINO,-117.21974,34.14469564
8524385,2017,2018-01-11,3608,2017-12-21,1755,2952,NA,4,5,5,3608,0,0,0,NA,0,NA,ORANGE ST,UNION AV,10,N,N,A,-,N,NA,NA,NA,NA,NA,NA,NA,NA,NA,N,3,0,1,2,A,-,10,21950,A,N,G,B,B,A,H,-,C,D,0,Y,NA,NA,NA,Y,NA,A,08,0,1,0,0,1,0,0,0,0,-,-,NA,NA,SAN BERNARDINO,REDLANDS,-117.18250975,34.06531739
8525245,2017,2018-01-17,3610,2017-12-17,2325,51028,NA,7,5,6,3610,0,0,0,NA,0,POLICE,W BASELINE ST,NORTH ARROWHEAD AV,0,NA,Y,A,-,N,NA,NA,NA,NA,NA,NA,NA,NA,NA,N,2,0,1,2,A,-,11,21456,B,N,G,B,B,A,H,-,C,A,0,Y,NA,NA,NA,Y,NA,N,60,1,0,0,0,1,0,0,0,0,-,-,34.12133,-117.2896,SAN BERNARDINO,SAN BERNARDINO,-117.28967001,34.121340000000004
8526249,2017,2018-01-17,3610,2017-12-23,1558,51003,NA,6,5,6,3610,0,0,0,NA,0,POLICE,N DEL ROSA AVE,E DATE ST,0,NA,Y,A,-,N,NA,NA,NA,NA,NA,NA,NA,NA,NA,Y,4,0,4,2,A,-,09,21804,NA,N,A,C,A,A,H,-,A,D,0,NA,NA,NA,NA,Y,NA,A,01,0,0,4,0,0,0,0,0,0,-,-,34.14365,-117.2524,SAN BERNARDINO,SAN BERNARDINO,-117.25243008,34.14365004
8527628,2017,2018-01-18,3604,2017-12-03,2355,1161,NA,7,5,6,3604,0,0,0,NA,0,NA,BEECH AV,SANDHURST ST,0,NA,Y,A,-,N,NA,NA,NA,NA,NA,NA,NA,NA,NA,Y,3,0,1,1,A,-,03,22350,A,N,H,I,A,A,H,-,C,D,0,NA,NA,Y,NA,Y,NA,C,02,0,1,0,0,0,0,0,0,1,-,-,NA,NA,SAN BERNARDINO,FONTANA,-117.47114003,34.11540008
8528051,2017,2018-01-10,3600,2017-10-27,1652,G5385,21,5,5,2,3606,0,0,0,NA,0,NA,I ST,WEST BROADWAY,150,N,N,A,-,N,NA,NA,NA,NA,NA,NA,NA,NA,NA,N,3,0,1,2,A,-,01,23152,A,M,D,C,A,A,H,-,A,D,0,NA,NA,NA,Y,Y,Y,F,86,0,1,0,0,0,0,0,0,0,-,-,NA,NA,SAN BERNARDINO,NEEDLES,-114.60875498,34.84117118
8528415,2017,2018-01-22,3604,2017-11-21,1041,641,NA,2,5,6,3604,0,0,0,NA,0,NA,ARMSTRONG RD,7TH ST,63,W,N,A,-,N,NA,NA,NA,NA,NA,NA,NA,NA,NA,Y,4,0,2,2,A,-,08,22107,NA,N,B,C,A,A,H,-,A,D,0,NA,NA,NA,Y,Y,NA,F,27,0,0,2,0,0,0,0,0,0,-,-,NA,NA,SAN BERNARDINO,FONTANA,-117.409627,34.04046084
8531818,2017,2018-01-17,3604,2017-11-15,1504,925,NA,3,5,6,3604,0,0,0,NA,0,NA,CITRUS AV,ROSEMARY,41,N,N,A,-,N,NA,NA,NA,NA,NA,NA,NA,NA,NA,Y,4,0,1,3,A,-,03,22350,NA,N,C,C,A,A,H,-,A,A,0,NA,NA,NA,NA,Y,NA,A,01,0,0,1,0,0,0,0,0,0,-,-,NA,NA,SAN BERNARDINO,FONTANA,-117.45375,34.07361234
8532447,2018,2018-01-26,3610,2018-01-05,1706,50985,NA,5,5,6,3610,0,0,0,NA,0,CHARLI,E 21ST ST,NORTH WATERMAN AV,0,NA,Y,A,-,N,NA,NA,NA,NA,NA,NA,NA,NA,NA,NA,4,0,1,2,A,-,09,21801,B,M,D,C,A,A,H,-,C,A,0,NA,NA,NA,NA,Y,NA,A,07,0,0,1,0,0,0,0,0,0,-,-,34.134090423583984,-117.2787628173828,SAN BERNARDINO,SAN BERNARDINO,-117.2787628173828,34.13405990600586
8532816,2017,2018-01-17,3600,2017-12-16,1826,D3560,HE115,6,5,5,3619,0,0,0,NA,0,HE1,MESA ST,7TH AV,0,NA,Y,A,-,N,NA,NA,NA,NA,NA,NA,NA,NA,NA,N,4,0,2,2,A,-,09,21802,A,N,D,C,A,A,H,-,D,A,0,NA,NA,NA,NA,Y,NA,A,01,0,0,2,0,0,0,0,0,0,-,-,NA,NA,SAN BERNARDINO,HESPERIA,-117.31221011,34.44886003
8533255,2017,2018-07-06,3600,2017-12-20,1252,G8529,AP002,3,5,5,3621,0,0,0,NA,0,AP1,RT 18,APPLE VALLEY RD,565,E,N,A,-,Y,SBD,8,18,-,-,94.28,H,-,N,Y,4,0,1,2,A,-,03,22350,NA,N,C,C,A,A,H,-,A,A,0,NA,NA,NA,NA,Y,NA,A,01,0,0,1,0,0,0,0,0,0,-,-,NA,NA,SAN BERNARDINO,APPLE VALLEY,-117.27030079,34.54037324
8535726,2018,2018-01-29,3609,2018-01-15,1822,0456,101,1,5,5,3609,0,0,0,NA,0,002,BASELINE RD,ACACIA AV,0,NA,Y,A,-,N,NA,NA,NA,NA,NA,NA,NA,NA,NA,Y,4,0,2,2,A,-,09,21801,NA,N,D,C,A,A,H,-,C,A,0,NA,NA,NA,NA,Y,NA,A,01,0,0,2,0,0,0,0,0,0,-,-,34.1213493347168,-117.36167907714844,SAN BERNARDINO,RIALTO,-117.36168670654295,34.121368408203125
8536747,2018,2018-01-29,3600,2018-01-16,1510,E2055,HE304,2,5,5,3619,0,0,0,NA,0,HE3,MARIPOSA RD,EDISON POLE 4343791E,64,S,N,A,-,N,NA,NA,NA,NA,NA,NA,NA,NA,NA,Y,3,0,1,2,A,-,09,21801,A,N,D,C,A,A,H,-,A,A,0,NA,NA,NA,NA,Y,NA,A,01,0,1,0,0,0,0,0,0,0,-,-,NA,NA,SAN BERNARDINO,HESPERIA,NA,NA
8536920,2017,2018-02-07,3600,2017-12-19,1047,C9392,RC002,2,5,6,3616,0,0,0,NA,0,RC08,ROCHESTER AV,JERSEY,0,NA,Y,A,-,N,NA,NA,NA,NA,NA,NA,NA,NA,NA,Y,4,0,3,2,A,-,09,21804,A,N,D,C,A,A,H,-,A,D,0,NA,NA,NA,NA,Y,NA,D,82,0,0,3,0,0,0,0,0,0,-,-,NA,NA,SAN BERNARDINO,RANCHO CUCAMONGA,-117.54580003,34.09547009
8537416,2018,2018-02-12,3604,2018-01-04,1217,D211,NA,4,5,6,3604,0,0,0,NA,0,002,TULLOCK ST,TOKAY CT,30,W,N,A,-,N,NA,NA,NA,NA,NA,NA,NA,NA,NA,Y,4,0,1,3,A,-,03,22350,NA,M,C,E,A,A,H,-,A,D,0,NA,NA,Y,NA,Y,Y,D,22,0,0,1,0,0,0,0,0,0,-,-,NA,NA,SAN BERNARDINO,FONTANA,-117.45713043212892,34.07612991333008
8538537,2017,2018-02-12,3600,2017-12-19,1603,B3501,RC032,2,5,6,3616,0,0,0,NA,0,RC4,FOOTHILL BL,ARCHIBALD AV,0,NA,Y,A,-,N,NA,NA,NA,NA,NA,NA,NA,NA,NA,N,4,0,1,2,A,-,07,21658,A,N,B,C,A,A,H,-,A,A,0,NA,NA,NA,NA,Y,NA,-,-,0,0,1,0,0,0,0,0,0,-,-,NA,NA,SAN BERNARDINO,RANCHO CUCAMONGA,-117.59349009,34.1066801
8538917,2017,2018-01-27,3604,2017-11-21,1142,678,FONTA,2,5,6,3604,0,0,0,NA,0,NA,SLOVER AV,POPLAR AV,737,W,N,A,-,N,NA,NA,NA,NA,NA,NA,NA,NA,NA,N,4,0,2,2,A,-,09,21804,A,N,D,C,A,A,H,-,A,A,0,NA,NA,NA,NA,Y,NA,A,08,0,0,2,0,0,0,0,0,0,-,-,NA,NA,SAN BERNARDINO,FONTANA,-117.46492647,34.06297258
8538949,2017,2018-01-27,3604,2017-11-22,1945,768,NA,3,5,6,3604,0,0,0,NA,0,NA,BEECH AV,JURUPA AV,310,S,N,A,-,N,NA,NA,NA,NA,NA,NA,NA,NA,NA,N,4,0,1,2,A,-,03,22350,NA,F,C,C,A,A,H,-,C,A,0,NA,NA,NA,NA,Y,NA,A,01,0,0,1,0,0,0,0,0,0,-,-,NA,NA,SAN BERNARDINO,FONTANA,-117.47124318,34.04712595
8539044,2017,2018-01-31,3602,2017-12-15,1055,2798,NA,5,5,5,3602,0,0,0,NA,0,005,PINE AV,EUCLID AV,596,E,N,A,-,N,NA,NA,NA,NA,NA,NA,NA,NA,NA,N,4,0,2,2,A,-,03,22350,NA,N,C,C,A,A,H,-,A,D,0,NA,NA,NA,NA,Y,NA,A,01,0,0,2,0,0,0,0,0,0,-,-,NA,NA,SAN BERNARDINO,CHINO,-117.64864439,33.95379108
8539064,2018,2018-02-02,3604,2018-01-05,1726,1156,NA,5,5,6,3604,0,0,0,NA,0,NA,SIERRA AV,FOOTHILL BL,113,N,N,A,-,N,NA,NA,NA,NA,NA,NA,NA,NA,NA,Y,4,0,2,3,A,-,07,21658,A,N,B,C,A,-,G,-,C,A,0,NA,NA,NA,NA,Y,NA,A,01,0,0,2,0,0,0,0,0,0,-,-,NA,NA,SAN BERNARDINO,FONTANA,-117.435791015625,34.106929779052734
8539269,2018,2018-01-29,3610,2018-01-09,1115,50994,NA,2,5,6,3610,0,0,0,NA,0,POLICE,E 16TH ST,N WALL AV,180,W,N,B,-,N,NA,NA,NA,NA,NA,NA,NA,NA,NA,Y,4,0,1,2,A,-,08,22107,NA,N,A,C,A,B,H,-,A,D,0,NA,NA,NA,NA,Y,NA,A,01,0,0,1,0,0,0,0,0,0,-,-,34.1284294128418,-117.28189849853516,SAN BERNARDINO,SAN BERNARDINO,-117.28190612792967,34.12863540649414
8539923,2017,2018-01-27,3604,2017-12-13,1739,958,NA,3,5,6,3604,0,0,0,NA,0,NA,MARYGOLD,ENCINA AV,95,E,N,A,-,N,NA,NA,NA,NA,NA,NA,NA,NA,NA,N,4,0,1,2,A,-,03,22350,NA,M,C,G,A,A,H,-,C,D,0,NA,Y,NA,NA,Y,NA,A,01,0,0,1,0,0,0,1,0,0,-,-,NA,NA,SAN BERNARDINO,FONTANA,-117.4238672,34.07401
8540392,2018,2018-08-27,3600,2018-06-22,1748,C8664,AP008,5,5,5,3621,0,0,0,NA,0,AP3,BEAR VALLEY RD,KIOWA RD,0,NA,Y,A,-,N,NA,NA,NA,NA,NA,NA,NA,NA,NA,N,4,0,1,2,A,-,03,22350,NA,N,C,C,A,A,H,-,A,A,0,NA,NA,NA,NA,Y,NA,D,22,0,0,1,0,0,0,0,0,0,-,-,NA,NA,SAN BERNARDINO,APPLE VALLEY,-117.20773315429688,34.471439361572266
8543068,2017,2018-02-05,3602,2017-12-17,1205,3495,NA,7,5,5,3602,0,0,0,NA,0,003,GRAND AV,PIPELINE AV,1100,W,N,A,-,N,NA,NA,NA,NA,NA,NA,NA,NA,NA,N,3,0,1,2,B,-,22,NA,NA,F,G,B,C,A,H,-,A,D,0,Y,NA,NA,NA,Y,NA,A,01,0,1,0,0,1,0,0,0,0,-,-,NA,NA,SAN BERNARDINO,CHINO,-117.71858806,33.99807936
8543776,2017,2018-07-06,3600,2017-08-19,0850,D8582,YV019,6,5,3,3631,0,0,0,NA,0,0YV,YUCCA MESSA RD,LA CONTENTA RD,0,NA,Y,A,-,Y,SBD,8,62,-,-,15.145,I,5,E,Y,4,0,1,2,A,-,12,21453,A,N,D,-,A,A,H,-,A,A,0,NA,NA,NA,NA,Y,NA,A,01,0,0,1,0,0,0,0,0,0,-,-,NA,NA,SAN BERNARDINO,YUCCA VALLEY,-116.36919693,34.13490814
8544779,2017,2018-02-06,3600,2017-11-23,0500,A8310,RC069,4,5,6,3616,0,0,0,NA,0,0RC,DAY CREEK BL,ETIWANDA AV,0,NA,Y,A,-,N,NA,NA,NA,NA,NA,NA,NA,NA,NA,Y,3,0,2,1,A,-,03,22350,NA,N,E,J,A,A,H,-,C,A,0,NA,NA,NA,NA,Y,Y,A,01,0,1,1,0,0,0,0,0,0,-,-,NA,NA,SAN BERNARDINO,RANCHO CUCAMONGA,-117.52340008,34.15951002
8545140,2018,2018-02-08,3605,2018-01-24,2125,356,NA,3,5,4,3605,0,0,0,NA,0,NA,MONTE VISTA AV,FLORA ST,265,S,N,A,-,N,NA,NA,NA,NA,NA,NA,NA,NA,NA,Y,4,0,1,2,A,-,01,23152,A,N,C,E,A,A,H,-,C,B,0,NA,NA,NA,NA,Y,Y,A,01,0,0,1,0,0,0,0,0,0,-,-,NA,NA,SAN BERNARDINO,MONTCLAIR,-117.6982879638672,34.068084716796875
8545697,2018,2018-02-09,3600,2018-01-02,1027,G3825,BL209,2,5,2,3680,0,0,0,NA,0,BL2,FOX FARM RD,STARVATION FLATS RD,0,NA,Y,A,-,N,NA,NA,NA,NA,NA,NA,NA,NA,NA,Y,4,0,1,2,A,-,08,22107,NA,N,D,C,A,A,H,-,A,D,0,NA,NA,NA,NA,Y,NA,A,71,0,0,1,0,0,0,0,0,0,-,-,NA,NA,SAN BERNARDINO,BIG BEAR LAKE,-116.87793731689452,34.24932861328125
8549275,2018,2018-08-07,3600,2018-01-26,1431,S3887,VC043,5,5,5,3612,0,0,0,NA,0,001,RT 18,STODDARD WELLS RD,436,E,N,A,-,Y,SBD,8,18,-,-,95.14,H,-,N,Y,4,0,1,3,A,-,03,22350,NA,N,-,C,A,A,H,-,A,A,0,NA,NA,NA,NA,Y,NA,A,01,0,0,1,0,0,0,0,0,0,-,-,NA,NA,SAN BERNARDINO,VICTORVILLE,-117.28385162353516,34.53556823730469
8550963,2018,2018-02-14,3608,2018-01-17,0827,4345,NA,3,5,5,3608,0,0,0,NA,0,NA,N CHURCH ST,FRONTIER ST,9,S,N,A,-,N,NA,NA,NA,NA,NA,NA,NA,NA,NA,Y,3,0,1,4,C,-,18,NA,NA,N,B,E,A,A,H,-,A,A,0,NA,NA,NA,NA,Y,NA,-,-,0,1,0,0,0,0,0,0,0,-,-,NA,NA,SAN BERNARDINO,REDLANDS,-117.17366027832033,34.08015441894531
8551363,2017,2018-02-13,3611,2017-11-20,1752,3189,3611,1,5,5,3611,0,0,0,NA,0,002,W 8TH ST,S SAN ANTONIO AV,68,W,N,A,-,N,NA,NA,NA,NA,NA,NA,NA,NA,NA,N,4,0,1,2,A,-,03,22350,A,N,C,C,A,A,H,-,C,A,0,NA,NA,NA,NA,Y,NA,A,01,0,0,1,0,0,0,0,0,0,-,-,NA,NA,SAN BERNARDINO,UPLAND,-117.66094401,34.09246
8557416,2018,2018-07-09,3604,2018-01-27,0055,958,NA,6,5,6,3604,0,0,0,NA,0,NA,FOOTHILL BL,CHERRY AV,0,NA,Y,A,-,N,NA,NA,NA,NA,NA,NA,NA,NA,NA,N,4,0,2,2,A,-,12,21453,A,N,D,C,A,A,H,-,C,A,0,NA,NA,NA,NA,Y,NA,A,01,0,0,2,0,0,0,0,0,0,-,-,NA,NA,SAN BERNARDINO,FONTANA,-117.48880767822266,34.106658935546875
8557961,2018,2018-07-30,3600,2018-03-23,1839,D3381,VC020,5,5,5,3612,0,0,0,NA,0,VC3,RT 15,NISQUALLI RD,0,NA,Y,A,-,Y,SBD,8,15,-,-,38.569,R,4,N,Y,3,0,2,2,A,-,03,22350,NA,N,C,C,A,A,H,-,A,A,0,NA,NA,NA,NA,Y,NA,A,01,0,1,1,0,0,0,0,0,0,NF,-,NA,NA,SAN BERNARDINO,VICTORVILLE,-117.33708953857422,34.482391357421875