CASE_ID,ACCIDENT_YEAR,PROC_DATE,JURIS,COLLISION_DATE,COLLISION_TIME,OFFICER_ID,REPORTING_DISTRICT,DAY_OF_WEEK,CHP_SHIFT,POPULATION,CNTY_CITY_LOC,SPECIAL_COND,BEAT_TYPE,CHP_BEAT_TYPE,CITY_DIVISION_LAPD,CHP_BEAT_CLASS,BEAT_NUMBER,PRIMARY_RD,SECONDARY_RD,DISTANCE,DIRECTION,INTERSECTION,WEATHER_1,WEATHER_2,STATE_HWY_IND,CALTRANS_COUNTY,CALTRANS_DISTRICT,STATE_ROUTE,ROUTE_SUFFIX,POSTMILE_PREFIX,POSTMILE,LOCATION_TYPE,RAMP_INTERSECTION,SIDE_OF_HWY,TOW_AWAY,COLLISION_SEVERITY,NUMBER_KILLED,NUMBER_INJURED,PARTY_COUNT,PRIMARY_COLL_FACTOR,PCF_CODE_OF_VIOL,PCF_VIOL_CATEGORY,PCF_VIOLATION,PCF_VIOL_SUBSECTION,HIT_AND_RUN,TYPE_OF_COLLISION,MVIW,PED_ACTION,ROAD_SURFACE,ROAD_COND_1,ROAD_COND_2,LIGHTING,CONTROL_DEVICE,CHP_ROAD_TYPE,PEDESTRIAN_ACCIDENT,BICYCLE_ACCIDENT,MOTORCYCLE_ACCIDENT,TRUCK_ACCIDENT,NOT_PRIVATE_PROPERTY,ALCOHOL_INVOLVED,STWD_VEHTYPE_AT_FAULT,CHP_VEHTYPE_AT_FAULT,COUNT_SEVERE_INJ,COUNT_VISIBLE_INJ,COUNT_COMPLAINT_PAIN,COUNT_PED_KILLED,COUNT_PED_INJURED,COUNT_BICYCLIST_KILLED,COUNT_BICYCLIST_INJURED,COUNT_MC_KILLED,COUNT_MC_INJURED,PRIMARY_RAMP,SECONDARY_RAMP,LATITUDE,LONGITUDE,COUNTY,CITY,POINT_X,POINT_Y
8881891,2019,2019-11-14,3604,2019-06-12,0929,1195,NA,3,5,6,3604,0,0,0,NA,0,NA,FOOTHILL BL,CITRUS AV,217,W,N,A,-,N,NA,NA,NA,NA,NA,NA,NA,NA,NA,Y,3,0,1,3,A,-,03,22350,NA,N,C,C,A,A,H,-,A,A,0,NA,NA,NA,NA,Y,NA,D,22,0,1,0,0,0,0,0,0,0,-,-,NA,NA,SAN BERNARDINO,FONTANA,-117.454345703125,34.10654067993164
8887662,2019,2019-07-03,3609,2019-03-31,2100,1899,RI125,7,5,5,3609,0,0,0,NA,0,002,LILAC AV,CORNELL AV,0,NA,Y,A,-,N,NA,NA,NA,NA,NA,NA,NA,NA,NA,Y,2,0,2,4,A,-,03,22350,NA,N,D,C,A,A,H,-,C,D,0,NA,NA,Y,NA,Y,NA,C,02,2,0,0,0,0,0,0,0,1,-,-,34.110801696777344,-117.37909698486328,SAN BERNARDINO,RIALTO,-117.3791275024414,34.1108512878418
8890429,2019,2019-07-15,3604,2019-06-20,1504,473,NA,4,5,6,3604,0,0,0,NA,0,NA,SAN BERNARDINO AV,BLANCHARD AV,120,W,N,A,-,N,NA,NA,NA,NA,NA,NA,NA,NA,NA,Y,4,0,2,2,A,-,08,22107,NA,N,D,C,A,A,H,-,A,A,0,NA,NA,NA,NA,Y,NA,A,07,0,0,2,0,0,0,0,0,0,-,-,NA,NA,SAN BERNARDINO,FONTANA,-117.42947387695313,34.077579498291016
8890544,2019,2019-07-16,3605,2019-06-12,1159,378,3605,3,5,4,3605,0,0,0,NA,0,NA,SAN BERNARDINO ST,FREMONT AV,8,W,N,A,-,N,NA,NA,NA,NA,NA,NA,NA,NA,NA,Y,2,0,2,2,A,-,12,21453,A,N,D,C,A,A,H,-,A,A,0,NA,NA,NA,NA,Y,NA,A,01,1,0,1,0,0,0,0,0,0,-,-,NA,NA,SAN BERNARDINO,MONTCLAIR,-117.69390869140624,34.0776481628418
8890548,2019,2019-08-06,3605,2019-06-22,1812,394,NA,6,5,4,3605,0,0,0,NA,0,NA,PALO VERDE ST,FREMONT AV,0,NA,Y,A,-,N,NA,NA,NA,NA,NA,NA,NA,NA,NA,Y,4,0,2,2,A,-,12,21453,NA,N,D,C,A,A,H,-,A,A,0,NA,NA,NA,NA,Y,NA,A,07,0,0,2,0,0,0,0,0,0,-,-,NA,NA,SAN BERNARDINO,MONTCLAIR,-117.69391632080078,34.081321716308594
8891035,2019,2019-07-16,3604,2019-06-06,1902,1156,NA,4,5,6,3604,0,0,0,NA,0,NA,JUNIPER AV,ATHOL LN,403,N,N,A,-,N,NA,NA,NA,NA,NA,NA,NA,NA,NA,Y,2,0,3,4,A,-,09,21804,A,N,D,C,A,A,H,-,A,D,0,NA,NA,NA,NA,Y,NA,A,01,1,2,0,0,0,0,0,0,0,-,-,NA,NA,SAN BERNARDINO,FONTANA,-117.44010925292967,34.08957290649414
8914587,2019,2019-08-12,3602,2019-06-09,1823,3955,NA,7,5,5,3602,0,0,0,NA,0,005,MOUNTAIN AV,EDISON AV,0,NA,Y,A,-,N,NA,NA,NA,NA,NA,NA,NA,NA,NA,Y,4,0,1,2,A,-,12,21453,A,N,D,C,A,A,H,-,A,A,0,NA,NA,NA,NA,Y,NA,A,07,0,0,1,0,0,0,0,0,0,-,-,NA,NA,SAN BERNARDINO,CHINO,-117.66732788085938,33.997440338134766
8914611,2019,2019-08-16,3610,2019-07-25,2104,51159,NA,4,5,6,3610,0,0,0,NA,0,POLICE,W ORANGE SHOW RD,S E ST,0,NA,Y,A,-,N,NA,NA,NA,NA,NA,NA,NA,NA,NA,N,3,0,1,2,A,-,11,21955,NA,N,G,B,D,A,H,-,C,A,0,Y,NA,NA,NA,Y,NA,N,60,0,1,0,0,0,0,0,0,0,-,-,34.07960891723633,-117.29415893554688,SAN BERNARDINO,SAN BERNARDINO,-117.2941436767578,34.079559326171875
8917816,2019,2019-08-20,3605,2019-07-26,2307,406,NA,5,5,4,3605,0,0,0,NA,0,NA,SAN BERNARDINO ST,CENTRAL AV,0,NA,Y,A,-,N,NA,NA,NA,NA,NA,NA,NA,NA,NA,Y,4,0,1,2,A,-,12,21453,A,N,A,C,A,A,H,-,C,A,0,NA,NA,NA,NA,Y,NA,A,01,0,0,1,0,0,0,0,0,0,-,-,NA,NA,SAN BERNARDINO,MONTCLAIR,-117.68961334228516,34.07767105102539
8917820,2019,2019-08-20,3605,2019-07-30,0845,378,3605,2,5,4,3605,0,0,0,NA,0,NA,CENTRAL AV,MISSION BL,15,E,N,A,-,N,NA,NA,NA,NA,NA,NA,NA,NA,NA,Y,4,0,1,2,A,-,12,21453,A,N,D,C,A,A,H,-,A,A,0,NA,NA,NA,NA,Y,NA,A,01,0,0,1,0,0,0,0,0,0,-,-,NA,NA,SAN BERNARDINO,MONTCLAIR,-117.68948364257813,34.0560417175293
8920764,2019,2019-08-26,3605,2019-08-10,1732,400,NA,6,5,4,3605,0,0,0,NA,0,NA,CENTRAL AV,ORCHARD ST,0,NA,Y,A,-,N,NA,NA,NA,NA,NA,NA,NA,NA,NA,N,4,0,1,2,A,-,09,21801,A,N,D,C,A,A,H,-,A,A,0,NA,NA,NA,NA,Y,NA,A,01,0,0,1,0,0,0,0,0,0,-,-,NA,NA,SAN BERNARDINO,MONTCLAIR,-117.68962860107422,34.07038116455078
8920768,2019,2019-08-27,3605,2019-08-11,2118,278,NA,7,5,4,3605,0,0,0,NA,0,NA,CENTRAL AV,MORENO ST,33,S,N,A,-,N,NA,NA,NA,NA,NA,NA,NA,NA,NA,N,4,0,3,2,A,-,21,22106,NA,N,C,C,A,A,H,-,C,A,0,NA,NA,NA,NA,Y,NA,A,07,0,0,3,0,0,0,0,0,0,-,-,NA,NA,SAN BERNARDINO,MONTCLAIR,-117.68971252441406,34.088680267333984
8922029,2019,2019-10-30,3600,2019-06-24,1536,D3381,VC057,1,5,5,3612,0,0,0,NA,0,VC5,PALMDALE RD,DELGADO RD,0,NA,Y,A,-,Y,SBD,8,18,-,-,97.718,I,5,N,Y,4,0,1,2,A,-,09,21802,A,N,D,C,A,A,H,-,A,A,0,NA,NA,NA,NA,Y,NA,D,22,0,0,1,0,0,0,0,0,0,-,-,NA,NA,SAN BERNARDINO,VICTORVILLE,-117.34272003173828,34.50676727294922
8908326,2019,2020-01-29,3600,2019-07-05,1533,G3225,AP003,5,5,5,3621,0,0,0,NA,0,AP1,RT 18,MONDAMON RD,151,E,N,A,-,Y,SBD,8,18,-,-,93.75,H,-,S,N,4,0,1,2,A,-,03,22350,NA,M,C,C,A,A,H,-,A,A,0,NA,NA,NA,NA,Y,NA,A,01,0,0,1,0,0,0,0,0,0,-,-,NA,NA,SAN BERNARDINO,APPLE VALLEY,-117.26130676269533,34.53953170776367
8911102,2019,2021-06-02,3603,2019-12-13,1527,4012,CPD,5,5,4,3603,0,0,0,NA,0,003,RIVERSIDE AV,KEY ST,0,NA,Y,A,-,N,NA,NA,NA,NA,NA,NA,NA,NA,NA,Y,1,1,1,2,A,-,01,23153,B,N,D,C,A,A,H,-,A,A,0,NA,NA,NA,NA,Y,Y,A,01,1,0,0,0,0,0,0,0,0,-,-,NA,NA,SAN BERNARDINO,COLTON,-117.3624267578125,34.021148681640625
8911067,2020,2022-06-13,3604,2020-01-10,2355,497,3604,5,5,6,3604,0,0,0,NA,0,NA,SIERRA AV,SAN JACINTO AV,325,N,N,A,-,N,NA,NA,NA,NA,NA,NA,NA,NA,NA,Y,1,2,0,2,A,-,05,21650,NA,N,A,C,A,A,H,-,C,A,0,NA,NA,NA,NA,Y,NA,A,01,0,0,0,0,0,0,0,0,0,-,-,34.7666015625,-117.26927185058594,SAN BERNARDINO,FONTANA,-117.43585968017578,34.11846160888672
8927293,2019,2019-08-29,3602,2019-07-23,1352,3368,NA,2,5,5,3602,0,0,0,NA,0,005,KIMBALL AV,EL PRADO DR,354,E,N,A,-,N,NA,NA,NA,NA,NA,NA,NA,NA,NA,N,4,0,1,2,A,-,03,22350,NA,N,C,C,A,A,H,-,A,D,0,NA,NA,NA,NA,Y,NA,A,01,0,0,1,0,0,0,0,0,0,-,-,NA,NA,SAN BERNARDINO,CHINO,-117.67925262451172,33.968318939208984
8910904,2019,2020-04-07,3600,2019-04-14,1401,C8664,AP010,7,5,5,3621,0,0,0,NA,0,AP3,BEAR VALLEY RD,COTTONTAIL LN,536,E,N,A,G,N,NA,NA,NA,NA,NA,NA,NA,NA,NA,Y,1,1,4,3,A,-,08,22107,NA,N,A,C,A,A,H,-,A,D,0,NA,NA,NA,NA,Y,Y,A,08,1,1,2,0,0,0,0,0,0,-,-,34.47134017944336,-117.2277603149414,SAN BERNARDINO,APPLE VALLEY,-117.22783660888672,34.47132110595703
8927391,2019,2019-08-30,3610,2019-08-05,1419,51108,NA,1,5,6,3610,0,0,0,NA,0,BAKER,W COLLEGE AV,N UNIVERSITY PKWY,0,NA,Y,A,-,N,NA,NA,NA,NA,NA,NA,NA,NA,NA,Y,3,0,5,2,A,-,08,22107,NA,N,A,C,A,A,H,-,A,A,0,NA,NA,NA,NA,Y,NA,A,01,0,1,4,0,0,0,0,0,0,-,-,34.170989990234375,-117.3336181640625,SAN BERNARDINO,SAN BERNARDINO,-117.33367919921876,34.17097854614258
8905303,2019,2019-09-12,3604,2019-08-17,2229,925,NA,6,5,6,3604,0,0,0,NA,0,NA,VALLEY BL,CITRUS AV,426,E,N,A,-,N,NA,NA,NA,NA,NA,NA,NA,NA,NA,N,3,0,1,2,A,-,11,21954,A,N,G,B,A,A,H,-,C,A,0,NA,NA,NA,NA,Y,NA,-,NA,0,1,0,0,0,0,0,0,0,-,-,NA,NA,SAN BERNARDINO,FONTANA,-117.4523696899414,34.07032012939453
8928751,2019,2019-09-06,3603,2019-06-13,1240,4251,CPD,4,5,4,3603,0,0,0,NA,0,004,MT VERNON AV,M ST,700,S,N,A,-,N,NA,NA,NA,NA,NA,NA,NA,NA,NA,Y,3,0,1,1,A,-,05,21650,NA,N,E,I,A,A,H,-,A,D,0,NA,NA,Y,NA,Y,NA,C,02,0,1,0,0,0,0,0,0,1,-,-,NA,NA,SAN BERNARDINO,COLTON,-117.31388854980467,34.059391021728516
8902069,2019,2020-01-30,3609,2019-06-18,1150,1857,RI540,2,5,5,3609,0,0,0,NA,0,004,RIVERSIDE AV,RT 10,37,S,N,A,-,Y,SBD,8,10,-,-,19.796,R,4,E,N,4,0,1,2,A,-,08,22107,NA,N,B,C,A,-,H,-,A,A,0,NA,NA,NA,NA,Y,NA,A,01,0,0,1,0,0,0,0,0,0,-,EF,34.0406608581543,-117.2213134765625,SAN BERNARDINO,RIALTO,-117.37335205078124,34.068603515625
8924041,2019,2019-09-09,3610,2019-07-17,2052,SANCHEZ,NA,3,5,6,3610,0,0,0,NA,0,POLICE,N MT VERNON AV,14TH ST,149,S,N,A,-,N,NA,NA,NA,NA,NA,NA,NA,NA,NA,Y,3,0,1,2,A,-,08,22107,NA,N,C,C,A,A,H,-,C,D,0,NA,NA,Y,NA,Y,NA,C,02,0,1,0,0,0,0,0,0,1,-,-,34.1249885559082,-117.31379699707033,SAN BERNARDINO,SAN BERNARDINO,-117.3138427734375,34.12458038330078
8922041,2019,2019-08-27,3600,2019-07-16,2151,G7225,VC057,2,5,5,3612,0,0,0,NA,0,VC5,DEL GADO RD,SENECA RD,0,NA,Y,A,-,N,NA,NA,NA,NA,NA,NA,NA,NA,NA,Y,3,0,1,1,A,-,08,22107,NA,N,F,I,A,A,H,-,C,D,0,NA,NA,NA,NA,Y,Y,-,-,0,1,0,0,0,0,0,0,0,-,-,NA,NA,SAN BERNARDINO,VICTORVILLE,-117.34266662597656,34.514060974121094
8914670,2019,2019-10-31,3602,2019-06-29,0722,1256,NA,6,5,5,3602,0,0,0,NA,0,001,CENTRAL AV,RT 60,10,S,N,A,-,Y,SBD,8,60,-,R,2.165,R,4,W,N,4,0,1,2,A,-,12,21453,A,N,D,C,A,A,H,-,A,A,0,NA,NA,NA,NA,Y,NA,A,01,0,0,1,0,0,0,0,0,0,-,WO,NA,NA,SAN BERNARDINO,CHINO,-117.69293975830078,34.03034210205078
8914278,2019,2019-08-19,3602,2019-06-10,0431,3086,NA,1,5,5,3602,0,0,0,NA,0,004,EDISON AV,OAKS AV,0,NA,Y,A,-,N,NA,NA,NA,NA,NA,NA,NA,NA,NA,N,4,0,2,2,A,-,12,21453,A,N,D,C,A,A,H,-,C,A,0,NA,NA,NA,Y,Y,NA,A,01,0,0,2,0,0,0,0,0,0,-,-,NA,NA,SAN BERNARDINO,CHINO,-117.67601776123048,33.997371673583984
8931954,2019,2019-09-16,3609,2019-08-19,1400,2493,R1109,1,5,5,3609,0,0,0,NA,0,001,LILAC AV,BASELINE RD,0,NA,Y,A,-,N,NA,NA,NA,NA,NA,NA,NA,NA,NA,Y,4,0,1,4,A,-,12,21453,A,N,D,C,A,A,H,-,A,A,0,NA,NA,NA,NA,Y,NA,A,01,0,0,1,0,0,0,0,0,0,-,-,NA,NA,SAN BERNARDINO,RIALTO,-117.37915802001952,34.12141036987305
8933618,2019,2019-09-12,3610,2019-08-18,0753,51135,NA,7,5,6,3610,0,0,0,NA,0,CHARLI,E 40TH ST,WATERMAN AV,620,E,N,A,-,N,NA,NA,NA,NA,NA,NA,NA,NA,NA,NA,3,0,1,2,C,-,18,NA,NA,N,A,B,F,A,H,-,A,A,0,Y,NA,NA,NA,Y,NA,-,-,0,1,0,0,1,0,0,0,0,-,-,34.16503143310547,-117.27739715576172,SAN BERNARDINO,SAN BERNARDINO,-117.2766571044922,34.164981842041016
8933635,2019,2019-09-13,3610,2019-08-15,1702,51146,NA,4,5,6,3610,0,0,0,NA,0,CHARLI,N VICTORIA AV,EAST HIGHLAND AV,0,NA,Y,A,-,N,NA,NA,NA,NA,NA,NA,NA,NA,NA,Y,4,0,1,2,A,-,09,21801,A,N,B,C,A,A,H,-,A,A,0,NA,NA,NA,NA,Y,Y,A,07,0,0,1,0,0,0,0,0,0,-,-,34.135799407958984,-117.2261962890625,SAN BERNARDINO,SAN BERNARDINO,-117.2261962890625,34.13582992553711
8933651,2019,2019-09-13,3610,2019-08-12,0800,51176,NA,1,5,6,3610,0,0,0,NA,0,DAVID,W 5TH ST,N F ST,0,NA,Y,A,-,N,NA,NA,NA,NA,NA,NA,NA,NA,NA,N,4,0,1,2,A,-,10,21950,A,N,G,B,B,A,H,-,A,D,0,Y,NA,NA,NA,Y,NA,A,08,0,0,1,0,1,0,0,0,0,-,-,NA,NA,SAN BERNARDINO,SAN BERNARDINO,-117.29640197753906,34.10831069946289
8933659,2019,2020-03-06,3610,2019-08-11,1435,51141,NA,7,5,6,3610,0,0,0,NA,0,CHARLI,E 9TH ST,N VALENCIA AV,0,NA,Y,A,-,N,NA,NA,NA,NA,NA,NA,NA,NA,NA,Y,3,0,1,3,A,-,08,22107,NA,N,D,C,A,A,H,-,A,D,0,NA,NA,NA,NA,Y,NA,A,01,0,1,0,0,0,0,0,0,0,-,-,34.115760803222656,-117.27169036865234,SAN BERNARDINO,SAN BERNARDINO,-117.2717514038086,34.115760803222656
8913975,2019,2019-12-17,3600,2019-07-19,2155,D3381,VC026,5,5,5,3612,0,0,0,NA,0,VC3,7TH ST,MARIPOSA RD,0,NA,Y,A,-,Y,SBD,8,15,-,-,40.683,R,4,N,Y,3,0,4,2,A,-,01,23152,A,F,D,C,A,A,H,-,C,A,0,NA,NA,NA,NA,Y,Y,-,NA,0,2,2,0,0,0,0,0,0,-,-,NA,NA,SAN BERNARDINO,VICTORVILLE,-117.32207489013672,34.51029586791992
8911651,2020,2020-10-07,3600,2020-08-30,1630,D2557,CH009,7,5,5,3630,0,0,0,NA,0,CH3,OAKCREST DR,OAK CREEK RD,63,N,N,A,-,N,NA,NA,NA,NA,NA,NA,NA,NA,NA,Y,1,1,0,2,A,-,03,22350,NA,N,B,E,A,A,H,-,A,D,0,NA,NA,Y,NA,Y,NA,C,02,0,0,0,0,0,0,0,1,0,-,-,NA,NA,SAN BERNARDINO,CHINO HILLS,-117.7344970703125,33.96187210083008
8907912,2019,2019-09-11,3604,2019-07-28,0957,967,NA,7,5,6,3604,0,0,0,NA,0,NA,FOOTHILL BL,SULTANA AV,100,W,N,A,-,N,NA,NA,NA,NA,NA,NA,NA,NA,NA,N,3,0,1,2,A,-,08,22107,NA,F,C,C,A,A,H,-,A,D,0,NA,NA,NA,NA,Y,NA,-,NA,0,1,0,0,0,0,0,0,0,-,-,NA,NA,SAN BERNARDINO,FONTANA,-117.46929931640624,34.106502532958984
8907425,2019,2019-08-09,3610,2019-06-16,2155,50675,NA,7,5,6,3610,0,0,0,NA,0,POLICE,N VICTORIA AV,28TH ST,1163,S,N,A,-,N,NA,NA,NA,NA,NA,NA,NA,NA,NA,N,4,0,1,2,A,-,03,22350,NA,N,C,C,A,A,H,-,C,D,0,NA,NA,NA,NA,Y,NA,A,01,0,0,1,0,0,0,0,0,0,-,-,NA,NA,SAN BERNARDINO,SAN BERNARDINO,-117.22618103027344,34.13932418823242
8905684,2019,2019-08-06,3605,2019-06-28,1455,284,NA,5,5,4,3605,0,0,0,NA,0,NA,BENSON AV,BANDERA ST,140,N,N,A,-,N,NA,NA,NA,NA,NA,NA,NA,NA,NA,N,4,0,2,2,A,-,04,21703,NA,N,C,C,A,A,H,-,A,A,0,NA,NA,NA,NA,Y,NA,A,07,0,0,2,0,0,0,0,0,0,-,-,NA,NA,SAN BERNARDINO,MONTCLAIR,-117.68080902099608,34.064842224121094
8938200,2019,2019-09-25,3605,2019-09-07,2116,400,NA,6,5,4,3605,0,0,0,NA,0,NA,HOLT BL,BENSON AV,18,W,N,A,-,N,NA,NA,NA,NA,NA,NA,NA,NA,NA,Y,4,0,3,6,A,-,01,23153,F,N,H,C,A,A,H,-,C,A,0,NA,NA,NA,NA,Y,NA,A,01,0,0,3,0,0,0,0,0,0,-,-,NA,NA,SAN BERNARDINO,MONTCLAIR,-117.68087768554688,34.06327819824219
8938324,2019,2019-09-25,3602,2019-09-05,1810,3172,NA,4,5,5,3602,0,0,0,NA,0,001,PHILADELPHIA ST,CENTRAL AV,100,W,N,A,-,N,NA,NA,NA,NA,NA,NA,NA,NA,NA,Y,3,0,2,2,A,-,09,21804,A,N,D,C,A,A,H,-,A,D,0,NA,NA,NA,NA,Y,NA,A,07,0,1,1,0,0,0,0,0,0,-,-,NA,NA,SAN BERNARDINO,CHINO,-117.6898956298828,34.03355407714844
8904264,2019,2019-07-31,3610,2019-06-14,0913,51166,NA,5,5,6,3610,0,0,0,NA,0,POLICE,S CAMINO REAL,W CENTURY DR,490,N,N,B,-,N,NA,NA,NA,NA,NA,NA,NA,NA,NA,Y,2,0,2,2,A,-,05,21460,A,N,A,C,A,A,H,-,A,D,0,NA,NA,NA,NA,Y,NA,A,01,1,0,1,0,0,0,0,0,0,-,-,34.0726203918457,-117.29676818847656,SAN BERNARDINO,SAN BERNARDINO,-117.29608917236328,34.07535171508789
8903300,2019,2019-08-06,3609,2019-07-18,1307,2493,RI008,4,5,5,3609,0,0,0,NA,0,001,RIVERSIDE AV,LOCUST ST,87,N,N,A,-,N,NA,NA,NA,NA,NA,NA,NA,NA,NA,Y,4,0,2,3,A,-,03,22350,NA,N,C,C,A,A,H,-,A,A,0,NA,NA,NA,NA,Y,NA,A,01,0,0,2,0,0,0,0,0,0,-,-,34.162601470947266,-117.40989685058594,SAN BERNARDINO,RIALTO,-117.40987396240234,34.16261291503906
8902531,2019,2019-08-07,3605,2019-06-19,1725,364,NA,3,5,4,3605,0,0,0,NA,0,NA,CENTRAL AV,SAN BERNARDINO ST,315,S,N,A,-,N,NA,NA,NA,NA,NA,NA,NA,NA,NA,Y,4,0,1,2,A,-,08,22107,NA,N,B,C,A,A,H,-,A,D,0,NA,NA,NA,Y,Y,NA,F,27,0,0,1,0,0,0,0,0,0,-,-,NA,NA,SAN BERNARDINO,MONTCLAIR,-117.68962097167967,34.076805114746094
8924743,2019,2019-09-04,3611,2019-06-24,1520,3046,3611,1,5,5,3611,0,0,0,NA,0,001,SAN ANTONIO AV,21ST ST,0,NA,Y,A,-,N,NA,NA,NA,NA,NA,NA,NA,NA,NA,NA,3,0,2,2,D,-,00,NA,NA,N,D,C,A,A,H,-,A,A,0,NA,NA,NA,NA,Y,NA,-,-,0,1,1,0,0,0,0,0,0,-,-,NA,NA,SAN BERNARDINO,UPLAND,-117.66092681884766,34.13970184326172
8939589,2019,2020-02-05,3600,2019-08-10,1246,D3311,RC020,6,5,6,3616,0,0,0,NA,0,RC5,MILLIKEN AV,TERRA VISTA PKWY,0,NA,Y,A,-,N,NA,NA,NA,NA,NA,NA,NA,NA,NA,Y,1,1,1,2,A,-,09,21801,A,N,D,C,A,A,H,-,A,A,0,NA,NA,NA,NA,Y,NA,A,01,0,1,0,0,0,0,0,0,0,-,-,NA,NA,SAN BERNARDINO,RANCHO CUCAMONGA,-117.55860900878906,34.11912155151367
8930784,2019,2019-12-17,3600,2019-07-18,1137,G4629,CH015,4,5,5,3630,0,0,0,NA,0,CH04,RAMONA AV,RT 71 ACCESS RD,0,NA,Y,A,-,Y,SBD,8,71,-,R,3.75,R,4,S,Y,3,0,1,2,A,-,12,21453,A,N,D,C,A,A,H,-,A,A,0,NA,NA,NA,Y,Y,NA,F,26,0,1,0,0,0,0,0,0,0,-,-,NA,NA,SAN BERNARDINO,CHINO HILLS,-117.703857421875,33.979270935058594
8921276,2019,2019-09-11,3604,2019-07-30,1652,1165,NA,2,5,6,3604,0,0,0,NA,0,NA,SIERRA AV,SANTA ANA AV,0,NA,Y,A,-,N,NA,NA,NA,NA,NA,NA,NA,NA,NA,N,4,0,1,2,A,-,12,21453,NA,N,D,C,A,A,H,-,A,A,0,NA,NA,NA,NA,Y,NA,D,22,0,0,1,0,0,0,0,0,0,-,-,NA,NA,SAN BERNARDINO,FONTANA,-117.43563079833984,34.055789947509766
8931923,2019,2019-10-09,3604,2019-08-08,0704,925,NA,4,5,6,3604,0,0,0,NA,0,NA,ALDER AV,SHAMROCK AV,0,NA,Y,A,-,N,NA,NA,NA,NA,NA,NA,NA,NA,NA,N,4,0,1,2,A,-,10,21950,A,N,G,B,D,A,H,-,A,A,0,Y,NA,NA,NA,Y,NA,A,01,0,0,1,0,1,0,0,0,0,-,-,NA,NA,SAN BERNARDINO,FONTANA,-117.41842651367188,34.11885070800781
8911983,2020,2021-01-12,3608,2020-10-25,1823,3675,NA,7,5,5,3608,0,0,0,NA,0,NA,SAN BERNARDINO AV,CALIFORNIA STREET,0,NA,N,A,-,N,NA,NA,NA,NA,NA,NA,NA,NA,NA,Y,1,2,2,2,A,-,-,NA,NA,N,C,E,A,A,H,-,B,A,0,NA,NA,NA,Y,Y,NA,A,01,2,0,0,0,0,0,0,0,0,-,-,NA,NA,SAN BERNARDINO,REDLANDS,-117.22618865966795,34.077571868896484
8942163,2019,2019-10-28,3604,2019-09-04,1622,1286,NA,3,5,6,3604,0,0,0,NA,0,NA,RANDALL AV,EVERGREEN LN,145,E,N,A,-,N,NA,NA,NA,NA,NA,NA,NA,NA,NA,Y,3,0,1,3,A,-,08,22107,NA,N,C,E,A,A,H,-,A,D,0,NA,NA,NA,NA,Y,NA,A,01,0,1,0,0,0,0,0,0,0,-,-,NA,NA,SAN BERNARDINO,FONTANA,-117.41606903076172,34.08491897583008
8942171,2019,2019-11-13,3604,2019-09-05,1249,473,NA,4,5,6,3604,0,0,0,NA,0,NA,SLOVER AV,CALABASH AV,480,W,N,A,-,N,NA,NA,NA,NA,NA,NA,NA,NA,NA,Y,4,0,1,2,A,-,08,22107,NA,N,D,C,A,A,H,-,A,A,0,NA,NA,NA,Y,Y,NA,G,25,0,0,1,0,0,0,0,0,0,-,-,NA,NA,SAN BERNARDINO,FONTANA,-117.50350189208984,34.062801361083984
8943090,2019,2019-09-25,3602,2019-08-26,1030,1127,SANBE,1,5,5,3602,0,0,0,NA,0,NA,PHILADELPHIA ST,CENTRAL AV,33,E,N,A,-,N,NA,NA,NA,NA,NA,NA,NA,NA,NA,N,4,0,1,2,A,-,03,22350,NA,N,C,C,A,A,H,-,A,A,0,NA,NA,NA,NA,Y,NA,D,22,0,0,1,0,0,0,0,0,0,-,-,NA,NA,SAN BERNARDINO,CHINO,-117.68946838378906,34.033531188964844
8927285,2019,2019-08-29,3607,2019-07-03,1600,1127,NA,3,5,6,3607,0,0,0,NA,0,002,PHILADELPHIA ST,BENSON AV,0,NA,Y,A,-,N,NA,NA,NA,NA,NA,NA,NA,NA,NA,Y,4,0,1,2,D,-,00,NA,NA,N,D,C,A,A,H,-,A,B,0,NA,NA,NA,NA,Y,NA,-,-,0,0,1,0,0,0,0,0,0,-,-,NA,NA,SAN BERNARDINO,ONTARIO,-117.68074035644533,34.03363037109375
8943173,2019,2019-11-12,3600,2019-07-28,0344,H5129,AP026,7,5,5,3621,0,0,0,NA,0,AP3,RT 18,OLALLE RD,0,NA,Y,A,-,N,NA,NA,NA,NA,NA,NA,NA,NA,NA,N,3,0,1,2,A,-,11,21954,A,N,G,B,D,A,H,-,C,A,0,Y,NA,NA,NA,Y,NA,N,60,0,1,0,0,1,0,0,0,0,-,-,NA,NA,SAN BERNARDINO,APPLE VALLEY,-117.264746,34.540093
8927367,2019,2019-08-30,3610,2019-08-03,0735,51135,NA,6,5,6,3610,0,0,0,NA,0,CHARLI,N MOUNTAIN VIEW AV,W 16TH ST,0,NA,Y,A,-,N,NA,NA,NA,NA,NA,NA,NA,NA,NA,Y,4,0,1,2,A,-,09,21804,A,N,D,C,A,A,H,-,A,A,0,NA,NA,NA,NA,Y,NA,A,07,0,0,1,0,0,0,0,0,0,-,-,34.12847900390625,-117.28736877441406,SAN BERNARDINO,SAN BERNARDINO,-117.28740692138672,34.12862014770508
8928522,2019,2019-09-17,3600,2019-08-16,1643,G8023,HE134,5,5,5,3619,0,0,0,NA,0,HE3,KEY POINTE DR,AMARGOSA RD,27,S,N,A,-,N,NA,NA,NA,NA,NA,NA,NA,NA,NA,N,4,0,1,2,A,-,03,22350,NA,F,C,C,A,A,H,-,A,A,0,NA,NA,NA,NA,Y,NA,A,07,0,0,1,0,0,0,0,0,0,-,-,NA,NA,SAN BERNARDINO,HESPERIA,-117.3838119506836,34.42897415161133