CASE_ID,ACCIDENT_YEAR,PROC_DATE,JURIS,COLLISION_DATE,COLLISION_TIME,OFFICER_ID,REPORTING_DISTRICT,DAY_OF_WEEK,CHP_SHIFT,POPULATION,CNTY_CITY_LOC,SPECIAL_COND,BEAT_TYPE,CHP_BEAT_TYPE,CITY_DIVISION_LAPD,CHP_BEAT_CLASS,BEAT_NUMBER,PRIMARY_RD,SECONDARY_RD,DISTANCE,DIRECTION,INTERSECTION,WEATHER_1,WEATHER_2,STATE_HWY_IND,CALTRANS_COUNTY,CALTRANS_DISTRICT,STATE_ROUTE,ROUTE_SUFFIX,POSTMILE_PREFIX,POSTMILE,LOCATION_TYPE,RAMP_INTERSECTION,SIDE_OF_HWY,TOW_AWAY,COLLISION_SEVERITY,NUMBER_KILLED,NUMBER_INJURED,PARTY_COUNT,PRIMARY_COLL_FACTOR,PCF_CODE_OF_VIOL,PCF_VIOL_CATEGORY,PCF_VIOLATION,PCF_VIOL_SUBSECTION,HIT_AND_RUN,TYPE_OF_COLLISION,MVIW,PED_ACTION,ROAD_SURFACE,ROAD_COND_1,ROAD_COND_2,LIGHTING,CONTROL_DEVICE,CHP_ROAD_TYPE,PEDESTRIAN_ACCIDENT,BICYCLE_ACCIDENT,MOTORCYCLE_ACCIDENT,TRUCK_ACCIDENT,NOT_PRIVATE_PROPERTY,ALCOHOL_INVOLVED,STWD_VEHTYPE_AT_FAULT,CHP_VEHTYPE_AT_FAULT,COUNT_SEVERE_INJ,COUNT_VISIBLE_INJ,COUNT_COMPLAINT_PAIN,COUNT_PED_KILLED,COUNT_PED_INJURED,COUNT_BICYCLIST_KILLED,COUNT_BICYCLIST_INJURED,COUNT_MC_KILLED,COUNT_MC_INJURED,PRIMARY_RAMP,SECONDARY_RAMP,LATITUDE,LONGITUDE,COUNTY,CITY,POINT_X,POINT_Y
8984630,2018,2019-12-07,3607,2018-10-23,0545,80263,200,2,5,6,3607,0,0,0,NA,0,052,EUCLID AV,LOCUST ST,0,NA,Y,A,-,N,NA,NA,NA,NA,NA,NA,NA,NA,NA,Y,4,0,2,3,A,-,09,21804,A,N,F,C,A,A,H,-,C,A,0,NA,NA,NA,NA,Y,NA,A,01,0,0,2,0,0,0,0,0,0,-,-,NA,NA,SAN BERNARDINO,ONTARIO,-117.65109252929688,34.044700622558594
8974132,2019,2019-11-16,3608,2019-07-29,1250,4823,NA,1,5,5,3608,0,0,0,NA,0,NA,CALIFORNIA ST,N REDLANDS BL,463,NA,N,A,-,N,NA,NA,NA,NA,NA,NA,NA,NA,NA,Y,3,0,1,2,A,-,08,22107,NA,N,C,C,A,A,H,-,A,A,0,NA,NA,NA,NA,Y,NA,A,01,0,1,0,0,0,0,0,0,0,-,-,NA,NA,SAN BERNARDINO,REDLANDS,-117.22638702392578,34.06306838989258
8957175,2019,2019-10-22,3610,2019-09-05,2012,51153,NA,4,5,6,3610,0,0,0,NA,0,POLICE,W 2ND ST,NORTH ARROWHEAD AV,0,NA,Y,A,-,N,NA,NA,NA,NA,NA,NA,NA,NA,NA,Y,4,0,1,2,A,-,12,21453,A,N,D,C,A,A,H,-,C,A,0,NA,NA,NA,NA,Y,NA,A,01,0,0,1,0,0,0,0,0,0,-,-,34.10271072387695,-117.28962707519533,SAN BERNARDINO,SAN BERNARDINO,-117.28964996337892,34.10271072387695
8985099,2019,2021-04-07,3607,2019-08-21,1510,19889,185,3,5,6,3607,0,0,0,NA,0,061,EUCLID AV,RALSTON ST,0,NA,Y,A,-,Y,SBD,8,83,-,-,8.709,I,5,N,N,4,0,1,2,A,-,09,21802,A,N,D,C,A,A,H,-,A,A,0,NA,NA,NA,NA,Y,NA,A,01,0,0,1,0,0,0,0,0,0,-,-,NA,NA,SAN BERNARDINO,ONTARIO,-117.65080261230467,34.05252456665039
8958051,2019,2019-10-15,3601,2019-09-16,1648,C-59,BARST,1,5,3,3601,0,0,0,NA,0,PATROL,RIMROCK RD,OPAL AV,0,NA,Y,A,-,N,NA,NA,NA,NA,NA,NA,NA,NA,NA,N,3,0,1,2,A,-,11,21954,A,N,G,B,D,A,H,-,A,D,0,Y,NA,NA,NA,Y,NA,N,60,0,1,0,0,1,0,0,0,0,-,-,NA,NA,SAN BERNARDINO,BARSTOW,-117.0039520263672,34.87651062011719
8974252,2019,2020-01-28,3600,2019-08-17,1358,G6923,YV014,6,5,3,3631,0,0,0,NA,0,YV1,RT 247,HILLCREST DR,0,NA,Y,A,-,Y,SBD,8,247,-,-,2.329,I,5,N,Y,3,0,1,2,A,-,09,21804,A,N,D,C,A,A,H,-,A,A,0,NA,NA,NA,NA,Y,NA,-,NA,0,1,0,0,0,0,0,0,0,-,-,34.15517044067383,-116.41960906982422,SAN BERNARDINO,YUCCA VALLEY,-116.41960906982422,34.15510559082031
8987915,2019,2019-12-16,3607,2019-05-30,1950,20108,20,4,5,6,3607,0,0,0,NA,0,011,5TH ST,HELEN AV,77,W,N,A,-,N,NA,NA,NA,NA,NA,NA,NA,NA,NA,N,4,0,1,2,A,-,09,21804,A,N,D,C,A,A,H,-,B,D,0,NA,NA,NA,NA,Y,NA,A,01,0,0,1,0,0,0,0,0,0,-,-,NA,NA,SAN BERNARDINO,ONTARIO,-117.67828369140624,34.081459045410156
8988292,2019,2020-01-29,3607,2019-05-17,2127,19953,67,5,5,6,3607,0,0,0,NA,0,031,VINEYARD AV,4TH ST,0,NA,Y,A,-,N,NA,NA,NA,NA,NA,NA,NA,NA,NA,N,4,0,1,3,A,-,03,22350,NA,N,D,C,A,A,H,-,C,A,0,NA,NA,NA,NA,Y,NA,A,01,0,0,1,0,0,0,0,0,0,-,-,NA,NA,SAN BERNARDINO,ONTARIO,-117.6110382080078,34.07759094238281
8988382,2019,2019-12-31,3607,2019-04-26,1516,20096,750,5,5,6,3607,0,0,0,NA,0,082,ARCHIBALD AV,ONTARIO RANCH RD,10,N,N,A,-,N,NA,NA,NA,NA,NA,NA,NA,NA,NA,NA,4,0,1,2,A,-,03,22350,NA,N,C,C,A,A,H,-,A,A,0,NA,NA,NA,NA,Y,NA,D,22,0,0,1,0,0,0,0,0,0,-,-,NA,NA,SAN BERNARDINO,ONTARIO,-117.59329986572266,33.997283935546875
8990005,2019,2019-12-03,3600,2019-06-16,0019,F6303,RCSUP,7,5,6,3616,0,0,0,NA,0,0RM,FOOTHILL BL,MONET AV,37,W,N,A,-,N,NA,NA,NA,NA,NA,NA,NA,NA,NA,N,4,0,3,2,A,-,08,22107,NA,N,B,C,A,A,H,-,C,A,0,NA,NA,NA,NA,Y,NA,A,01,0,0,3,0,0,0,0,0,0,-,-,NA,NA,SAN BERNARDINO,RANCHO CUCAMONGA,-117.5356903076172,34.10641098022461
8990592,2019,2020-06-23,3600,2019-11-25,1141,D2561,VC070,1,5,5,3612,0,0,0,NA,0,VC4,RT 395,BEAR VALLEY RD,2957,N,N,A,G,Y,SBD,8,395,-,-,9.18,H,-,N,Y,4,0,2,2,A,-,03,22350,NA,N,C,C,A,A,D,-,A,A,0,NA,NA,NA,Y,Y,NA,A,01,0,0,2,0,0,0,0,0,0,-,-,34.478328704833984,-117.39948272705078,SAN BERNARDINO,VICTORVILLE,-117.39950561523438,34.478424072265625
8975598,2019,2019-11-25,3602,2019-10-22,1613,3172,NA,2,5,5,3602,0,0,0,NA,0,004,RIVERSIDE DR,BENSON AV,185,E,N,A,-,N,NA,NA,NA,NA,NA,NA,NA,NA,NA,Y,4,0,1,2,A,-,03,22350,NA,N,C,C,A,A,H,-,A,B,0,NA,NA,Y,NA,Y,NA,C,02,0,0,1,0,0,0,0,0,1,-,-,NA,NA,SAN BERNARDINO,CHINO,-117.67999267578124,34.01913070678711
8962623,2019,2019-12-30,3600,2019-10-10,0809,E2055,HE417,4,5,5,3619,0,0,0,NA,0,HE4,FAIRBURN ST,OXFORD AV,0,NA,Y,A,-,N,NA,NA,NA,NA,NA,NA,NA,NA,NA,Y,4,0,1,2,A,-,12,22450,A,N,D,C,A,A,H,-,A,A,0,NA,NA,NA,NA,Y,NA,A,01,0,0,1,0,0,0,0,0,0,-,-,NA,NA,SAN BERNARDINO,HESPERIA,-117.27848052978516,34.38861846923828
8963202,2019,2019-11-04,3608,2019-10-01,0730,4759,3608,2,5,5,3608,0,0,0,NA,0,NA,UNIVERSITY ST,SYLVAN BL,0,NA,Y,A,-,N,NA,NA,NA,NA,NA,NA,NA,NA,NA,Y,3,0,1,2,A,-,09,21802,A,N,D,D,A,A,H,-,A,A,0,NA,NA,NA,NA,Y,NA,A,01,0,1,0,0,0,0,0,0,0,-,-,NA,NA,SAN BERNARDINO,REDLANDS,-117.16683959960938,34.06032180786133
8993672,2019,2019-12-18,3600,2019-10-08,0953,D2561,VC066,2,5,5,3612,0,0,0,NA,0,VC4,AMARGOSA RD,EUCALYPTUS ST,0,NA,Y,A,-,N,NA,NA,NA,NA,NA,NA,NA,NA,NA,Y,3,0,2,2,A,-,03,22350,NA,N,C,C,A,A,H,-,A,A,0,NA,NA,NA,NA,Y,NA,D,22,0,2,0,0,0,0,0,0,0,-,-,34.458309173583984,-117.35611724853516,SAN BERNARDINO,VICTORVILLE,-117.358122,34.455832
8944376,2019,2019-09-27,3610,2019-08-27,2154,50696,POLIC,2,5,6,3610,0,0,0,NA,0,2154,W 6TH ST,DALLAS AV,30,E,N,A,-,N,NA,NA,NA,NA,NA,NA,NA,NA,NA,N,3,0,1,3,A,-,03,22350,NA,N,C,E,A,A,H,-,C,D,0,NA,NA,NA,NA,Y,NA,A,01,0,1,0,0,0,0,0,0,0,-,-,34.11069107055664,-117.34586334228516,SAN BERNARDINO,SAN BERNARDINO,-117.34465026855467,34.11048126220703
8977613,2019,2019-11-22,3604,2019-09-16,1828,1163,NA,1,5,6,3604,0,0,0,NA,0,NA,SIERRA AV,SEGOVIA LN,0,NA,Y,A,-,N,NA,NA,NA,NA,NA,NA,NA,NA,NA,N,3,0,1,2,A,-,09,21801,A,N,D,C,A,A,H,-,A,A,0,NA,NA,Y,NA,Y,NA,D,22,0,1,0,0,0,0,0,0,1,-,-,NA,NA,SAN BERNARDINO,FONTANA,-117.4362335205078,34.17229080200195
8944649,2019,2019-09-25,3600,2019-07-12,2048,G7656,VC038,5,5,5,3612,0,0,0,NA,0,VC6,ENCINA ST,LA VERIDA DR,309,W,N,A,-,N,NA,NA,NA,NA,NA,NA,NA,NA,NA,Y,3,0,2,2,A,-,-,NA,NA,N,B,E,A,A,H,-,C,D,0,NA,NA,NA,NA,Y,Y,-,-,0,1,1,0,0,0,0,0,0,-,-,NA,NA,SAN BERNARDINO,VICTORVILLE,-117.30960083007813,34.53630447387695
8963500,2019,2019-10-31,3610,2019-09-30,2500,51055,NA,1,5,6,3610,0,0,0,NA,0,POLICE,E BASELINE ST,N DEL ROSA AV,0,NA,Y,A,-,N,NA,NA,NA,NA,NA,NA,NA,NA,NA,Y,4,0,2,2,A,-,12,21453,A,N,D,C,A,A,H,-,A,A,0,NA,NA,NA,NA,Y,NA,A,01,0,0,2,0,0,0,0,0,0,-,-,34.12133026123047,-117.25025177001952,SAN BERNARDINO,SAN BERNARDINO,-117.25251770019533,34.12131118774414
8963898,2019,2019-11-06,3604,2019-10-16,1204,D181,H25E2,3,5,6,3604,0,0,0,NA,0,NA,POPLAR AV,MALLORY DR,302,S,N,A,-,N,NA,NA,NA,NA,NA,NA,NA,NA,NA,N,3,0,1,2,A,-,08,22107,NA,N,B,C,A,A,H,-,A,D,0,NA,NA,NA,NA,Y,NA,D,22,0,1,0,0,0,0,0,0,0,-,-,NA,NA,SAN BERNARDINO,FONTANA,-117.46245574951172,34.07353210449219
8997474,2018,2019-12-21,3607,2018-11-02,1310,80557,294,5,5,6,3607,0,0,0,NA,0,062,EUCLID AV,GEYER CT,0,NA,Y,A,-,N,NA,NA,NA,NA,NA,NA,NA,NA,NA,Y,4,0,1,2,A,-,08,22100,B,N,D,C,A,A,H,-,A,D,0,NA,NA,NA,Y,Y,NA,G,25,0,0,1,0,0,0,0,0,0,-,-,NA,NA,SAN BERNARDINO,ONTARIO,-117.65103149414063,34.02875900268555
8997533,2018,2020-01-04,3607,2018-06-04,0819,80248,155,1,5,6,3607,0,0,0,NA,0,051,SAN ANTONIO AV,STATE ST,0,NA,Y,A,-,N,NA,NA,NA,NA,NA,NA,NA,NA,NA,Y,4,0,2,2,A,-,09,21802,A,N,D,C,A,A,H,-,A,A,0,NA,NA,NA,NA,Y,NA,D,22,0,0,2,0,0,0,0,0,0,-,-,NA,NA,SAN BERNARDINO,ONTARIO,-117.66059112548828,34.060001373291016
8997550,2018,2019-12-21,3607,2018-09-28,2351,19994,193,5,5,6,3607,0,0,0,NA,0,052,OAKS AV,PHILLIPS ST,0,NA,Y,A,-,N,NA,NA,NA,NA,NA,NA,NA,NA,NA,Y,3,0,1,1,A,-,03,22350,NA,N,E,I,A,A,H,-,C,D,0,NA,NA,NA,NA,Y,NA,D,22,0,1,0,0,0,0,0,0,0,-,-,NA,NA,SAN BERNARDINO,ONTARIO,-117.67645263671876,34.04867935180664
8997611,2018,2019-12-23,3607,2018-10-31,0541,15060,63,3,5,6,3607,0,0,0,NA,0,021,4TH ST,BERLYN AV,0,NA,Y,A,-,N,NA,NA,NA,NA,NA,NA,NA,NA,NA,Y,3,0,1,2,A,-,09,21804,NA,N,D,C,A,A,H,-,C,A,0,NA,NA,Y,NA,Y,NA,D,22,0,1,0,0,0,0,0,0,1,-,-,NA,NA,SAN BERNARDINO,ONTARIO,-117.63896942138672,34.07794189453125
8997721,2018,2019-12-20,3607,2018-08-20,0732,19993,56,1,5,6,3607,0,0,0,NA,0,011,MOUNTAIN AV,I ST,100,S,N,A,-,N,NA,NA,NA,NA,NA,NA,NA,NA,NA,Y,3,0,1,2,A,-,09,21804,A,N,D,C,A,A,H,-,A,A,0,NA,NA,NA,NA,Y,NA,D,22,0,1,0,0,0,0,0,0,0,-,-,NA,NA,SAN BERNARDINO,ONTARIO,-117.67008972167967,34.07392501831055
8997980,2018,2019-12-26,3607,2018-04-24,1046,80248,209,2,5,6,3607,0,0,0,NA,0,071,GROVE AV,FRANCIS ST,150,N,N,A,-,N,NA,NA,NA,NA,NA,NA,NA,NA,NA,Y,4,0,1,3,A,-,03,22350,NA,N,C,C,A,A,H,-,A,D,0,NA,NA,NA,NA,Y,NA,A,01,0,0,1,0,0,0,0,0,0,-,-,NA,NA,SAN BERNARDINO,ONTARIO,-117.6285400390625,34.041622161865234
8999241,2018,2019-12-11,3607,2018-04-21,0855,19995,41,6,5,6,3607,0,0,0,NA,0,011,MOUNTAIN AV,4TH ST,100,S,N,A,-,N,NA,NA,NA,NA,NA,NA,NA,NA,NA,Y,4,0,2,2,A,-,09,21804,A,N,B,C,A,A,H,-,A,A,0,NA,NA,NA,NA,Y,NA,A,07,0,0,2,0,0,0,0,0,0,-,-,NA,NA,SAN BERNARDINO,ONTARIO,-117.67011260986328,34.07759475708008
8999257,2018,2019-12-11,3607,2018-04-25,1552,80266,183,3,5,6,3607,0,0,0,NA,0,051,BELMONT ST,VINE AV,40,E,N,A,-,N,NA,NA,NA,NA,NA,NA,NA,NA,NA,Y,4,0,1,3,A,-,08,22107,NA,N,C,E,A,A,H,-,A,A,0,NA,NA,NA,NA,Y,NA,A,01,0,0,1,0,0,0,0,0,0,-,-,NA,NA,SAN BERNARDINO,ONTARIO,-117.6557159423828,34.0513916015625
8999262,2018,2019-12-11,3607,2018-04-28,1650,80558,297,6,5,6,3607,0,0,0,NA,0,MILL,MILLS CIR,FRANKLIN AV,400,W,N,A,-,N,NA,NA,NA,NA,NA,NA,NA,NA,NA,N,4,0,1,2,A,-,04,21703,NA,N,C,C,A,A,H,-,A,A,0,NA,NA,NA,NA,Y,NA,A,07,0,0,1,0,0,0,0,0,0,-,-,NA,NA,SAN BERNARDINO,ONTARIO,-117.55381774902344,34.07085037231445
8978508,2019,2019-12-05,3600,2019-10-29,0757,G6641,AP003,2,5,5,3621,0,0,0,NA,0,AP1,THUNDERBIRD RD,TONEKAI RD,84,W,N,A,-,N,NA,NA,NA,NA,NA,NA,NA,NA,NA,Y,4,0,1,2,A,-,08,22107,NA,N,F,C,A,A,H,-,A,A,0,NA,NA,NA,NA,Y,NA,D,22,0,0,1,0,0,0,0,0,0,-,-,NA,NA,SAN BERNARDINO,APPLE VALLEY,-117.22496795654295,34.53066635131836
8999336,2018,2019-12-07,3607,2018-07-11,1129,20052,327,3,5,6,3607,0,0,0,NA,0,041,HAVEN AV,INLAND EMPIRE BL,150,N,N,A,-,N,NA,NA,NA,NA,NA,NA,NA,NA,NA,N,4,0,2,5,A,-,03,22350,NA,N,C,C,A,A,H,-,A,A,0,NA,NA,NA,NA,Y,NA,A,01,0,0,2,0,0,0,0,0,0,-,-,NA,NA,SAN BERNARDINO,ONTARIO,-117.57591247558594,34.072181701660156
8999405,2018,2019-12-17,3607,2018-08-11,1540,80249,339,6,5,6,3607,0,0,0,NA,0,041,ETIWANDA AV,ONTARIO MILLS PKWY,0,NA,Y,A,-,N,NA,NA,NA,NA,NA,NA,NA,NA,NA,Y,3,0,5,2,A,-,12,21453,A,N,D,C,A,A,H,-,A,A,0,NA,NA,NA,NA,Y,NA,-,-,0,1,4,0,0,0,0,0,0,-,-,NA,NA,SAN BERNARDINO,ONTARIO,-117.52420806884766,34.07115173339844
8999434,2018,2019-12-07,3607,2018-08-14,1427,80558,79,2,5,6,3607,0,0,0,NA,0,MILL,4TH ST,FRANKLIN AV,400,W,N,A,-,N,NA,NA,NA,NA,NA,NA,NA,NA,NA,N,4,0,4,3,A,-,03,22350,NA,N,C,C,A,A,H,-,A,A,0,NA,NA,NA,NA,Y,NA,A,01,0,0,4,0,0,0,0,0,0,-,-,NA,NA,SAN BERNARDINO,ONTARIO,-117.55156707763672,34.077171325683594
8999436,2018,2019-12-07,3607,2018-12-14,0628,19890,NA,5,5,6,3607,0,0,0,NA,0,NA,ONTARIO MILLS PKWY,ROCHESTER AV,100,W,N,A,-,N,NA,NA,NA,NA,NA,NA,NA,NA,NA,Y,4,0,1,1,A,-,08,22107,NA,N,E,I,A,A,H,-,A,A,0,NA,NA,NA,NA,Y,NA,A,01,0,0,1,0,0,0,0,0,0,-,-,NA,NA,SAN BERNARDINO,ONTARIO,-117.54634857177734,34.06991958618164
8999447,2018,2019-12-11,3607,2018-05-14,1651,19974,131,1,5,6,3607,0,0,0,NA,0,022,HOLT BL,BON VIEW AV,0,NA,Y,A,-,N,NA,NA,NA,NA,NA,NA,NA,NA,NA,N,3,0,1,2,A,-,05,21650,1,N,D,G,A,A,H,-,A,A,0,NA,Y,NA,NA,Y,NA,L,04,0,1,0,0,0,0,1,0,0,-,-,NA,NA,SAN BERNARDINO,ONTARIO,-117.63720703125,34.06338119506836
8999468,2018,2019-12-11,3607,2018-05-06,2044,80549,11,7,5,6,3607,0,0,0,NA,0,037,5TH ST,HELEN AV,200,E,N,A,-,N,NA,NA,NA,NA,NA,NA,NA,NA,NA,Y,3,0,2,2,A,-,01,23152,A,N,C,E,A,A,H,-,B,D,0,NA,NA,NA,NA,Y,Y,A,01,0,2,0,0,0,0,0,0,0,-,-,NA,NA,SAN BERNARDINO,ONTARIO,-117.6773681640625,34.08146286010742
8999536,2018,2019-12-16,3607,2018-10-04,0720,80557,570,4,5,6,3607,0,0,0,NA,0,082,RIVERSIDE DR,HAVEN AV,0,NA,Y,A,-,N,NA,NA,NA,NA,NA,NA,NA,NA,NA,N,4,0,1,2,A,-,05,21202,A,N,D,G,A,A,H,-,A,A,0,NA,Y,NA,NA,Y,NA,L,04,0,0,1,0,0,0,1,0,0,-,-,NA,NA,SAN BERNARDINO,ONTARIO,-117.57582092285156,34.01905822753906
8999540,2018,2019-12-16,3607,2018-10-03,2145,80522,104,3,5,6,3607,0,0,0,NA,0,022,EUCLID AV,D ST,0,NA,Y,B,-,N,NA,NA,NA,NA,NA,NA,NA,NA,NA,N,4,0,1,2,A,-,01,21221,5,N,D,C,A,A,H,-,C,A,0,NA,NA,Y,NA,Y,Y,C,03,0,0,1,0,0,0,0,0,1,-,-,NA,NA,SAN BERNARDINO,ONTARIO,-117.65120697021484,34.06698989868164
8999545,2018,2019-12-10,3607,2018-06-20,1921,80527,121,3,5,6,3607,0,0,0,NA,0,012,MOUNTAIN AV,D ST,0,NA,Y,A,-,N,NA,NA,NA,NA,NA,NA,NA,NA,NA,Y,4,0,1,2,A,-,09,21801,NA,N,D,C,A,A,H,-,B,A,0,NA,NA,NA,NA,Y,NA,A,07,0,0,1,0,0,0,0,0,0,-,-,NA,NA,SAN BERNARDINO,ONTARIO,-117.67005920410156,34.06694030761719
8999557,2018,2019-12-10,3607,2018-06-18,0339,80547,179,1,5,6,3607,0,0,0,NA,0,051,MOUNTAIN AV,MOUNTAIN ACCESS E,0,NA,Y,A,-,N,NA,NA,NA,NA,NA,NA,NA,NA,NA,Y,3,0,1,1,A,-,01,23152,A,N,E,I,A,A,H,-,C,D,0,NA,NA,NA,NA,Y,Y,A,01,0,1,0,0,0,0,0,0,0,-,-,NA,NA,SAN BERNARDINO,ONTARIO,-117.66764831542967,34.03104019165039
8999609,2018,2019-12-11,3607,2018-08-27,0023,80445,52,1,5,6,3607,0,0,0,NA,0,222,MOUNTAIN AV,PHILADELPHIA ST,0,NA,Y,A,-,N,NA,NA,NA,NA,NA,NA,NA,NA,NA,Y,4,0,1,2,A,-,12,21453,A,N,D,C,A,A,H,-,C,A,0,NA,NA,NA,NA,Y,NA,A,07,0,0,1,0,0,0,0,0,0,-,-,NA,NA,SAN BERNARDINO,ONTARIO,-117.66905212402344,34.03369140625
8999636,2018,2019-12-11,3607,2018-10-11,1220,80313,234,4,5,6,3607,0,0,0,NA,0,062,CAMPUS AV,CEDAR ST,0,NA,Y,A,-,N,NA,NA,NA,NA,NA,NA,NA,NA,NA,Y,4,0,2,2,A,-,09,21801,A,N,D,C,A,A,H,-,A,D,0,NA,NA,NA,NA,Y,NA,A,01,0,0,2,0,0,0,0,0,0,-,-,NA,NA,SAN BERNARDINO,ONTARIO,-117.64156341552734,34.037479400634766
8999693,2018,2019-12-10,3607,2018-01-28,1455,80522,93,7,5,6,3607,0,0,0,NA,0,021,I ST,GROVE AV,5,E,N,A,-,N,NA,NA,NA,NA,NA,NA,NA,NA,NA,N,4,0,1,2,A,-,05,21650,NA,N,H,G,A,A,H,-,A,D,0,NA,Y,NA,NA,Y,NA,L,04,0,0,1,0,0,0,1,0,0,-,-,NA,NA,SAN BERNARDINO,ONTARIO,-117.6296615600586,34.0743408203125
8999706,2018,2019-12-10,3607,2018-01-17,0811,19994,274,3,5,6,3607,0,0,0,NA,0,071,RIVERSIDE DR,VINEYARD AV,0,NA,Y,A,-,N,NA,NA,NA,NA,NA,NA,NA,NA,NA,Y,3,0,3,2,A,-,09,21801,A,N,A,C,A,A,H,-,A,A,0,NA,NA,NA,NA,Y,NA,A,07,0,1,2,0,0,0,0,0,0,-,-,NA,NA,SAN BERNARDINO,ONTARIO,-117.61090087890624,34.01958084106445
8999727,2018,2019-12-12,3607,2018-09-27,0721,19844,256,4,5,6,3607,0,0,0,NA,0,062,CUCAMONGA AV,WALNUT ST,0,NA,Y,A,-,N,NA,NA,NA,NA,NA,NA,NA,NA,NA,N,4,0,2,2,A,-,12,22450,A,N,D,C,A,A,H,-,A,D,0,NA,NA,NA,NA,Y,NA,A,07,0,0,2,0,0,0,0,0,0,-,-,NA,NA,SAN BERNARDINO,ONTARIO,-117.6327667236328,34.02666091918945
8999731,2018,2019-12-12,3607,2018-09-27,1208,19844,116,4,5,6,3607,0,0,0,NA,0,061,AIRPORT DR,GROVE AV,2640,E,N,A,-,N,NA,NA,NA,NA,NA,NA,NA,NA,NA,Y,4,0,1,1,A,-,03,22350,NA,N,E,I,A,A,H,-,A,D,0,NA,NA,NA,NA,Y,NA,A,01,0,0,1,0,0,0,0,0,0,-,-,NA,NA,SAN BERNARDINO,ONTARIO,-117.62043762207033,34.0618782043457
8999753,2018,2019-12-11,3607,2018-05-21,0915,14458,290,1,5,6,3607,0,0,0,NA,0,072,RIVERSIDE DR,ARCHIBALD AV,60,E,N,C,-,N,NA,NA,NA,NA,NA,NA,NA,NA,NA,N,4,0,1,1,A,-,08,22107,NA,N,E,I,A,B,H,-,A,A,0,NA,NA,NA,NA,Y,NA,A,07,0,0,1,0,0,0,0,0,0,-,-,NA,NA,SAN BERNARDINO,ONTARIO,-117.5929946899414,34.019126892089844
8999768,2018,2019-12-10,3607,2018-09-28,1547,19813,148,5,5,6,3607,0,0,0,NA,0,012,HOLT BL,BOULDER AV,50,W,N,A,-,N,NA,NA,NA,NA,NA,NA,NA,NA,NA,Y,3,0,1,2,A,-,08,22107,NA,N,B,C,A,A,H,-,A,D,0,NA,NA,NA,NA,Y,NA,A,01,0,1,0,0,0,0,0,0,0,-,-,NA,NA,SAN BERNARDINO,ONTARIO,-117.66547393798828,34.063331604003906
8999789,2018,2019-12-11,3607,2018-05-13,2053,80515,310,7,5,6,3607,0,0,0,NA,0,MILL,ONTARIO MILLS DR,4TH ST,256,S,N,A,-,N,NA,NA,NA,NA,NA,NA,NA,NA,NA,Y,3,0,2,2,A,-,09,21801,A,N,A,C,A,A,H,-,C,A,0,NA,NA,NA,NA,Y,NA,A,01,0,1,1,0,0,0,0,0,0,-,-,NA,NA,SAN BERNARDINO,ONTARIO,-117.54633331298828,34.07644271850586
8999797,2018,2019-12-11,3607,2018-05-03,1719,19890,212,4,5,6,3607,0,0,0,NA,0,042,MISSION BL,ARCHIBALD AV,0,NA,Y,A,-,N,NA,NA,NA,NA,NA,NA,NA,NA,NA,Y,3,0,1,2,A,-,12,21457,A,N,D,C,A,A,H,-,A,A,0,NA,NA,NA,NA,Y,NA,A,01,0,1,0,0,0,0,0,0,0,-,-,NA,NA,SAN BERNARDINO,ONTARIO,-117.59335327148438,34.04397964477539
8999800,2018,2019-12-10,3607,2018-08-17,1544,20040,135,5,5,6,3607,0,0,0,NA,0,032,HOLT BL,IMPERIAL AV,50,E,N,A,-,N,NA,NA,NA,NA,NA,NA,NA,NA,NA,Y,3,0,2,3,A,-,05,21650,NA,N,A,C,A,A,H,-,A,A,0,NA,NA,NA,NA,Y,NA,A,01,0,1,1,0,0,0,0,0,0,-,-,NA,NA,SAN BERNARDINO,ONTARIO,-117.62268829345705,34.06344985961914
8999840,2018,2019-12-12,3607,2018-09-19,0858,19890,129,3,5,6,3607,0,0,0,NA,0,022,NOCTA ST,ALLYN AV,15,W,N,A,-,N,NA,NA,NA,NA,NA,NA,NA,NA,NA,N,4,0,1,2,A,-,12,22450,A,N,G,B,D,A,H,-,A,A,0,Y,NA,NA,NA,Y,NA,A,01,0,0,1,0,1,0,0,0,0,-,-,NA,NA,SAN BERNARDINO,ONTARIO,-117.63726043701172,34.06521987915039
8999854,2018,2019-12-11,3607,2018-10-28,0219,19994,194,7,5,6,3607,0,0,0,NA,0,052,JACARANDA ST,MOUNTAIN AV,250,E,N,A,-,N,NA,NA,NA,NA,NA,NA,NA,NA,NA,Y,4,0,1,3,A,-,01,23152,A,M,A,E,A,A,H,-,C,D,0,NA,NA,NA,NA,Y,Y,A,01,0,0,1,0,0,0,0,0,0,-,-,NA,NA,SAN BERNARDINO,ONTARIO,-117.66912841796876,34.04499053955078
8999862,2018,2019-12-11,3607,2018-10-27,1244,19955,87,6,5,6,3607,0,0,0,NA,0,011,W G ST,N BOULDER AV,100,E,N,A,-,N,NA,NA,NA,NA,NA,NA,NA,NA,NA,Y,4,0,1,2,A,-,08,22107,NA,N,C,E,A,A,H,-,A,D,0,NA,NA,NA,NA,Y,NA,A,01,0,0,1,0,0,0,0,0,0,-,-,NA,NA,SAN BERNARDINO,ONTARIO,-117.66500854492188,34.070579528808594
8966549,2019,2020-09-17,3609,2019-09-15,1946,9826,RI190,7,5,5,3609,0,0,0,NA,0,004,RIVERSIDE AV,RT 10,0,NA,Y,A,-,Y,SBD,8,10,-,-,19.849,R,4,W,N,4,0,1,2,A,-,12,21453,NA,N,B,C,A,A,H,-,C,A,0,NA,NA,NA,NA,Y,NA,-,NA,0,0,1,0,0,0,0,0,0,-,WO,34.06937026977539,-117.37039947509766,SAN BERNARDINO,RIALTO,-117.3724365234375,34.06882095336914