CASE_ID,ACCIDENT_YEAR,PROC_DATE,JURIS,COLLISION_DATE,COLLISION_TIME,OFFICER_ID,REPORTING_DISTRICT,DAY_OF_WEEK,CHP_SHIFT,POPULATION,CNTY_CITY_LOC,SPECIAL_COND,BEAT_TYPE,CHP_BEAT_TYPE,CITY_DIVISION_LAPD,CHP_BEAT_CLASS,BEAT_NUMBER,PRIMARY_RD,SECONDARY_RD,DISTANCE,DIRECTION,INTERSECTION,WEATHER_1,WEATHER_2,STATE_HWY_IND,CALTRANS_COUNTY,CALTRANS_DISTRICT,STATE_ROUTE,ROUTE_SUFFIX,POSTMILE_PREFIX,POSTMILE,LOCATION_TYPE,RAMP_INTERSECTION,SIDE_OF_HWY,TOW_AWAY,COLLISION_SEVERITY,NUMBER_KILLED,NUMBER_INJURED,PARTY_COUNT,PRIMARY_COLL_FACTOR,PCF_CODE_OF_VIOL,PCF_VIOL_CATEGORY,PCF_VIOLATION,PCF_VIOL_SUBSECTION,HIT_AND_RUN,TYPE_OF_COLLISION,MVIW,PED_ACTION,ROAD_SURFACE,ROAD_COND_1,ROAD_COND_2,LIGHTING,CONTROL_DEVICE,CHP_ROAD_TYPE,PEDESTRIAN_ACCIDENT,BICYCLE_ACCIDENT,MOTORCYCLE_ACCIDENT,TRUCK_ACCIDENT,NOT_PRIVATE_PROPERTY,ALCOHOL_INVOLVED,STWD_VEHTYPE_AT_FAULT,CHP_VEHTYPE_AT_FAULT,COUNT_SEVERE_INJ,COUNT_VISIBLE_INJ,COUNT_COMPLAINT_PAIN,COUNT_PED_KILLED,COUNT_PED_INJURED,COUNT_BICYCLIST_KILLED,COUNT_BICYCLIST_INJURED,COUNT_MC_KILLED,COUNT_MC_INJURED,PRIMARY_RAMP,SECONDARY_RAMP,LATITUDE,LONGITUDE,COUNTY,CITY,POINT_X,POINT_Y
9037093,2020,2020-03-12,3610,2020-01-09,1840,50696,NA,4,5,6,3610,0,0,0,NA,0,ADAM,S IRIS ST,W CHESTNUT ST,0,NA,Y,A,-,N,NA,NA,NA,NA,NA,NA,NA,NA,NA,N,4,0,1,2,A,-,10,21950,A,F,G,B,B,-,H,-,C,D,0,Y,NA,NA,NA,Y,NA,-,NA,0,0,1,0,1,0,0,0,0,-,-,34.131248474121094,-117.32250213623048,SAN BERNARDINO,SAN BERNARDINO,-117.33804321289063,34.09321975708008
9037179,2019,2020-02-06,3600,2019-12-02,2044,G7668,RC06,1,5,6,3616,0,0,0,NA,0,006,EAST AV,BASELINE RD,0,NA,Y,A,-,N,NA,NA,NA,NA,NA,NA,NA,NA,NA,N,3,0,1,2,A,-,00,21954,NA,N,G,B,B,A,H,-,C,A,0,Y,NA,Y,NA,Y,Y,N,60,0,1,0,0,1,0,0,0,0,-,-,NA,NA,SAN BERNARDINO,RANCHO CUCAMONGA,-117.51451873779295,34.121551513671875
90372249,2017,2017-01-18,9834,2017-01-04,0515,015771,NA,3,3,9,3600,0,1,1,NA,2,040,I-40 E/B,MARBLE WASH (54-1274L),1584,E,N,A,-,Y,NA,NA,40,NA,NA,NA,NA,NA,E,Y,3,0,1,1,A,-,08,22107,NA,N,F,A,A,A,H,-,D,D,0,NA,NA,NA,Y,Y,NA,G,25,0,1,0,0,0,0,0,0,0,-,-,34.72416,-115.631,SAN BERNARDINO,UNINCORPORATED,-115.63099898,34.72415225
90325249,2016,2016-11-21,9835,2016-11-15,0505,015807,NA,2,3,9,3600,0,1,1,NA,2,074,INTERSTATE 15 NORTHBOUND,AFTON RD.,5808,N,N,A,-,Y,NA,NA,NA,NA,NA,NA,NA,NA,NA,Y,4,0,1,1,A,-,08,22107,NA,N,F,A,A,A,H,-,D,D,0,NA,NA,NA,NA,Y,NA,A,01,0,0,1,0,0,0,0,0,0,-,-,35.4451,-116.235,SAN BERNARDINO,UNINCORPORATED,-116.39629188,35.07907835
90373353,2017,2017-01-19,9860,2017-01-11,0240,020595,NA,3,3,5,3609,0,1,1,NA,2,201,SR-210 E/B,HIGHLAND AVE,1000,E,N,C,-,Y,NA,NA,210,NA,NA,NA,NA,NA,E,Y,4,0,1,1,A,-,08,22107,NA,N,E,I,A,B,H,-,C,D,0,NA,NA,NA,NA,Y,NA,A,01,0,0,1,0,0,0,0,0,0,-,-,34.13612,-117.36509,SAN BERNARDINO,RIALTO,-117.36508534,34.13605482
90325260,2016,2016-11-21,9835,2016-11-16,0234,015354,NA,3,3,9,3600,0,1,1,NA,2,075,INTERSTATE 15 NORTHBOUND,E. BAKER BLVD.,24446,N,N,A,-,Y,NA,NA,NA,NA,NA,NA,NA,NA,NA,Y,4,0,2,2,A,-,03,22350,NA,N,C,C,A,A,H,-,D,D,0,NA,NA,NA,Y,Y,NA,G,25,0,0,2,0,0,0,0,0,0,-,-,35.1941,-115.5982,SAN BERNARDINO,UNINCORPORATED,NA,NA
90327092,2016,2016-11-22,9855,2016-11-10,2035,018000,NA,4,2,5,3630,0,1,3,NA,2,071,SR-71 N/B (CHINO FWY),GRAND AVE,250,N,N,A,-,Y,NA,NA,71,NA,NA,NA,NA,NA,N,Y,3,0,1,2,A,-,03,22350,NA,N,C,C,A,A,H,-,C,D,0,NA,NA,NA,NA,Y,NA,A,01,0,1,0,0,0,0,0,0,0,-,-,34.00532,-117.72733,SAN BERNARDINO,CHINO HILLS,-117.7273791,34.0052708
90328773,2016,2016-11-23,9855,2016-11-15,0730,012923,NA,2,1,6,3607,0,1,3,NA,2,601,SR-60 W/B (POMONA FWY),VINEYARD AVE.,875,W,N,A,-,Y,NA,NA,60,NA,NA,NA,NA,NA,W,N,4,0,1,3,A,-,03,22350,NA,N,C,C,A,A,H,-,A,D,0,NA,NA,NA,Y,Y,NA,F,26,0,0,1,0,0,0,0,0,0,-,-,34.03073,-117.61891,SAN BERNARDINO,ONTARIO,-117.61890972,34.03060167
9037756,2019,2020-02-07,3600,2019-12-05,0632,A9947,RC020,4,5,6,3616,0,0,0,NA,0,RC5,ELM AV,CHURCH ST,0,NA,Y,A,-,N,NA,NA,NA,NA,NA,NA,NA,NA,NA,Y,4,0,2,2,A,-,09,21801,A,N,A,C,A,A,H,-,A,A,0,NA,NA,NA,NA,Y,NA,A,01,0,0,2,0,0,0,0,0,0,-,-,NA,NA,SAN BERNARDINO,RANCHO CUCAMONGA,-117.56992340087892,34.111541748046875
90378255,2017,2017-01-26,9855,2017-01-23,1140,017808,NA,1,1,9,3600,0,3,5,NA,2,001,VALLEY BLVD.,CALABASH AVE.,0,NA,Y,C,-,N,NA,NA,NA,NA,NA,NA,NA,NA,NA,Y,4,0,1,3,A,-,12,21453,A,F,D,C,A,B,H,-,A,A,0,NA,NA,NA,Y,Y,NA,-,99,0,0,1,0,0,0,0,0,0,-,-,34.07008,-117.50197,SAN BERNARDINO,UNINCORPORATED,-117.50189004,34.07014003
9033180,2020,2020-11-03,3600,2020-01-11,0219,G7675,AP014,6,5,5,3621,0,0,0,NA,0,AP2,RT 18,OCOTILLA RD,215,W,N,A,-,Y,SBD,8,18,-,-,87.42,H,-,S,Y,3,0,1,1,A,-,01,23152,NA,N,F,I,A,A,H,-,D,D,0,NA,NA,NA,NA,Y,Y,D,22,0,1,0,0,0,0,0,0,0,-,-,NA,NA,SAN BERNARDINO,APPLE VALLEY,-117.164794921875,34.5007438659668
90335932,2016,2017-03-08,9835,2016-11-10,2250,021175,NA,4,3,9,3600,0,3,5,NA,2,037,AMBOY ROAD,NATIONAL TRAILS HWY,35904,S,N,A,-,N,NA,NA,NA,NA,NA,NA,NA,NA,NA,Y,1,1,3,1,A,-,08,22107,NA,N,E,I,A,A,H,-,D,D,0,NA,NA,NA,NA,Y,NA,A,01,0,3,0,0,0,0,0,0,0,-,-,34.46386,-115.74224,SAN BERNARDINO,UNINCORPORATED,-115.74346,34.47828
90380953,2017,2017-01-30,9860,2017-01-20,1116,016646,NA,5,1,6,3610,0,1,1,NA,2,103,I-10 W/B,SANTA AN RIVER,20,W,N,B,C,Y,NA,NA,NA,NA,NA,NA,NA,NA,NA,Y,3,0,1,1,A,-,03,22350,NA,N,E,J,A,B,H,-,A,D,0,NA,NA,NA,NA,Y,NA,A,01,0,1,0,0,0,0,0,0,0,-,-,34.06297,-117.30647,SAN BERNARDINO,SAN BERNARDINO,NA,NA
90336889,2016,2016-12-05,9850,2016-11-09,1550,019197,NA,3,2,9,3600,0,2,4,NA,2,067,SHEEP CREEK RD,NIELSON RD,1000,S,N,A,-,N,NA,NA,NA,NA,NA,NA,NA,NA,NA,Y,4,0,1,3,A,-,03,22350,NA,N,C,C,A,A,H,-,A,D,0,NA,NA,NA,NA,Y,NA,A,01,0,0,1,0,0,0,0,0,0,-,-,34.4183,-117.57244,SAN BERNARDINO,UNINCORPORATED,-117.57242248,34.41625966
90338778,2016,2016-12-07,9850,2016-11-26,0600,018211,NA,6,1,9,3600,0,3,5,NA,2,002,RANCHERO RD,FUENTE AVE,0,NA,Y,A,-,N,NA,NA,NA,NA,NA,NA,NA,NA,NA,Y,3,0,4,3,A,-,05,21460,A,N,A,C,A,A,H,-,B,D,0,NA,NA,NA,NA,Y,Y,A,01,0,3,1,0,0,0,0,0,0,-,-,34.38311,-117.36385,SAN BERNARDINO,UNINCORPORATED,-117.36391011,34.38313001
90338997,2016,2017-06-12,9860,2016-09-14,0748,016575,NA,3,1,4,3603,0,1,1,NA,2,102,INTERSTATE-10 EASTBOUND,PEPPER AVENUE,380,W,N,A,-,Y,NA,NA,10,NA,NA,NA,NA,NA,E,Y,1,1,0,2,A,-,08,22107,NA,N,E,I,A,A,D,-,A,D,0,NA,NA,NA,NA,Y,NA,A,01,0,0,0,0,0,0,0,0,0,-,-,34.06877,-117.35415,SAN BERNARDINO,COLTON,-117.35414977,34.06889894
90385530,2017,2017-02-03,9855,2017-01-20,0950,016375,NA,5,1,6,3604,0,1,1,NA,2,201,SR-210 E/B (FOOTHILL FWY),BEECH AVE.,38,E,N,B,C,Y,NA,NA,210,NA,NA,NA,NA,NA,E,Y,2,0,1,3,A,-,03,22350,NA,N,G,B,E,B,H,-,A,D,0,Y,NA,NA,NA,Y,NA,D,22,1,0,0,0,1,0,0,0,0,-,-,34.13589,-117.47087,SAN BERNARDINO,FONTANA,-117.47087888,34.13625033
9036187,2019,2020-01-28,3610,2019-11-27,1021,51013,NA,3,5,6,3610,0,0,0,NA,0,NA,E SUNRISE LN,N GUTHRIE ST,0,NA,Y,A,-,N,NA,NA,NA,NA,NA,NA,NA,NA,NA,Y,4,0,1,1,A,-,03,22350,NA,N,E,I,A,A,H,-,A,D,0,NA,NA,NA,NA,Y,NA,A,01,0,0,1,0,0,0,0,0,0,-,-,34.13153839111328,-117.23927307128906,SAN BERNARDINO,SAN BERNARDINO,-117.2393035888672,34.13151931762695
90363564,2016,2017-01-09,9835,2016-12-28,1720,020883,NA,3,2,9,3600,0,1,1,NA,2,077,I-15 N/B,NEVADA/CALIFORNIA STATE LINE,4382,S,N,A,-,Y,NA,NA,15,NA,NA,NA,NA,NA,N,Y,4,0,3,2,A,-,03,22350,NA,N,C,C,A,A,H,-,D,D,0,NA,NA,NA,NA,Y,NA,A,07,0,0,3,0,0,0,0,0,0,-,-,35.5949,-115.3964,SAN BERNARDINO,UNINCORPORATED,-115.39635642,35.59488135
90363702,2017,2017-02-02,9865,2017-01-04,0808,013542,NA,3,1,9,3600,0,1,3,NA,1,039,SR-38,RAINBOW LN,1584,W,N,A,-,Y,NA,NA,38,NA,NA,NA,NA,NA,NA,Y,4,0,1,1,A,-,03,22350,NA,N,F,I,A,C,H,-,A,D,0,NA,NA,NA,NA,Y,NA,A,01,0,0,1,0,0,0,0,0,0,-,-,34.17165,-116.72082,SAN BERNARDINO,UNINCORPORATED,-116.7208312,34.17172548
90367418,2017,2017-04-28,9850,2017-01-09,0950,019278,NA,1,1,9,3600,0,3,5,NA,2,006,OAK HILL RD,CANITA CT,32,N,N,B,-,N,NA,NA,NA,NA,NA,NA,NA,NA,NA,Y,4,0,1,2,A,-,05,21460,A,N,B,C,A,B,H,-,A,D,0,NA,NA,NA,NA,Y,NA,A,01,0,0,1,0,0,0,0,0,0,-,-,34.3767,-117.4313,SAN BERNARDINO,UNINCORPORATED,-117.43133426,34.37678828
9036770,2019,2020-01-31,3602,2019-11-13,1223,3628,69,3,5,5,3602,0,0,0,NA,0,004,BENSON AV,RIVERSIDE DR,0,NA,Y,A,-,N,NA,NA,NA,NA,NA,NA,NA,NA,NA,N,2,0,1,2,A,-,01,23152,F,N,G,B,B,A,H,-,A,A,0,Y,NA,NA,NA,Y,NA,A,01,1,0,0,0,1,0,0,0,0,-,-,NA,NA,SAN BERNARDINO,CHINO,-117.68060302734376,34.01913070678711
9034752,2019,2020-02-06,3607,2019-11-27,1438,80410,104,3,5,6,3607,0,0,0,NA,0,022,D ST,LEMON AV,0,NA,Y,B,C,N,NA,NA,NA,NA,NA,NA,NA,NA,NA,Y,4,0,2,2,A,-,12,22450,A,N,D,C,A,B,H,-,A,D,0,NA,NA,NA,NA,Y,NA,A,01,0,0,2,0,0,0,0,0,0,-,-,NA,NA,SAN BERNARDINO,ONTARIO,-117.64958190917967,34.06698989868164
9034772,2019,2020-02-06,3607,2019-11-23,1654,20301,338,6,5,6,3607,0,0,0,NA,0,041,ONTARIO MILLS PKWY,BARRINGTON AV,0,NA,Y,A,-,N,NA,NA,NA,NA,NA,NA,NA,NA,NA,Y,3,0,1,2,A,-,09,21802,A,N,D,C,A,A,H,-,C,A,0,NA,NA,NA,NA,Y,NA,A,01,0,1,0,0,0,0,0,0,0,-,-,NA,NA,SAN BERNARDINO,ONTARIO,-117.53115081787108,34.06993865966797
90369797,2017,2017-02-02,9865,2017-01-12,0920,016806,NA,4,1,9,3600,0,1,3,NA,2,011,STATE HIGHWAY 18,PINE AVE WEST,4224,S,N,C,D,Y,NA,NA,18,NA,NA,NA,NA,NA,NA,Y,3,0,1,1,A,-,03,22350,NA,N,F,A,A,C,H,-,A,D,0,NA,NA,NA,NA,Y,NA,D,22,0,1,0,0,0,0,0,0,0,-,-,34.22693,-117.2409,SAN BERNARDINO,UNINCORPORATED,-117.24090023,34.22692968
90349821,2016,2016-12-20,9855,2016-11-22,1830,016829,NA,2,2,6,3607,0,1,1,NA,2,103,I-10 W/B (SAN BERNARDINO FWY),ARCHIBALD AVE.,150,W,N,A,-,Y,NA,NA,NA,NA,NA,NA,NA,NA,NA,Y,4,0,1,3,A,-,03,22350,NA,F,C,C,A,A,H,-,D,D,0,NA,NA,NA,NA,Y,NA,A,01,0,0,1,0,0,0,0,0,0,-,-,NA,NA,SAN BERNARDINO,ONTARIO,-117.59398391,34.06771555
90374308,2017,2017-01-23,9865,2017-01-14,2055,019929,NA,6,2,9,3600,0,1,3,NA,2,032,SR-18,SR-38,528,N,N,B,-,Y,NA,NA,18,NA,NA,NA,NA,NA,NA,Y,3,0,1,2,A,-,03,22350,NA,N,C,C,A,C,H,-,C,D,0,NA,NA,NA,NA,Y,NA,A,07,0,1,0,0,0,0,0,0,0,-,-,34.24175,-116.97639,SAN BERNARDINO,UNINCORPORATED,-116.9764044,34.24189976
90400256,2017,2017-02-27,9860,2017-02-24,0855,017919,NA,5,1,9,3600,0,3,5,NA,2,002,NOLAN ST.,2ND ST,245,N,N,A,-,N,NA,NA,NA,NA,NA,NA,NA,NA,NA,Y,3,0,2,1,A,-,08,22107,NA,N,E,I,A,A,H,-,A,D,0,NA,NA,NA,NA,Y,NA,A,01,0,1,1,0,0,0,0,0,0,-,-,34.16334,-117.34324,SAN BERNARDINO,UNINCORPORATED,-117.3433889,34.16304523
90374397,2017,2017-01-23,9860,2017-01-13,0537,019251,NA,5,3,5,3609,0,1,1,NA,2,201,SR-210 W/B,RIVERSIDE AVE,253,W,N,B,-,Y,NA,NA,210,NA,NA,NA,NA,NA,W,Y,3,0,1,2,A,-,08,22107,NA,N,C,E,A,B,H,-,D,D,0,NA,NA,NA,Y,Y,NA,G,25,0,1,0,0,0,0,0,0,0,-,-,34.13611,-117.37569,SAN BERNARDINO,RIALTO,-117.37568888,34.13598439
9035067,2019,2020-02-13,3611,2019-10-08,1845,3101,3611,2,5,5,3611,0,0,0,NA,0,002,FOOTHILL BL,BENSON AV,299,W,N,A,-,N,NA,NA,NA,NA,NA,NA,NA,NA,NA,NA,4,0,2,3,A,-,03,22350,NA,N,C,C,A,A,H,-,C,D,0,NA,NA,NA,NA,Y,NA,A,01,0,0,2,0,0,0,0,0,0,-,-,NA,NA,SAN BERNARDINO,UPLAND,-117.68183135986328,34.106868743896484
9035071,2019,2020-02-13,3611,2019-10-12,0019,3191,3611,6,5,5,3611,0,0,0,NA,0,004,EUCLID AV,FOOTHILL BL,0,NA,Y,A,-,N,NA,NA,NA,NA,NA,NA,NA,NA,NA,Y,4,0,2,2,A,-,01,23152,A,N,C,C,A,A,H,-,C,A,0,NA,NA,NA,NA,Y,Y,A,07,0,0,2,0,0,0,0,0,0,-,-,NA,NA,SAN BERNARDINO,UPLAND,-117.65171051025392,34.10673904418945
90353432,2016,2016-12-27,9860,2016-12-16,1000,017919,NA,5,1,5,3608,0,1,1,NA,2,105,I-10 W/B TO SR-210 W/B,NEW YORK ST,185,W,N,B,C,Y,NA,NA,10,NA,NA,NA,R,NA,W,Y,4,0,1,2,A,-,07,21658,A,N,E,I,A,B,H,-,A,D,0,NA,NA,NA,Y,Y,NA,G,25,0,0,1,0,0,0,0,0,0,-,-,34.06366,-117.19634,SAN BERNARDINO,REDLANDS,-117.19634,34.06366
90359451,2016,2017-01-03,9835,2016-12-22,1305,020976,NA,4,1,9,3600,0,1,1,NA,2,076,I-15 N/B,CIMA RD,24288,N,N,C,-,Y,NA,NA,NA,NA,NA,NA,NA,NA,NA,Y,3,0,2,4,A,-,03,22350,NA,N,C,C,A,B,H,-,A,D,0,NA,NA,NA,NA,Y,NA,A,01,0,1,1,0,0,0,0,0,0,-,-,NA,NA,SAN BERNARDINO,UNINCORPORATED,-115.60026909,35.46992069
90360235,2016,2017-03-09,9855,2016-12-24,1130,018313,NA,6,1,6,3607,0,1,1,NA,2,101,I-10 E/B (SAN BERNARDINO FWY),MILLIKEN AVE.,800,W,N,A,-,Y,NA,NA,10,NA,NA,NA,NA,NA,E,N,4,0,1,2,A,-,03,22350,NA,N,C,C,A,A,H,-,A,D,0,NA,NA,NA,NA,Y,NA,A,01,0,0,1,0,0,0,0,0,0,-,-,34.06722,-117.56285,SAN BERNARDINO,ONTARIO,-117.56284952,34.06739103
90409777,2017,2017-03-10,9860,2017-03-02,1548,019419,NA,4,2,9,3600,0,1,3,NA,1,382,SR-38,BRYANT ST,2640,W,N,A,-,N,NA,NA,38,NA,NA,NA,NA,NA,NA,Y,3,0,2,1,A,-,08,22107,NA,N,F,A,A,A,H,-,A,D,0,NA,NA,NA,NA,Y,NA,A,07,0,2,0,0,0,0,0,0,0,-,-,34.07612,-117.06358,SAN BERNARDINO,UNINCORPORATED,-117.06358932,34.07620258
90360753,2016,2017-01-04,9855,2016-12-21,1655,016829,NA,3,2,9,3600,0,3,5,NA,2,001,ARROW ROUTE,COTTONWOOD AVE,50,W,N,B,-,N,NA,NA,NA,NA,NA,NA,NA,NA,NA,Y,4,0,2,2,A,-,03,22350,NA,N,C,C,A,B,H,-,D,D,0,NA,NA,NA,NA,Y,NA,A,01,0,0,2,0,0,0,0,0,0,-,-,34.0988,-117.51204,SAN BERNARDINO,UNINCORPORATED,-117.51078469,34.09911861
90388017,2016,2017-02-07,9855,2016-10-06,1106,016090,NA,4,1,6,3616,0,2,S,NA,2,901,BASELINE ROAD,HERMOSA AVENUE,0,NA,Y,A,-,N,NA,NA,NA,NA,NA,NA,NA,NA,NA,Y,4,0,2,3,A,-,12,21453,A,N,D,C,A,A,H,-,A,A,0,NA,NA,NA,NA,Y,NA,A,01,0,0,2,0,0,0,0,0,0,-,-,34.12151,-117.5847,SAN BERNARDINO,RANCHO CUCAMONGA,-117.58469007,34.12153006
90410011,2017,2017-03-10,9870,2017-03-03,0750,019593,NA,5,1,9,3600,0,1,3,NA,1,031,SR-62 (TWENTYNINE PALMS HIGHWAY),BONAIR ROAD,35,E,N,A,-,Y,NA,NA,62,NA,NA,NA,NA,NA,NA,Y,3,0,1,2,A,-,09,21802,A,N,D,C,A,A,H,-,A,A,0,NA,NA,Y,NA,Y,NA,A,01,0,1,0,0,0,0,0,0,1,-,-,34.13514,-116.30616,SAN BERNARDINO,UNINCORPORATED,-116.30615889,34.13500823
90389049,2017,2017-02-08,9855,2017-02-02,0915,012923,NA,4,1,6,3607,0,1,1,NA,2,103,I-10 W/B (SAN BERNARDINO FWY),HAVEN AVE.,1265,W,N,A,-,Y,NA,NA,10,NA,NA,NA,NA,NA,W,N,4,0,1,4,A,-,03,22350,NA,F,C,C,A,A,H,-,A,D,0,NA,NA,NA,NA,Y,NA,A,01,0,0,1,0,0,0,0,0,0,-,-,34.06781,-117.58153,SAN BERNARDINO,ONTARIO,-117.58153238,34.06765524
90372625,2017,2017-01-19,9835,2017-01-08,1745,021160,NA,7,2,9,3600,0,1,1,NA,2,070,INTERSTATE 15 SOUTHBOUND,HODGE RD,4752,N,N,B,-,Y,NA,NA,15,NA,NA,NA,NA,NA,S,Y,3,0,3,2,A,-,07,21658,A,F,E,I,A,A,H,-,D,D,0,NA,NA,NA,NA,Y,NA,D,22,0,1,2,0,0,0,0,0,0,-,-,34.7629,-117.1546,SAN BERNARDINO,UNINCORPORATED,-117.15468991,34.76301157
9037535,2020,2020-10-15,3610,2020-01-05,0915,50789,NA,7,5,6,3610,0,0,0,NA,0,POLICE,RT 18,RT 18 6060,110,N,N,A,-,Y,SBD,8,18,-,R,10.25,H,-,S,Y,3,0,1,1,A,-,03,22350,NA,N,F,I,A,A,H,-,A,D,0,NA,NA,Y,NA,Y,NA,C,02,0,1,0,0,0,0,0,0,1,-,-,NA,NA,SAN BERNARDINO,SAN BERNARDINO,-117.28782653808594,34.189327239990234
90380651,2017,2017-01-27,9855,2017-01-22,2010,017313,NA,7,2,6,3607,0,1,1,NA,2,103,I-10 E/B (SAN BERNARDINO FWY),VINEYARD AVE.,1056,E,N,C,-,Y,NA,NA,NA,NA,NA,NA,NA,NA,NA,Y,4,0,1,1,A,-,08,22107,NA,N,F,A,A,B,H,-,D,D,0,NA,NA,NA,NA,Y,NA,A,01,0,0,1,0,0,0,0,0,0,-,-,NA,NA,SAN BERNARDINO,ONTARIO,-117.60811708,34.06923186
90380725,2017,2017-01-30,9835,2017-01-20,1726,021482,NA,5,2,3,3601,0,1,1,NA,2,071,I-15 N/B,MURIEL DR.,686,N,N,B,C,Y,NA,NA,15,NA,NA,NA,NA,NA,N,Y,2,0,6,1,A,-,17,21711,NA,N,E,I,A,B,H,-,B,D,0,NA,NA,NA,NA,Y,NA,E,23,1,2,3,0,0,0,0,0,0,-,-,34.88942,-117.0037,SAN BERNARDINO,BARSTOW,-117.00365072,34.88935126
90421381,2017,2017-03-27,9860,2017-03-22,1655,016658,NA,3,2,3,3615,0,1,1,NA,2,104,I-10 W/B,TIPPECANOE AVE,1056,E,N,A,-,Y,NA,NA,10,NA,NA,NA,NA,NA,W,Y,3,0,3,2,A,-,03,22350,NA,N,C,C,A,A,H,-,A,D,0,NA,NA,NA,NA,Y,NA,A,01,0,1,2,0,0,0,0,0,0,-,-,34.06572,-117.2565,SAN BERNARDINO,LOMA LINDA,-117.25648283,34.06564576
90382276,2017,2017-01-31,9855,2017-01-17,2220,016215,NA,2,3,5,3602,0,1,3,NA,2,603,SR-60 E/B (POMONA FWY),RAMONA AVENUE,175,W,N,A,-,Y,NA,NA,60,NA,NA,NA,NA,NA,E,Y,4,0,2,2,A,-,07,21658,A,N,B,C,A,A,H,-,C,D,0,NA,NA,NA,Y,Y,NA,G,26,0,0,2,0,0,0,0,0,0,-,-,34.03004,-117.70752,SAN BERNARDINO,CHINO,-117.7075201,34.03005826
90422184,2017,2017-03-28,9835,2017-03-27,1040,019300,NA,1,1,9,3600,0,3,5,NA,2,039,DUMONT DUNES OFF HIGHWAY VEHICLE AREA,DUMONT DUNES RD,10560,S,N,A,-,N,NA,NA,NA,NA,NA,NA,NA,NA,NA,N,4,0,1,2,A,-,03,38305,NA,N,D,C,A,D,B,-,A,D,0,NA,NA,Y,NA,Y,NA,C,02,0,0,1,0,0,0,0,0,1,-,-,35.4038,-116.1554,SAN BERNARDINO,UNINCORPORATED,-116.30294,35.69197
90382432,2017,2017-01-31,9855,2017-01-19,0410,020231,NA,4,3,6,3607,0,1,1,NA,2,152,I-15 S/B (ONTARIO FWY),AIRPORT RD.,1200,S,N,B,C,Y,NA,NA,15,NA,NA,NA,NA,NA,S,Y,4,0,1,3,A,-,03,22350,NA,N,B,C,A,B,H,-,D,D,0,NA,NA,NA,Y,Y,NA,A,01,0,0,1,0,0,0,0,0,0,-,-,34.05563,-117.54696,SAN BERNARDINO,ONTARIO,-117.54687552,34.05558671
90423308,2017,2017-03-29,9855,2017-03-20,0120,020690,NA,1,3,6,3607,0,3,5,NA,2,001,I-10 W/B (SAN BERNARDINO FWY),HAVEN AVE.,1900,W,N,A,-,Y,NA,NA,NA,NA,NA,NA,NA,NA,NA,Y,3,0,1,2,A,-,03,22350,NA,N,C,C,A,A,H,-,D,D,0,NA,NA,NA,NA,Y,NA,A,07,0,1,0,0,0,0,0,0,0,-,-,34.07719,-117.51536,SAN BERNARDINO,ONTARIO,-117.58220657,34.0676727
90423780,2017,2017-03-29,9865,2017-03-24,1613,014729,NA,5,2,9,3600,0,1,3,NA,1,034,STATE ROUTE 18,CAMP ROCK ROAD,10560,S,N,A,-,Y,NA,NA,18,NA,NA,NA,NA,NA,NA,Y,1,1,0,1,A,-,03,22350,NA,N,E,I,A,A,H,-,A,D,0,NA,NA,Y,NA,Y,NA,C,02,0,0,0,0,0,0,0,1,0,-,-,34.3476,-116.84388,SAN BERNARDINO,UNINCORPORATED,-116.84389653,34.34757866
90385122,2017,2017-02-02,9860,2017-01-22,1614,019251,NA,7,2,9,3600,0,1,1,NA,2,151,I-15 N/B,CLEGHORN FIRE ROAD,10560,S,N,C,-,Y,NA,NA,15,NA,NA,NA,NA,NA,N,Y,3,0,1,3,A,-,08,22107,NA,N,B,C,A,B,H,-,A,D,0,NA,NA,NA,NA,Y,NA,A,01,0,1,0,0,0,0,0,0,0,-,-,34.26973,-117.44939,SAN BERNARDINO,UNINCORPORATED,-117.44933799,34.26974052
90427798,2017,2017-04-05,9855,2017-03-28,1650,016889,NA,2,2,6,3607,0,1,1,NA,2,103,I-10 E/B (SAN BERNARDINO FWY),VINEYARD AVE.,1584,W,N,A,-,Y,NA,NA,10,NA,NA,NA,NA,NA,E,N,4,0,1,3,A,-,03,22350,NA,N,C,C,A,A,H,-,A,D,0,NA,NA,NA,NA,Y,NA,A,01,0,0,1,0,0,0,0,0,0,-,-,34.07304,-117.61564,SAN BERNARDINO,ONTARIO,-117.61562366,34.07306845
90415050,2017,2017-03-20,9860,2017-03-13,1633,016575,NA,1,2,6,3610,0,1,1,NA,2,216,I-215 S/B TO BASE LINE ST.,BASE LINE ST.,1186,N,N,A,-,Y,NA,NA,215,NA,NA,NA,R,NA,S,Y,2,0,1,1,A,-,08,22107,NA,N,E,I,A,A,H,-,A,D,0,NA,NA,NA,NA,Y,NA,A,01,1,0,0,0,0,0,0,0,0,-,-,34.12487,-117.30288,SAN BERNARDINO,SAN BERNARDINO,-117.30288,34.12487
90393386,2017,2017-02-15,9835,2017-02-09,0425,020992,NA,4,3,9,3600,0,1,1,NA,2,074,INTERSTATE 15 (MOJAVE FREEWAY),RASOR ROAD,5280,N,N,A,-,Y,NA,NA,15,NA,NA,NA,NA,NA,NA,Y,4,0,1,2,A,-,03,22350,NA,N,C,C,A,A,H,-,D,D,0,NA,NA,NA,Y,Y,NA,G,25,0,0,1,0,0,0,0,0,0,-,-,35.15028,-116.19665,SAN BERNARDINO,UNINCORPORATED,-116.19662483,35.15025677