CASE_ID,ACCIDENT_YEAR,PROC_DATE,JURIS,COLLISION_DATE,COLLISION_TIME,OFFICER_ID,REPORTING_DISTRICT,DAY_OF_WEEK,CHP_SHIFT,POPULATION,CNTY_CITY_LOC,SPECIAL_COND,BEAT_TYPE,CHP_BEAT_TYPE,CITY_DIVISION_LAPD,CHP_BEAT_CLASS,BEAT_NUMBER,PRIMARY_RD,SECONDARY_RD,DISTANCE,DIRECTION,INTERSECTION,WEATHER_1,WEATHER_2,STATE_HWY_IND,CALTRANS_COUNTY,CALTRANS_DISTRICT,STATE_ROUTE,ROUTE_SUFFIX,POSTMILE_PREFIX,POSTMILE,LOCATION_TYPE,RAMP_INTERSECTION,SIDE_OF_HWY,TOW_AWAY,COLLISION_SEVERITY,NUMBER_KILLED,NUMBER_INJURED,PARTY_COUNT,PRIMARY_COLL_FACTOR,PCF_CODE_OF_VIOL,PCF_VIOL_CATEGORY,PCF_VIOLATION,PCF_VIOL_SUBSECTION,HIT_AND_RUN,TYPE_OF_COLLISION,MVIW,PED_ACTION,ROAD_SURFACE,ROAD_COND_1,ROAD_COND_2,LIGHTING,CONTROL_DEVICE,CHP_ROAD_TYPE,PEDESTRIAN_ACCIDENT,BICYCLE_ACCIDENT,MOTORCYCLE_ACCIDENT,TRUCK_ACCIDENT,NOT_PRIVATE_PROPERTY,ALCOHOL_INVOLVED,STWD_VEHTYPE_AT_FAULT,CHP_VEHTYPE_AT_FAULT,COUNT_SEVERE_INJ,COUNT_VISIBLE_INJ,COUNT_COMPLAINT_PAIN,COUNT_PED_KILLED,COUNT_PED_INJURED,COUNT_BICYCLIST_KILLED,COUNT_BICYCLIST_INJURED,COUNT_MC_KILLED,COUNT_MC_INJURED,PRIMARY_RAMP,SECONDARY_RAMP,LATITUDE,LONGITUDE,COUNTY,CITY,POINT_X,POINT_Y
90395919,2017,2017-02-20,9835,2017-02-05,0952,21186,NA,7,1,9,3600,0,1,1,NA,2,073,I-15 S/B,HARVARD ROAD,9029,N,N,A,-,Y,NA,NA,15,NA,NA,NA,NA,NA,S,Y,4,0,3,2,A,-,01,23152,A,N,C,C,A,A,H,-,A,D,0,NA,NA,NA,NA,Y,Y,A,01,0,0,3,0,0,0,0,0,0,-,-,34.97373,-116.6222,SAN BERNARDINO,UNINCORPORATED,-116.62219834,34.97372619
90397487,2017,2017-02-21,9860,2017-02-13,1225,012530,NA,1,1,9,3600,0,3,5,NA,2,002,DATE PLACE,PUMALO ST,40,E,N,A,-,N,NA,NA,NA,NA,NA,NA,NA,NA,NA,N,3,0,2,2,A,-,03,22350,NA,N,C,C,A,A,H,-,A,D,0,NA,NA,NA,NA,Y,NA,A,01,0,2,0,0,0,0,0,0,0,-,-,34.13877,-117.24419,SAN BERNARDINO,UNINCORPORATED,-117.24434987,34.13874495
90397494,2017,2017-02-21,9850,2017-02-09,1853,020898,NA,4,2,9,3600,0,1,3,NA,2,044,SR-247,CAMP ROCK RD,0,NA,Y,A,-,Y,NA,NA,247,NA,NA,NA,NA,NA,NA,Y,3,0,1,2,A,-,09,21802,A,N,D,C,A,A,H,-,D,A,0,NA,NA,NA,NA,Y,NA,E,22,0,1,0,0,0,0,0,0,0,-,-,34.44352,-116.85777,SAN BERNARDINO,UNINCORPORATED,-116.85778101,34.44346706
90398325,2017,2017-02-22,9860,2017-02-14,0700,013945,NA,2,1,4,3603,0,1,1,NA,2,214,I-215 S/B,WASHINGTON ST,1584,N,N,A,-,Y,NA,NA,215,NA,NA,NA,NA,NA,S,Y,4,0,1,3,A,-,03,22350,NA,N,C,C,A,A,H,-,A,D,0,NA,NA,NA,NA,Y,NA,A,01,0,0,1,0,0,0,0,0,0,-,-,34.05035,-117.3038,SAN BERNARDINO,COLTON,-117.30381588,34.0503714
90398390,2017,2017-02-22,9870,2017-02-21,1125,013751,NA,2,1,9,3600,0,1,3,NA,1,031,STATE ROUTE 62 (TWENTYNINE PALMS HWY),EL REPOSO STREET,30,E,N,A,-,Y,NA,NA,62,NA,NA,NA,NA,NA,NA,Y,4,0,2,3,A,-,03,22350,NA,N,C,C,A,A,H,-,A,D,0,NA,NA,NA,NA,Y,NA,A,07,0,0,2,0,0,0,0,0,0,-,-,34.13502,-116.31278,SAN BERNARDINO,UNINCORPORATED,-116.3127798,34.13497674
90399473,2017,2017-02-24,9860,2017-02-15,2335,020595,NA,3,3,9,3600,0,1,1,NA,2,152,I-15 N/B,OAK HILL RD,7920,S,N,A,-,Y,NA,NA,15,NA,NA,NA,NA,NA,N,Y,4,0,1,2,A,-,01,23152,A,N,B,C,A,A,H,-,D,D,0,NA,NA,NA,NA,Y,Y,A,08,0,0,1,0,0,0,0,0,0,-,-,34.34376,-117.44934,SAN BERNARDINO,UNINCORPORATED,-117.44936305,34.34383385
90404312,2017,2017-03-02,9855,2017-02-23,1232,019121,NA,4,1,6,3607,0,1,3,NA,2,601,SR-60 (POMONA FWY) W/B,HAVEN AVE,30,W,N,B,-,Y,NA,NA,60,NA,NA,NA,NA,NA,W,Y,3,0,1,1,A,-,08,22107,NA,N,F,A,A,A,H,-,A,D,0,NA,NA,NA,NA,Y,NA,D,22,0,1,0,0,0,0,0,0,0,-,-,34.02932,-117.57656,SAN BERNARDINO,ONTARIO,-117.57656261,34.02931054
90443687,2017,2017-04-27,9860,2017-04-20,0646,15763,NA,4,1,4,3603,0,1,1,NA,2,214,I-215 S/B,WASHINGTON STREET,528,N,N,A,-,Y,NA,NA,215,NA,NA,NA,NA,NA,S,Y,4,0,1,2,A,-,03,22350,NA,N,C,C,A,A,H,-,A,D,0,NA,NA,NA,NA,Y,NA,A,07,0,0,1,0,0,0,0,0,0,-,-,34.04871,-117.30614,SAN BERNARDINO,COLTON,-117.30615049,34.04872498
90405866,2017,2017-03-06,9860,2017-02-18,0616,017018,NA,6,1,5,3609,0,1,1,NA,2,201,SR-210 WESTBOUND,PEPPER AVE,100,W,N,B,C,Y,NA,NA,210,NA,NA,NA,NA,NA,W,N,4,0,1,2,A,-,07,21658,A,F,B,C,A,B,H,-,B,D,0,NA,NA,NA,NA,Y,NA,A,01,0,0,1,0,0,0,0,0,0,-,-,34.13464,-117.35399,SAN BERNARDINO,RIALTO,-117.35398959,34.13464306
9040826,2019,2020-02-05,3602,2019-12-27,1519,1256,NA,5,5,5,3602,0,0,0,NA,0,003,EUCALYPTUS AV,RAMONA AV,173,W,N,A,-,N,NA,NA,NA,NA,NA,NA,NA,NA,NA,Y,3,0,2,2,A,-,03,22350,NA,N,C,C,A,A,H,-,A,D,0,NA,NA,NA,NA,Y,NA,A,01,0,2,0,0,0,0,0,0,0,-,-,NA,NA,SAN BERNARDINO,CHINO,-117.70704650878906,33.989906311035156
90448598,2017,2017-05-03,9865,2017-04-25,1705,014696,NA,2,2,9,3600,0,3,5,NA,2,001,CREST FOREST DRIVE,VALLEY VIEW DRIVE,315,E,N,A,-,N,NA,NA,NA,NA,NA,NA,NA,NA,NA,Y,3,0,1,1,A,-,01,23152,A,N,E,I,A,A,H,-,A,D,0,NA,NA,NA,NA,Y,Y,D,22,0,1,0,0,0,0,0,0,0,-,-,34.23561,-117.30625,SAN BERNARDINO,UNINCORPORATED,-117.30606584,34.23574782
90449591,2017,2017-05-04,9860,2017-04-26,1405,021587,NA,3,2,6,3604,0,1,1,NA,2,102,I-10 W/B TO SIERRA AVE N/B,SIERRA AVE,140,E,N,A,-,Y,NA,NA,10,NA,NA,NA,R,NA,W,N,4,0,1,2,A,-,21,22106,NA,N,C,C,A,A,H,-,A,A,0,NA,NA,NA,NA,Y,NA,A,07,0,0,1,0,0,0,0,0,0,-,-,34.06787,-117.43502,SAN BERNARDINO,FONTANA,-117.43502,34.06787
90408988,2017,2017-03-09,9860,2017-02-28,1430,012988,NA,2,2,6,3610,0,1,1,NA,2,103,I-10 W/B TO I-215 S/B,HUNTS LANE,50,E,N,A,-,Y,NA,NA,10,NA,NA,NA,R,NA,W,N,4,0,2,3,A,-,03,22350,NA,N,C,C,A,A,H,-,A,D,0,NA,NA,NA,NA,Y,Y,A,01,0,0,2,0,0,0,0,0,0,-,-,34.06381,-117.28722,SAN BERNARDINO,SAN BERNARDINO,-117.28722,34.06381
90409582,2017,2017-03-09,9860,2017-03-03,1915,020856,NA,5,2,9,3600,0,3,5,NA,2,002,GRANDVIEW AVENUE,DEVORE ROAD,200,S,N,A,-,N,NA,NA,NA,NA,NA,NA,NA,NA,NA,N,4,0,1,1,C,-,18,NA,NA,N,E,H,A,A,H,-,D,D,0,NA,NA,Y,NA,Y,NA,-,-,0,0,1,0,0,0,0,0,1,-,-,34.22559,-117.40321,SAN BERNARDINO,UNINCORPORATED,-117.40301641,34.22553736
90409877,2017,2017-03-10,9870,2017-03-02,1805,018236,NA,4,2,9,3600,0,1,3,NA,1,011,STATE ROUTE 62 (29 PALMS HWY),SENILLIS AVENUE,120,W,N,A,-,Y,NA,NA,62,NA,NA,NA,NA,NA,NA,N,4,0,1,2,A,-,03,22350,NA,N,C,C,A,A,H,-,C,A,0,NA,NA,NA,NA,Y,NA,A,07,0,0,1,0,0,0,0,0,0,-,-,34.04691,-116.58066,SAN BERNARDINO,UNINCORPORATED,-116.58070171,34.04695425
90454273,2017,2017-05-11,9860,2017-05-05,1130,019429,NA,5,1,5,3609,0,1,1,NA,2,102,I-10 W/B,RIVERSIDE AVE,1584,E,N,A,-,Y,NA,NA,10,NA,NA,NA,NA,NA,W,Y,4,0,1,2,A,-,03,22350,NA,N,C,C,A,A,H,-,A,D,0,NA,NA,NA,NA,Y,NA,A,01,0,0,1,0,0,0,0,0,0,-,-,34.06875,-117.36557,SAN BERNARDINO,RIALTO,-117.36557327,34.06889756
90409943,2017,2017-03-10,9835,2017-03-02,1230,021176,NA,4,1,9,3600,0,2,4,NA,1,017,IRWIN RD,FOSSIL BED RD,7392,S,N,A,-,N,NA,NA,NA,NA,NA,NA,NA,NA,NA,Y,3,0,1,1,A,-,08,22107,NA,N,E,J,A,A,H,-,A,D,0,NA,NA,NA,NA,Y,NA,A,01,0,1,0,0,0,0,0,0,0,-,-,34.96737,-117.01584,SAN BERNARDINO,UNINCORPORATED,-117.01528879,34.96814141
90386665,2017,2017-02-06,9855,2017-01-27,1455,020769,NA,5,2,5,3611,0,1,1,NA,2,103,I-10 E/B (SAN BERNARDINO FWY),MOUNTAIN AVE.,200,E,N,A,-,Y,NA,NA,10,NA,NA,NA,NA,NA,E,Y,4,0,1,3,A,-,03,22350,NA,N,C,C,A,A,H,-,A,D,0,NA,NA,NA,NA,Y,NA,A,01,0,0,1,0,0,0,0,0,0,-,-,34.08717,-117.66045,SAN BERNARDINO,UPLAND,-117.66045014,34.08723752
9041042,2020,2020-03-09,3610,2020-01-01,0150,51134,NA,3,5,6,3610,0,0,0,NA,0,CHARLI,9TH ST,VALENCIA AV,410,E,N,A,-,N,NA,NA,NA,NA,NA,NA,NA,NA,NA,Y,3,0,1,2,A,-,03,22350,NA,N,C,E,A,A,H,-,C,D,0,NA,NA,NA,NA,Y,NA,A,01,0,1,0,0,0,0,0,0,0,-,-,34.11579132080078,-117.27880096435548,SAN BERNARDINO,SAN BERNARDINO,-117.27040100097656,34.115760803222656
90428433,2017,2017-04-05,9860,2017-03-29,1120,016658,NA,3,1,3,3615,0,1,1,NA,2,104,I-10 W/B,RICHARDSON ST,100,W,N,A,-,Y,NA,NA,10,NA,NA,NA,NA,NA,W,Y,4,0,2,1,A,-,08,22107,NA,N,E,I,A,A,H,-,A,D,0,NA,NA,NA,NA,Y,NA,A,01,0,0,2,0,0,0,0,0,0,-,-,34.0661,-117.25416,SAN BERNARDINO,LOMA LINDA,-117.25417871,34.06618057
90429769,2017,2017-04-07,9855,2017-03-31,1525,020904,NA,5,2,4,3605,0,1,1,NA,2,103,I-10 W/B (SAN BERNARDINO FWY),MONTE VISTA AVE.,1325,E,N,A,-,Y,NA,NA,10,NA,NA,NA,NA,NA,W,Y,3,0,2,3,A,-,03,22350,NA,N,C,C,A,A,H,-,A,D,0,NA,NA,NA,NA,Y,NA,A,01,0,1,1,0,0,0,0,0,0,-,-,34.0836,-117.69408,SAN BERNARDINO,MONTCLAIR,-117.69410403,34.08365493
90430016,2017,2017-04-07,9855,2017-04-02,0012,020081,NA,7,3,6,3607,0,1,1,NA,2,101,I-10 W/B TO MILLIKEN AVE.,MILLIKEN AVE.,200,W,N,A,-,Y,NA,NA,10,NA,NA,NA,R,NA,W,Y,3,0,1,1,A,-,01,23152,A,N,E,I,A,A,H,-,D,D,0,NA,NA,NA,NA,Y,Y,A,01,0,1,0,0,0,0,0,0,0,-,-,34.0679,-117.5591,SAN BERNARDINO,ONTARIO,-117.5591,34.0679
9043093,2020,2020-02-20,3608,2020-01-29,1135,3675,NA,3,5,5,3608,0,0,0,NA,0,NA,MOUNTAIN VIEW AV,ALMOND AV,0,NA,Y,A,-,N,NA,NA,NA,NA,NA,NA,NA,NA,NA,N,3,0,2,2,A,-,12,21453,A,N,D,C,A,A,H,-,A,A,0,NA,NA,NA,NA,Y,Y,A,01,0,2,0,0,0,0,0,0,0,-,-,NA,NA,SAN BERNARDINO,REDLANDS,-117.2436294555664,34.07426834106445
90438071,2017,2017-04-19,9855,2017-04-14,1650,016889,NA,5,2,5,3611,0,1,1,NA,2,103,I-10 E/B (SAN BERNARDINO FWY),MOUNTAIN AVE.,60,E,N,A,-,Y,NA,NA,10,NA,NA,NA,NA,NA,E,N,4,0,2,2,A,-,03,22350,NA,N,C,C,A,A,H,-,A,D,0,NA,NA,NA,NA,Y,NA,A,01,0,0,2,0,0,0,0,0,0,-,-,34.08711,-117.66967,SAN BERNARDINO,UPLAND,-117.66967087,34.08719288
90415276,2017,2017-03-20,9865,2017-03-05,2240,020073,NA,7,3,9,3600,0,1,3,NA,2,015,SR-189,BALSAM LN,500,E,N,B,-,Y,NA,NA,189,NA,NA,NA,NA,NA,NA,Y,4,0,1,1,A,-,03,22350,NA,M,E,I,A,C,H,-,D,D,0,NA,NA,NA,NA,Y,NA,A,01,0,0,1,0,0,0,0,0,0,-,-,34.23953,-117.2298,SAN BERNARDINO,UNINCORPORATED,-117.22980437,34.23946398
90461987,2017,2017-05-23,9850,2017-05-14,0835,020758,NA,7,1,5,3612,0,1,1,NA,2,083,I-15 SOUTHBOUND,NISQUALLI RD,2006,N,N,A,-,Y,NA,NA,15,NA,NA,NA,NA,NA,S,Y,1,1,1,1,A,-,08,22107,NA,N,E,I,A,A,H,-,A,D,0,NA,NA,NA,Y,Y,NA,F,26,1,0,0,0,0,0,0,0,0,-,-,34.49055,-117.33237,SAN BERNARDINO,VICTORVILLE,-117.33229817,34.49050517
90405744,2017,2017-03-06,9860,2017-03-02,1800,020856,NA,4,2,4,3603,0,1,1,NA,2,103,I-10 W/B,RANCHO AVENUE,600,E,N,A,-,Y,NA,NA,10,NA,NA,NA,NA,NA,W,N,4,0,2,3,A,-,03,22350,NA,N,C,C,A,A,H,-,B,D,0,NA,NA,NA,NA,Y,NA,A,01,0,0,2,0,0,0,0,0,0,-,-,34.06696,-117.33383,SAN BERNARDINO,COLTON,-117.33381364,34.06703763
9041676,2020,2020-02-28,3610,2020-01-17,1418,NA,NA,5,5,6,3610,0,0,0,NA,0,POLICE,SOUTH WATERMAN AV,REDLANDS BL,185,S,N,A,-,N,NA,NA,NA,NA,NA,NA,NA,NA,NA,Y,4,0,1,2,A,-,09,21804,A,N,D,C,A,A,H,-,A,D,0,NA,NA,NA,NA,Y,NA,A,01,0,0,1,0,0,0,0,0,0,-,-,34.06304931640625,-117.2786865234375,SAN BERNARDINO,SAN BERNARDINO,-117.27870941162108,34.06248474121094
90418798,2017,2017-03-23,9855,2017-03-16,1510,020769,NA,4,2,6,3607,0,1,1,NA,2,152,I-15 N/B (ONTARIO FWY),4TH STREET,400,S,N,A,-,Y,NA,NA,15,NA,NA,NA,NA,NA,N,N,4,0,1,2,C,-,18,NA,NA,N,C,C,A,A,H,-,A,D,0,NA,NA,NA,NA,Y,NA,-,-,0,0,1,0,0,0,0,0,0,-,-,34.07469,-117.54467,SAN BERNARDINO,ONTARIO,-117.54463089,34.07468992
90421451,2017,2017-03-27,9860,2017-03-22,0600,014686,NA,3,1,9,3600,0,1,1,NA,2,152,I-15 S/B,SR-138,10032,N,N,B,-,Y,NA,NA,15,NA,NA,NA,NA,NA,S,Y,4,0,2,4,A,-,03,22350,NA,N,C,C,A,B,H,-,D,D,0,NA,NA,NA,NA,Y,NA,A,01,0,0,2,0,0,0,0,0,0,-,-,34.33926,-117.48246,SAN BERNARDINO,UNINCORPORATED,-117.48254935,34.33925927
9042320,2019,2020-02-12,3600,2019-12-23,2000,G8525,VC057,1,5,5,3612,0,0,0,NA,0,005,PALMDALE RD,EL EVADO RD,0,NA,Y,B,-,N,NA,NA,NA,NA,NA,NA,NA,NA,NA,N,4,0,1,2,A,-,08,22107,NA,N,D,C,A,A,H,-,C,A,0,NA,NA,NA,NA,Y,NA,D,22,0,0,1,0,0,0,0,0,0,-,-,NA,NA,SAN BERNARDINO,VICTORVILLE,-117.34674835205078,34.50672149658203
90427341,2017,2017-04-04,9850,2017-03-27,1738,019487,NA,1,2,9,3600,0,3,5,NA,2,005,PIONERO ROAD,SACRAMENTO ROAD,302,N,N,A,-,N,NA,NA,NA,NA,NA,NA,NA,NA,NA,Y,3,0,1,1,A,-,01,23152,A,N,F,A,A,A,H,-,A,D,0,NA,NA,NA,NA,Y,Y,A,07,0,1,0,0,0,0,0,0,0,-,-,34.47781,-117.59919,SAN BERNARDINO,UNINCORPORATED,-117.59925164,34.478007410000004
90428154,2017,2017-04-05,9855,2017-03-30,1617,020904,NA,4,2,6,3607,0,1,1,NA,2,101,I-10 W/B (SAN BERNARDINO FWY),HAVEN AVE.,2400,E,N,B,-,Y,NA,NA,10,NA,NA,NA,NA,NA,W,Y,4,0,1,3,A,-,03,22350,NA,N,C,C,A,A,H,-,A,D,0,NA,NA,NA,NA,Y,NA,A,07,0,0,1,0,0,0,0,0,0,-,-,34.06756,-117.56766,SAN BERNARDINO,ONTARIO,-117.56765985,34.06762642
90455198,2017,2017-06-05,9865,2017-05-12,1045,020725,NA,5,1,9,3600,0,1,3,NA,2,045,SR-38,JENKS LAKE RD  W,3696,E,N,A,-,Y,NA,NA,38,NA,NA,NA,NA,NA,NA,Y,3,0,2,2,A,-,03,22350,NA,N,C,C,A,A,H,-,A,D,0,NA,NA,NA,NA,Y,NA,A,08,0,1,1,0,0,0,0,0,0,-,-,34.16877,-116.90153,SAN BERNARDINO,UNINCORPORATED,-116.90156184,34.16877793
90458665,2017,2017-05-23,9850,2017-05-16,1835,017775,NA,2,2,9,3600,0,1,3,NA,2,046,SR-247 N/B,MACDOWELL DRIVE,1056,S,N,A,-,Y,NA,NA,247,NA,NA,NA,NA,NA,N,Y,3,0,1,1,A,-,01,23152,A,N,F,A,A,A,H,-,D,D,0,NA,NA,NA,Y,Y,Y,G,25,0,1,0,0,0,0,0,0,0,-,-,34.49159,-116.94533,SAN BERNARDINO,UNINCORPORATED,-116.94540886,34.49159041
90431211,2017,2017-04-10,9860,2017-04-04,1232,017204,NA,2,1,9,3600,0,1,1,NA,2,151,I-15 N/B,CLEGHORN CANYON CREEK RD,5280,S,N,A,-,Y,NA,NA,15,NA,NA,NA,NA,NA,N,Y,4,0,1,2,A,-,08,22107,NA,N,C,C,A,A,H,-,A,D,0,NA,NA,NA,Y,Y,NA,A,01,0,0,1,0,0,0,0,0,0,-,-,34.2621,-117.44931,SAN BERNARDINO,UNINCORPORATED,-117.44929515,34.26209785
9043125,2020,2020-02-20,3608,2020-01-29,1838,4536,SBSUP,3,5,5,3608,0,0,0,NA,0,NA,CALIFORNIA ST,REDLANDS BL,0,NA,Y,A,-,N,NA,NA,NA,NA,NA,NA,NA,NA,NA,N,3,0,1,2,A,-,10,21950,NA,N,G,B,B,A,H,-,C,A,0,Y,NA,NA,NA,Y,NA,A,01,0,1,0,0,1,0,0,0,0,-,-,34.063209533691406,-117.22601318359376,SAN BERNARDINO,REDLANDS,-117.22638702392578,34.06306838989258
90435802,2017,2017-04-17,9860,2017-04-09,0150,020626,NA,7,3,4,3603,0,1,1,NA,2,102,I-10 W/B,PEPPER AVE.,1500,E,N,A,-,Y,NA,NA,10,NA,NA,NA,NA,NA,W,Y,4,0,1,2,A,-,01,23152,A,M,C,A,A,A,H,-,D,D,0,NA,NA,NA,NA,Y,Y,A,01,0,0,1,0,0,0,0,0,0,-,-,34.06889,-117.3463,SAN BERNARDINO,COLTON,-117.34630102,34.06887437
9044422,2020,2020-02-25,3600,2020-01-10,1738,F6893,CH013,5,5,5,3630,0,0,0,NA,0,004,SOQUEL CANYON PKWY,BUTTERFIELD RANCH RD,491,E,N,A,-,N,NA,NA,NA,NA,NA,NA,NA,NA,NA,N,4,0,1,2,A,-,03,22350,NA,N,C,C,A,A,H,-,C,A,0,NA,NA,NA,NA,Y,NA,A,01,0,0,1,0,0,0,0,0,0,-,-,NA,NA,SAN BERNARDINO,CHINO HILLS,-117.69312286376952,33.963462829589844
90445869,2017,2017-05-01,9860,2017-04-23,1555,019251,NA,7,2,6,3610,0,1,1,NA,2,214,I-215 S/B FROM ORANGE SHOW RD,ORANGE SHOW RD,130,N,N,A,-,Y,NA,NA,215,NA,NA,NA,R,NA,S,N,4,0,1,2,A,-,06,21755,NA,N,B,C,A,A,H,-,A,D,0,NA,NA,NA,Y,Y,NA,A,01,0,0,1,0,0,0,0,0,0,-,-,34.07834,-117.29686,SAN BERNARDINO,SAN BERNARDINO,-117.29686,34.07834
90450315,2017,2017-05-08,9860,2017-04-26,1620,013945,NA,3,2,4,3603,0,1,1,NA,2,103,I-10 E/B,PEPPER AVE,293,E,N,A,-,Y,NA,NA,10,NA,NA,NA,NA,NA,E,Y,3,0,1,4,A,-,07,21658,A,F,B,C,A,A,H,-,A,D,0,NA,NA,NA,Y,Y,NA,A,01,0,1,0,0,0,0,0,0,0,-,-,34.06883,-117.35195,SAN BERNARDINO,COLTON,-117.35194902,34.06887236
90479285,2017,2017-06-15,9860,2017-05-31,1138,016821,NA,3,1,5,3608,0,1,1,NA,2,104,I-10 W/B,MOUNTAIN VIEW AVENUE,220,E,N,A,-,Y,NA,NA,10,NA,NA,NA,NA,NA,W,Y,3,0,1,2,A,-,03,22350,NA,N,C,C,A,A,H,-,A,D,0,NA,NA,NA,NA,Y,NA,D,22,0,1,0,0,0,0,0,0,0,-,-,34.06672,-117.24316,SAN BERNARDINO,REDLANDS,-117.24315992,34.06673623
90451532,2017,2017-05-08,9860,2017-05-01,1700,017098,NA,1,2,5,3608,0,1,1,NA,2,104,I-10 E/B,ALABAMA ST,100,W,N,A,-,Y,NA,NA,10,NA,NA,NA,NA,NA,E,Y,3,0,1,2,A,-,03,22350,NA,N,C,C,A,A,H,-,A,D,0,NA,NA,NA,NA,Y,NA,A,01,0,1,0,0,0,0,0,0,0,-,-,34.06645,-117.20907,SAN BERNARDINO,REDLANDS,-117.20907023,34.06649943
9045235,2020,2020-02-28,3600,2020-01-04,2225,F5280,HI011,6,5,4,3618,0,0,0,NA,0,HI2,VICTORIA AV,PACIFIC ST,0,NA,Y,A,-,N,NA,NA,NA,NA,NA,NA,NA,NA,NA,N,4,0,4,2,A,-,00,21800,2,N,B,C,A,A,D,-,E,B,0,NA,NA,NA,NA,Y,NA,A,01,0,0,4,0,0,0,0,0,0,-,-,34.12847900390625,-117.22621917724608,SAN BERNARDINO,HIGHLAND,-117.22621154785156,34.1285514831543
90454327,2017,2017-05-11,9855,2017-05-06,1342,018727,NA,6,1,6,3607,0,1,1,NA,2,152,I-15 N/B (ONTARIO FWY),FOURTH ST.,1584,N,N,C,-,Y,NA,NA,NA,NA,NA,NA,NA,NA,NA,Y,4,0,2,2,A,-,03,22350,NA,N,C,C,A,B,H,-,A,D,0,NA,NA,NA,NA,Y,NA,A,07,0,0,2,0,0,0,0,0,0,-,-,34.05907,-117.32407,SAN BERNARDINO,ONTARIO,-117.54464,34.07732
90455123,2017,2017-05-15,9850,2017-04-29,0037,018211,NA,6,3,5,3619,0,1,1,NA,2,082,I-15 SOUTHBOUND,JOSHUA ST,40.5,N,N,A,-,Y,NA,NA,15,NA,NA,NA,NA,NA,S,Y,2,0,1,2,A,-,01,23152,A,N,C,C,A,A,H,-,D,D,0,NA,NA,NA,Y,Y,Y,A,08,1,0,0,0,0,0,0,0,0,-,-,34.40642,-117.39643,SAN BERNARDINO,HESPERIA,-117.39641362,34.40640723
90455168,2017,2017-05-15,9865,2017-05-06,1915,019929,NA,6,2,9,3600,0,1,3,NA,1,030,SR-18,LAKE VIEW POINT,1637,N,N,D,-,Y,NA,NA,18,NA,NA,NA,NA,NA,NA,Y,4,0,1,2,A,-,05,21460,A,N,A,C,A,C,H,-,D,D,0,NA,NA,NA,NA,Y,NA,A,07,0,0,1,0,0,0,0,0,0,-,-,34.23728,-117.02589,SAN BERNARDINO,UNINCORPORATED,-117.02587231,34.237269
90455366,2017,2017-05-15,9860,2017-05-07,1210,019429,NA,7,1,9,3600,0,3,5,NA,2,003,VALLEY OF THE FALLS DR,SR-38,250,E,N,D,-,N,NA,NA,NA,NA,NA,NA,NA,NA,NA,Y,3,0,3,3,A,-,03,22350,NA,N,C,C,A,C,H,-,A,D,0,NA,NA,NA,NA,Y,NA,A,07,0,1,2,0,0,0,0,0,0,-,-,34.09572,-116.95744,SAN BERNARDINO,UNINCORPORATED,-116.95785463,34.0956791
90456801,2017,2017-05-16,9855,2017-05-06,2310,020081,NA,6,3,4,3605,0,1,1,NA,2,103,I-10 W/B (SAN BERNARDINO FWY),MONTE VISTA AVE.,1500,W,N,B,-,Y,NA,NA,10,NA,NA,NA,NA,NA,W,Y,4,0,1,2,A,-,07,21658,A,N,B,C,A,B,H,-,C,D,0,NA,NA,NA,NA,Y,NA,A,01,0,0,1,0,0,0,0,0,0,-,-,34.08194,-117.70352,SAN BERNARDINO,MONTCLAIR,-117.70352055,34.08191134
90457790,2017,2017-05-17,9850,2017-05-11,2300,014858,NA,4,3,9,3600,0,2,4,NA,2,053,EL MIRAGE  ROAD,COMMUNITY LN,1478,E,N,A,-,N,NA,NA,NA,NA,NA,NA,NA,NA,NA,Y,3,0,2,1,A,-,08,22107,NA,N,F,A,A,A,H,-,D,D,0,NA,NA,NA,NA,Y,NA,A,07,0,2,0,0,0,0,0,0,0,-,-,34.6022,-117.6561,SAN BERNARDINO,UNINCORPORATED,-117.65652141,34.60218001
90458746,2017,2017-05-18,9860,2017-05-09,0413,020595,NA,2,3,9,3600,0,3,5,NA,2,001,GLEN HELEN PKY,SYCAMORE CREEK DR,3960,N,N,A,-,N,NA,NA,NA,NA,NA,NA,NA,NA,NA,Y,4,0,1,1,A,-,08,22107,NA,N,E,I,A,A,H,-,D,D,0,NA,NA,NA,NA,Y,NA,A,01,0,0,1,0,0,0,0,0,0,-,-,34.19665,-117.41936,SAN BERNARDINO,UNINCORPORATED,-117.42023542,34.195470040000004
90462589,2017,2017-05-24,9855,2017-05-16,1740,016889,NA,2,2,6,3607,0,1,1,NA,2,101,I-10 E/B (SAN BERNARDINO FWY),MILLIKEN AVE.,600,W,N,B,-,Y,NA,NA,10,NA,NA,NA,NA,NA,E,N,4,0,3,3,A,-,03,22350,NA,N,C,C,A,A,H,-,A,D,0,NA,NA,NA,Y,Y,NA,F,26,0,0,3,0,0,0,0,0,0,-,-,34.06728,-117.56049,SAN BERNARDINO,ONTARIO,-117.56048971,34.06738439
90494302,2017,2017-07-06,9860,2017-07-03,1310,015495,NA,1,1,9,3600,0,3,5,NA,2,002,JUNE ST,OGDEN ST,0,NA,Y,A,-,N,NA,NA,NA,NA,NA,NA,NA,NA,NA,Y,3,0,2,4,A,-,01,23152,A,N,D,C,A,A,H,-,A,A,0,NA,NA,NA,NA,Y,Y,D,22,0,1,1,0,0,0,0,0,0,-,-,34.15783,-117.34855,SAN BERNARDINO,UNINCORPORATED,-117.34860005,34.15782011