CASE_ID,ACCIDENT_YEAR,PROC_DATE,JURIS,COLLISION_DATE,COLLISION_TIME,OFFICER_ID,REPORTING_DISTRICT,DAY_OF_WEEK,CHP_SHIFT,POPULATION,CNTY_CITY_LOC,SPECIAL_COND,BEAT_TYPE,CHP_BEAT_TYPE,CITY_DIVISION_LAPD,CHP_BEAT_CLASS,BEAT_NUMBER,PRIMARY_RD,SECONDARY_RD,DISTANCE,DIRECTION,INTERSECTION,WEATHER_1,WEATHER_2,STATE_HWY_IND,CALTRANS_COUNTY,CALTRANS_DISTRICT,STATE_ROUTE,ROUTE_SUFFIX,POSTMILE_PREFIX,POSTMILE,LOCATION_TYPE,RAMP_INTERSECTION,SIDE_OF_HWY,TOW_AWAY,COLLISION_SEVERITY,NUMBER_KILLED,NUMBER_INJURED,PARTY_COUNT,PRIMARY_COLL_FACTOR,PCF_CODE_OF_VIOL,PCF_VIOL_CATEGORY,PCF_VIOLATION,PCF_VIOL_SUBSECTION,HIT_AND_RUN,TYPE_OF_COLLISION,MVIW,PED_ACTION,ROAD_SURFACE,ROAD_COND_1,ROAD_COND_2,LIGHTING,CONTROL_DEVICE,CHP_ROAD_TYPE,PEDESTRIAN_ACCIDENT,BICYCLE_ACCIDENT,MOTORCYCLE_ACCIDENT,TRUCK_ACCIDENT,NOT_PRIVATE_PROPERTY,ALCOHOL_INVOLVED,STWD_VEHTYPE_AT_FAULT,CHP_VEHTYPE_AT_FAULT,COUNT_SEVERE_INJ,COUNT_VISIBLE_INJ,COUNT_COMPLAINT_PAIN,COUNT_PED_KILLED,COUNT_PED_INJURED,COUNT_BICYCLIST_KILLED,COUNT_BICYCLIST_INJURED,COUNT_MC_KILLED,COUNT_MC_INJURED,PRIMARY_RAMP,SECONDARY_RAMP,LATITUDE,LONGITUDE,COUNTY,CITY,POINT_X,POINT_Y
9053274,2019,2020-03-04,3600,2019-12-23,2024,A6870,RCSUP,1,5,6,3616,0,0,0,NA,0,0RM,WATERLAND PL,VERSAILLES ST,0,NA,Y,B,-,N,NA,NA,NA,NA,NA,NA,NA,NA,NA,N,3,0,2,3,A,-,03,22350,NA,N,G,B,B,B,H,-,C,A,0,Y,NA,NA,NA,Y,NA,A,01,0,1,1,0,2,0,0,0,0,-,-,NA,NA,SAN BERNARDINO,RANCHO CUCAMONGA,-117.53330993652344,34.10956954956055
90534734,2017,2017-08-28,9860,2017-08-25,1850,020626,NA,5,2,6,3610,0,1,1,NA,2,202,SR-210 W/B,E ST.,600,E,N,A,-,Y,NA,NA,210,NA,NA,NA,NA,NA,W,N,3,0,1,2,A,-,01,23152,A,N,C,C,A,A,H,-,A,D,0,NA,NA,NA,NA,Y,Y,D,22,0,1,0,0,0,0,0,0,0,-,-,34.14566,-117.29195,SAN BERNARDINO,SAN BERNARDINO,-117.29194965,34.14567673
9053492,2020,2020-05-20,3603,2020-02-09,1658,4920,CPD,7,5,4,3603,0,0,0,NA,0,001,RANCHO AV,OLIVE ST,100,N,N,A,-,N,NA,NA,NA,NA,NA,NA,NA,NA,NA,Y,4,0,1,2,A,-,05,21650,NA,N,A,E,A,A,H,-,C,A,0,NA,NA,NA,NA,Y,NA,A,01,0,0,1,0,0,0,0,0,0,-,-,34.078670501708984,-117.3351593017578,SAN BERNARDINO,COLTON,-117.33490753173828,34.07785415649414
90536832,2017,2017-08-30,9860,2017-08-23,2125,019391,NA,3,2,9,3600,0,1,1,NA,2,102,I-10 E/B,SIERRA AVE,2080,E,N,A,-,Y,NA,NA,NA,NA,NA,NA,NA,NA,NA,N,2,0,1,2,A,-,11,21954,A,N,G,B,E,A,H,-,D,D,0,Y,NA,NA,NA,Y,Y,N,60,1,0,0,0,1,0,0,0,0,-,-,34.06707,-117.42865,SAN BERNARDINO,UNINCORPORATED,-117.43052923,34.06713169
90537924,2017,2017-08-31,9860,2017-08-24,2225,020595,NA,4,3,5,3609,0,1,1,NA,2,201,SR-210 E/B,ALDER AVE,2000,W,N,A,-,Y,NA,NA,210,NA,NA,NA,NA,NA,E,Y,3,0,1,2,A,-,03,22350,NA,N,C,C,A,A,H,-,D,D,0,NA,NA,NA,NA,Y,NA,D,22,0,1,0,0,0,0,0,0,0,-,-,34.13629,-117.42525,SAN BERNARDINO,RIALTO,-117.42525001,34.13629226
90538432,2017,2017-08-31,9860,2017-08-28,1623,016651,NA,1,2,3,3690,0,1,1,NA,2,214,I-215 S/B,BARTON RD,1000,S,N,B,-,Y,NA,NA,215,NA,NA,NA,NA,NA,S,Y,4,0,2,4,A,-,03,22350,NA,N,C,C,A,A,H,-,A,D,0,NA,NA,NA,NA,Y,NA,A,01,0,0,2,0,0,0,0,0,0,-,-,34.03176,-117.32739,SAN BERNARDINO,GRAND TERRACE,-117.32743169,34.03180623
90538546,2017,2017-09-01,9835,2017-08-23,0125,015354,NA,3,3,9,3600,0,1,1,NA,2,075,INTERSTATE 15 NORTHBOUND,HALLORAN SPRINGS RD.,16896,S,N,A,-,Y,NA,NA,NA,NA,NA,NA,NA,NA,NA,Y,4,0,1,2,A,-,03,22350,NA,N,C,C,A,A,H,-,D,D,0,NA,NA,NA,Y,Y,NA,G,25,0,0,1,0,0,0,0,0,0,-,-,35.2151,-115.5617,SAN BERNARDINO,UNINCORPORATED,-115.93915651,35.35100197
90542535,2017,2018-06-21,9860,2017-09-03,0407,020766,NA,7,3,9,3600,0,3,5,NA,2,002,TIPPECANOE AVE,PACIFIC ST,222,S,N,A,-,N,NA,NA,NA,NA,NA,NA,NA,NA,NA,N,3,0,1,2,A,-,11,21956,NA,N,G,B,E,A,H,-,D,D,0,Y,NA,NA,NA,Y,Y,N,60,0,1,0,0,1,0,0,0,0,-,-,34.12801,-117.26184,SAN BERNARDINO,UNINCORPORATED,-117.26186064,34.12800189
90543026,2017,2017-09-07,9850,2017-09-01,1635,017730,NA,5,2,9,3600,0,1,3,NA,2,060,SR-138,OASIS RD,500,W,N,A,-,Y,NA,NA,138,NA,NA,NA,NA,NA,NA,N,4,0,1,2,A,-,03,22350,NA,N,C,C,A,A,H,-,A,A,0,NA,NA,NA,NA,Y,NA,A,07,0,0,1,0,0,0,0,0,0,-,-,34.44108,-117.64361,SAN BERNARDINO,UNINCORPORATED,-117.64359402,34.44110466
90543180,2017,2017-09-07,9855,2017-09-01,2040,020460,NA,5,2,6,3607,0,1,1,NA,2,152,I-15 S/B TO I-10 E/B,I-15 N/B,467,E,N,A,-,Y,NA,NA,NA,NA,NA,NA,NA,NA,NA,Y,4,0,1,1,A,-,08,22107,NA,N,E,I,A,A,H,-,C,D,0,NA,NA,NA,NA,Y,NA,A,01,0,0,1,0,0,0,0,0,0,-,-,34.06679,-117.54201,SAN BERNARDINO,ONTARIO,NA,NA
90543244,2017,2017-09-07,9860,2017-09-05,1402,016651,NA,2,2,4,3603,0,1,1,NA,2,214,I-215 S/B,IOWA AVE,450,N,N,B,-,Y,NA,NA,215,NA,NA,NA,NA,NA,S,N,4,0,1,2,A,-,03,22350,NA,M,C,C,A,A,H,-,A,D,0,NA,NA,NA,NA,Y,NA,A,01,0,0,1,0,0,0,0,0,0,-,-,34.02521,-117.33441,SAN BERNARDINO,COLTON,-117.3344516,34.02524858
90543484,2017,2017-09-08,9855,2017-08-30,1602,017808,NA,3,2,6,3604,0,1,1,NA,2,201,SR-210 EB TO SIERRA AVE.,SIERRA AVE.,3,W,N,A,-,Y,NA,NA,210,NA,NA,NA,R,NA,E,N,4,0,1,2,A,-,12,21453,A,N,D,G,A,A,H,-,A,A,0,NA,Y,NA,NA,Y,NA,A,07,0,0,1,0,0,0,1,0,0,-,-,34.13503,-117.43635,SAN BERNARDINO,FONTANA,-117.43635,34.13503
9054378,2020,2020-03-09,3603,2020-01-14,0710,4969,CPD,2,5,4,3603,0,0,0,NA,0,001,W VALLEY BL,MERIDIAN AV,0,NA,Y,A,-,N,NA,NA,NA,NA,NA,NA,NA,NA,NA,Y,4,0,1,2,A,-,09,21802,A,N,D,C,A,A,H,-,A,D,0,NA,NA,NA,NA,Y,Y,A,01,0,0,1,0,0,0,0,0,0,-,-,NA,NA,SAN BERNARDINO,COLTON,-117.34853363037108,34.06930923461914
90544162,2017,2017-09-11,9865,2017-08-30,1620,020725,NA,3,2,9,3600,0,1,3,NA,2,021,SR-330,LIVE OAK DR,690,N,N,C,-,Y,NA,NA,330,NA,NA,NA,NA,NA,NA,Y,4,0,4,2,A,-,03,22350,NA,N,B,C,A,B,H,-,A,D,0,NA,NA,NA,NA,Y,NA,D,22,0,0,4,0,0,0,0,0,0,-,-,34.2035,-117.1399,SAN BERNARDINO,UNINCORPORATED,-117.1399035,34.20356615
90544241,2017,2017-09-11,9835,2017-09-09,1728,020976,NA,6,2,9,3600,0,1,1,NA,2,077,I-15 N/B,NIPTON RD,11458,N,N,B,-,Y,NA,NA,15,NA,NA,NA,NA,NA,N,Y,2,0,4,2,A,-,01,23152,A,N,C,C,A,A,H,-,A,D,0,NA,NA,NA,NA,Y,Y,A,01,1,3,0,0,0,0,0,0,0,-,-,35.5024,-115.43596,SAN BERNARDINO,UNINCORPORATED,-115.43596516,35.50240221
90545998,2016,2017-09-12,9860,2016-08-19,1554,015618,NA,5,2,4,3603,0,1,1,NA,2,214,I-215 SOUTHBOUND,WASHINGTON ST,693,S,N,A,-,Y,NA,NA,215,NA,NA,NA,NA,NA,S,Y,2,0,2,3,A,-,08,22107,NA,N,C,C,A,A,H,-,A,D,0,NA,NA,Y,NA,Y,NA,C,02,2,0,0,0,0,0,0,0,1,-,-,34.04672,-117.30882,SAN BERNARDINO,COLTON,-117.30889105,34.04682198
90548711,2017,2017-09-15,9855,2017-09-09,0840,018313,NA,6,1,9,3600,0,1,3,NA,1,011,REDWOOD AVE.,ARROW RTE.,0,NA,Y,A,-,N,NA,NA,NA,NA,NA,NA,NA,NA,NA,Y,3,0,2,2,A,-,12,21453,A,N,D,C,A,A,H,-,A,A,0,NA,NA,NA,NA,Y,NA,A,08,0,1,1,0,0,0,0,0,0,-,-,34.09936,-117.48447,SAN BERNARDINO,UNINCORPORATED,-117.48445008,34.09930004
90499060,2017,2017-07-24,9865,2017-07-10,1605,021720,NA,1,2,9,3600,0,2,4,NA,2,016,NORTH BAY DRIVE,ALPEN DRIVE,0,NA,Y,A,-,N,NA,NA,NA,NA,NA,NA,NA,NA,NA,Y,3,0,1,2,A,-,05,21460,A,N,B,C,A,A,H,-,A,A,0,NA,NA,NA,NA,Y,NA,D,22,0,1,0,0,0,0,0,0,0,-,-,34.26816,-117.1948,SAN BERNARDINO,UNINCORPORATED,-117.20444006,34.26568008
90510118,2017,2017-07-27,9855,2017-07-18,1536,017808,NA,2,2,6,3604,0,1,1,NA,2,201,SR-210 EB FROM SIERRA AVE.,SIERRA AVE.,150,W,N,A,-,Y,NA,NA,210,NA,NA,NA,R,NA,E,Y,4,0,2,2,A,-,03,22350,NA,N,C,C,A,A,H,-,A,A,0,NA,NA,NA,NA,Y,NA,A,01,0,0,2,0,0,0,0,0,0,-,-,34.13594,-117.43717,SAN BERNARDINO,FONTANA,-117.43717,34.13594
90512920,2017,2017-07-31,9860,2017-06-05,0438,012530,NA,1,3,6,3610,0,1,1,NA,2,214,INTERSTATE 215 NORTHBOUND,3RD STREET,490,N,N,A,-,Y,NA,NA,215,NA,NA,NA,NA,NA,N,Y,3,0,1,2,A,-,03,22350,NA,N,C,C,A,A,C,-,C,D,0,NA,NA,NA,NA,Y,NA,A,01,0,1,0,0,0,0,0,0,0,-,-,34.10562,-117.30228,SAN BERNARDINO,SAN BERNARDINO,-117.30218687,34.10563907
90520647,2017,2017-08-10,9835,2017-08-03,0026,015354,NA,4,3,9,3600,0,1,1,NA,2,076,INTERSTATE 15 NORTHBOUND,HALLORAN SUMMIT RD.,18586,N,N,B,-,Y,NA,NA,NA,NA,NA,NA,NA,NA,NA,Y,4,0,1,2,A,-,17,21658,NA,F,C,C,A,A,H,-,D,D,0,NA,NA,NA,NA,Y,NA,A,07,0,0,1,0,0,0,0,0,0,-,-,35.2521,-115.4411,SAN BERNARDINO,UNINCORPORATED,-115.73429451,35.42269259
90524496,2017,2017-08-16,9860,2017-08-10,1645,016658,NA,4,2,3,3615,0,1,1,NA,2,104,I-10 W/B,TIPPECANOE AVE,1056,W,N,A,-,Y,NA,NA,10,NA,NA,NA,NA,NA,W,Y,4,0,1,2,A,-,03,22350,NA,N,C,C,A,A,H,-,A,D,0,NA,NA,NA,NA,Y,NA,A,01,0,0,1,0,0,0,0,0,0,-,-,34.06429,-117.26394,SAN BERNARDINO,LOMA LINDA,-117.26392877,34.06416051
90524811,2017,2017-08-16,9855,2017-08-10,1349,020659,NA,4,1,6,3607,0,1,1,NA,2,103,I-10 E/B (SAN BERNARDINO FWY),GROVE AVE.,100,W,N,A,-,Y,NA,NA,10,NA,NA,NA,NA,NA,E,Y,4,0,1,3,A,-,03,22350,NA,N,C,C,A,A,H,-,A,D,0,NA,NA,NA,NA,Y,NA,A,01,0,0,1,0,0,0,0,0,0,-,-,34.0808,-117.62905,SAN BERNARDINO,ONTARIO,-117.62906353,34.08077688
90515634,2017,2017-08-03,9865,2017-08-01,0850,016806,NA,2,1,9,3600,0,1,3,NA,1,010,STATE ROUTE 18,UPPER WATERMAN CANYON RD,11616,N,N,B,-,Y,NA,NA,18,NA,NA,NA,NA,NA,NA,Y,4,0,1,1,A,-,08,22107,NA,N,E,I,A,A,H,-,A,D,0,NA,NA,NA,Y,Y,NA,F,26,0,0,1,0,0,0,0,0,0,-,-,34.22628,-117.30592,SAN BERNARDINO,UNINCORPORATED,-117.306002,34.22619637
90552023,2017,2017-09-20,9835,2017-07-11,2340,16683,NA,2,3,9,3600,0,3,5,NA,2,037,KELBAKER ROAD,I-40,58080,N,N,A,-,N,NA,NA,NA,NA,NA,NA,NA,NA,NA,Y,1,1,1,2,A,-,05,21650,NA,N,A,C,A,A,H,-,D,D,0,NA,NA,NA,NA,Y,Y,A,01,0,1,0,0,0,0,0,0,0,-,-,34.85447,-115.63381,SAN BERNARDINO,UNINCORPORATED,-115.63244199,34.85190838
90552213,2017,2017-09-20,9860,2017-09-08,0640,021587,NA,5,1,9,3600,1,3,5,NA,2,002,CAJON BLVD,DEVORE RD,6864,S,N,A,-,Y,NA,NA,NA,NA,NA,NA,NA,NA,NA,Y,4,0,1,2,A,-,08,22100,B,N,B,C,A,A,H,-,A,D,0,NA,NA,NA,NA,Y,NA,D,22,0,0,1,0,0,0,0,0,0,-,-,34.20798,-117.38622,SAN BERNARDINO,UNINCORPORATED,-117.38582467,34.20754437
9055275,2020,2020-03-04,3602,2020-01-04,1328,3800,NA,6,5,5,3602,0,0,0,NA,0,004,CENTRAL AV,RIVERSIDE DR,300,S,N,A,-,N,NA,NA,NA,NA,NA,NA,NA,NA,NA,N,4,0,1,2,A,-,03,22350,NA,N,C,C,A,A,H,-,A,D,0,NA,NA,NA,NA,Y,NA,A,01,0,0,1,0,0,0,0,0,0,-,-,NA,NA,SAN BERNARDINO,CHINO,-117.68937683105467,34.01825714111328
90553950,2017,2017-09-22,9860,2017-09-12,1155,013945,NA,2,1,6,3610,0,1,1,NA,2,103,I-10 E/B,HUNTS LN,612,W,N,A,-,Y,NA,NA,10,NA,NA,NA,NA,NA,E,Y,3,0,2,2,A,-,08,22107,NA,N,C,C,A,A,H,-,A,D,0,NA,NA,NA,NA,Y,NA,A,01,0,1,1,0,0,0,0,0,0,-,-,34.06332,-117.28924,SAN BERNARDINO,SAN BERNARDINO,-117.28924272,34.06337136
90554464,2017,2017-09-25,9860,2017-09-16,1703,021675,NA,6,2,9,3600,0,1,1,NA,2,151,I-15 N/B,CAJON BLVD,420,N,N,A,-,Y,NA,NA,15,NA,NA,NA,NA,NA,N,Y,4,0,1,2,A,-,03,22350,NA,N,C,C,A,A,H,-,A,D,0,NA,NA,NA,NA,Y,NA,A,01,0,0,1,0,0,0,0,0,0,-,-,34.22244,-117.40971,SAN BERNARDINO,UNINCORPORATED,-117.40970515,34.22243891
90555065,2017,2017-09-25,9860,2017-09-19,1105,014777,NA,2,1,5,3609,0,1,1,NA,2,201,SR-210 E/B,LILAC AVENUE,560,E,N,B,-,Y,NA,NA,210,NA,NA,NA,NA,NA,E,Y,3,0,2,2,A,-,07,21658,A,N,B,C,A,A,H,-,A,D,0,NA,NA,NA,NA,Y,NA,D,22,0,2,0,0,0,0,0,0,0,-,-,34.13567,-117.37716,SAN BERNARDINO,RIALTO,-117.37716054,34.13572864
90557765,2017,2017-09-28,9860,2017-09-18,1645,016658,NA,1,2,9,3600,0,2,4,NA,2,411,CEDAR AVE,SAN BERNARDINO AVE,0,NA,Y,A,-,N,NA,NA,NA,NA,NA,NA,NA,NA,NA,Y,4,0,4,2,A,-,12,21453,A,N,D,C,A,A,H,-,A,D,0,NA,NA,NA,NA,Y,NA,A,07,0,0,4,0,0,0,0,0,0,-,-,34.07773,-117.39652,SAN BERNARDINO,UNINCORPORATED,-117.39648012,34.07768008
90558194,2017,2017-09-28,9855,2017-09-25,1020,013860,NA,1,1,6,3616,0,1,1,NA,2,201,SR-210 W/B (FOOTHILL FWY),HAVEN AVE.,418,E,N,A,-,Y,NA,NA,210,NA,NA,NA,NA,NA,W,Y,4,0,1,4,A,-,03,22350,NA,N,C,C,A,A,H,-,A,D,0,NA,NA,NA,NA,Y,NA,E,22,0,0,1,0,0,0,0,0,0,-,-,34.1362,-117.5743,SAN BERNARDINO,RANCHO CUCAMONGA,-117.574304,34.13625748
9055841,2020,2020-05-21,3602,2020-02-20,1238,3628,NA,4,5,5,3602,0,0,0,NA,0,004,CENTRAL AV,EDISON AV,9,N,N,A,-,N,NA,NA,NA,NA,NA,NA,NA,NA,NA,Y,3,0,1,4,A,-,08,22107,NA,N,H,C,A,A,H,-,A,A,0,NA,NA,NA,Y,Y,NA,F,27,0,1,0,0,0,0,0,0,0,-,-,33.59000015258789,-117.41000366210938,SAN BERNARDINO,CHINO,-117.68910980224608,33.997314453125
90559833,2017,2017-09-29,9855,2017-09-23,1611,020659,NA,6,2,5,3602,0,1,3,NA,2,603,SR-60 E/B TO EUCLID AVENUE,EUCLID AVE.,200,W,N,A,-,Y,NA,NA,60,NA,NA,NA,R,NA,E,N,4,0,1,2,A,-,07,21658,A,N,B,C,A,A,H,-,A,D,0,NA,NA,NA,Y,Y,NA,F,26,0,0,1,0,0,0,0,0,0,-,-,34.02976,-117.66815,SAN BERNARDINO,CHINO,-117.66815,34.02976
9056044,2020,2020-05-27,3603,2020-02-25,1303,4991,CPD,2,5,4,3603,0,0,0,NA,0,004,W WASHINGTON ST,S HUNTS LN,0,NA,Y,A,-,N,NA,NA,NA,NA,NA,NA,NA,NA,NA,Y,3,0,1,2,A,-,09,21453,C,N,D,C,A,A,H,-,A,A,0,NA,NA,NA,NA,Y,NA,A,01,0,1,0,0,0,0,0,0,0,-,-,NA,NA,SAN BERNARDINO,COLTON,-117.2873077392578,34.05030822753906
90560467,2017,2017-10-02,9860,2017-09-25,1540,014777,NA,1,2,4,3618,0,1,1,NA,2,202,SR-210 E/B,ARDEN AVENUE,2483,W,N,A,-,Y,NA,NA,NA,NA,NA,NA,NA,NA,NA,Y,4,0,2,4,A,-,03,22350,NA,N,C,C,A,A,H,-,A,D,0,NA,NA,NA,NA,Y,NA,A,01,0,0,2,0,0,0,0,0,0,-,-,34.13825,-117.24233,SAN BERNARDINO,HIGHLAND,-117.24224126,34.13827009
9056081,2020,2020-03-16,3600,2020-01-31,2315,G8593,YC209,5,5,4,3640,0,0,0,NA,0,YC1,FREMONT ST,PENDLETON DR,0,NA,N,A,-,N,NA,NA,NA,NA,NA,NA,NA,NA,NA,Y,2,0,1,1,A,-,03,22350,NA,F,H,J,A,A,H,-,C,D,0,NA,NA,NA,NA,Y,NA,A,01,1,0,0,0,0,0,0,0,0,-,-,34.036659240722656,-117.02577209472656,SAN BERNARDINO,YUCAIPA,-117.0257568359375,34.03662872314453
90563879,2017,2017-10-05,9860,2017-09-27,2225,019269,NA,3,3,6,3610,0,2,S,NA,2,901,HIGHLAND AVE,ORANGE ST,0,NA,Y,A,-,N,NA,NA,NA,NA,NA,NA,NA,NA,NA,Y,4,0,1,2,A,-,09,21801,A,N,D,C,A,A,H,-,C,A,0,NA,NA,NA,NA,Y,NA,J,48,0,0,1,0,0,0,0,0,0,-,-,34.13582,-117.21314,SAN BERNARDINO,SAN BERNARDINO,-117.21313007,34.13577003
90564030,2017,2017-10-05,9855,2017-09-26,1200,015299,NA,2,1,6,3616,0,1,1,NA,2,152,I-15 S/B (ONTARIO FWY),SR-66 (FOOTHILL BLVD.),2000,S,N,A,-,Y,NA,NA,15,NA,NA,NA,NA,NA,S,Y,4,0,1,2,A,-,08,22107,NA,N,E,I,A,A,H,-,A,D,0,NA,NA,NA,NA,Y,NA,A,01,0,0,1,0,0,0,0,0,0,-,-,34.10218,-117.53737,SAN BERNARDINO,RANCHO CUCAMONGA,-117.53737076,34.10218089
90564689,2017,2017-10-06,9855,2017-10-02,0714,15763,NA,1,1,6,3607,0,1,1,NA,2,103,I-10 W/B (SAN BERNARDINO FWY),ARCHIBALD AVENUE,2112,W,N,A,-,Y,NA,NA,10,NA,NA,NA,NA,NA,W,Y,4,0,1,3,A,-,03,22350,NA,N,C,C,A,A,H,-,A,D,0,NA,NA,NA,NA,Y,NA,A,01,0,0,1,0,0,0,0,0,0,-,-,34.06825,-117.6026,SAN BERNARDINO,ONTARIO,-117.60259312,34.06831863
90565216,2017,2017-10-09,9860,2017-09-30,1355,021587,NA,6,1,9,3600,0,1,1,NA,2,152,I-15 N/B,OAK HILL RD,12672,S,N,A,-,Y,NA,NA,15,NA,NA,NA,NA,NA,N,Y,4,0,1,2,A,-,03,22350,NA,N,C,C,A,A,H,-,A,D,0,NA,NA,NA,Y,Y,NA,A,07,0,0,1,0,0,0,0,0,0,-,-,34.33986,-117.46476,SAN BERNARDINO,UNINCORPORATED,-117.46476066,34.3399478
90565758,2017,2017-10-09,9855,2017-09-30,0250,020081,NA,6,3,9,3600,0,3,5,NA,2,001,VALLEY BLVD.,COMMERCE DR.,40,E,N,A,-,N,NA,NA,NA,NA,NA,NA,NA,NA,NA,Y,4,0,1,1,A,-,08,22107,NA,N,E,I,A,A,H,-,C,A,0,NA,NA,NA,NA,Y,NA,A,01,0,0,1,0,0,0,0,0,0,-,-,34.01708,-117.51539,SAN BERNARDINO,UNINCORPORATED,-117.51540835,34.07106644
90568695,2017,2017-10-12,9860,2017-10-09,1135,016821,NA,1,1,4,3603,0,1,1,NA,2,102,I-10 W/B,PEPPER AVENUE,2000,W,N,A,G,Y,NA,NA,10,NA,NA,NA,NA,NA,W,Y,4,0,1,3,A,-,03,22350,NA,N,C,C,A,A,H,-,A,A,0,NA,NA,NA,NA,Y,NA,A,08,0,0,1,0,0,0,0,0,0,-,-,34.06898,-117.36255,SAN BERNARDINO,COLTON,-117.3625497,34.06896727
9056958,2020,2020-06-11,3611,2020-02-18,0935,2325,3611,2,5,5,3611,0,0,0,NA,0,002,BENSON AV,ARROW RTE,38,N,N,A,-,N,NA,NA,NA,NA,NA,NA,NA,NA,NA,Y,4,0,1,2,A,-,12,21453,A,M,B,C,A,A,H,-,A,A,0,NA,NA,NA,NA,Y,NA,A,01,0,0,1,0,0,0,0,0,0,-,-,NA,NA,SAN BERNARDINO,UPLAND,-117.68091583251952,34.099735260009766
90570651,2017,2017-10-16,9860,2017-10-09,0125,021620,NA,1,3,6,3604,0,1,1,NA,2,102,I-10 W/B,SIERRA AVE,5280,E,N,A,-,Y,NA,NA,NA,NA,NA,NA,NA,NA,NA,Y,3,0,1,1,A,-,08,22107,NA,N,E,I,A,A,H,-,D,D,0,NA,NA,NA,NA,Y,NA,A,08,0,1,0,0,0,0,0,0,0,-,-,34.06792,-117.41365,SAN BERNARDINO,FONTANA,-117.43477682,34.06744281
90571765,2017,2017-10-18,9850,2017-10-06,1035,018211,NA,5,1,9,3600,0,2,4,NA,2,066,PHELAN RD,VALLE VISTA RD,256,E,N,A,-,N,NA,NA,NA,NA,NA,NA,NA,NA,NA,N,4,0,1,1,B,-,22,NA,NA,N,E,I,A,A,H,-,A,D,0,NA,NA,NA,NA,Y,NA,A,07,0,0,1,0,0,0,0,0,0,-,-,34.4265,-117.56287,SAN BERNARDINO,UNINCORPORATED,-117.56293344,34.42635558
90572048,2017,2017-10-18,9855,2017-10-12,0830,015919,NA,4,1,5,3611,0,1,1,NA,2,103,I-10 W/B (SAN BERNARDINO FWY),SAN ANTONIO AVE.,600,E,N,B,-,Y,NA,NA,10,NA,NA,NA,NA,NA,W,Y,3,0,3,2,A,-,07,21658,A,N,D,C,A,A,H,-,A,D,0,NA,NA,NA,NA,Y,NA,A,01,0,3,0,0,0,0,0,0,0,-,-,34.08752,-117.65839,SAN BERNARDINO,UPLAND,-117.65839058,34.0874246
90573000,2017,2017-10-18,9860,2017-10-09,1845,019391,NA,1,2,5,3609,0,1,1,NA,2,201,SR-210 W/B,SIERRA AVE,1750,E,N,A,-,Y,NA,NA,210,NA,NA,NA,NA,NA,W,Y,3,0,1,1,A,-,08,22107,NA,N,E,I,A,A,H,-,C,D,0,NA,NA,NA,NA,Y,NA,A,01,0,1,0,0,0,0,0,0,0,-,-,34.13665,-117.43015,SAN BERNARDINO,RIALTO,-117.43014849,34.13651318
90574400,2017,2017-10-19,9850,2017-10-15,1415,019278,NA,7,2,5,3619,0,1,1,NA,2,082,I-15 S/B,MAIN ST,5280,N,N,A,-,Y,NA,NA,15,NA,NA,NA,NA,NA,S,N,4,0,2,2,A,-,01,23152,A,F,C,C,A,A,H,-,A,D,0,NA,NA,NA,NA,Y,Y,A,01,0,0,2,0,0,0,0,0,0,-,-,34.439,-117.3708,SAN BERNARDINO,HESPERIA,-117.3708955,34.43907466
9057464,2020,2020-09-14,3611,2020-01-09,1212,2297,3611,4,5,5,3611,0,0,0,NA,0,004,EUCLID AVE,C ST,0,NA,Y,A,-,N,NA,NA,NA,NA,NA,NA,NA,NA,NA,NA,4,0,1,2,A,-,09,21802,A,N,D,C,A,A,H,-,A,A,0,NA,NA,NA,NA,Y,NA,A,01,0,0,1,0,0,0,0,0,0,-,-,NA,NA,SAN BERNARDINO,UPLAND,-117.65129852294922,34.09727096557617
90574928,2017,2017-10-20,9855,2017-10-16,1329,017808,NA,1,1,6,3607,0,1,1,NA,2,152,I-15 S/B (ONTARIO FWY),JURUPA ST.,1200,N,N,A,-,Y,NA,NA,15,NA,NA,NA,NA,NA,S,N,4,0,1,3,A,-,03,22350,NA,N,C,C,A,A,H,-,A,D,0,NA,NA,NA,Y,Y,NA,G,25,0,0,1,0,0,0,0,0,0,-,-,34.05136,-117.54898,SAN BERNARDINO,ONTARIO,-117.54893105,34.05133619
90575446,2017,2017-10-23,9860,2017-10-12,1645,020346,NA,4,2,9,3600,0,2,4,NA,1,410,VALLEY BLVD,LOCUST AVE,200,W,N,A,-,N,NA,NA,NA,NA,NA,NA,NA,NA,NA,N,4,0,1,2,A,-,03,22350,NA,N,C,C,A,A,H,-,A,D,0,NA,NA,NA,NA,Y,NA,A,01,0,0,1,0,0,0,0,0,0,-,-,34.07037,-117.41059,SAN BERNARDINO,UNINCORPORATED,-117.4101785,34.07045995
90524879,2017,2017-08-16,9860,2017-08-14,1835,020518,NA,1,2,9,3600,0,3,5,NA,2,004,LOCUST AVE (10800 BLOCK),SANTA ANA AVE,200,N,N,A,-,N,NA,NA,NA,NA,NA,NA,NA,NA,NA,Y,4,0,1,2,A,-,09,21801,A,N,D,C,A,A,H,-,A,D,0,NA,NA,NA,NA,Y,NA,A,01,0,0,1,0,0,0,0,0,0,-,-,34.0571,-117.40951,SAN BERNARDINO,UNINCORPORATED,-117.40947,34.05638799