CASE_ID,ACCIDENT_YEAR,PROC_DATE,JURIS,COLLISION_DATE,COLLISION_TIME,OFFICER_ID,REPORTING_DISTRICT,DAY_OF_WEEK,CHP_SHIFT,POPULATION,CNTY_CITY_LOC,SPECIAL_COND,BEAT_TYPE,CHP_BEAT_TYPE,CITY_DIVISION_LAPD,CHP_BEAT_CLASS,BEAT_NUMBER,PRIMARY_RD,SECONDARY_RD,DISTANCE,DIRECTION,INTERSECTION,WEATHER_1,WEATHER_2,STATE_HWY_IND,CALTRANS_COUNTY,CALTRANS_DISTRICT,STATE_ROUTE,ROUTE_SUFFIX,POSTMILE_PREFIX,POSTMILE,LOCATION_TYPE,RAMP_INTERSECTION,SIDE_OF_HWY,TOW_AWAY,COLLISION_SEVERITY,NUMBER_KILLED,NUMBER_INJURED,PARTY_COUNT,PRIMARY_COLL_FACTOR,PCF_CODE_OF_VIOL,PCF_VIOL_CATEGORY,PCF_VIOLATION,PCF_VIOL_SUBSECTION,HIT_AND_RUN,TYPE_OF_COLLISION,MVIW,PED_ACTION,ROAD_SURFACE,ROAD_COND_1,ROAD_COND_2,LIGHTING,CONTROL_DEVICE,CHP_ROAD_TYPE,PEDESTRIAN_ACCIDENT,BICYCLE_ACCIDENT,MOTORCYCLE_ACCIDENT,TRUCK_ACCIDENT,NOT_PRIVATE_PROPERTY,ALCOHOL_INVOLVED,STWD_VEHTYPE_AT_FAULT,CHP_VEHTYPE_AT_FAULT,COUNT_SEVERE_INJ,COUNT_VISIBLE_INJ,COUNT_COMPLAINT_PAIN,COUNT_PED_KILLED,COUNT_PED_INJURED,COUNT_BICYCLIST_KILLED,COUNT_BICYCLIST_INJURED,COUNT_MC_KILLED,COUNT_MC_INJURED,PRIMARY_RAMP,SECONDARY_RAMP,LATITUDE,LONGITUDE,COUNTY,CITY,POINT_X,POINT_Y
90969390,2019,2019-04-17,9855,2019-04-06,1225,016220,NA,6,1,6,3604,0,1,1,NA,2,101,I-10 E/B (SAN BERNARDINO FWY),CHERRY AVENUE,492,W,N,B,-,Y,NA,NA,10,NA,NA,NA,NA,NA,E,Y,4,0,2,3,A,-,07,21658,A,N,B,C,A,A,H,-,A,D,0,NA,NA,NA,Y,Y,NA,A,07,0,0,2,0,0,0,0,0,0,-,-,34.06589126586914,-117.49079132080078,SAN BERNARDINO,FONTANA,-117.49079132080078,34.06591033935547
90969835,2019,2019-04-17,9865,2019-04-07,1540,019929,NA,7,2,9,3600,0,1,3,NA,2,031,SR-38,BIG BEAR RANGER STATION RD,528,W,N,A,-,Y,NA,NA,38,NA,NA,NA,NA,NA,NA,N,2,0,1,1,A,-,03,22350,NA,N,E,I,A,A,H,-,A,A,0,NA,NA,Y,NA,Y,NA,C,02,1,0,0,0,0,0,0,0,1,-,-,34.262168884277344,-116.89881896972656,SAN BERNARDINO,UNINCORPORATED,-116.89881134033205,34.26215744018555
9097068,2020,2020-07-23,3600,2020-04-27,1251,F7804,YC2,1,5,4,3640,0,0,0,NA,0,YC3,3RD ST,YUCAIPA BL,672,N,N,A,-,N,NA,NA,NA,NA,NA,NA,NA,NA,NA,Y,4,0,2,2,A,-,09,21804,A,M,D,C,A,A,H,-,A,D,0,NA,NA,NA,NA,Y,Y,A,01,0,0,2,0,0,0,0,0,0,-,-,NA,NA,SAN BERNARDINO,YUCAIPA,-117.04754638671876,34.035709381103516
90971431,2019,2019-04-19,9855,2019-04-13,0925,016889,NA,6,1,6,3607,0,1,1,NA,2,152,I-15 N/B (ONTARIO FWY),JURUPA ST.,2534,N,N,A,-,Y,NA,NA,15,NA,NA,NA,NA,NA,N,Y,3,0,1,4,A,-,03,22350,NA,N,C,C,A,A,H,-,A,D,0,NA,NA,NA,NA,Y,NA,A,01,0,1,0,0,0,0,0,0,0,-,-,34.05466842651367,-117.54680633544922,SAN BERNARDINO,ONTARIO,-117.5468978881836,34.05471420288086
90971614,2019,2019-04-22,9860,2019-04-06,1220,019674,NA,6,1,9,3600,0,1,1,NA,2,151,I-15 S/B,KENWOOD AVE,1056,N,N,A,-,Y,NA,NA,15,NA,NA,NA,NA,NA,S,Y,2,0,1,2,A,-,07,21658,A,N,F,A,A,A,H,-,A,D,0,NA,NA,Y,NA,Y,NA,D,22,1,0,0,0,0,0,0,0,1,-,-,34.23918151855469,-117.42867279052734,SAN BERNARDINO,UNINCORPORATED,-117.42869567871094,34.23914337158203
90971657,2019,2019-04-22,9860,2019-04-10,0700,016590,NA,3,1,5,3609,0,1,1,NA,2,201,SR-210 W/B,LOCUST AVE.,500,E,N,A,-,Y,NA,NA,210,NA,NA,NA,NA,NA,W,Y,3,0,1,2,A,-,07,21658,A,N,C,C,A,A,H,-,A,D,0,NA,NA,NA,NA,Y,NA,A,01,0,1,0,0,0,0,0,0,0,-,-,34.13579177856445,-117.38939666748048,SAN BERNARDINO,RIALTO,-117.38939666748048,34.1359748840332
90972397,2019,2019-04-22,9855,2019-04-11,0925,018335,NA,4,1,6,3604,0,1,1,NA,2,101,I-10 W/B (SAN BERNARDINO FWY),CHERRY AVE.,200,E,N,A,-,Y,NA,NA,10,NA,NA,NA,NA,NA,W,Y,4,0,3,3,A,-,03,22350,NA,N,C,C,A,A,H,-,A,D,0,NA,NA,NA,NA,Y,NA,A,01,0,0,3,0,0,0,0,0,0,-,-,34.066200256347656,-117.48802185058594,SAN BERNARDINO,FONTANA,-117.48802185058594,34.06620788574219
90972593,2019,2019-04-22,9860,2019-04-10,0735,012988,NA,3,1,9,3600,0,1,1,NA,2,216,I-215 SOUTHBOUND,DEVORE RD,0,NA,N,A,-,Y,NA,NA,215,NA,NA,NA,NA,NA,S,N,4,0,2,3,A,-,04,21703,NA,N,C,C,A,A,H,-,A,D,0,NA,NA,NA,NA,Y,NA,A,01,0,0,2,0,0,0,0,0,0,-,-,34.22209930419922,-117.40218353271484,SAN BERNARDINO,UNINCORPORATED,-117.40217590332033,34.222110748291016
90972704,2019,2019-04-22,9855,2019-04-06,0205,020161,NA,6,3,6,3607,0,1,1,NA,2,103,I-10 E/B (SAN BERNARDINO FWY),4TH ST,1520,W,N,A,-,Y,NA,NA,10,NA,NA,NA,NA,NA,E,Y,4,0,1,2,A,-,03,22350,NA,N,C,C,A,A,H,-,C,D,0,NA,NA,NA,NA,Y,Y,A,01,0,0,1,0,0,0,0,0,0,-,-,34.081260681152344,-117.63018035888672,SAN BERNARDINO,ONTARIO,-117.6301040649414,34.08138656616211
90973811,2019,2019-04-24,9860,2019-04-13,0025,020572,NA,6,3,9,3600,0,1,1,NA,2,216,I-15 S/B FROM DEVORE RD,DEVORE RD,100,N,N,A,-,Y,NA,NA,NA,NA,NA,NA,NA,NA,NA,Y,2,0,1,1,A,-,01,23152,A,N,E,I,A,A,H,-,C,D,0,NA,NA,Y,NA,Y,Y,C,02,1,0,0,0,0,0,0,0,1,-,-,34.22373962402344,-117.4047622680664,SAN BERNARDINO,UNINCORPORATED,NA,NA
90974525,2019,2019-04-24,9855,2019-04-15,1010,016889,NA,1,1,6,3607,0,1,1,NA,2,152,I-15 S/B (ONF) TO I-10 W/B (SBF),ONTARIO MILLS PKWY.,200,N,N,A,-,Y,NA,NA,15,NA,NA,NA,R,NA,S,N,4,0,2,2,A,-,03,22350,NA,N,C,C,A,A,H,-,A,D,0,NA,NA,NA,NA,Y,NA,D,22,0,0,2,0,0,0,0,0,0,-,-,34.070640563964844,-117.54518127441406,SAN BERNARDINO,ONTARIO,-117.54518127441406,34.070640563964844
90974804,2019,2019-04-25,9835,2019-04-06,1215,021959,NA,6,1,9,3600,0,1,3,NA,1,013,SR-58,EL CAJON AVE,6917,E,N,A,-,Y,NA,NA,58,NA,NA,NA,NA,NA,NA,Y,3,0,1,2,A,-,17,21711,NA,N,B,C,A,A,H,-,A,D,0,NA,NA,NA,NA,Y,NA,B,08,0,1,0,0,0,0,0,0,0,-,-,34.98899841308594,-117.49626159667967,SAN BERNARDINO,UNINCORPORATED,-117.49626159667967,34.98900604248047
90976673,2018,2019-04-29,9860,2018-02-16,1252,020426,NA,5,1,5,3609,0,1,1,NA,2,102,INTERSTATE 10 WESTBOUND,RIVERSIDE AVENUE,820,E,N,A,-,Y,NA,NA,10,NA,NA,NA,NA,NA,W,Y,1,5,1,6,A,-,08,22107,NA,N,E,I,A,A,H,-,A,D,0,NA,NA,Y,Y,Y,Y,F,27,0,1,0,0,0,0,0,1,0,-,-,34.068790435791016,-117.36727142333984,SAN BERNARDINO,RIALTO,-117.36726379394533,34.06890869140625
90976943,2019,2020-02-17,9855,2019-04-05,2326,020161,NA,5,3,6,3607,0,1,1,NA,2,103,I-10 E/B (SAN BERNARDINO FWY),VINEYARD AVE.,1200,W,N,A,-,Y,NA,NA,NA,NA,NA,NA,NA,NA,NA,Y,4,0,2,2,A,-,03,22350,NA,F,C,C,A,A,H,-,C,D,0,NA,NA,NA,NA,Y,NA,A,01,0,0,2,0,0,0,0,0,0,-,-,34.03038024902344,-117.61811065673828,SAN BERNARDINO,ONTARIO,-117.61448669433594,34.072391510009766
90980295,2019,2019-05-02,9860,2019-04-23,0925,015495,NA,2,1,9,3600,0,1,1,NA,2,152,I-15 N/B,SR-138,1584,N,N,A,-,Y,NA,NA,15,NA,NA,NA,NA,NA,N,Y,4,0,1,2,A,-,08,22107,NA,N,C,C,A,A,H,-,A,D,0,NA,NA,NA,Y,Y,NA,A,01,0,0,1,0,0,0,0,0,0,-,-,34.315181732177734,-117.47811889648438,SAN BERNARDINO,UNINCORPORATED,-117.47819519042967,34.31511306762695
90982032,2019,2019-05-06,9860,2019-04-26,1535,016646,NA,5,2,6,3610,0,1,1,NA,2,214,I-215 N/B,3RD STREET,30,N,N,A,-,Y,NA,NA,215,NA,NA,NA,NA,NA,N,Y,2,0,1,3,A,-,08,22107,NA,N,B,C,A,A,H,-,A,D,0,NA,NA,NA,NA,Y,NA,D,22,1,0,0,0,0,0,0,0,0,-,-,34.10464096069336,-117.302001953125,SAN BERNARDINO,SAN BERNARDINO,-117.30198669433594,34.104644775390625
90982303,2019,2019-05-06,9860,2019-04-26,0520,014777,NA,5,3,9,3600,0,1,1,NA,2,151,I-15 S/B,SYCAMORE CREEK DRIVE,321,N,N,A,-,Y,NA,NA,15,NA,NA,NA,NA,NA,S,Y,3,0,1,2,A,-,03,22350,NA,N,C,C,A,A,H,-,B,D,0,NA,NA,NA,Y,Y,NA,D,22,0,1,0,0,0,0,0,0,0,-,-,34.18843078613281,-117.4289321899414,SAN BERNARDINO,UNINCORPORATED,-117.42889404296876,34.18838119506836
90983468,2019,2019-05-07,9855,2019-04-26,0816,016220,NA,5,1,6,3616,0,1,1,NA,2,153,I-15 S/B (ONTARIO FWY),CHERRY AVE.,446,N,N,A,-,Y,NA,NA,15,NA,NA,NA,NA,NA,S,Y,4,0,1,3,A,-,03,22350,NA,N,C,C,A,A,H,-,A,D,0,NA,NA,NA,NA,Y,NA,A,01,0,0,1,0,0,0,0,0,0,-,-,34.1438102722168,-117.48716735839844,SAN BERNARDINO,RANCHO CUCAMONGA,-117.48719787597656,34.14384078979492
90983562,2019,2020-05-07,9860,2019-01-19,1842,021502,NA,6,2,5,3608,0,1,1,NA,2,105,INTERSTATE 10 EASTBOUND,EUREKA STREET,89,E,N,A,-,Y,NA,NA,10,NA,NA,NA,NA,NA,E,Y,1,1,1,3,A,-,11,21954,A,N,G,B,E,A,D,E,C,D,0,Y,NA,NA,NA,Y,NA,N,60,0,0,1,1,0,0,0,0,0,-,-,34.061710357666016,-117.1859893798828,SAN BERNARDINO,REDLANDS,-117.1859893798828,34.0616569519043
90986832,2019,2019-05-13,9835,2019-05-05,1620,021824,NA,7,2,9,3600,0,3,5,NA,2,039,KELSO CIMA RD,CEDAR CANYON RD,12672,S,N,A,-,N,NA,NA,NA,NA,NA,NA,NA,NA,NA,Y,2,0,3,1,A,-,08,22107,NA,N,F,A,A,A,H,-,A,D,0,NA,NA,NA,NA,Y,NA,A,07,2,1,0,0,0,0,0,0,0,-,-,35.141300201416016,-115.52780151367188,SAN BERNARDINO,UNINCORPORATED,-115.52620697021484,35.14485549926758
90988241,2019,2019-05-14,9835,2019-05-08,1339,21307,NA,3,1,9,3600,0,1,1,NA,2,072,INTERSTATE 15 N/B,FIRST ST,792,S,N,A,-,Y,NA,NA,15,NA,NA,NA,NA,NA,N,Y,3,0,2,1,A,-,08,22107,NA,N,F,A,A,A,H,-,A,D,0,NA,NA,NA,NA,Y,NA,A,01,0,2,0,0,0,0,0,0,0,-,-,34.91102981567383,-116.82145690917967,SAN BERNARDINO,UNINCORPORATED,-116.82145690917967,34.91102600097656
9098867,2020,2020-08-03,3610,2020-04-29,2145,51279,NA,3,5,6,3610,0,0,0,NA,0,BAKER,W BASELINE ST,W MOUNTAIN VIEW AV,0,NA,Y,A,-,N,NA,NA,NA,NA,NA,NA,NA,NA,NA,Y,4,0,1,3,A,-,12,21453,A,F,D,C,A,A,H,-,C,A,0,NA,NA,NA,NA,Y,NA,A,01,0,0,1,0,0,0,0,0,0,-,-,34.12133026123047,-117.2873992919922,SAN BERNARDINO,SAN BERNARDINO,-117.28740692138672,34.121341705322266
90990206,2019,2019-05-16,9855,2019-05-04,1725,015208,NA,6,2,6,3616,0,1,1,NA,2,201,SR-210 E/B (FOOTHILL FWY),DAY CREEK BLVD. U/C.,1000,W,N,A,-,Y,NA,NA,210,NA,NA,NA,NA,NA,E,Y,4,0,1,1,A,-,08,22107,NA,N,E,I,A,A,H,-,A,D,0,NA,NA,NA,NA,Y,NA,A,08,0,0,1,0,0,0,0,0,0,-,-,34.13637924194336,-117.54499816894533,SAN BERNARDINO,RANCHO CUCAMONGA,-117.54499816894533,34.1364860534668
90990312,2019,2019-05-16,9860,2019-05-07,0653,012988,NA,2,1,6,3610,0,1,1,NA,2,202,SR-210 WB FROM WATERMAN AVE,WATERMAN AVE,1056,W,N,B,C,Y,NA,NA,210,NA,NA,NA,R,NA,W,N,4,0,1,2,A,-,03,22350,NA,N,B,C,A,B,H,-,A,D,0,NA,NA,NA,NA,Y,NA,D,22,0,0,1,0,0,0,0,0,0,-,-,34.145721435546875,-117.28154754638672,SAN BERNARDINO,SAN BERNARDINO,-117.28154754638672,34.145721435546875
9099088,2020,2020-06-30,3607,2020-01-28,2312,19944,1,2,5,6,3607,0,0,0,NA,0,031,GROVE AV,7TH ST,5,N,N,A,-,N,NA,NA,NA,NA,NA,NA,NA,NA,NA,Y,4,0,1,2,A,-,01,23152,A,N,C,C,A,A,H,-,C,A,0,NA,NA,NA,NA,Y,Y,A,01,0,0,1,0,0,0,0,0,0,-,-,NA,NA,SAN BERNARDINO,ONTARIO,-117.62857818603516,34.08887481689453
90991171,2019,2019-05-17,9855,2019-05-09,0550,020913,NA,4,3,5,3602,0,1,3,NA,2,603,SR-60 W/B (POMONA FWY),MOUNTAIN AVE.,100,E,N,B,-,Y,NA,NA,60,NA,NA,NA,NA,NA,W,N,4,0,1,2,A,-,07,21658,A,F,B,C,A,A,H,-,A,D,0,NA,NA,Y,NA,Y,NA,-,99,0,0,1,0,0,0,0,0,1,-,-,34.03042984008789,-117.66722106933594,SAN BERNARDINO,CHINO,-117.66722106933594,34.03045654296875
90991204,2019,2019-05-17,9860,2019-05-17,0800,016658,NA,5,1,5,3608,0,1,1,NA,2,104,I-10 E/B TO ALABAMA ST,ALABAMA ST.,90,W,N,B,-,Y,NA,NA,10,NA,NA,NA,R,NA,E,Y,4,0,2,2,A,-,03,22350,NA,N,C,C,A,A,H,-,A,A,0,NA,NA,NA,NA,Y,NA,A,01,0,0,2,0,0,0,0,0,0,-,-,34.06610107421875,-117.20968627929688,SAN BERNARDINO,REDLANDS,-117.20968627929688,34.06610107421875
90991447,2019,2019-05-20,9860,2019-05-09,2125,020572,NA,4,2,5,3609,0,1,1,NA,2,102,I-10 E/B,RIVERSIDE AVE,528,W,N,A,-,Y,NA,NA,10,NA,NA,NA,NA,NA,E,Y,4,0,2,1,A,-,08,22107,NA,N,E,I,A,A,H,-,C,D,0,NA,NA,NA,NA,Y,NA,A,01,0,0,2,0,0,0,0,0,0,-,-,34.06827926635742,-117.38092041015624,SAN BERNARDINO,RIALTO,-117.38092041015624,34.06830596923828
90992554,2019,2019-05-21,9860,2019-05-12,2111,021675,NA,7,2,9,3600,0,3,5,NA,2,002,PACIFIC ST,GLASGOW AVE,0,NA,Y,A,-,N,NA,NA,NA,NA,NA,NA,NA,NA,NA,N,4,0,1,2,A,-,09,21801,A,N,A,C,A,A,H,-,C,D,0,NA,NA,NA,NA,Y,NA,A,01,0,0,1,0,0,0,0,0,0,-,-,34.1286506652832,-117.2545166015625,SAN BERNARDINO,UNINCORPORATED,-117.25453186035156,34.12860107421875
90992731,2019,2019-05-21,9865,2019-05-10,0848,015158,NA,5,1,9,3600,0,1,3,NA,2,020,SR-330,1N09,6336,N,N,B,C,Y,NA,NA,330,NA,NA,NA,NA,NA,NA,Y,3,0,1,2,A,-,05,21460,A,N,A,C,A,B,H,-,A,D,0,NA,NA,NA,NA,Y,NA,A,07,0,1,0,0,0,0,0,0,0,-,-,34.18389129638672,-117.14105224609376,SAN BERNARDINO,UNINCORPORATED,-117.14103698730467,34.18387985229492
90993480,2019,2019-05-21,9870,2019-05-14,1720,022218,NA,2,2,9,3600,0,1,3,NA,1,011,SR-62 E/B (TWENTYNINE PALMS HWY),SHAFTER AVENUE,0,NA,N,A,-,Y,NA,NA,62,NA,NA,NA,NA,NA,E,N,4,0,2,3,A,-,03,22350,NA,N,C,C,A,A,H,-,A,D,0,NA,NA,NA,NA,Y,NA,D,22,0,0,2,0,0,0,0,0,0,-,-,34.106201171875,-116.48690032958984,SAN BERNARDINO,UNINCORPORATED,-116.48696136474608,34.106327056884766
90994772,2019,2019-05-23,9860,2019-05-19,0510,019429,NA,7,3,6,3610,0,1,1,NA,2,202,SR-210 W/B TO H ST,H ST,1056,E,N,C,-,Y,NA,NA,210,NA,NA,NA,R,NA,W,Y,4,0,1,1,A,-,08,22107,NA,N,E,I,A,B,H,-,D,D,0,NA,NA,NA,NA,Y,NA,A,01,0,0,1,0,0,0,0,0,0,-,-,34.145931243896484,-117.2976303100586,SAN BERNARDINO,SAN BERNARDINO,-117.2976303100586,34.145931243896484
90994968,2019,2019-05-23,9850,2019-05-09,0230,022015,NA,4,3,9,3600,0,3,5,NA,2,004,WREN ST,ESTRELLA AVE,460,W,N,A,-,N,NA,NA,NA,NA,NA,NA,NA,NA,NA,Y,2,0,1,1,A,-,01,23152,A,N,E,I,A,A,H,-,D,D,0,NA,NA,NA,NA,Y,Y,A,01,1,0,0,0,0,0,0,0,0,-,-,34.450199127197266,-117.09625244140624,SAN BERNARDINO,UNINCORPORATED,-117.09626007080078,34.450218200683594
90995987,2019,2019-05-24,9835,2019-05-16,1250,021176,NA,4,1,9,3600,0,1,3,NA,1,013,SR-58 W/B,U.S. 395,6917,E,N,A,-,Y,NA,NA,NA,NA,NA,NA,NA,NA,NA,N,4,0,1,3,A,-,03,22350,NA,N,C,C,A,A,H,-,A,D,0,NA,NA,NA,Y,Y,NA,G,25,0,0,1,0,0,0,0,0,0,-,-,34.70317077636719,-117.20539093017578,SAN BERNARDINO,UNINCORPORATED,-117.5186767578125,34.99032211303711
90997765,2019,2019-05-29,9855,2019-05-17,1623,017704,NA,5,2,4,3605,0,1,1,NA,2,103,I-10 W/B (SAN BERNARDINO FWY),MONTE VISTA AVE.,1450,E,N,A,-,Y,NA,NA,10,NA,NA,NA,NA,NA,W,Y,4,0,1,2,A,-,03,22350,NA,N,C,C,A,A,H,-,A,D,0,NA,NA,NA,NA,Y,NA,A,01,0,0,1,0,0,0,0,0,0,-,-,34.0837516784668,-117.69378662109376,SAN BERNARDINO,MONTCLAIR,-117.6938018798828,34.08378601074219
90997980,2019,2019-05-29,9834,2019-05-22,1721,019419,NA,3,2,9,3600,0,1,1,NA,2,044,I-40 E/B,US-95,10560,W,N,B,C,Y,NA,NA,40,NA,NA,NA,NA,NA,E,Y,4,0,2,2,A,-,08,22107,NA,N,C,C,A,B,H,-,A,D,0,NA,NA,NA,Y,Y,NA,A,01,0,0,2,0,0,0,0,0,0,-,-,34.881378173828125,-114.79041290283205,SAN BERNARDINO,UNINCORPORATED,-114.79039764404295,34.88134765625
90997994,2019,2019-05-29,9830,2019-05-26,2345,021870,NA,7,3,9,3600,0,1,3,NA,1,061,SR-178,TRONA RD,18480,E,N,A,-,Y,NA,NA,178,NA,NA,NA,NA,NA,NA,Y,3,0,1,1,A,-,08,22107,NA,N,E,I,A,A,H,-,D,D,0,NA,NA,NA,NA,Y,NA,A,01,0,1,0,0,0,0,0,0,0,-,-,35.655738830566406,-117.4463119506836,SAN BERNARDINO,UNINCORPORATED,-117.4463119506836,35.655757904052734
90998525,2019,2019-05-29,9855,2019-05-19,2235,020006,NA,7,3,5,3611,0,1,1,NA,2,203,SR-210 E/B (FOOTHILL FWY),SAPPHIRE ST.,920,W,N,B,C,Y,NA,NA,210,NA,NA,NA,NA,NA,E,Y,4,0,1,1,A,-,08,22107,NA,N,E,I,A,B,H,-,D,D,0,NA,NA,NA,Y,Y,NA,F,25,0,0,1,0,0,0,0,0,0,-,-,34.134761810302734,-117.62708282470705,SAN BERNARDINO,UPLAND,-117.62708282470705,34.1347541809082
91001306,2019,2019-05-31,9835,2019-05-23,0524,015842,NA,4,3,3,3601,0,1,1,NA,2,076,I-15 N/B,CIMA ROAD,14414,S,N,B,-,Y,NA,NA,NA,NA,NA,NA,NA,NA,NA,Y,3,0,2,2,A,-,01,23152,A,N,C,C,A,A,H,-,B,D,0,NA,NA,NA,NA,Y,Y,A,01,0,2,0,0,0,0,0,0,0,-,-,35.43035888671875,-115.71251678466795,SAN BERNARDINO,BARSTOW,-115.68351745605467,35.44060134887695
91001643,2019,2019-06-03,9850,2019-05-22,0345,021991,NA,3,3,5,3619,0,1,1,NA,2,081,I-15 N/B,I-15 NORTHBOUND TO US-395 OVERCROSSING,3168,S,N,A,-,Y,NA,NA,15,NA,NA,NA,NA,NA,N,Y,3,0,1,2,A,-,01,23152,A,N,C,C,A,A,H,-,D,D,0,NA,NA,NA,Y,Y,Y,A,01,0,1,0,0,0,0,0,0,0,-,-,34.39078140258789,-117.40879821777344,SAN BERNARDINO,HESPERIA,-117.40884399414063,34.39081573486328
91001795,2019,2019-06-03,9860,2019-05-22,1605,020051,NA,3,2,6,3610,0,1,1,NA,2,202,SR-210 E/B,WATERMAN AVE,200,E,N,B,C,Y,NA,NA,210,NA,NA,NA,NA,NA,E,N,4,0,1,2,A,-,03,22350,NA,N,C,C,A,B,H,-,A,D,0,NA,NA,NA,NA,Y,NA,D,22,0,0,1,0,0,0,0,0,0,-,-,34.14495086669922,-117.27789306640624,SAN BERNARDINO,SAN BERNARDINO,-117.27788543701172,34.14500045776367
91002203,2019,2019-06-03,9860,2019-05-25,1500,019725,NA,6,2,9,3600,0,1,1,NA,2,152,I-15 S/B,OAK HILL RD,14256,S,N,A,-,Y,NA,NA,15,NA,NA,NA,NA,NA,S,Y,3,0,1,2,A,-,08,22107,NA,N,B,C,A,A,H,-,A,D,0,NA,NA,NA,Y,Y,NA,A,01,0,1,0,0,0,0,0,0,0,-,-,34.347618103027344,-117.47049713134766,SAN BERNARDINO,UNINCORPORATED,-117.47049713134766,34.34762191772461
91004592,2019,2019-06-06,9860,2019-05-29,1740,016651,NA,3,2,9,3600,0,1,1,NA,2,151,I-15 N/B,MATHEWS RANCH RD,4224,N,N,A,-,Y,NA,NA,15,NA,NA,NA,NA,NA,N,N,4,0,1,2,A,-,08,22107,NA,N,C,C,A,A,H,-,A,D,0,NA,NA,NA,NA,Y,NA,A,01,0,0,1,0,0,0,0,0,0,-,-,34.252559661865234,-117.44721221923828,SAN BERNARDINO,UNINCORPORATED,-117.44733428955078,34.25239944458008
91005696,2019,2019-06-07,9860,2019-05-30,1425,020051,NA,4,2,9,3600,0,3,5,NA,2,002,LYNWOOD DR,DOGWOOD ST,100,W,N,A,-,N,NA,NA,NA,NA,NA,NA,NA,NA,NA,Y,4,0,1,3,A,-,03,22350,NA,N,C,C,A,A,H,-,A,A,0,NA,NA,NA,NA,Y,NA,A,01,0,0,1,0,0,0,0,0,0,-,-,34.146728515625,-117.25119018554688,SAN BERNARDINO,UNINCORPORATED,-117.2510986328125,34.1467399597168
91006590,2019,2019-06-10,9850,2019-05-31,2142,022148,NA,5,2,9,3600,0,2,4,NA,2,053,EL MIRAGE ROAD,PICO AVENUE,48,E,N,A,-,N,NA,NA,NA,NA,NA,NA,NA,NA,NA,Y,1,2,3,2,A,-,06,21751,NA,N,A,C,A,A,H,-,D,D,0,NA,NA,NA,NA,Y,NA,A,07,2,1,0,0,0,0,0,0,0,-,-,34.602088928222656,-117.61135864257813,SAN BERNARDINO,UNINCORPORATED,-117.61135864257813,34.60205078125
91007388,2019,2019-06-11,9855,2019-05-30,1536,016051,NA,4,2,5,3630,0,1,3,NA,2,071,SR-71 S/B (CHINO FWY),PINE AVE.,1434,S,N,A,-,Y,NA,NA,71,NA,NA,NA,NA,NA,S,Y,2,0,1,2,A,-,03,22350,NA,N,C,C,A,A,H,-,A,D,0,NA,NA,NA,Y,Y,NA,D,22,1,0,0,0,0,0,0,0,0,-,-,33.94422149658203,-117.6721420288086,SAN BERNARDINO,CHINO HILLS,-117.67203521728516,33.94431686401367
91007965,2019,2019-06-11,9855,2019-05-24,1610,019303,NA,5,2,6,3604,0,1,1,NA,2,101,I-10 W/B (SAN BERNARDINO FWY),CHERRY AVE.,2000,W,N,A,-,Y,NA,NA,10,NA,NA,NA,NA,NA,W,Y,4,0,1,4,A,-,03,22350,NA,N,C,C,A,A,H,-,A,D,0,NA,NA,NA,NA,Y,NA,E,22,0,0,1,0,0,0,0,0,0,-,-,34.06576156616211,-117.49794769287108,SAN BERNARDINO,FONTANA,-117.49794769287108,34.06577682495117
91008914,2019,2019-06-12,9870,2019-05-16,1640,022218,NA,4,2,9,3600,0,1,3,NA,2,021,STATE ROUTE 247 (OLD WOMAN SPRINGS RD.),OLVINE ROAD,0,NA,Y,A,-,Y,NA,NA,247,NA,NA,NA,NA,NA,NA,Y,1,1,1,2,A,-,06,21751,NA,N,A,C,A,A,H,-,A,D,0,NA,NA,NA,NA,Y,NA,D,22,1,0,0,0,0,0,0,0,0,-,-,34.3597297668457,-116.53240966796876,SAN BERNARDINO,UNINCORPORATED,-116.5324478149414,34.35970687866211
91009410,2019,2019-06-13,9855,2019-06-04,1602,016051,NA,2,2,5,3602,0,1,3,NA,2,603,SR-60 E/B (POMONA FWY),PIPELINE AVE.,1535,W,N,A,-,Y,NA,NA,60,NA,NA,NA,NA,NA,E,Y,3,0,1,2,A,-,03,22350,NA,N,C,C,A,A,H,-,A,D,0,NA,NA,NA,NA,Y,NA,A,01,0,1,0,0,0,0,0,0,0,-,-,34.02714920043945,-117.7201690673828,SAN BERNARDINO,CHINO,-117.72015380859376,34.02711868286133