CASE_ID,ACCIDENT_YEAR,PROC_DATE,JURIS,COLLISION_DATE,COLLISION_TIME,OFFICER_ID,REPORTING_DISTRICT,DAY_OF_WEEK,CHP_SHIFT,POPULATION,CNTY_CITY_LOC,SPECIAL_COND,BEAT_TYPE,CHP_BEAT_TYPE,CITY_DIVISION_LAPD,CHP_BEAT_CLASS,BEAT_NUMBER,PRIMARY_RD,SECONDARY_RD,DISTANCE,DIRECTION,INTERSECTION,WEATHER_1,WEATHER_2,STATE_HWY_IND,CALTRANS_COUNTY,CALTRANS_DISTRICT,STATE_ROUTE,ROUTE_SUFFIX,POSTMILE_PREFIX,POSTMILE,LOCATION_TYPE,RAMP_INTERSECTION,SIDE_OF_HWY,TOW_AWAY,COLLISION_SEVERITY,NUMBER_KILLED,NUMBER_INJURED,PARTY_COUNT,PRIMARY_COLL_FACTOR,PCF_CODE_OF_VIOL,PCF_VIOL_CATEGORY,PCF_VIOLATION,PCF_VIOL_SUBSECTION,HIT_AND_RUN,TYPE_OF_COLLISION,MVIW,PED_ACTION,ROAD_SURFACE,ROAD_COND_1,ROAD_COND_2,LIGHTING,CONTROL_DEVICE,CHP_ROAD_TYPE,PEDESTRIAN_ACCIDENT,BICYCLE_ACCIDENT,MOTORCYCLE_ACCIDENT,TRUCK_ACCIDENT,NOT_PRIVATE_PROPERTY,ALCOHOL_INVOLVED,STWD_VEHTYPE_AT_FAULT,CHP_VEHTYPE_AT_FAULT,COUNT_SEVERE_INJ,COUNT_VISIBLE_INJ,COUNT_COMPLAINT_PAIN,COUNT_PED_KILLED,COUNT_PED_INJURED,COUNT_BICYCLIST_KILLED,COUNT_BICYCLIST_INJURED,COUNT_MC_KILLED,COUNT_MC_INJURED,PRIMARY_RAMP,SECONDARY_RAMP,LATITUDE,LONGITUDE,COUNTY,CITY,POINT_X,POINT_Y
91599927,2021,2021-10-19,9855,2021-10-01,0248,021959,NA,5,3,6,3607,0,1,1,NA,2,103,I-10 W/B (SAN BERNARDINO FWY),E. 6TH ST,528,E,N,A,-,Y,NA,NA,10,NA,NA,NA,NA,NA,W,Y,4,0,1,2,A,-,01,23152,A,N,C,C,A,A,D,E,D,D,0,NA,NA,NA,Y,Y,Y,A,01,0,0,1,0,0,0,0,0,0,-,-,34.08393096923828,-117.63406372070313,SAN BERNARDINO,ONTARIO,-117.63404083251952,34.08395767211914
91599941,2021,2021-10-19,9855,2021-10-05,1808,017506,NA,2,2,6,3604,0,1,1,NA,2,201,SR-210 E/B (FOOTHILL FWY),CHERRY AVE.,200,E,N,A,-,Y,NA,NA,210,NA,NA,NA,NA,NA,E,Y,3,0,3,4,A,-,01,23152,A,N,B,C,A,A,H,-,A,D,0,NA,NA,NA,NA,Y,Y,A,01,0,1,2,0,0,0,0,0,0,-,-,34.13652038574219,-117.48813629150392,SAN BERNARDINO,FONTANA,-117.48813629150392,34.136260986328125
91601039,2021,2021-10-20,9860,2021-10-15,0359,020387,NA,5,3,9,3600,0,1,1,NA,2,152,I-15 NORTHBOUND,CLEGHORN RD.,1625,N,N,A,-,Y,NA,NA,15,NA,NA,NA,NA,NA,N,Y,3,0,1,1,A,-,08,22107,NA,N,E,I,A,A,H,-,D,D,0,NA,NA,NA,NA,Y,NA,D,22,0,1,0,0,0,0,0,0,0,-,-,34.30281066894531,-117.46060180664063,SAN BERNARDINO,UNINCORPORATED,-117.46065521240234,34.30274200439453
9160112,2020,2020-12-18,3605,2020-10-03,1410,411,NA,6,5,4,3605,0,0,0,NA,0,3605,CENTRAL AV,MORENO ST,0,NA,Y,A,-,N,NA,NA,NA,NA,NA,NA,NA,NA,NA,Y,3,0,5,4,A,-,12,21453,A,N,D,C,A,A,H,-,A,A,0,NA,NA,NA,NA,Y,NA,D,22,0,2,3,0,0,0,0,0,0,-,-,NA,NA,SAN BERNARDINO,MONTCLAIR,-117.68971252441406,34.08877182006836
91602118,2021,2021-10-21,9860,2021-10-16,1750,022319,NA,6,2,5,3608,0,1,1,NA,2,105,I-10 W/B,WABASH AVE.,800,W,N,A,-,Y,NA,NA,10,NA,NA,NA,NA,NA,W,N,3,0,3,2,A,-,07,21658,A,N,B,C,A,A,H,-,A,D,0,NA,NA,NA,NA,Y,Y,A,01,0,1,2,0,0,0,0,0,0,-,-,34.0341796875,-117.14137268066406,SAN BERNARDINO,REDLANDS,-117.14137268066406,34.0341682434082
91602365,2021,2021-10-21,9855,2021-10-09,0235,021978,NA,6,3,5,3602,0,1,3,NA,2,071,SR-71 N/B (CHINO FWY),PEYTON AVENUE,150,S,N,A,-,Y,NA,NA,NA,NA,NA,NA,NA,NA,NA,Y,3,0,1,1,A,-,01,23152,A,N,E,I,A,A,H,-,D,D,0,NA,NA,NA,NA,Y,Y,A,01,0,1,0,0,0,0,0,0,0,-,-,34.01818084716797,-117.74326324462892,SAN BERNARDINO,CHINO,-117.74315643310548,34.018306732177734
91604611,2021,2021-10-25,9855,2021-10-13,1600,018212,NA,3,2,6,3607,0,1,1,NA,2,152,I-15 N/B (ONTARIO FWY),I-10,500,S,N,A,-,Y,NA,NA,15,NA,NA,NA,NA,NA,N,N,4,0,1,2,A,-,03,22350,NA,N,C,C,A,A,H,-,A,D,0,NA,NA,NA,NA,Y,NA,D,22,0,0,1,0,0,0,0,0,0,-,-,34.066650390625,-117.544677734375,SAN BERNARDINO,ONTARIO,-117.5447235107422,34.066650390625
91605911,2021,2021-10-25,9865,2021-10-22,2045,021587,NA,5,2,9,3600,0,1,3,NA,2,032,SALEM DR,RALEIGH DR,0,NA,Y,A,-,N,NA,NA,NA,NA,NA,NA,NA,NA,NA,Y,3,0,1,1,A,-,01,23152,A,N,F,A,A,A,H,-,D,D,0,NA,NA,Y,NA,Y,Y,C,02,0,1,0,0,0,0,0,0,1,-,-,34.254188537597656,-116.85787963867188,SAN BERNARDINO,UNINCORPORATED,-116.85785675048828,34.254127502441406
91606143,2021,2021-10-26,9855,2021-10-13,0310,018000,NA,3,3,6,3607,0,1,3,NA,2,601,SR-60 E/B (POMONA FWY),EUCLID AVE.,2056,E,N,A,-,Y,NA,NA,60,NA,NA,NA,NA,NA,E,Y,2,0,1,2,A,-,08,22107,NA,N,B,C,A,A,H,-,C,D,0,NA,NA,NA,Y,Y,Y,A,01,1,0,0,0,0,0,0,0,0,-,-,34.03042984008789,-117.64380645751952,SAN BERNARDINO,ONTARIO,-117.64380645751952,34.03034973144531
91609048,2021,2021-10-28,9834,2021-09-26,0300,018755,NA,7,3,9,3600,0,1,1,NA,2,040,I-40 WESTBOUND,KELBAKER RD,8765,E,N,A,-,Y,NA,NA,40,NA,NA,NA,NA,NA,W,Y,1,1,0,2,A,-,08,22107,NA,N,C,E,A,A,H,-,D,D,0,NA,NA,NA,Y,Y,Y,D,22,0,0,0,0,0,0,0,0,0,-,-,34.72372817993164,-115.64540100097656,SAN BERNARDINO,UNINCORPORATED,-115.64540100097656,34.723793029785156
9160920,2020,2020-12-02,3610,2020-09-03,2500,51268,NA,4,5,6,3610,0,0,0,NA,0,COURTE,EAST HIGHLAND AV,N STERLING AV,0,NA,Y,A,-,N,NA,NA,NA,NA,NA,NA,NA,NA,NA,Y,4,0,1,2,A,-,08,22107,NA,N,D,C,A,A,H,-,A,D,0,NA,NA,NA,NA,Y,Y,A,01,0,0,1,0,0,0,0,0,0,-,-,34.13584899902344,-117.24365997314452,SAN BERNARDINO,SAN BERNARDINO,-117.24365997314452,34.13581848144531
91611236,2021,2021-11-01,9855,2021-08-16,0322,021483,NA,1,3,5,3611,0,1,1,NA,2,103,I-10 W/B (SAN BERNARDINO FWY),MOUNTAIN AVENUE,350,W,N,A,-,Y,NA,NA,10,NA,NA,NA,NA,NA,W,Y,3,0,3,2,A,-,03,22350,NA,F,C,C,A,A,D,-,C,D,0,NA,NA,NA,NA,Y,NA,A,01,0,1,2,0,0,0,0,0,0,-,-,34.087371826171875,-117.67095184326172,SAN BERNARDINO,UPLAND,-117.67095184326172,34.08738327026367
91611497,2021,2021-11-01,9860,2021-10-16,0810,019429,NA,6,1,9,3600,0,3,5,NA,2,002,ARDEN AVE,PUMALO ST,10,S,N,A,-,N,NA,NA,NA,NA,NA,NA,NA,NA,NA,N,4,0,1,2,A,-,03,22350,NA,F,C,C,A,A,H,-,A,D,0,NA,NA,NA,NA,Y,NA,D,22,0,0,1,0,0,0,0,0,0,-,-,34.13846969604492,-117.23493194580078,SAN BERNARDINO,UNINCORPORATED,-117.23493194580078,34.13850402832031
91611890,2021,2021-11-01,9855,2021-10-22,2210,022021,NA,5,3,6,3607,0,1,1,NA,2,101,I-10 W/B (SAN BERNARDINO FREEWAY),MILLIKEN AVE.,850,E,N,A,-,Y,NA,NA,10,NA,NA,NA,NA,NA,W,Y,4,0,1,4,A,-,03,22350,NA,N,E,8,A,A,D,-,C,D,0,NA,NA,NA,NA,Y,NA,A,01,0,0,1,0,0,0,0,0,0,-,-,34.06748962402344,-117.5551528930664,SAN BERNARDINO,ONTARIO,-117.5551528930664,34.06755065917969
91613708,2021,2021-11-02,9855,2021-10-22,1838,015919,NA,5,2,6,3607,0,1,1,NA,2,101,I-10 E/B (SAN BERNARDINO FWY),I-15,1800,E,N,A,-,Y,NA,NA,10,NA,NA,NA,NA,NA,E,Y,4,0,1,4,A,-,03,22350,NA,N,C,C,A,A,H,-,C,D,0,NA,NA,NA,NA,Y,NA,A,01,0,0,1,0,0,0,0,0,0,-,-,34.06732177734375,-117.53975677490234,SAN BERNARDINO,ONTARIO,-117.53975677490234,34.06731414794922
91613883,2021,2022-03-30,9855,2021-10-23,1724,018212,NA,6,2,6,3616,0,1,1,NA,2,203,SR-210 W/B (FOOTHILL FWY),HAVEN AVE,528,W,N,B,-,Y,NA,NA,210,NA,NA,NA,NA,NA,W,N,3,0,1,2,A,-,07,21658,A,N,C,C,A,A,H,-,A,D,0,NA,NA,Y,NA,Y,NA,A,01,0,1,0,0,0,0,0,0,0,-,-,34.13587188720703,-117.57997131347656,SAN BERNARDINO,RANCHO CUCAMONGA,-117.57997131347656,34.13590621948242
9161399,2020,2021-01-19,3605,2020-09-05,1648,437,RCSUP,6,5,4,3605,0,0,0,NA,0,NA,MORENO ST,FREMONT AV,0,NA,Y,A,-,N,NA,NA,NA,NA,NA,NA,NA,NA,NA,Y,4,0,1,2,A,-,12,21453,A,N,D,C,A,A,H,-,A,A,0,NA,NA,NA,NA,Y,NA,A,07,0,0,1,0,0,0,0,0,0,-,-,NA,NA,SAN BERNARDINO,MONTCLAIR,-117.6938934326172,34.08869934082031
9161472,2020,2021-01-16,3600,2020-09-03,1529,SCHAU,CH024,4,5,5,3630,0,0,0,NA,0,CH1,OLYMPIC VIEW DR,PAGEANTRY DR,27,W,N,A,-,N,NA,NA,NA,NA,NA,NA,NA,NA,NA,Y,4,0,1,1,A,-,03,22350,NA,N,A,I,A,A,H,-,A,D,0,NA,NA,NA,NA,Y,NA,A,01,0,0,1,0,0,0,0,0,0,-,-,NA,NA,SAN BERNARDINO,CHINO HILLS,-117.74099731445313,34.00416564941406
91615086,2021,2021-11-03,9835,2021-10-25,1703,020976,NA,1,2,9,3600,0,1,1,NA,2,075,I-15 S/B,HALLORAN SPRINGS RD,11616,N,N,C,-,Y,NA,NA,15,NA,NA,NA,NA,NA,S,N,3,0,1,1,A,-,08,22107,NA,N,E,I,A,B,H,-,A,D,0,NA,NA,NA,NA,Y,NA,D,22,0,1,0,0,0,0,0,0,0,-,-,35.469871520996094,-115.54216003417967,SAN BERNARDINO,UNINCORPORATED,-115.54217529296876,35.4697265625
9161547,2020,2020-10-05,3600,2020-07-16,1516,D2557,CH065,4,5,5,3630,0,0,0,NA,0,CH4,SOUTH CAROLINA PKWY,BUTTERFIELD RAND RD,0,NA,Y,A,-,N,NA,NA,NA,NA,NA,NA,NA,NA,NA,Y,4,0,1,2,A,-,12,21453,A,N,D,C,A,A,H,-,A,A,0,NA,NA,NA,NA,Y,NA,A,01,0,0,1,0,0,0,0,0,0,-,-,NA,NA,SAN BERNARDINO,CHINO HILLS,NA,NA
9161565,2020,2020-10-06,3602,2020-07-24,0230,3051,NA,5,5,5,3602,0,0,0,NA,0,002,TAMARISK LN,WALNUT AV,100,N,N,A,-,N,NA,NA,NA,NA,NA,NA,NA,NA,NA,N,3,0,1,2,A,-,03,22350,NA,F,G,B,E,A,H,-,C,D,0,Y,NA,NA,NA,Y,NA,A,01,0,1,0,0,1,0,0,0,0,-,-,34.027000427246094,-117.6572494506836,SAN BERNARDINO,CHINO,-117.65719604492188,34.02677536010742
91615855,2021,2021-11-04,9835,2021-10-29,1310,022393,NA,5,1,9,3600,0,3,5,NA,2,039,DUMONT DUNES (OHV AREA),SR-127,18955,E,N,A,-,N,NA,NA,NA,NA,NA,NA,NA,NA,NA,N,4,0,2,2,A,-,03,38305,NA,N,A,C,A,A,H,-,A,D,0,NA,NA,NA,NA,Y,NA,A,42,0,0,2,0,0,0,0,0,0,-,-,35.68737030029297,-116.2371826171875,SAN BERNARDINO,UNINCORPORATED,-116.24163818359376,35.70087432861328
9161609,2020,2020-10-23,3603,2020-08-29,1921,5005,CPD,6,5,4,3603,0,0,0,NA,0,002,E C ST,N MT VERNON,0,NA,Y,A,-,N,NA,NA,NA,NA,NA,NA,NA,NA,NA,N,3,0,1,2,A,-,12,22450,A,N,D,G,A,A,H,-,B,A,0,NA,Y,NA,NA,Y,NA,-,NA,0,1,0,0,0,0,1,0,0,-,-,34.071800231933594,-117.31385803222656,SAN BERNARDINO,COLTON,-117.31385803222656,34.07207107543945
91617765,2021,2023-05-29,9860,2021-06-08,2347,020856,NA,2,3,5,3608,0,1,1,NA,2,105,INTERSTATE 10 EASTBOUND TO STATE ROUTE 210 WESTBOU,LUGONIA AVENUE,205,N,N,A,-,Y,NA,NA,NA,NA,NA,NA,NA,NA,NA,Y,1,1,0,2,A,-,11,21954,A,N,G,B,E,A,D,E,D,D,0,Y,NA,NA,NA,Y,NA,N,60,0,0,0,1,0,0,0,0,0,-,-,34.071929931640625,-117.20053863525392,SAN BERNARDINO,REDLANDS,NA,NA
91617909,2021,2021-11-08,9855,2021-10-25,0548,017597,NA,1,3,6,3607,0,1,1,NA,2,103,I-10 E/B (SAN BERNARDINO FWY),4TH STREET,1900,W,N,B,-,Y,NA,NA,10,NA,NA,NA,NA,NA,E,Y,4,0,1,2,A,-,03,22350,NA,N,C,C,A,A,D,-,C,D,0,NA,NA,NA,NA,Y,NA,A,01,0,0,1,0,0,0,0,0,0,-,-,34.075439453125,-117.6194305419922,SAN BERNARDINO,ONTARIO,-117.6195068359375,34.07530212402344
91618220,2021,2021-11-08,9860,2021-11-03,0730,019429,NA,3,1,5,3608,0,1,1,NA,2,203,SR-210 E/B TO I-10 E/B,TEXAS ST,1584,W,N,A,-,Y,NA,NA,NA,NA,NA,NA,NA,NA,NA,N,4,0,1,2,A,-,03,22350,NA,N,C,C,A,A,H,-,A,D,0,NA,NA,NA,NA,Y,NA,A,01,0,0,1,0,0,0,0,0,0,-,-,NA,NA,SAN BERNARDINO,REDLANDS,NA,NA
91620601,2021,2021-11-09,9870,2021-11-08,1140,016935,NA,1,1,9,3600,0,1,3,NA,1,031,STATE ROUTE 62 (TWENTYNINE PALMS HIGHWAY),ROTARY WAY,0,NA,Y,A,-,Y,NA,NA,62,NA,NA,NA,NA,NA,NA,Y,3,0,2,2,A,-,01,23152,F,N,A,C,A,A,H,-,A,A,0,NA,NA,NA,NA,Y,NA,A,01,0,2,0,0,0,0,0,0,0,-,-,34.13521957397461,-116.21208190917967,SAN BERNARDINO,UNINCORPORATED,-116.21208190917967,34.135135650634766
91620649,2021,2021-11-09,9835,2021-11-03,1705,020109,NA,3,2,9,3600,0,1,1,NA,2,045,I-40 E/B,CRUCERO RD,16896,W,N,A,-,Y,NA,NA,40,NA,NA,NA,NA,NA,E,N,3,0,1,1,A,-,08,22107,NA,N,E,I,A,A,H,-,A,D,0,NA,NA,NA,NA,Y,NA,A,01,0,1,0,0,0,0,0,0,0,-,-,34.725189208984375,-116.2191925048828,SAN BERNARDINO,UNINCORPORATED,-116.21920013427734,34.72504425048828
9162294,2020,2020-10-24,3600,2020-08-15,1215,D3384,YC,6,5,4,3640,0,0,0,NA,0,YC1,YUCAIPA BL,CALIFORNIA ST,278,W,N,A,-,N,NA,NA,NA,NA,NA,NA,NA,NA,NA,Y,3,0,1,2,A,-,07,21658,NA,N,B,E,A,A,H,-,A,D,0,NA,NA,Y,NA,Y,NA,C,02,0,1,0,0,0,0,0,0,1,-,-,NA,NA,SAN BERNARDINO,YUCAIPA,-117.039703,34.033872
91623534,2021,2021-11-12,9855,2021-10-14,1015,018335,NA,4,1,6,3607,0,1,3,NA,2,601,SR-60 W/B TO EUCLID AVENUE,EUCLID AVE.,300,E,N,A,-,Y,NA,NA,60,NA,NA,NA,R,NA,W,N,4,0,1,2,A,-,03,22350,NA,N,C,C,A,A,H,-,A,D,0,NA,NA,NA,NA,Y,NA,A,01,0,0,1,0,0,0,0,0,0,-,-,34.030879974365234,-117.64824676513672,SAN BERNARDINO,ONTARIO,-117.64824676513672,34.030879974365234
91623987,2021,2021-11-15,9860,2021-11-14,0953,016658,NA,7,1,4,3640,0,1,1,NA,2,106,I-10 W/B TO LIVE OAK CANYON RD.,LIVE OAK CANYON RD.,10,E,N,A,-,Y,NA,NA,10,NA,NA,NA,R,NA,W,N,4,0,2,2,A,-,21,22106,NA,N,C,C,A,A,H,-,A,A,0,NA,NA,NA,NA,Y,NA,A,01,0,0,2,0,0,0,0,0,0,-,-,34.016929626464844,-117.09532165527344,SAN BERNARDINO,YUCAIPA,-117.09532165527344,34.016929626464844
9162586,2020,2020-11-25,3600,2020-09-24,1057,S2984,YC403,4,5,4,3640,0,0,0,NA,0,YC3,AVENUE E,15TH ST,470,E,N,A,-,N,NA,NA,NA,NA,NA,NA,NA,NA,NA,Y,3,0,1,2,A,-,00,23103,NA,N,C,C,A,A,H,-,A,A,0,NA,NA,Y,NA,Y,NA,C,02,0,1,0,0,0,0,0,0,1,-,-,NA,NA,SAN BERNARDINO,YUCAIPA,-117.09713745117188,34.026611328125
91626402,2021,2021-11-16,9855,2021-11-12,1450,021156,NA,5,2,9,3600,0,3,5,NA,2,001,CHERRY AVE. (8900 BLOCK),MERRILL AVE.,100,S,N,A,-,N,NA,NA,NA,NA,NA,NA,NA,NA,NA,N,4,0,1,2,A,-,03,22350,NA,N,C,C,A,A,H,-,A,A,0,NA,NA,NA,NA,Y,NA,A,01,0,0,1,0,0,0,0,0,0,-,-,34.09159851074219,-117.4887924194336,SAN BERNARDINO,UNINCORPORATED,-117.48889923095705,34.091697692871094
9162680,2019,2020-11-03,3611,2019-05-31,1500,2325,3611,5,5,5,3611,0,0,0,NA,0,003,FOOTHILL BL,EUCLID AV,197,E,N,A,-,N,NA,NA,NA,NA,NA,NA,NA,NA,NA,NA,4,0,1,2,A,-,03,22350,NA,N,C,C,A,A,H,-,A,A,0,NA,NA,NA,NA,Y,NA,D,22,0,0,1,0,0,0,0,0,0,-,-,NA,NA,SAN BERNARDINO,UPLAND,-117.65171051025392,34.10673904418945
9162696,2020,2020-10-26,3611,2020-07-29,2055,577,NA,3,5,5,3611,0,0,0,NA,0,NA,ARROW HWY,SILVERWOOD AV,175,W,N,A,-,N,NA,NA,NA,NA,NA,NA,NA,NA,NA,Y,3,0,1,4,A,-,01,23152,A,N,C,E,A,A,H,-,C,A,0,NA,NA,NA,NA,Y,Y,A,01,0,1,0,0,0,0,0,0,0,-,-,NA,NA,SAN BERNARDINO,UPLAND,-117.67366027832033,34.09965896606445
91628720,2021,2021-11-18,9860,2021-10-23,0531,019725,NA,6,3,9,3600,0,1,1,NA,2,152,I-15 S/B,SANTA FE RD,200,N,N,E,-,Y,NA,NA,15,NA,NA,NA,NA,NA,S,Y,4,0,1,3,A,-,03,22350,NA,F,C,C,A,B,H,-,D,D,0,NA,NA,NA,NA,Y,NA,A,01,0,0,1,0,0,0,0,0,0,-,-,34.34737014770508,-117.4760284423828,SAN BERNARDINO,UNINCORPORATED,-117.47603607177734,34.347381591796875
91628739,2021,2021-11-18,9855,2021-11-10,0525,018335,NA,3,3,4,3605,0,1,1,NA,2,103,I-10 W/B (SAN BERNARDINO FWY),MONTE VISTA AVE.,1400,E,N,A,-,Y,NA,NA,10,NA,NA,NA,NA,NA,W,Y,4,0,1,3,A,-,03,22350,NA,F,C,C,A,A,D,-,C,D,0,NA,NA,NA,NA,Y,NA,D,22,0,0,1,0,0,0,0,0,0,-,-,34.08369827270508,-117.6938934326172,SAN BERNARDINO,MONTCLAIR,-117.69390869140624,34.083740234375
91630634,2021,2021-11-19,9855,2021-11-11,0135,021483,NA,4,3,4,3605,0,1,1,NA,2,103,I-10 E/B (SAN BERNARDINO FWY),MONTE VISTA AVENUE,2100,W,N,A,-,Y,NA,NA,10,NA,NA,NA,NA,NA,E,Y,4,0,1,1,A,-,08,22107,NA,N,E,8,A,A,D,-,C,D,0,NA,NA,NA,Y,Y,NA,G,25,0,0,1,0,0,0,0,0,0,-,-,34.08161926269531,-117.70520782470705,SAN BERNARDINO,MONTCLAIR,-117.70520782470705,34.081748962402344
91635934,2021,2021-11-29,9860,2021-10-10,0447,021229,NA,7,3,4,3603,0,1,1,NA,2,214,I-215 N/B,WASHINGTON ST,1056,S,N,A,-,Y,NA,NA,215,NA,NA,NA,NA,NA,N,Y,3,0,2,2,A,-,03,22350,NA,F,C,2,A,A,H,-,C,D,0,NA,NA,NA,NA,Y,NA,-,99,0,1,1,0,0,0,0,0,0,-,-,34.04507064819336,-117.31114196777344,SAN BERNARDINO,COLTON,-117.31111145019533,34.04502868652344
91638554,2021,2021-11-30,9834,2021-11-26,0745,018343,NA,5,1,9,3600,0,1,2,NA,1,091,US-95,HAVASU LAKE ROAD,67584,S,N,A,-,Y,NA,NA,95,NA,NA,NA,NA,NA,NA,N,2,0,1,1,A,-,08,22107,NA,N,E,I,A,A,H,-,A,D,0,NA,NA,Y,NA,Y,NA,C,02,1,0,0,0,0,0,0,0,1,-,-,34.371131896972656,-114.65519714355467,SAN BERNARDINO,UNINCORPORATED,-114.6551513671875,34.371131896972656
91639776,2021,2021-12-01,9850,2021-11-24,2025,021675,NA,3,2,9,3600,0,3,5,NA,2,004,JOHNSON VALLEY OHV,GRANITE RD.,1584,S,N,A,-,N,NA,NA,NA,NA,NA,NA,NA,NA,NA,N,2,0,1,1,A,-,08,38314,NA,N,F,A,A,A,H,-,D,D,0,NA,NA,NA,NA,Y,NA,-,99,1,0,0,0,0,0,0,0,0,-,-,34.49652862548828,-116.82267761230467,SAN BERNARDINO,UNINCORPORATED,NA,NA
91640014,2021,2021-12-01,9834,2021-11-25,1420,013633,NA,4,2,9,3600,0,3,5,NA,2,003,GOFFS ROAD,INTERSTATE 40,23232,N,N,A,-,N,NA,NA,NA,NA,NA,NA,NA,NA,NA,Y,3,0,1,1,A,-,03,22350,NA,N,E,J,A,A,H,-,A,D,0,NA,NA,NA,NA,Y,NA,A,01,0,1,0,0,0,0,0,0,0,-,-,34.85100173950195,-115.13218688964844,SAN BERNARDINO,UNINCORPORATED,-115.13227081298828,34.850975036621094
9164119,2020,2020-11-25,3600,2020-04-25,1550,I1076,AD103,6,5,3,3613,0,0,0,NA,0,VVSUP,PALMDALE RD,PEARMAIN ST,0,NA,Y,A,-,Y,SBD,8,18,-,-,101.206,I,5,N,Y,3,0,4,2,A,-,09,21802,A,N,A,C,A,A,H,-,A,A,0,NA,NA,NA,NA,Y,NA,A,01,0,4,0,0,0,0,0,0,0,-,-,NA,NA,SAN BERNARDINO,ADELANTO,-117.40393829345705,34.5067253112793
91641208,2021,2021-12-02,9860,2021-11-08,0935,014963,NA,1,1,9,3600,0,1,1,NA,2,102,I-10 E/B,CEDAR AVE.,2112,E,N,A,-,Y,NA,NA,10,NA,NA,NA,NA,NA,E,Y,4,0,2,2,A,-,08,22107,NA,N,C,C,A,A,H,-,A,D,0,NA,NA,NA,Y,Y,NA,A,07,0,0,2,0,0,0,0,0,0,-,-,34.06806945800781,-117.38916778564452,SAN BERNARDINO,UNINCORPORATED,-117.38916778564452,34.06816482543945
9164175,2020,2021-01-19,3609,2020-09-11,1317,02284,RI007,5,5,5,3609,0,0,0,NA,0,001,RIVERSIDE AV,ALDER AV,0,NA,Y,A,-,N,NA,NA,NA,NA,NA,NA,NA,NA,NA,Y,4,0,1,2,A,-,12,21453,NA,N,D,C,A,A,H,-,A,A,0,NA,NA,NA,NA,Y,NA,A,01,0,0,1,0,0,0,0,0,0,-,-,34.16669845581055,-117.41649627685548,SAN BERNARDINO,RIALTO,-117.41649627685548,34.166690826416016
9164247,2020,2021-01-15,3605,2020-09-14,0737,411,NA,1,5,4,3605,0,0,0,NA,0,3605,PALO VERDE ST,CARRILLO ST,0,NA,Y,A,-,N,NA,NA,NA,NA,NA,NA,NA,NA,NA,Y,2,0,1,2,A,-,09,21801,A,N,D,C,A,A,H,-,A,D,0,NA,NA,Y,NA,Y,NA,A,01,1,0,0,0,0,0,0,0,1,-,-,NA,NA,SAN BERNARDINO,MONTCLAIR,-117.6916732788086,34.081329345703125
91647408,2021,2021-12-09,9860,2021-11-29,1515,014777,NA,1,2,9,3600,0,2,4,NA,2,066,CAJON BOULEVARD,KEENBROOK ROAD,2006,S,N,A,-,N,NA,NA,NA,NA,NA,NA,NA,NA,NA,Y,4,0,1,2,A,-,06,21755,A,N,B,C,A,A,H,-,A,D,0,NA,NA,Y,NA,Y,NA,C,02,0,0,1,0,0,0,0,0,1,-,-,34.24837875366211,-117.44920349121094,SAN BERNARDINO,UNINCORPORATED,-117.44930267333984,34.24840545654297
91647573,2021,2021-12-09,9850,2021-11-29,1430,022510,NA,1,2,9,3600,0,2,4,NA,2,066,PHELAN RD,JOHNSON RD,0,NA,Y,A,-,N,NA,NA,NA,NA,NA,NA,NA,NA,NA,Y,2,0,5,3,A,-,12,21453,A,N,D,C,A,A,H,-,A,A,0,NA,NA,NA,NA,Y,NA,A,01,2,1,2,0,0,0,0,0,0,-,-,34.426361083984375,-117.55490112304688,SAN BERNARDINO,UNINCORPORATED,-117.5549774169922,34.426422119140625
91648303,2021,2021-12-10,9860,2021-11-30,2210,020135,NA,2,3,9,3600,0,1,1,NA,2,152,I-15 N/B,OAK HILL RD.,12144,S,N,A,-,Y,NA,NA,15,NA,NA,NA,NA,NA,N,Y,4,0,1,2,A,-,03,22350,NA,N,C,C,A,A,H,-,D,D,0,NA,NA,NA,NA,Y,NA,D,22,0,0,1,0,0,0,0,0,0,-,-,34.33998107910156,-117.46395874023438,SAN BERNARDINO,UNINCORPORATED,-117.46395874023438,34.3399658203125
9164939,2020,2020-11-16,3603,2020-09-08,2021,4726,CPD,2,5,4,3603,0,0,0,NA,0,004,WASHINGTON ST,RV CENTER DR,0,NA,Y,A,-,N,NA,NA,NA,NA,NA,NA,NA,NA,NA,Y,4,0,1,4,A,-,01,23152,A,N,A,C,A,-,H,-,C,A,0,NA,NA,NA,NA,Y,Y,A,01,0,0,1,0,0,0,0,0,0,-,-,NA,NA,SAN BERNARDINO,COLTON,-117.31748962402344,34.04671096801758