CASE_ID,ACCIDENT_YEAR,PROC_DATE,JURIS,COLLISION_DATE,COLLISION_TIME,OFFICER_ID,REPORTING_DISTRICT,DAY_OF_WEEK,CHP_SHIFT,POPULATION,CNTY_CITY_LOC,SPECIAL_COND,BEAT_TYPE,CHP_BEAT_TYPE,CITY_DIVISION_LAPD,CHP_BEAT_CLASS,BEAT_NUMBER,PRIMARY_RD,SECONDARY_RD,DISTANCE,DIRECTION,INTERSECTION,WEATHER_1,WEATHER_2,STATE_HWY_IND,CALTRANS_COUNTY,CALTRANS_DISTRICT,STATE_ROUTE,ROUTE_SUFFIX,POSTMILE_PREFIX,POSTMILE,LOCATION_TYPE,RAMP_INTERSECTION,SIDE_OF_HWY,TOW_AWAY,COLLISION_SEVERITY,NUMBER_KILLED,NUMBER_INJURED,PARTY_COUNT,PRIMARY_COLL_FACTOR,PCF_CODE_OF_VIOL,PCF_VIOL_CATEGORY,PCF_VIOLATION,PCF_VIOL_SUBSECTION,HIT_AND_RUN,TYPE_OF_COLLISION,MVIW,PED_ACTION,ROAD_SURFACE,ROAD_COND_1,ROAD_COND_2,LIGHTING,CONTROL_DEVICE,CHP_ROAD_TYPE,PEDESTRIAN_ACCIDENT,BICYCLE_ACCIDENT,MOTORCYCLE_ACCIDENT,TRUCK_ACCIDENT,NOT_PRIVATE_PROPERTY,ALCOHOL_INVOLVED,STWD_VEHTYPE_AT_FAULT,CHP_VEHTYPE_AT_FAULT,COUNT_SEVERE_INJ,COUNT_VISIBLE_INJ,COUNT_COMPLAINT_PAIN,COUNT_PED_KILLED,COUNT_PED_INJURED,COUNT_BICYCLIST_KILLED,COUNT_BICYCLIST_INJURED,COUNT_MC_KILLED,COUNT_MC_INJURED,PRIMARY_RAMP,SECONDARY_RAMP,LATITUDE,LONGITUDE,COUNTY,CITY,POINT_X,POINT_Y
9201905,2020,2021-02-01,3610,2020-11-23,2137,51237,NA,1,5,6,3610,0,0,0,NA,0,POLICE,S TIPPECANOE AV,E CENTRAL AV,200,S,N,A,-,N,NA,NA,NA,NA,NA,NA,NA,NA,NA,N,4,0,2,3,A,-,08,22107,NA,N,C,C,A,A,H,-,C,A,0,NA,NA,NA,NA,Y,NA,A,01,0,0,2,0,0,0,0,0,0,-,-,34.08586883544922,-117.25968170166016,SAN BERNARDINO,SAN BERNARDINO,-117.25975799560548,34.08536148071289
92021115,2023,2023-03-17,9855,2023-03-10,1140,015299,NA,5,1,6,3607,0,1,1,NA,2,103,I-10 E/B (SAN BERNARDINO FWY),HAVEN AVENUE,1600,W,N,C,-,Y,SBD,NA,10,NA,NA,7.833,H,NA,R,N,4,0,1,3,A,-,03,22350,NA,N,C,C,A,B,D,-,A,D,0,NA,NA,NA,NA,Y,NA,A,01,0,0,1,0,0,0,0,0,0,-,-,34.06747817993164,-117.58162689208984,SAN BERNARDINO,ONTARIO,-117.58162689208984,34.067474365234375
92021369,2023,2023-03-17,9835,2023-03-16,1459,022428,NA,4,2,9,3600,0,3,5,NA,2,032,WINDY PASS,DOLOMITE STREET,0,NA,Y,A,-,N,NA,NA,NA,NA,NA,NA,NA,NA,NA,Y,4,0,1,2,A,-,03,22350,NA,N,D,C,A,A,H,-,A,D,0,NA,NA,NA,NA,Y,Y,A,01,0,0,1,0,0,0,0,0,0,-,-,34.880638122558594,-117.03317260742188,SAN BERNARDINO,UNINCORPORATED,-117.03317260742188,34.880653381347656
92021839,2023,2023-03-20,9860,2023-03-15,1227,022875,NA,3,1,6,3610,0,1,1,NA,2,216,I-215 S/B,UNIVERSITY PKY,3960,S,N,B,C,Y,SBD,NA,215,NA,NA,10.932,H,NA,L,Y,4,0,2,1,A,-,08,22107,NA,N,E,I,A,B,H,-,A,D,0,NA,NA,NA,NA,Y,NA,A,01,0,0,2,0,0,0,0,0,0,-,-,34.15591049194336,-117.32633209228516,SAN BERNARDINO,SAN BERNARDINO,-117.32627105712892,34.15593719482422
92022330,2023,2023-03-20,9855,2023-03-08,1840,023010,NA,3,2,5,3602,0,1,3,NA,2,071,SR-71 S/B (CHINO FWY),GRAND AVE.,3300,S,N,A,-,Y,SBD,NA,71,NA,R,2.494,H,NA,L,N,4,0,1,2,A,-,08,22107,NA,N,B,C,A,A,H,-,D,D,0,NA,NA,NA,NA,Y,NA,A,01,0,0,1,0,0,0,0,0,0,-,-,33.992488861083984,-117.71855926513672,SAN BERNARDINO,CHINO,-117.71839904785156,33.99259948730469
92023685,2023,2023-03-21,9850,2023-03-11,1115,019278,NA,6,1,5,3619,0,1,1,NA,2,082,I-15 S/B,MAIN STREET,5280,S,N,B,-,Y,SBD,NA,15,NA,NA,32.97,H,NA,L,N,4,0,3,6,A,-,03,22350,NA,N,C,C,A,A,D,-,A,D,0,NA,NA,NA,NA,Y,NA,A,07,0,0,3,0,0,0,0,0,0,-,-,34.41416931152344,-117.39032745361328,SAN BERNARDINO,HESPERIA,-117.39035034179688,34.414180755615234
9202510,2020,2021-02-19,3604,2020-12-08,2056,680,NA,2,5,6,3604,0,0,0,NA,0,NA,BASELINE AV,BEECH,20,E,N,A,-,N,NA,NA,NA,NA,NA,NA,NA,NA,NA,N,4,0,1,2,A,-,03,22350,NA,M,C,C,A,A,H,-,C,A,0,NA,NA,NA,NA,Y,NA,A,07,0,0,1,0,0,0,0,0,0,-,-,NA,NA,SAN BERNARDINO,FONTANA,-117.47103118896484,34.12147903442383
92025555,2023,2023-03-22,9855,2023-03-14,1950,018313,NA,2,2,5,3611,0,1,1,NA,2,203,SR-210 W/B (FOOTHILL FWY),MOUNTAIN AVE,440,W,N,B,C,Y,SBD,NA,210,NA,NA,1.403,H,NA,L,Y,4,0,1,2,A,-,03,22350,NA,N,E,I,A,B,H,-,C,D,0,NA,NA,NA,Y,Y,NA,A,07,0,0,1,0,0,0,0,0,0,-,-,34.13481140136719,-117.67201995849608,SAN BERNARDINO,UPLAND,-117.67201995849608,34.134803771972656
92026798,2023,2023-03-23,9870,2023-03-04,505,020213,NA,6,3,9,3600,0,1,3,NA,1,031,SR 62 (TWENTYNINE PALMS HWY),WHITE FEATHER ROAD,394.5,W,N,A,-,Y,SBD,NA,62,NA,NA,20.385,H,NA,R,Y,1,1,0,2,A,-,11,21954,A,N,G,B,E,A,H,-,D,D,0,Y,NA,NA,NA,Y,NA,N,60,0,0,0,1,0,0,0,0,0,-,-,34.135009765625,-116.27819061279295,SAN BERNARDINO,UNINCORPORATED,-116.27819061279295,34.13508605957031
92027393,2023,2023-03-23,9855,2023-01-27,1850,023027,NA,5,2,9,3600,0,1,3,NA,1,011,BEECH AVE,PINE AVE,104,N,N,A,-,N,NA,NA,NA,NA,NA,NA,NA,NA,NA,Y,3,0,2,2,A,-,03,22350,NA,N,D,C,A,A,H,-,C,D,0,NA,NA,NA,Y,Y,NA,A,01,0,1,1,0,0,0,0,0,0,-,-,34.08742141723633,-117.47119140625,SAN BERNARDINO,UNINCORPORATED,-117.4711685180664,34.08731460571289
92027398,2023,2023-03-23,9860,2023-03-14,1325,022439,NA,2,1,4,3640,0,1,1,NA,2,106,I-10 W/B,COUNTY LINE RD,2000,W,N,B,C,Y,SBD,NA,10,NA,R,38.719,H,NA,L,Y,2,0,1,1,A,-,08,22107,NA,N,E,I,A,B,H,-,A,D,0,NA,NA,NA,NA,Y,NA,A,01,1,0,0,0,0,0,0,0,0,-,-,34.00954818725586,-117.06832885742188,SAN BERNARDINO,YUCAIPA,-117.06826782226563,34.00959396362305
92028010,2023,2023-03-24,9855,2023-01-13,1215,015299,NA,5,1,5,3611,0,1,1,NA,2,103,I-10 W/B (SAN BERNARDINO FWY),SR-83 (EUCLID AVE.),2000,E,N,A,-,Y,SBD,NA,10,NA,NA,3.84,H,NA,L,N,3,0,1,3,A,-,08,22107,NA,M,E,8,A,A,D,E,A,A,0,NA,NA,NA,Y,Y,NA,-,99,0,1,0,0,0,0,0,0,0,-,-,34.087440490722656,-117.6446533203125,SAN BERNARDINO,UPLAND,-117.64464569091795,34.087493896484375
92028189,2023,2023-03-24,9860,2023-03-17,1549,020002,NA,5,2,9,3600,0,3,5,NA,2,002,VERMONT ST,OGDEN ST.,0,NA,Y,B,-,N,NA,NA,NA,NA,NA,NA,NA,NA,NA,N,4,0,1,2,A,-,12,22450,A,N,D,C,A,A,H,-,A,A,0,NA,NA,NA,NA,Y,NA,A,07,0,0,1,0,0,0,0,0,0,-,-,34.157901763916016,-117.35296630859376,SAN BERNARDINO,UNINCORPORATED,-117.35295104980467,34.15784454345703
92028885,2023,2023-03-27,9860,2023-03-21,1225,018275,NA,2,1,5,3608,0,1,1,NA,2,105,I-10 W/B,W PALM AVE,630,E,N,B,C,Y,SBD,NA,10,NA,NA,32.5,H,NA,L,Y,4,0,1,2,A,-,03,22350,NA,N,B,2,A,B,H,-,A,D,0,NA,NA,NA,NA,Y,NA,A,01,0,0,1,0,0,0,0,0,0,-,-,34.05017852783203,-117.15968322753906,SAN BERNARDINO,REDLANDS,-117.15962982177734,34.05020523071289
92030920,2023,2023-03-28,9850,2023-03-21,1000,019278,NA,2,1,5,3619,0,1,1,NA,2,082,I-15 N/B,MAIN STREET,5280,N,N,C,G,Y,SBD,NA,15,NA,NA,35,H,NA,R,N,4,0,1,1,A,-,03,22350,NA,N,E,I,A,B,D,-,A,D,0,NA,NA,NA,NA,Y,NA,D,22,0,0,1,0,0,0,0,0,0,-,-,34.43886947631836,-117.37088775634766,SAN BERNARDINO,HESPERIA,-117.37078857421876,34.43881607055664
92032765,2023,2023-03-30,9855,2023-03-26,253,022055,NA,7,3,6,3607,0,1,3,NA,2,603,SR-60 W/B (POMONA FWY),VINEYARD AVE.,600,E,N,A,-,Y,NA,NA,NA,NA,NA,NA,NA,NA,NA,N,4,0,1,2,A,-,08,22107,NA,N,B,C,A,A,H,-,C,D,0,NA,NA,NA,NA,Y,NA,-,-,0,0,1,0,0,0,0,0,0,-,-,34.03017044067383,-117.60218811035156,SAN BERNARDINO,ONTARIO,-117.60219573974608,34.03068542480469
9203309,2020,2021-01-06,3600,2020-10-04,1350,F8172,HE117,7,5,5,3619,0,0,0,NA,0,HE1,AMARGOSA RD,LIVE OAK LN,0,S,N,A,-,N,NA,NA,NA,NA,NA,NA,NA,NA,NA,N,2,0,1,2,A,-,07,21658,A,N,B,C,A,A,H,-,A,D,0,NA,NA,Y,NA,Y,NA,C,02,1,0,0,0,0,0,0,0,1,-,-,NA,NA,SAN BERNARDINO,HESPERIA,NA,NA
9203357,2020,2021-01-12,3600,2020-11-21,2101,D3381,VC057,6,5,5,3612,0,0,0,NA,0,VC5,HOOK BL,SKIPPER LN,0,NA,Y,A,-,N,NA,NA,NA,NA,NA,NA,NA,NA,NA,Y,4,0,3,2,A,-,09,21802,A,N,D,C,A,A,H,-,C,A,0,NA,NA,NA,NA,Y,NA,A,01,0,0,3,0,0,0,0,0,0,-,-,NA,NA,SAN BERNARDINO,VICTORVILLE,-117.35930633544922,34.52138900756836
92035118,2023,2023-04-03,9860,2023-03-28,2305,021169,NA,2,3,9,3600,0,3,5,NA,2,002,F ST,40TH ST,890,N,N,A,-,N,NA,NA,NA,NA,NA,NA,NA,NA,NA,Y,4,0,1,3,A,-,01,23152,A,N,B,E,A,A,H,-,D,D,0,NA,NA,NA,NA,Y,Y,A,01,0,0,1,0,0,0,0,0,0,-,-,34.16714859008789,-117.30265808105467,SAN BERNARDINO,UNINCORPORATED,-117.30270385742188,34.16702651977539
92035492,2023,2023-04-03,9855,2023-03-21,1055,023027,NA,2,1,6,3616,0,1,1,NA,2,201,SR-210 W/B (FOOTHILL FWY),MILLIKEN AVE.,1200,E,N,C,-,Y,SBD,NA,210,NA,NA,8.381,H,NA,L,Y,4,0,1,2,A,-,08,22107,NA,N,B,C,A,B,H,-,A,D,0,NA,NA,NA,NA,Y,NA,A,01,0,0,1,0,0,0,0,0,0,-,-,34.13676834106445,-117.55030822753906,SAN BERNARDINO,RANCHO CUCAMONGA,-117.55030822753906,34.13667678833008
9203601,2020,2021-02-11,3600,2020-12-05,1753,D3381,VC013,6,5,5,3612,0,0,0,NA,0,VC4,AMARGOSA RD,BEAR VALLEY RD,0,NA,Y,A,-,N,NA,NA,NA,NA,NA,NA,NA,NA,NA,Y,4,0,1,2,A,-,09,21804,A,N,D,C,A,A,H,-,C,A,0,NA,NA,Y,NA,Y,NA,A,07,0,0,1,0,0,0,0,0,1,-,-,NA,NA,SAN BERNARDINO,VICTORVILLE,-117.34842681884766,34.47040939331055
92036253,2023,2023-04-04,9860,2023-04-01,203,022539,NA,6,3,3,3690,0,1,1,NA,2,214,I-215 N/B,BARTON ROAD,2640,S,N,A,-,Y,SBD,NA,215,NA,NA,0.761,H,NA,R,Y,4,0,1,2,A,-,01,23152,A,N,C,2,A,A,H,-,D,D,0,NA,NA,NA,NA,Y,Y,A,01,0,0,1,0,0,0,0,0,0,-,-,34.028011322021484,-117.33141326904295,SAN BERNARDINO,GRAND TERRACE,-117.33144378662108,34.028038024902344
92037382,2023,2023-04-05,9860,2023-03-25,1835,022319,NA,6,2,3,3690,0,1,1,NA,2,214,I-215 N/B,NEWPORT AVE,1700,N,N,A,-,Y,SBD,NA,215,NA,NA,2.107,H,NA,R,Y,3,0,3,3,A,-,03,22350,NA,N,C,C,A,A,H,-,B,D,0,NA,NA,NA,NA,Y,NA,A,07,0,2,1,0,0,0,0,0,0,-,-,34.04212188720703,-117.31520080566406,SAN BERNARDINO,GRAND TERRACE,-117.31523895263672,34.04215621948242
92038378,2023,2023-04-06,9855,2023-03-28,1705,021978,NA,2,2,9,3600,0,3,5,NA,2,001,BEECH AVENUE,HIBISCUS AVENUE,0,NA,Y,A,-,N,NA,NA,NA,NA,NA,NA,NA,NA,NA,N,4,0,1,3,A,-,09,21802,A,M,D,C,A,A,H,-,A,A,0,NA,NA,NA,NA,Y,NA,A,01,0,0,1,0,0,0,0,0,0,-,-,34.08879852294922,-117.47113800048828,SAN BERNARDINO,UNINCORPORATED,-117.4711685180664,34.08877944946289
92039354,2023,2023-04-07,9860,2023-03-31,1705,022316,NA,5,2,9,3600,0,3,5,NA,2,002,VERMONT ST (3100 BLOCK),KERN ST,370,S,N,A,-,N,NA,NA,NA,NA,NA,NA,NA,NA,NA,Y,2,0,1,2,A,-,21,22106,NA,N,D,C,A,A,H,-,A,D,0,NA,NA,Y,NA,Y,NA,D,22,1,0,0,0,0,0,0,0,1,-,-,34.1531982421875,-117.35294342041016,SAN BERNARDINO,UNINCORPORATED,-117.35295104980467,34.15320587158203
9203960,2020,2021-02-09,3603,2020-12-05,1426,4861,CPD,6,5,4,3603,0,0,0,NA,0,001,N PEPPER AV,W SAN BERNARDINO AV,0,NA,Y,A,-,N,NA,NA,NA,NA,NA,NA,NA,NA,NA,Y,3,0,2,2,A,-,12,21453,A,N,D,C,A,A,H,-,A,A,0,NA,NA,NA,NA,Y,NA,A,01,0,1,1,0,0,0,0,0,0,-,-,34.0777587890625,-117.35286712646484,SAN BERNARDINO,COLTON,-117.35292053222656,34.07775115966797
9204177,2020,2021-02-01,3600,2020-11-11,1510,G6918,VC068,3,5,5,3612,0,0,0,NA,0,VC4,BEAR VALLY RD,RT 395,0,NA,Y,A,-,Y,SBD,8,395,-,-,8.62,I,5,N,Y,2,0,1,4,A,-,12,21453,A,N,D,C,A,A,H,-,A,A,0,NA,NA,NA,Y,Y,NA,G,25,1,0,0,0,0,0,0,0,0,-,-,NA,NA,SAN BERNARDINO,VICTORVILLE,-117.39950561523438,34.47026443481445
92042090,2023,2023-04-11,9855,2023-04-03,2100,023023,NA,1,2,5,3602,0,1,3,NA,2,603,SR-60 E/B (POMONA FWY),CENTRAL AVENUE,2000,W,N,A,-,Y,SBD,NA,60,NA,R,1.976,H,NA,R,N,4,0,1,1,C,-,18,NA,NA,N,E,J,A,A,H,-,C,D,0,NA,NA,NA,NA,Y,NA,-,-,0,0,1,0,0,0,0,0,0,-,-,34.030128479003906,-117.6962432861328,SAN BERNARDINO,CHINO,-117.6962432861328,34.030113220214844
92044984,2023,2023-04-14,9860,2023-04-06,443,022890,NA,4,3,6,3610,0,1,1,NA,2,216,I-215 S/B,DEVORE RD,7550,S,N,A,-,Y,SBD,NA,215,NA,NA,15.875,H,NA,L,N,4,0,1,2,A,-,03,22350,NA,N,C,C,A,A,H,-,B,D,0,NA,NA,NA,NA,Y,NA,A,01,0,0,1,0,0,0,0,0,0,-,-,34.208309173583984,-117.3839874267578,SAN BERNARDINO,SAN BERNARDINO,-117.38400268554688,34.20829772949219
92045301,2023,2023-04-14,9850,2023-04-05,2128,020572,NA,3,2,5,3619,0,1,1,NA,2,082,I-15 N/B,MAIN ST,1700,S,N,A,-,Y,SBD,NA,15,NA,NA,33.67,H,NA,R,N,4,0,1,2,A,-,08,22107,NA,N,E,J,A,A,D,E,C,D,0,NA,NA,NA,NA,Y,NA,A,01,0,0,1,0,0,0,0,0,0,-,-,34.42267990112305,-117.38333129882813,SAN BERNARDINO,HESPERIA,-117.38337707519533,34.42270278930664
9204640,2020,2021-02-18,3604,2020-12-17,1703,743,NA,4,5,6,3604,0,0,0,NA,0,NA,CITRUS AV,ALMA LN,125,N,N,A,-,N,NA,NA,NA,NA,NA,NA,NA,NA,NA,Y,3,0,1,1,A,-,03,22350,NA,N,E,I,A,A,H,-,C,D,0,NA,NA,NA,NA,Y,NA,A,01,0,1,0,0,0,0,0,0,0,-,-,NA,NA,SAN BERNARDINO,FONTANA,-117.45492553710938,34.04387283325195
92046435,2023,2023-04-17,9850,2023-04-05,2040,021384,NA,3,2,9,3600,0,3,5,NA,2,005,EL EVADO RD,BONZANZA RD,19,S,N,A,-,N,NA,NA,NA,NA,NA,NA,NA,NA,NA,Y,3,0,1,3,A,-,03,22350,NA,N,C,C,A,A,H,-,D,D,0,NA,NA,NA,NA,Y,NA,A,01,0,1,0,0,0,0,0,0,0,-,-,34.50297927856445,-117.34673309326172,SAN BERNARDINO,UNINCORPORATED,-117.34674835205078,34.50306701660156
92046632,2023,2023-04-17,9855,2023-04-08,202,022607,NA,6,3,6,3616,0,1,1,NA,2,153,I-15 S/B (ONTARIO FWY),4TH ST.,189,N,N,A,-,Y,SBD,NA,15,NA,NA,3.107,H,NA,L,Y,4,0,1,1,A,-,08,22107,NA,N,F,J,A,A,H,-,D,D,0,NA,NA,NA,NA,Y,Y,A,01,0,0,1,0,0,0,0,0,0,-,-,34.07780838012695,-117.54524230957033,SAN BERNARDINO,RANCHO CUCAMONGA,-117.54497528076172,34.07780838012695
9204746,2020,2021-02-18,3604,2020-12-19,1246,1302,FONTA,6,5,6,3604,0,0,0,NA,0,002,SIERRA AV,S HIGHLAND AV,60,N,N,A,-,N,NA,NA,NA,NA,NA,NA,NA,NA,NA,N,4,0,1,2,A,-,03,22350,NA,N,C,C,A,A,H,-,A,D,0,NA,NA,NA,NA,Y,NA,A,07,0,0,1,0,0,0,0,0,0,-,-,NA,NA,SAN BERNARDINO,FONTANA,-117.43614196777344,34.13373565673828
9204771,2020,2021-02-17,3609,2020-12-11,1748,02334,RI120,5,5,5,3609,0,0,0,NA,0,001,CEDAR AV,ETIWANDA AV,0,NA,Y,A,-,N,NA,NA,NA,NA,NA,NA,NA,NA,NA,Y,4,0,2,3,A,-,09,21801,A,N,-,C,A,A,H,-,C,A,0,NA,NA,NA,NA,Y,NA,D,22,0,0,2,0,0,0,0,0,0,-,-,34.11429977416992,-117.39630126953124,SAN BERNARDINO,RIALTO,-117.39659881591795,34.11404037475586
92048319,2023,2023-04-19,9860,2023-04-10,2119,021363,NA,1,2,3,3690,0,1,1,NA,2,214,I-215 N/B,NEWPORT AVE,200,S,N,A,-,Y,SBD,NA,215,NA,NA,1.748,H,NA,R,N,3,0,2,2,A,-,03,22350,NA,N,C,C,A,A,H,-,C,D,0,NA,NA,NA,NA,Y,NA,A,01,0,1,1,0,0,0,0,0,0,-,-,34.038448333740234,-117.31964874267578,SAN BERNARDINO,GRAND TERRACE,-117.31967163085938,34.0384635925293
92049354,2023,2023-04-20,9855,2023-04-12,909,018335,NA,3,1,6,3607,0,1,3,NA,2,601,SR-60 E/B (POMONA FWY),HAVEN AVENUE,1500,W,N,A,-,Y,SBD,NA,60,NA,R,8.607,H,NA,R,N,4,0,1,2,A,-,08,22107,NA,N,B,C,A,A,H,-,A,D,0,NA,NA,NA,NA,Y,NA,A,01,0,0,1,0,0,0,0,0,0,-,-,34.03007888793945,-117.58071899414063,SAN BERNARDINO,ONTARIO,-117.58071136474608,34.03012466430664
92050654,2023,2023-04-21,9855,2023-04-14,20,021403,NA,5,3,6,3604,0,1,1,NA,2,101,I-10 E/B (SAN BERNARDINO FWY),SIERRA AVE.,500,W,N,B,-,Y,SBD,NA,10,NA,NA,16.11,H,NA,R,Y,4,0,1,2,A,-,07,21658,A,F,E,I,A,B,H,-,D,D,0,NA,NA,NA,NA,Y,NA,-,99,0,0,1,0,0,0,0,0,0,-,-,34.06703186035156,-117.43756103515624,SAN BERNARDINO,FONTANA,-117.43758392333984,34.067169189453125
92051002,2023,2023-05-26,9860,2023-04-13,2225,014777,NA,4,3,9,3600,0,1,1,NA,2,152,I-15 N/B,OAK HILL ROAD,4899,S,N,B,E,Y,SBD,NA,15,NA,R,25.838,H,NA,R,Y,4,0,1,3,A,-,03,22350,NA,N,C,C,A,A,D,-,D,D,0,NA,NA,NA,NA,Y,NA,A,01,0,0,1,0,0,0,0,0,0,-,-,34.34973907470703,-117.43972778320313,SAN BERNARDINO,UNINCORPORATED,-117.43975067138672,34.34974670410156
92051963,2023,2023-04-24,9860,2023-04-15,1740,022875,NA,6,2,6,3610,0,1,1,NA,2,103,I-10 W/B,WATERMAN AVE,250,W,N,A,-,Y,SBD,NA,10,NA,NA,25.2,H,NA,L,N,4,0,2,2,A,-,03,22350,NA,N,C,C,A,A,H,-,A,D,0,NA,NA,NA,NA,Y,NA,A,01,0,0,2,0,0,0,0,0,0,-,-,34.064388275146484,-117.28006744384766,SAN BERNARDINO,SAN BERNARDINO,-117.28006744384766,34.06435012817383
92052096,2023,2023-04-24,9855,2023-04-16,1200,018313,NA,7,1,6,3604,0,1,1,NA,2,101,I-10 W/B (SAN BERNARDINO FWY),CHERRY AVE,800,W,N,A,-,Y,SBD,NA,10,NA,NA,13.006,H,NA,L,Y,4,0,1,1,A,-,08,22107,NA,N,E,I,A,A,H,-,A,D,0,NA,NA,NA,NA,Y,NA,A,07,0,0,1,0,0,0,0,0,0,-,-,34.06597900390625,-117.49166870117188,SAN BERNARDINO,FONTANA,-117.49166870117188,34.065982818603516
92054003,2023,2023-04-26,9865,2023-04-22,2040,021720,NA,6,2,9,3600,0,3,5,NA,2,003,OAK LN,WILLOW LN,51,E,N,A,-,N,NA,NA,NA,NA,NA,NA,NA,NA,NA,N,3,0,1,2,A,-,03,22350,NA,F,G,B,E,A,H,-,D,D,0,Y,NA,NA,NA,Y,NA,-,99,0,1,0,0,1,0,0,0,0,-,-,34.24509048461914,-116.80043029785156,SAN BERNARDINO,UNINCORPORATED,-116.80046844482422,34.24507141113281
92056737,2023,2023-04-28,9855,2023-03-10,2240,018000,NA,5,3,5,3602,0,1,3,NA,2,603,SR-60 W/B (POMONA FWY),RESERVOIR STREET,960,E,N,B,C,Y,SBD,NA,60,NA,R,0.006,H,NA,L,Y,4,0,1,4,A,-,07,21658,A,F,B,2,A,B,H,-,C,D,0,NA,NA,NA,NA,Y,NA,-,99,0,0,1,0,0,0,0,0,0,-,-,34.025211334228516,-117.72933197021484,SAN BERNARDINO,CHINO,-117.72933197021484,34.02522659301758
92061283,2023,2023-05-04,9835,2023-04-30,2114,022899,NA,7,2,9,3600,0,1,1,NA,2,047,WB I-40,KELBAKER RD.,1584,W,N,A,-,Y,SBD,NA,40,NA,R,77.898,H,NA,L,Y,4,0,1,2,A,-,07,21658,A,N,B,C,A,A,H,-,D,D,0,NA,NA,NA,Y,Y,NA,G,25,0,0,1,0,0,0,0,0,0,-,-,34.720909118652344,-115.6834716796875,SAN BERNARDINO,UNINCORPORATED,-115.6834716796875,34.720943450927734
92061745,2023,2023-05-04,9860,2023-04-22,2045,020533,NA,6,2,9,3600,0,3,5,NA,2,004,TAYLOR AVE,LOCUST AVE,710,W,N,A,-,N,NA,NA,NA,NA,NA,NA,NA,NA,NA,Y,3,0,1,5,A,-,01,23152,A,N,B,E,A,A,H,-,C,D,0,NA,NA,NA,NA,Y,Y,A,01,0,1,0,0,0,0,0,0,0,-,-,34.06898880004883,-117.41192626953124,SAN BERNARDINO,UNINCORPORATED,-117.41184997558594,34.068904876708984
92062291,2023,2023-05-05,9855,2023-04-25,1214,015033,NA,2,1,6,3607,0,1,1,NA,2,101,I-10 W/B (SAN BERNARDINO FWY),ETIWANDA AVE,400,E,N,A,-,Y,SBD,NA,10,NA,NA,11.353,H,NA,L,N,4,0,2,2,A,-,03,22350,NA,N,C,C,A,A,H,-,A,D,0,NA,NA,NA,NA,Y,NA,A,01,0,0,2,0,0,0,0,0,0,-,-,34.06779861450195,-117.52027893066406,SAN BERNARDINO,ONTARIO,-117.52027893066406,34.067848205566406
92062609,2023,2023-05-05,9860,2023-04-30,10,023041,NA,7,3,4,3640,0,1,1,NA,2,106,I-10 W/B,YUCAIPA BLVD,2376,E,N,A,-,Y,SBD,NA,10,NA,NA,35.969,H,NA,L,Y,4,0,1,1,A,-,08,22107,NA,N,E,I,A,A,H,-,C,D,0,NA,NA,NA,NA,Y,NA,A,01,0,0,1,0,0,0,0,0,0,-,-,34.02450942993164,-117.11168670654295,SAN BERNARDINO,YUCAIPA,-117.11166381835938,34.02458953857422
92063507,2023,2023-05-08,9850,2023-04-29,1350,020817,NA,6,1,9,3600,0,3,5,NA,2,006,OASIS RD,SR-138,634,N,N,A,-,N,NA,NA,NA,NA,NA,NA,NA,NA,NA,N,3,0,1,1,A,-,08,22107,NA,N,E,I,A,A,H,-,A,D,0,NA,NA,Y,NA,Y,NA,C,02,0,1,0,0,0,0,0,0,1,-,-,34.44224166870117,-117.64205169677734,SAN BERNARDINO,UNINCORPORATED,-117.64177703857422,34.4418830871582
9206861,2020,2021-01-23,3608,2020-11-25,2030,4766,NA,3,5,5,3608,0,0,0,NA,0,NA,LIVE OAK CANYON BL,EDISON POLE 4555559E,195,E,N,A,-,N,NA,NA,NA,NA,NA,NA,NA,NA,NA,Y,3,0,2,2,A,-,01,23152,A,N,E,I,A,A,H,-,D,D,0,NA,NA,NA,NA,Y,Y,A,01,0,1,1,0,0,0,0,0,0,-,-,NA,NA,SAN BERNARDINO,REDLANDS,NA,NA