CASE_ID,ACCIDENT_YEAR,PROC_DATE,JURIS,COLLISION_DATE,COLLISION_TIME,OFFICER_ID,REPORTING_DISTRICT,DAY_OF_WEEK,CHP_SHIFT,POPULATION,CNTY_CITY_LOC,SPECIAL_COND,BEAT_TYPE,CHP_BEAT_TYPE,CITY_DIVISION_LAPD,CHP_BEAT_CLASS,BEAT_NUMBER,PRIMARY_RD,SECONDARY_RD,DISTANCE,DIRECTION,INTERSECTION,WEATHER_1,WEATHER_2,STATE_HWY_IND,CALTRANS_COUNTY,CALTRANS_DISTRICT,STATE_ROUTE,ROUTE_SUFFIX,POSTMILE_PREFIX,POSTMILE,LOCATION_TYPE,RAMP_INTERSECTION,SIDE_OF_HWY,TOW_AWAY,COLLISION_SEVERITY,NUMBER_KILLED,NUMBER_INJURED,PARTY_COUNT,PRIMARY_COLL_FACTOR,PCF_CODE_OF_VIOL,PCF_VIOL_CATEGORY,PCF_VIOLATION,PCF_VIOL_SUBSECTION,HIT_AND_RUN,TYPE_OF_COLLISION,MVIW,PED_ACTION,ROAD_SURFACE,ROAD_COND_1,ROAD_COND_2,LIGHTING,CONTROL_DEVICE,CHP_ROAD_TYPE,PEDESTRIAN_ACCIDENT,BICYCLE_ACCIDENT,MOTORCYCLE_ACCIDENT,TRUCK_ACCIDENT,NOT_PRIVATE_PROPERTY,ALCOHOL_INVOLVED,STWD_VEHTYPE_AT_FAULT,CHP_VEHTYPE_AT_FAULT,COUNT_SEVERE_INJ,COUNT_VISIBLE_INJ,COUNT_COMPLAINT_PAIN,COUNT_PED_KILLED,COUNT_PED_INJURED,COUNT_BICYCLIST_KILLED,COUNT_BICYCLIST_INJURED,COUNT_MC_KILLED,COUNT_MC_INJURED,PRIMARY_RAMP,SECONDARY_RAMP,LATITUDE,LONGITUDE,COUNTY,CITY,POINT_X,POINT_Y
9390914,2021,2022-01-25,3604,2021-12-12,0930,1139,NA,7,5,6,3604,0,0,0,NA,0,NA,MILLER AV,MARINERS WY,240,W,N,A,-,N,NA,NA,NA,NA,NA,NA,NA,NA,NA,Y,2,0,1,1,A,-,03,22350,NA,N,E,I,A,A,H,-,A,A,0,NA,NA,NA,NA,Y,NA,A,01,1,0,0,0,0,0,0,0,0,-,-,NA,NA,SAN BERNARDINO,FONTANA,-117.47463989257813,34.11415100097656
9391297,2021,2022-01-14,3608,2021-11-28,1540,4628,3608,7,5,5,3608,0,0,0,NA,0,901,ALABAMA ST,EDISON POLE 921597E,30,N,N,A,-,N,NA,NA,NA,NA,NA,NA,NA,NA,NA,Y,2,0,1,1,A,-,03,22350,A,N,F,A,A,A,H,-,A,D,0,NA,NA,NA,NA,Y,Y,A,01,1,0,0,0,0,0,0,0,0,-,-,NA,NA,SAN BERNARDINO,REDLANDS,NA,NA
9391499,2021,2022-02-14,3604,2021-10-31,0718,1400,NA,7,5,6,3604,0,0,0,NA,0,033,MILLER AVE,TOYON AV,0,NA,Y,B,-,N,NA,NA,NA,NA,NA,NA,NA,NA,NA,Y,4,0,1,2,A,-,01,23152,A,N,D,C,A,A,H,-,A,A,0,NA,NA,NA,NA,Y,Y,A,01,0,0,1,0,0,0,0,0,0,-,-,NA,NA,SAN BERNARDINO,FONTANA,-117.44567108154295,34.113868713378906
9391821,2021,2022-01-21,3608,2021-11-22,1723,4024,NA,1,5,5,3608,0,0,0,NA,0,NA,6TH ST,PEARL AV,500,S,N,A,-,N,NA,NA,NA,NA,NA,NA,NA,NA,NA,N,4,0,1,2,A,-,06,21760,B,F,B,G,A,A,H,-,C,D,0,NA,Y,NA,NA,Y,NA,A,01,0,0,1,0,0,0,1,0,0,-,-,34.05910110473633,-117.18029022216795,SAN BERNARDINO,REDLANDS,-117.18038177490234,34.05998229980469
9392037,2021,2022-01-20,3602,2021-12-02,1523,3573,NA,4,5,5,3602,0,0,0,NA,0,002,CENTRAL AV,PHILADELPHIA ST,499,S,N,A,-,N,NA,NA,NA,NA,NA,NA,NA,NA,NA,Y,4,0,2,3,A,-,08,22107,NA,N,B,C,A,A,H,-,A,D,0,NA,NA,NA,NA,Y,NA,A,01,0,0,2,0,0,0,0,0,0,-,-,34.032020568847656,-117.68936920166016,SAN BERNARDINO,CHINO,-117.68952941894533,34.03219223022461
9392769,2022,2022-02-15,3610,2022-01-12,1520,51363,NA,3,5,6,3610,0,0,0,NA,0,POLICE,E REDLANDS BL,S GARDENA ST,0,NA,Y,A,-,N,NA,NA,NA,NA,NA,NA,NA,NA,NA,Y,4,0,2,2,A,-,09,21801,A,N,D,C,A,A,H,-,A,A,0,NA,NA,NA,NA,Y,NA,A,01,0,0,2,0,0,0,0,0,0,-,-,34.063350677490234,-117.27484130859376,SAN BERNARDINO,SAN BERNARDINO,-117.2742156982422,34.06311798095703
9392793,2022,2022-02-01,3600,2022-01-14,1102,D7727,YC308,5,5,4,3640,0,0,0,NA,0,YC2,CALIFORNIA ST,COUNTY LINE RD,0,NA,Y,A,-,N,NA,NA,NA,NA,NA,NA,NA,NA,NA,Y,3,0,1,2,A,-,09,21800,C,N,-,C,A,A,H,-,A,A,0,NA,NA,NA,NA,Y,NA,A,01,0,1,0,0,0,0,0,0,0,-,-,NA,NA,SAN BERNARDINO,YUCAIPA,-117.0388641357422,34.00468063354492
9395556,2022,2022-01-28,3600,2022-01-11,1402,F8172,HE134,2,5,5,3619,0,0,0,NA,0,HE1,MAIN ST,RT 395,39,E,N,A,-,N,NA,NA,NA,NA,NA,NA,NA,NA,NA,N,4,0,1,2,A,-,03,22350,NA,N,C,C,A,A,H,-,A,A,0,NA,NA,NA,NA,Y,NA,A,01,0,0,1,0,0,0,0,0,0,-,-,NA,NA,SAN BERNARDINO,HESPERIA,-121.26708984375,38.64198684692382
9400680,2022,2022-02-17,3604,2022-01-23,1747,680,NA,7,5,6,3604,0,0,0,NA,0,NA,CITRUS AV,KATHERINE,150,S,N,A,-,N,NA,NA,NA,NA,NA,NA,NA,NA,NA,Y,4,0,1,2,A,-,08,22107,NA,N,B,C,A,A,H,-,C,D,0,NA,NA,NA,NA,Y,NA,A,01,0,0,1,0,0,0,0,0,0,-,-,NA,NA,SAN BERNARDINO,FONTANA,-117.45368957519533,34.08939743041992
9400777,2022,2022-03-18,3605,2022-01-10,0933,461,3605,1,5,4,3605,0,0,0,NA,0,NA,CENTRAL AV,BENITO ST,20,S,N,A,-,N,NA,NA,NA,NA,NA,NA,NA,NA,NA,N,3,0,1,2,A,-,09,21801,A,N,D,C,A,A,H,-,A,A,0,NA,NA,NA,NA,Y,NA,A,07,0,1,0,0,0,0,0,0,0,-,-,NA,NA,SAN BERNARDINO,MONTCLAIR,-117.68962860107422,34.07395553588867
9401261,2022,2022-02-15,3605,2022-01-04,1819,272,NA,2,5,4,3605,0,0,0,NA,0,NA,BENSON AV,MORENO ST,0,NA,Y,A,-,N,NA,NA,NA,NA,NA,NA,NA,NA,NA,Y,3,0,2,2,A,-,09,21801,A,N,A,C,A,A,H,-,C,A,0,NA,NA,NA,NA,Y,NA,A,01,0,2,0,0,0,0,0,0,0,-,-,NA,NA,SAN BERNARDINO,MONTCLAIR,-117.68087005615234,34.088741302490234
9401935,2022,2022-02-22,3605,2022-01-30,1036,428,NA,7,5,4,3605,0,0,0,NA,0,NA,PALO VERDE ST,DEL MAR AV,9,N,N,A,-,N,NA,NA,NA,NA,NA,NA,NA,NA,NA,N,4,0,1,2,A,-,12,22450,A,N,B,C,A,A,H,-,A,A,0,NA,NA,NA,NA,Y,NA,-,-,0,0,1,0,0,0,0,0,0,-,-,NA,NA,SAN BERNARDINO,MONTCLAIR,-117.68189239501952,34.081451416015625
9402178,2021,2022-02-24,3600,2021-12-14,0747,F7786,RC051,2,5,6,3616,0,0,0,NA,0,004,ARROW BL,HELLMAN AV,0,NA,Y,C,-,N,NA,NA,NA,NA,NA,NA,NA,NA,NA,Y,4,0,1,3,A,-,12,21453,A,N,D,C,A,B,H,-,A,A,0,NA,NA,NA,NA,Y,NA,A,01,0,0,1,0,0,0,0,0,0,-,-,NA,NA,SAN BERNARDINO,RANCHO CUCAMONGA,-117.60228729248048,34.099327087402344
9403839,2022,2022-03-21,3600,2022-02-21,1825,H9013,HE326,1,5,5,3619,0,0,0,NA,0,HE3,RANCHERO RD,MARIPOSA RD,0,NA,Y,A,-,N,NA,NA,NA,NA,NA,NA,NA,NA,NA,N,3,0,1,2,A,-,17,21451,A,N,A,C,A,A,A,-,C,A,0,NA,NA,NA,NA,Y,NA,A,01,0,1,0,0,0,0,0,0,0,-,-,NA,NA,SAN BERNARDINO,HESPERIA,-117.41136932373048,34.38302230834961
9403841,2022,2022-03-16,3604,2022-02-03,1318,1302,NA,4,5,6,3604,0,0,0,NA,0,NA,VALENCIA AV,ROSENA AV,0,NA,Y,A,-,N,NA,NA,NA,NA,NA,NA,NA,NA,NA,NA,3,0,1,2,A,-,09,21802,A,N,D,C,A,A,H,-,A,A,0,NA,NA,NA,NA,Y,NA,A,07,0,1,0,0,0,0,0,0,0,-,-,NA,NA,SAN BERNARDINO,FONTANA,-117.43927764892578,34.09748840332031
9404994,2022,2022-02-22,3602,2022-01-04,0656,3817,NA,2,5,5,3602,0,0,0,NA,0,002,SCHAEFER AV,SYCAMORE LN,0,NA,Y,A,-,N,NA,NA,NA,NA,NA,NA,NA,NA,NA,Y,4,0,1,2,A,-,09,21802,A,N,D,C,A,A,H,-,B,A,0,NA,NA,NA,NA,Y,NA,A,01,0,0,1,0,0,0,0,0,0,-,-,34.00461959838867,-117.67436981201172,SAN BERNARDINO,CHINO,-117.67440032958984,34.00461959838867
9405038,2022,2022-02-23,3600,2022-01-27,0831,H7621,AP006,4,5,5,3621,0,0,0,NA,0,AP1,RANCHERIAS RD,SAVANNAH CT,0,NA,Y,A,-,N,NA,NA,NA,NA,NA,NA,NA,NA,NA,N,4,0,1,1,A,-,03,22350,NA,N,E,J,A,A,H,-,A,D,0,NA,NA,NA,NA,Y,NA,A,01,0,0,1,0,0,0,0,0,0,-,-,NA,NA,SAN BERNARDINO,APPLE VALLEY,-117.21131134033205,34.51493835449219
9405465,2022,2022-02-10,3610,2022-01-12,0430,H8273,SB063,3,5,6,3610,0,0,0,NA,0,SB1,DARBY ST,DARBY ST 2222,3,S,N,A,-,N,NA,NA,NA,NA,NA,NA,NA,NA,NA,Y,4,0,1,1,A,-,08,22107,NA,N,E,I,A,A,H,-,D,A,0,NA,NA,NA,NA,Y,Y,A,07,0,0,1,0,0,0,0,0,0,-,-,34.14704132080078,-117.34525299072266,SAN BERNARDINO,SAN BERNARDINO,NA,NA
9406833,2022,2022-03-07,3600,2022-02-04,1128,G4514,RC034,5,5,6,3616,0,0,0,NA,0,RC5,6TH ST,CENTER AV,0,NA,Y,A,-,N,NA,NA,NA,NA,NA,NA,NA,NA,NA,Y,3,0,1,2,A,-,09,21802,A,N,A,D,A,A,H,-,A,A,0,NA,NA,NA,NA,Y,NA,D,22,0,1,0,0,0,0,0,0,0,-,-,NA,NA,SAN BERNARDINO,RANCHO CUCAMONGA,-117.58026885986328,34.08470916748047
94072356,2024,2024-08-12,9855,2024-08-04,2045,023010,NA,7,2,9,3600,0,3,5,NA,2,001,BEECH AVE. 9400 BLOCK,SEQUOIA AVE.,500,N,N,A,-,N,NA,NA,NA,NA,NA,NA,NA,NA,NA,Y,3,0,1,2,A,-,03,22350,NA,N,C,C,A,A,H,-,D,D,0,NA,NA,NA,NA,Y,NA,A,01,0,1,0,0,0,0,0,0,0,-,-,34.08293914794922,-117.4712371826172,SAN BERNARDINO,UNINCORPORATED,-117.47119903564452,34.083370208740234
94075248,2024,2024-08-12,9860,2024-07-25,1809,023001,NA,4,2,5,3609,0,1,1,NA,2,201,SR-210 W/B,RIVERSIDE AVE,1584,W,N,A,-,Y,SBD,NA,210,NA,NA,18.349,H,NA,L,N,4,0,1,2,A,-,07,21658,A,F,B,C,A,A,H,-,A,D,0,NA,NA,NA,NA,Y,NA,A,01,0,0,1,0,0,0,0,0,0,-,-,34.13602828979492,-117.37638854980467,SAN BERNARDINO,RIALTO,-117.37638854980467,34.135963439941406
9408364,2022,2022-02-28,3600,2022-01-12,0832,E3918,UP001,3,5,6,3616,0,0,0,NA,0,001,BASELINE RD,ALTA CUESTA ST,0,NA,Y,A,-,N,NA,NA,NA,NA,NA,NA,NA,NA,NA,N,4,0,1,2,A,-,09,21801,NA,N,-,C,A,A,H,-,A,A,0,NA,NA,NA,NA,Y,NA,A,01,0,0,1,0,0,0,0,0,0,-,-,NA,NA,SAN BERNARDINO,RANCHO CUCAMONGA,-117.62059020996094,34.12160110473633
9408482,2022,2022-02-28,3600,2022-01-17,0704,F6904,RC035,1,5,6,3616,0,0,0,NA,0,RC5,6TH ST,ARCHIBALD AV,0,NA,Y,A,-,N,NA,NA,NA,NA,NA,NA,NA,NA,NA,Y,4,0,1,2,A,-,12,21453,A,N,D,C,A,A,H,-,A,A,0,NA,NA,NA,NA,Y,NA,D,22,0,0,1,0,0,0,0,0,0,-,-,NA,NA,SAN BERNARDINO,RANCHO CUCAMONGA,-117.59342956542967,34.084774017333984
9408547,2021,2022-03-07,3600,2021-12-18,1624,F6913,RC071,6,5,6,3616,0,0,0,NA,0,003,BASE LINE RD,DAY CREEK MARKETPLACE,0,NA,Y,A,-,N,NA,NA,NA,NA,NA,NA,NA,NA,NA,Y,3,0,1,2,A,-,09,21801,A,N,D,C,A,A,H,-,A,A,0,NA,NA,NA,NA,Y,NA,D,22,0,1,0,0,0,0,0,0,0,-,-,NA,NA,SAN BERNARDINO,RANCHO CUCAMONGA,-117.53701019287108,34.12160873413086
9408721,2022,2022-03-08,3610,2022-02-05,0201,51271,NA,6,5,6,3610,0,0,0,NA,0,POLICE,SOUTH WATERMAN AV,E DRAKE ST,23,S,N,A,-,N,NA,NA,NA,NA,NA,NA,NA,NA,NA,Y,4,0,1,1,A,-,08,22107,NA,N,E,I,A,A,H,-,C,D,0,NA,NA,NA,NA,Y,NA,A,01,0,0,1,0,0,0,0,0,0,-,-,34.089088439941406,-117.27880859375,SAN BERNARDINO,SAN BERNARDINO,-117.27880859375,34.089027404785156
9408755,2022,2022-03-09,3610,2022-02-04,1916,51285,NA,5,5,6,3610,0,0,0,NA,0,POLICE,E ORANGE SHOW RD,SOUTH WATERMAN AV,0,NA,Y,A,-,N,NA,NA,NA,NA,NA,NA,NA,NA,NA,N,2,0,1,2,A,-,10,21950,A,N,G,B,B,A,H,-,C,A,0,Y,NA,NA,NA,Y,NA,-,NA,1,0,0,0,1,0,0,0,0,-,-,34.079620361328125,-117.2729034423828,SAN BERNARDINO,SAN BERNARDINO,-117.27864074707033,34.07966232299805
9410247,2022,2022-04-26,3608,2022-03-24,1939,4709,3608,4,5,5,3608,0,0,0,NA,0,NA,E LUGONIA AV,UNIVERSITY ST,0,NA,Y,A,-,Y,SBD,8,38,-,-,0.571,I,5,E,Y,4,0,1,2,A,-,09,21801,A,N,D,C,A,A,H,-,C,A,0,NA,NA,NA,NA,Y,NA,D,22,0,0,1,0,0,0,0,0,0,-,-,NA,NA,SAN BERNARDINO,REDLANDS,-117.18246459960938,34.070037841796875
9410355,2022,2022-03-18,3605,2022-01-29,1440,440,NA,6,5,4,3605,0,0,0,NA,0,NA,KINGSLEY AV,PRADERA AV,107,E,N,A,-,N,NA,NA,NA,NA,NA,NA,NA,NA,NA,N,3,0,1,2,A,-,09,21804,NA,F,D,C,A,A,H,-,A,D,0,NA,NA,NA,NA,Y,NA,A,01,0,1,0,0,0,0,0,0,0,-,-,NA,NA,SAN BERNARDINO,MONTCLAIR,-117.7145767211914,34.066837310791016
9410493,2022,2022-02-16,3604,2022-01-15,1145,268,NA,6,5,6,3604,0,0,0,NA,0,NA,MANGO AV,FOOTHILL BL,592,S,N,B,-,N,NA,NA,NA,NA,NA,NA,NA,NA,NA,Y,4,0,2,2,A,-,09,21804,A,N,D,C,A,A,H,-,A,A,0,NA,NA,NA,NA,Y,NA,A,01,0,0,2,0,0,0,0,0,0,-,-,NA,NA,SAN BERNARDINO,FONTANA,-117.43143463134766,34.104957580566406
9412265,2021,2022-03-07,3600,2021-12-17,1602,G4514,RC051,5,5,6,3616,0,0,0,NA,0,RC4,FOOTHILL BL,LION ST,0,NA,Y,A,-,N,NA,NA,NA,NA,NA,NA,NA,NA,NA,Y,3,0,1,2,A,-,08,22107,NA,N,A,C,A,A,H,-,A,A,0,NA,NA,NA,NA,Y,NA,A,01,0,1,0,0,0,0,0,0,0,-,-,NA,NA,SAN BERNARDINO,RANCHO CUCAMONGA,-117.60487365722656,34.1066780090332
9412772,2022,2022-02-28,3600,2022-01-10,2319,11566,AP018,1,5,5,3621,0,0,0,NA,0,AP4,BEAR VALLEY RD,ALGONQUIN RD,0,NA,Y,A,-,N,NA,NA,NA,NA,NA,NA,NA,NA,NA,Y,4,0,2,2,A,-,09,21801,A,N,A,C,A,A,H,-,D,D,0,NA,NA,NA,NA,Y,NA,A,01,0,0,2,0,0,0,0,0,0,-,-,NA,NA,SAN BERNARDINO,APPLE VALLEY,-117.19516754150392,34.47147750854492
9412776,2022,2022-02-28,3600,2022-01-28,1909,F7786,RC074,5,5,6,3616,0,0,0,NA,0,006,MILLIKEN AV,CENTURY CT,0,NA,Y,A,-,N,NA,NA,NA,NA,NA,NA,NA,NA,NA,Y,2,0,1,2,A,-,09,21801,A,N,D,C,A,A,H,-,C,A,0,NA,NA,NA,NA,Y,NA,A,01,1,0,0,0,0,0,0,0,0,-,-,NA,NA,SAN BERNARDINO,RANCHO CUCAMONGA,-117.55672454833984,34.103492736816406
9412909,2021,2022-03-07,3600,2021-12-18,2023,G5388,RC046,6,5,6,3616,0,0,0,NA,0,RC1,19TH ST,JASPER ST,0,NA,Y,A,-,N,NA,NA,NA,NA,NA,NA,NA,NA,NA,Y,3,0,2,2,A,-,09,21801,A,N,D,D,A,A,G,-,C,A,0,NA,NA,NA,NA,Y,NA,A,01,0,2,0,0,0,0,0,0,0,-,-,NA,NA,SAN BERNARDINO,RANCHO CUCAMONGA,-117.62068939208984,34.13261795043945
9413566,2022,2022-03-18,3604,2022-02-15,0915,958,NA,2,5,6,3604,0,0,0,NA,0,NA,JUNIPER AV,HOLLY DR,0,NA,Y,A,-,N,NA,NA,NA,NA,NA,NA,NA,NA,NA,Y,3,0,2,3,A,-,09,21801,A,N,A,C,A,A,H,-,A,D,0,NA,NA,NA,NA,Y,NA,D,22,0,1,1,0,0,0,0,0,0,-,-,NA,NA,SAN BERNARDINO,FONTANA,-117.44004821777344,34.080299377441406
9414551,2022,2022-03-25,3608,2022-02-23,0717,4298,NA,3,5,5,3608,0,0,0,NA,0,NA,LUGONIA AV,DEARBORN,405,E,N,B,C,Y,SBD,8,38,-,-,2.64,H,-,W,Y,4,0,1,1,A,-,03,22350,A,N,E,I,A,B,H,-,A,B,0,NA,NA,NA,NA,Y,NA,A,01,0,0,1,0,0,0,0,0,0,-,-,NA,NA,SAN BERNARDINO,REDLANDS,-117.14612579345705,34.07011032104492
9414811,2022,2022-03-03,3603,2022-01-22,1143,4974,CPD,6,5,4,3603,0,0,0,NA,0,002,N LA CADENA DR,N MT VERNON AV,0,NA,Y,A,-,N,NA,NA,NA,NA,NA,NA,NA,NA,NA,Y,4,0,1,2,A,-,12,21457,A,N,D,C,A,A,H,-,A,A,0,NA,NA,NA,NA,Y,NA,-,-,0,0,1,0,0,0,0,0,0,-,-,34.084781646728516,-117.31391143798828,SAN BERNARDINO,COLTON,-117.3138427734375,34.08487319946289
9415021,2022,2022-03-02,3610,2022-02-09,0842,50584,NA,3,5,6,3610,0,0,0,NA,0,POLICE,N STATE ST,RT 210,0,NA,Y,A,-,N,NA,NA,NA,NA,NA,NA,NA,NA,NA,Y,3,0,1,2,A,-,12,21453,A,M,D,C,A,A,H,-,A,A,0,NA,NA,NA,NA,Y,Y,A,01,0,1,0,0,0,0,0,0,0,-,WO,34.13610076904297,-117.33545684814452,SAN BERNARDINO,SAN BERNARDINO,-117.33544921875,34.13440704345703
9416358,2022,2022-03-15,3600,2022-01-26,2226,G4510,H016,3,5,4,3618,0,0,0,NA,0,HI2,BASELINE ST,PALM AV,0,NA,Y,A,-,N,NA,NA,NA,NA,NA,NA,NA,NA,NA,Y,3,0,2,2,A,-,12,21453,A,N,D,C,A,A,H,-,C,A,0,NA,NA,NA,NA,Y,NA,A,01,0,1,1,0,0,0,0,0,0,-,-,34.12113952636719,-117.2088623046875,SAN BERNARDINO,HIGHLAND,-117.20877075195313,34.12124252319336
9416359,2022,2022-03-15,3600,2022-01-25,1808,G4510,HI021,2,5,4,3618,0,0,0,NA,0,HI3,GREENSPOT BL,CHURCH ST,0,NA,Y,A,-,N,NA,NA,NA,NA,NA,NA,NA,NA,NA,Y,4,0,1,2,A,-,08,22107,NA,N,D,C,A,A,H,-,C,A,0,NA,NA,NA,NA,Y,NA,A,01,0,0,1,0,0,0,0,0,0,-,-,34.109798431396484,-117.17347717285156,SAN BERNARDINO,HIGHLAND,-117.17332458496094,34.109893798828125
9416701,2022,2022-03-22,3600,2022-02-22,0805,H6883,HE313,2,5,5,3619,0,0,0,NA,0,HE5,11TH AV,MANZANITA ST,0,NA,Y,A,-,N,NA,NA,NA,NA,NA,NA,NA,NA,NA,Y,4,0,1,2,A,-,09,21801,A,N,A,C,A,A,H,-,A,D,0,NA,NA,NA,NA,Y,NA,A,01,0,0,1,0,0,0,0,0,0,-,-,NA,NA,SAN BERNARDINO,HESPERIA,-117.32111358642578,34.46528244018555
9417027,2022,2022-03-22,3600,2022-02-18,2221,E3918,ON001,5,5,6,3616,0,0,0,NA,0,004,8TH ST,BAKER AV,0,NA,Y,A,-,N,NA,NA,NA,NA,NA,NA,NA,NA,NA,Y,3,0,1,2,A,-,12,22450,NA,N,D,C,A,A,H,-,C,D,0,NA,NA,NA,NA,Y,NA,A,01,0,1,0,0,0,0,0,0,0,-,-,NA,NA,SAN BERNARDINO,RANCHO CUCAMONGA,-117.61988067626952,34.092071533203125
9417040,2022,2022-03-23,3600,2022-02-18,1949,G3830,YC303,5,5,4,3640,0,0,0,NA,0,YC2,YUCAIPA BL,BRYANT ST,0,NA,Y,A,-,N,NA,NA,NA,NA,NA,NA,NA,NA,NA,Y,4,0,1,2,A,-,17,21451,A,N,D,C,A,A,H,-,C,A,0,NA,NA,NA,NA,Y,NA,A,01,0,0,1,0,0,0,0,0,0,-,-,NA,NA,SAN BERNARDINO,YUCAIPA,-117.03447723388672,34.03385925292969
9418303,2022,2022-03-23,3600,2022-02-28,0938,G6918,VC021,1,5,5,3619,0,0,0,NA,0,VC3,BEAR VALLEY RD,INDUSTRIAL BL,208,W,N,A,-,N,NA,NA,NA,NA,NA,NA,NA,NA,NA,N,3,0,1,1,A,-,03,22350,NA,N,H,A,A,A,H,-,A,A,0,NA,NA,Y,NA,Y,NA,-,-,0,1,0,0,0,0,0,0,1,-,-,34.471160888671875,-117.28285980224608,SAN BERNARDINO,HESPERIA,-117.28357696533205,34.471046447753906
9418744,2022,2022-03-25,3600,2022-02-19,2032,G6198,VC072,6,5,5,3612,0,0,0,NA,0,VC5,MOJAVE DR,COBALT RD,224,E,N,A,-,N,NA,NA,NA,NA,NA,NA,NA,NA,NA,Y,4,0,1,2,A,-,01,23152,A,N,C,C,A,A,H,-,C,A,0,NA,NA,NA,NA,Y,Y,A,01,0,0,1,0,0,0,0,0,0,-,-,NA,NA,SAN BERNARDINO,VICTORVILLE,-117.37232208251952,34.528419494628906
9419021,2022,2022-04-05,3603,2022-03-01,1338,3807,BEAT2,2,5,4,3603,0,0,0,NA,0,002,RANCHO AV,G ST,0,NA,Y,A,-,N,NA,NA,NA,NA,NA,NA,NA,NA,NA,N,4,0,1,2,A,-,04,21703,NA,N,C,C,A,A,H,-,A,D,0,NA,NA,NA,NA,Y,NA,A,01,0,0,1,0,0,0,0,0,0,-,-,NA,NA,SAN BERNARDINO,COLTON,-117.33551788330078,34.070743560791016
9420057,2022,2022-04-19,3604,2022-03-10,1335,768,NA,4,5,6,3604,0,0,0,NA,0,NA,ALDER AV,MARYGOLD AV,600,N,N,A,-,N,NA,NA,NA,NA,NA,NA,NA,NA,NA,Y,4,0,1,2,A,-,03,22350,NA,N,C,C,A,A,H,-,A,D,0,NA,NA,NA,NA,Y,NA,A,01,0,0,1,0,0,0,0,0,0,-,-,NA,NA,SAN BERNARDINO,FONTANA,-117.41825103759766,34.07568359375
9421376,2022,2022-03-16,3608,2022-01-29,2120,4766,NA,6,5,5,3608,0,0,0,NA,0,NA,E LUGONIA AV,N DEARBORN ST,49,E,N,A,-,N,NA,NA,NA,NA,NA,NA,NA,NA,NA,Y,3,0,4,3,A,-,03,22350,NA,N,C,C,A,A,H,-,C,D,0,NA,NA,NA,NA,Y,NA,A,01,0,2,2,0,0,0,0,0,0,-,-,NA,NA,SAN BERNARDINO,REDLANDS,-117.14747619628906,34.070072174072266
9421683,2022,2022-03-22,3603,2022-02-10,1639,4861,CPD,4,5,4,3603,0,0,0,NA,0,002,N MT VERNON AV,E GRANT AV,0,NA,Y,A,-,N,NA,NA,NA,NA,NA,NA,NA,NA,NA,N,3,0,1,2,A,-,12,21453,A,M,A,C,A,A,H,-,A,A,0,NA,NA,NA,NA,Y,NA,D,22,0,1,0,0,0,0,0,0,0,-,-,34.085208892822266,-117.3141632080078,SAN BERNARDINO,COLTON,-117.3138427734375,34.08487319946289
9422047,2022,2022-05-18,3603,2022-04-02,2104,4546,CPD,6,5,4,3603,0,0,0,NA,0,003,LA CADENA DR,VALLEY BL,0,NA,Y,A,-,N,NA,NA,NA,NA,NA,NA,NA,NA,NA,Y,4,0,1,2,A,-,09,21801,A,M,A,C,A,A,H,-,C,A,0,NA,NA,NA,NA,Y,NA,A,01,0,0,1,0,0,0,0,0,0,-,-,34.066898345947266,-117.32433319091795,SAN BERNARDINO,COLTON,-117.32432556152344,34.066871643066406
9423160,2022,2022-04-13,3600,2022-03-09,0812,E8923,HI009,3,5,4,3618,0,0,0,NA,0,HI1,9TH ST,EUCALYPTUS DR,100,E,N,A,-,N,NA,NA,NA,NA,NA,NA,NA,NA,NA,N,4,0,1,2,A,-,09,21804,A,N,D,C,A,A,H,-,A,D,0,NA,NA,NA,NA,Y,NA,A,01,0,0,1,0,0,0,0,0,0,-,-,34.11573028564453,-117.23493957519533,SAN BERNARDINO,HIGHLAND,-117.23223114013672,34.1157112121582
9424790,2022,2022-04-13,3600,2022-03-09,1342,G9963,VC034,3,5,5,3612,0,0,0,NA,0,VC1,HESERIA RD,TRACY ST,13,S,N,A,-,N,NA,NA,NA,NA,NA,NA,NA,NA,NA,N,3,0,1,3,A,-,03,22350,NA,N,C,C,A,A,H,-,A,A,0,NA,NA,NA,NA,Y,NA,A,07,0,1,0,0,0,0,0,0,0,-,-,34.52806854248047,-117.29553985595705,SAN BERNARDINO,VICTORVILLE,-117.29546356201172,34.52812576293945
9424929,2022,2022-04-12,3600,2022-03-18,1659,H6886,HE421,5,5,5,3619,0,0,0,NA,0,HE4,ARROWHEAD LAKE RD OUTER HIGHWAY WEST,RANCHERO RD,0,NA,Y,A,-,N,NA,NA,NA,NA,NA,NA,NA,NA,NA,N,4,0,1,2,A,-,12,22450,A,N,D,C,A,A,H,-,A,A,0,NA,NA,Y,NA,Y,NA,C,02,0,0,1,0,0,0,0,0,1,-,-,34.39352035522461,-117.24974822998048,SAN BERNARDINO,HESPERIA,-117.24974822998048,34.393516540527344
9426061,2022,2022-04-12,3610,2022-02-12,1155,51344,NA,6,5,6,3610,0,0,0,NA,0,POLICE,SOUTH WATERMAN AV,E HOSPITALITY LN,360,S,N,A,-,N,NA,NA,NA,NA,NA,NA,NA,NA,NA,N,3,0,3,2,D,-,00,NA,NA,N,D,C,A,A,H,-,A,A,0,NA,NA,NA,NA,Y,NA,-,-,0,1,2,0,0,0,0,0,0,-,-,34.065860748291016,-117.27873229980467,SAN BERNARDINO,SAN BERNARDINO,-117.27881622314452,34.06484603881836