CASE_ID,ACCIDENT_YEAR,PROC_DATE,JURIS,COLLISION_DATE,COLLISION_TIME,OFFICER_ID,REPORTING_DISTRICT,DAY_OF_WEEK,CHP_SHIFT,POPULATION,CNTY_CITY_LOC,SPECIAL_COND,BEAT_TYPE,CHP_BEAT_TYPE,CITY_DIVISION_LAPD,CHP_BEAT_CLASS,BEAT_NUMBER,PRIMARY_RD,SECONDARY_RD,DISTANCE,DIRECTION,INTERSECTION,WEATHER_1,WEATHER_2,STATE_HWY_IND,CALTRANS_COUNTY,CALTRANS_DISTRICT,STATE_ROUTE,ROUTE_SUFFIX,POSTMILE_PREFIX,POSTMILE,LOCATION_TYPE,RAMP_INTERSECTION,SIDE_OF_HWY,TOW_AWAY,COLLISION_SEVERITY,NUMBER_KILLED,NUMBER_INJURED,PARTY_COUNT,PRIMARY_COLL_FACTOR,PCF_CODE_OF_VIOL,PCF_VIOL_CATEGORY,PCF_VIOLATION,PCF_VIOL_SUBSECTION,HIT_AND_RUN,TYPE_OF_COLLISION,MVIW,PED_ACTION,ROAD_SURFACE,ROAD_COND_1,ROAD_COND_2,LIGHTING,CONTROL_DEVICE,CHP_ROAD_TYPE,PEDESTRIAN_ACCIDENT,BICYCLE_ACCIDENT,MOTORCYCLE_ACCIDENT,TRUCK_ACCIDENT,NOT_PRIVATE_PROPERTY,ALCOHOL_INVOLVED,STWD_VEHTYPE_AT_FAULT,CHP_VEHTYPE_AT_FAULT,COUNT_SEVERE_INJ,COUNT_VISIBLE_INJ,COUNT_COMPLAINT_PAIN,COUNT_PED_KILLED,COUNT_PED_INJURED,COUNT_BICYCLIST_KILLED,COUNT_BICYCLIST_INJURED,COUNT_MC_KILLED,COUNT_MC_INJURED,PRIMARY_RAMP,SECONDARY_RAMP,LATITUDE,LONGITUDE,COUNTY,CITY,POINT_X,POINT_Y
94542193,2025,2025-01-17,9850,2025-01-05,100,022591,NA,7,3,5,3619,0,3,5,NA,2,002,RANCHERO RD,ESCONDIDO AVE,1090,E,N,A,-,N,NA,NA,NA,NA,NA,NA,NA,NA,NA,N,3,0,1,1,A,-,08,22107,NA,N,E,I,A,A,H,-,D,D,0,NA,NA,Y,NA,Y,NA,C,02,0,1,0,0,0,0,0,0,1,-,-,34.38312911987305,-117.36876678466795,SAN BERNARDINO,HESPERIA,-117.37261199951172,34.38311004638672
94542415,2024,2025-01-17,9850,2024-12-18,1535,017377,NA,3,2,5,3612,0,1,1,NA,2,083,INTERSTATE 15 SOUTHBOUND,BEAR VALLEY ROAD,898,N,N,A,-,Y,SBD,NA,15,NA,NA,37.772,H,NA,L,Y,4,0,2,4,A,-,03,22350,NA,M,C,C,A,A,H,-,A,D,0,NA,NA,NA,NA,Y,NA,D,22,0,0,2,0,0,0,0,0,0,-,-,34.472618103027344,-117.34461975097656,SAN BERNARDINO,VICTORVILLE,-117.34464263916016,34.47262954711914
9454255,2022,2022-08-01,3600,2022-07-01,1440,H8283,YV019,5,5,3,3631,0,0,0,NA,0,YV1,RT 62,YUCCA MESA RD,0,NA,Y,A,-,Y,SBD,8,62,-,-,15.06,H,-,E,N,3,0,2,2,A,-,22,23123,5,N,C,D,A,A,H,-,A,A,0,NA,NA,NA,NA,Y,NA,A,01,0,1,1,0,0,0,0,0,0,-,-,34.13492965698242,-116.3712921142578,SAN BERNARDINO,YUCCA VALLEY,-116.3712158203125,34.134883880615234
94548444,2025,2025-01-24,9860,2025-01-21,1918,022539,NA,2,2,9,3600,0,1,1,NA,2,152,I-15 N/B TO SR-138,SR-138,1056,S,N,A,-,Y,SBD,NA,15,NA,R,21.121,H,NA,R,N,4,0,1,2,A,-,03,22350,NA,N,C,C,A,A,H,-,D,D,0,NA,NA,NA,NA,Y,NA,A,07,0,0,1,0,0,0,0,0,0,-,-,34.30939865112305,-117.47147369384766,SAN BERNARDINO,UNINCORPORATED,-117.47158050537108,34.309303283691406
9455063,2022,2022-07-28,3600,2022-05-27,0950,F9717,VC023,5,5,5,3612,0,0,0,NA,0,VC3,BEAR VALLEY RD,HESPERIA RD,0,NA,Y,A,-,N,NA,NA,NA,NA,NA,NA,NA,NA,NA,Y,4,0,3,2,A,-,12,21453,NA,N,D,C,A,A,H,-,A,A,0,NA,NA,NA,NA,Y,NA,A,07,0,0,3,0,0,0,0,0,0,-,-,NA,NA,SAN BERNARDINO,VICTORVILLE,-117.2919692993164,34.470916748046875
94551071,2025,2025-01-27,9855,2025-01-23,1629,015919,NA,4,2,5,3611,0,1,1,NA,2,203,SR-210 W/B (FOOTHILL FWY),CAMPUS AVENUE,1300,E,N,A,-,Y,SBD,NA,210,NA,NA,3.757,H,NA,L,N,4,0,1,4,A,-,03,22350,NA,M,C,C,A,A,H,-,A,D,0,NA,NA,NA,NA,Y,NA,A,01,0,0,1,0,0,0,0,0,0,-,-,34.134979248046875,-117.63098907470705,SAN BERNARDINO,UPLAND,-117.63098907470705,34.134971618652344
94551562,2025,2025-01-27,9865,2025-01-27,715,019019,NA,1,1,9,3600,0,1,3,NA,2,014,STATE ROUTE 138,STATE ROUTE 18,1584,W,N,D,-,Y,SBD,NA,138,NA,NA,37.61,H,NA,R,Y,4,0,1,1,A,-,03,22350,NA,N,E,8,A,C,H,-,B,D,0,NA,NA,NA,NA,Y,NA,A,01,0,0,1,0,0,0,0,0,0,-,-,34.23155975341797,-117.29106903076172,SAN BERNARDINO,UNINCORPORATED,-117.29115295410156,34.23154067993164
94553658,2025,2025-01-29,9860,2025-01-23,453,022539,NA,4,3,5,3609,0,1,1,NA,2,201,SR-210 E/B,RIVERSIDE AVE,1056,E,N,A,-,Y,SBD,NA,210,NA,NA,18.89,H,NA,R,N,4,0,1,2,A,-,08,22107,NA,F,B,C,A,A,H,-,C,D,0,NA,NA,NA,Y,Y,NA,G,25,0,0,1,0,0,0,0,0,0,-,-,34.13587951660156,-117.36701202392578,SAN BERNARDINO,RIALTO,-117.36701965332033,34.13594436645508
9455477,2022,2022-07-06,3610,2022-05-19,0855,50756,NA,4,5,6,3610,0,0,0,NA,0,POLICE,W 31ST ST,N E ST,0,NA,Y,A,-,N,NA,NA,NA,NA,NA,NA,NA,NA,NA,Y,4,0,1,2,A,-,09,21802,A,N,D,C,A,A,H,-,A,D,0,NA,NA,NA,NA,Y,NA,D,22,0,0,1,0,0,0,0,0,0,-,-,34.14781188964844,-117.29408264160156,SAN BERNARDINO,SAN BERNARDINO,-117.29409027099608,34.14778137207031
94555416,2025,2025-01-30,9855,2025-01-28,910,015461,NA,2,1,6,3616,0,1,1,NA,2,153,I-15 S/B (ONTARIO FWY),SR-210 E/B (FOOTHILL FWY),2675,S,N,B,-,Y,SBD,NA,15,NA,NA,7.691,H,NA,L,N,3,0,1,3,A,-,03,22350,NA,M,C,C,A,A,H,-,A,D,0,NA,NA,Y,NA,Y,NA,C,02,0,1,0,0,0,0,0,0,1,-,-,34.13092041015625,-117.5027313232422,SAN BERNARDINO,RANCHO CUCAMONGA,-117.50277709960938,34.13096237182617
94555569,2025,2025-01-30,9834,2025-01-29,1250,019219,NA,3,1,9,3600,0,2,4,NA,1,031,NEEDLES HIGHWAY,NEVDA/CALIFORNIA STATE LINE,280,S,N,A,-,N,NA,NA,NA,NA,NA,NA,NA,NA,NA,Y,4,0,1,1,A,-,08,22107,NA,N,E,I,A,A,H,-,A,D,0,NA,NA,NA,NA,Y,NA,A,01,0,0,1,0,0,0,0,0,0,-,-,35.041969299316406,-114.68406677246094,SAN BERNARDINO,UNINCORPORATED,NA,NA
94562475,2025,2025-02-03,9855,2025-01-25,204,022510,NA,6,3,6,3607,0,1,1,NA,2,101,I-10 E/B (SAN BERNARDINO FWY),I-15 N/B,1584,E,N,A,-,Y,SBD,NA,10,NA,NA,10.237,H,NA,R,Y,3,0,3,3,A,-,01,23152,A,N,C,2,A,A,H,-,C,D,0,NA,NA,NA,Y,Y,Y,A,01,0,2,1,0,0,0,0,0,0,-,-,34.067230224609375,-117.53970336914063,SAN BERNARDINO,ONTARIO,-117.53969573974608,34.06731033325195
94562543,2025,2025-02-03,9850,2025-01-24,2145,021878,NA,5,2,9,3600,0,3,5,NA,2,005,LAKEVIEW DRIVE,RED COACH LANE,595,E,N,A,-,N,NA,NA,NA,NA,NA,NA,NA,NA,NA,Y,3,0,1,2,A,-,08,22107,NA,N,B,E,A,A,H,-,D,D,0,NA,NA,NA,NA,Y,NA,A,07,0,1,0,0,0,0,0,0,0,-,-,34.73984146118164,-117.36100006103516,SAN BERNARDINO,UNINCORPORATED,-117.36109161376952,34.73981475830078
94564542,2025,2025-02-04,9855,2025-01-23,1916,016215,NA,4,2,5,3602,0,1,3,NA,2,603,SR-60 E/B (POMONA FWY),EUCLID AVENUE,2484,W,N,A,-,Y,SBD,NA,60,NA,R,4.105,H,NA,R,N,3,0,2,2,A,-,08,22107,NA,M,B,C,A,A,H,-,C,D,0,NA,NA,NA,NA,Y,NA,-,99,0,2,0,0,0,0,0,0,0,-,-,34.03031921386719,-117.65911102294922,SAN BERNARDINO,CHINO,-117.65911102294922,34.03028869628906
9456515,2022,2022-07-25,3604,2022-05-23,1328,680,NA,1,5,6,3604,0,0,0,NA,0,NA,MARLAY AV,CABERNET DR,362,W,N,A,-,N,NA,NA,NA,NA,NA,NA,NA,NA,NA,N,4,0,1,2,A,-,08,22107,NA,N,B,C,A,A,D,E,A,D,0,NA,NA,NA,NA,Y,NA,-,-,0,0,1,0,0,0,0,0,0,-,-,NA,NA,SAN BERNARDINO,FONTANA,-117.51121520996094,34.040809631347656
94566402,2025,2025-02-05,9860,2025-01-08,1835,024096,NA,3,2,9,3600,0,3,5,NA,2,002,STATE ST.,SHORT ST,0,NA,Y,A,-,N,NA,NA,NA,NA,NA,NA,NA,NA,NA,Y,2,0,2,3,A,-,01,23152,A,F,D,C,A,A,H,-,C,A,0,NA,NA,NA,NA,Y,Y,A,08,1,0,1,0,0,0,0,0,0,-,-,34.15388107299805,-117.33527374267578,SAN BERNARDINO,UNINCORPORATED,-117.33535766601563,34.153900146484375
94570149,2025,2025-02-07,9855,2025-02-06,1438,020620,NA,4,2,5,3611,0,1,1,NA,2,104,I-10 E/B (SAN BERNARDINO FWY),MOUNTAIN AVE.,1056,E,N,B,-,Y,SBD,NA,10,NA,NA,2.596,H,NA,R,N,3,0,2,2,D,-,00,NA,NA,N,C,C,A,B,H,-,A,D,0,NA,NA,NA,NA,Y,NA,-,-,0,1,1,0,0,0,0,0,0,-,-,34.087181091308594,-117.66642761230467,SAN BERNARDINO,UPLAND,-117.66642761230467,34.08720779418945
9457058,2022,2022-06-30,3600,2022-06-13,1030,F3800,YC106,1,5,4,3640,0,0,0,NA,0,YC1,YUCAIPA BL,3RD ST,0,NA,Y,A,-,N,NA,NA,NA,NA,NA,NA,NA,NA,NA,Y,4,0,2,2,A,-,12,21453,A,N,D,C,A,A,H,-,A,A,0,NA,NA,NA,NA,Y,NA,A,07,0,0,2,0,0,0,0,0,0,-,-,NA,NA,SAN BERNARDINO,YUCAIPA,-117.04755401611328,34.033870697021484
9457256,2022,2022-07-05,3600,2022-06-19,0921,G3599,NA,7,5,5,3619,0,0,0,NA,0,HE2,MAIN ST,H ST,0,NA,N,A,-,N,NA,NA,NA,NA,NA,NA,NA,NA,NA,Y,3,0,2,2,A,-,09,21802,A,N,D,C,A,A,H,-,A,D,0,NA,NA,NA,NA,Y,NA,A,01,0,1,1,0,0,0,0,0,0,-,-,NA,NA,SAN BERNARDINO,HESPERIA,-117.285400390625,34.419158935546875
9457340,2022,2022-07-06,3610,2022-05-13,0847,NA,NA,5,5,6,3610,0,0,0,NA,0,POLICE,WEST HIGHLAND AV,N H ST,65,E,N,A,-,N,NA,NA,NA,NA,NA,NA,NA,NA,NA,Y,4,0,2,3,A,-,03,22350,NA,F,C,C,A,-,H,-,-,A,0,NA,NA,NA,NA,Y,NA,A,01,0,0,2,0,0,0,0,0,0,-,-,34.136009216308594,-117.30088043212892,SAN BERNARDINO,SAN BERNARDINO,-117.30066680908205,34.13602066040039
94574011,2025,2025-02-11,9865,2025-01-24,724,024041,NA,5,1,9,3600,0,1,3,NA,1,010,RT 18,RT 173,1056,S,N,A,-,N,NA,NA,NA,NA,NA,NA,NA,NA,NA,Y,3,0,1,1,A,-,01,23152,A,N,F,J,A,A,H,-,A,D,0,NA,NA,NA,NA,Y,Y,A,07,0,1,0,0,0,0,0,0,0,-,-,34.231529235839844,-117.19927978515624,SAN BERNARDINO,UNINCORPORATED,-117.19883728027344,34.23175048828125
94575094,2025,2025-02-12,9860,2025-02-06,341,022876,NA,4,3,4,3603,0,1,1,NA,2,103,I-10 E/B,PEPPER AVENUE,845,E,N,B,C,Y,SBD,NA,10,NA,NA,21.131,H,NA,R,Y,3,0,1,2,A,-,03,22350,NA,N,C,C,A,B,H,-,D,D,0,NA,NA,NA,Y,Y,NA,A,01,0,1,0,0,0,0,0,0,0,-,-,34.068748474121094,-117.35011291503906,SAN BERNARDINO,COLTON,-117.35010528564452,34.06882858276367
9457637,2022,2022-07-07,3610,2022-05-16,0720,51370,NA,1,5,6,3610,0,0,0,NA,0,ADAM,W BASELINE ST,N CALIFORNIA ST,0,NA,Y,A,-,N,NA,NA,NA,NA,NA,NA,NA,NA,NA,N,4,0,1,2,A,-,12,21453,A,N,D,C,A,A,H,-,A,A,0,NA,NA,NA,NA,Y,NA,A,01,0,0,1,0,0,0,0,0,0,-,-,34.12133026123047,-117.33109283447266,SAN BERNARDINO,SAN BERNARDINO,-117.3311004638672,34.12133026123047
9458223,2022,2022-06-29,3600,2022-04-17,1801,I1574,AP013,7,5,5,3621,0,0,0,NA,0,AP03,BEAR VALLEY RD,SNAPPING TURTLE RD,0,NA,Y,A,-,N,NA,NA,NA,NA,NA,NA,NA,NA,NA,N,3,0,2,2,A,-,03,22350,NA,N,F,A,A,A,B,-,A,-,0,NA,NA,Y,NA,Y,NA,C,02,0,2,0,0,0,0,0,0,2,-,-,NA,NA,SAN BERNARDINO,APPLE VALLEY,-117.21157073974608,34.47142028808594
94584953,2025,2025-02-20,9860,2025-02-08,1735,022736,NA,6,2,4,3640,0,1,1,NA,2,106,I-10 W/B,16TH ST,1901,W,N,A,-,Y,SBD,NA,10,NA,NA,36.087,H,NA,L,Y,4,0,1,3,A,-,08,22107,NA,N,B,E,A,A,H,-,A,D,0,NA,NA,NA,NA,Y,NA,A,07,0,0,1,0,0,0,0,0,0,-,-,34.02421188354492,-117.10967254638672,SAN BERNARDINO,YUCAIPA,-117.10967254638672,34.024192810058594
94585325,2025,2025-02-20,9860,2025-02-12,2040,022906,NA,3,2,9,3600,0,1,3,NA,1,012,SR-138,WAGON TRAIN RD,5280,E,N,A,-,Y,SBD,NA,138,NA,T,16.374,H,NA,R,Y,2,0,2,1,A,-,08,22107,NA,N,E,I,A,A,H,-,D,D,0,NA,NA,NA,NA,Y,Y,A,01,1,1,0,0,0,0,0,0,0,-,-,34.32175064086914,-117.45937347412108,SAN BERNARDINO,UNINCORPORATED,-117.45941925048828,34.32177734375
9458612,2022,2022-06-14,3608,2022-05-15,1930,4766,NA,7,5,5,3608,0,0,0,NA,0,NA,E LUGONIA AV,N UNIVERSITY ST,0,NA,Y,A,-,N,NA,NA,NA,NA,NA,NA,NA,NA,NA,Y,3,0,2,2,A,-,17,21451,A,N,D,C,A,A,H,-,B,A,0,NA,NA,NA,NA,Y,NA,A,01,0,1,1,0,0,0,0,0,0,-,-,NA,NA,SAN BERNARDINO,REDLANDS,-117.16720581054688,34.07004928588867
94586291,2024,2025-02-21,9860,2024-11-09,2500,022931,NA,6,4,6,3610,0,1,1,NA,2,214,I-215 N/B,RIALTO AVE,1224,S,N,A,-,Y,SBD,NA,215,NA,NA,6.448,H,NA,R,N,4,0,1,1,A,-,01,23152,A,N,E,I,A,A,H,-,C,D,0,NA,NA,NA,NA,Y,Y,A,01,0,0,1,0,0,0,0,0,0,-,-,34.097511291503906,-117.30159759521484,SAN BERNARDINO,SAN BERNARDINO,-117.30176544189452,34.097511291503906
94586412,2025,2025-02-21,9860,2025-01-18,1742,022982,NA,6,2,6,3610,0,3,5,NA,2,002,DEL ROSA AVE,PACIFIC ST,160,N,N,A,-,N,NA,NA,NA,NA,NA,NA,NA,NA,NA,N,2,0,1,2,A,-,11,21954,A,N,G,B,D,A,H,-,C,D,0,Y,NA,NA,NA,Y,NA,N,60,1,0,0,0,1,0,0,0,0,-,-,34.129249572753906,-117.2502899169922,SAN BERNARDINO,SAN BERNARDINO,-117.25021362304688,34.1290168762207
9458953,2022,2022-06-20,3610,2022-04-19,0747,50584,NA,2,5,6,3610,0,0,0,NA,0,POLICE,E 6TH ST,COOLEY ST,217,W,N,A,-,N,NA,NA,NA,NA,NA,NA,NA,NA,NA,Y,4,0,1,2,A,-,06,21750,NA,N,D,C,A,A,H,-,A,A,0,NA,NA,NA,NA,Y,NA,A,01,0,0,1,0,0,0,0,0,0,-,-,34.11021041870117,-117.27877044677734,SAN BERNARDINO,SAN BERNARDINO,-117.27613830566406,34.11020278930664
94590236,2024,2025-02-26,9860,2024-12-13,1200,022843,NA,5,1,9,3600,0,1,3,NA,1,012,SR-138 W/B,CAJON BLVD,131,E,N,A,-,Y,SBD,NA,138,NA,R,15.04,H,NA,L,Y,3,0,3,4,A,-,08,22107,NA,N,D,2,F,A,H,-,A,D,0,Y,NA,NA,Y,Y,NA,A,01,0,1,2,0,2,0,0,0,0,-,-,34.311668395996094,-117.47769927978516,SAN BERNARDINO,UNINCORPORATED,-117.47769927978516,34.3116340637207
9459086,2022,2022-06-10,3600,2022-05-11,1649,D3381,VC013,3,5,5,3612,0,0,0,NA,0,VC4,BEAR VALLEY RD,OWEN RD,0,NA,Y,A,-,N,NA,NA,NA,NA,NA,NA,NA,NA,NA,Y,4,0,2,2,A,-,12,21453,A,N,D,C,A,A,H,-,A,A,0,NA,NA,NA,NA,Y,NA,A,07,0,0,2,0,0,0,0,0,0,-,-,34.470699310302734,-117.35791015625,SAN BERNARDINO,VICTORVILLE,NA,NA
94591617,2025,2025-02-27,9860,2025-02-25,740,016575,NA,2,1,4,3603,0,1,1,NA,2,218,I-215 S/B,WASHINGTON ST.,2300,N,N,A,-,Y,SBD,NA,215,NA,NA,3.141,H,NA,L,N,3,0,1,3,A,-,07,21658,A,N,B,C,A,A,H,-,A,D,0,NA,NA,Y,NA,Y,NA,A,07,0,1,0,0,0,0,0,0,1,-,-,34.0518913269043,-117.30162811279295,SAN BERNARDINO,COLTON,-117.30168914794922,34.05194854736328
94591630,2025,2025-02-27,9860,2025-02-24,1715,022906,NA,1,2,6,3610,0,3,5,NA,2,002,5TH ST,PEDLEY RD,216,E,N,A,-,N,NA,NA,NA,NA,NA,NA,NA,NA,NA,Y,4,0,1,2,A,-,03,22350,NA,N,C,C,A,A,H,-,A,D,0,NA,NA,NA,NA,Y,NA,A,01,0,0,1,0,0,0,0,0,0,-,-,34.10831832885742,-117.26602935791016,SAN BERNARDINO,SAN BERNARDINO,-117.26610565185548,34.108333587646484
94594968,2025,2025-03-03,9855,2025-02-22,1158,021006,NA,6,1,6,3607,0,1,1,NA,2,101,I-10 E/B (SAN BERNARDINO FWY),MILLIKEN AVENUE,2000,W,N,A,-,Y,SBD,NA,10,NA,NA,8.718,H,NA,R,Y,4,0,2,4,A,-,03,22350,NA,N,C,2,A,A,H,-,A,D,0,NA,NA,NA,NA,Y,NA,A,01,0,0,2,0,0,0,0,0,0,-,-,34.06739044189453,-117.56620025634766,SAN BERNARDINO,ONTARIO,-117.56620025634766,34.067405700683594
94595179,2025,2025-03-03,9855,2025-02-23,1235,021873,NA,7,1,6,3607,0,1,1,NA,2,103,I-10 W/B (SAN BERNARDINO FWY),4TH ST.,1520,E,N,A,-,Y,SBD,NA,10,NA,NA,5.526,H,NA,L,Y,3,0,4,4,A,-,03,22350,NA,N,C,C,A,A,H,-,A,D,0,NA,NA,NA,NA,Y,NA,A,07,0,4,0,0,0,0,0,0,0,-,-,34.07537841796875,-117.61930084228516,SAN BERNARDINO,ONTARIO,-117.61927032470705,34.07541275024414
94597321,2025,2025-03-05,9835,2025-02-23,1323,020976,NA,7,1,9,3600,0,1,1,NA,2,077,I-15 N/B,YATES WELL RD.,6336,N,N,A,-,Y,SBD,NA,15,NA,NA,182.79,H,NA,R,Y,4,0,1,2,A,-,07,21658,A,N,B,C,A,A,H,-,A,D,0,NA,NA,NA,NA,Y,NA,A,07,0,0,1,0,0,0,0,0,0,-,-,35.55997848510742,-115.41130828857422,SAN BERNARDINO,UNINCORPORATED,-115.41129302978516,35.559974670410156
9459806,2022,2023-02-16,3610,2022-04-20,2159,50709,NA,3,5,6,3610,0,0,0,NA,0,POLICE,N MERIDIAN AV,W COURT ST,0,NA,Y,A,-,N,NA,NA,NA,NA,NA,NA,NA,NA,NA,N,1,1,0,2,A,-,11,21956,NA,N,G,B,D,A,H,-,C,D,0,Y,NA,NA,NA,Y,NA,N,60,0,0,0,1,0,0,0,0,0,-,-,34.10676956176758,-117.34853363037108,SAN BERNARDINO,SAN BERNARDINO,-117.34852600097656,34.105384826660156
94599586,2025,2025-05-27,9860,2025-03-06,1805,022890,NA,4,2,6,3610,0,1,1,NA,2,216,I-215 N/B,PALM AVE,2534,N,N,B,C,Y,SBD,NA,215,NA,NA,14.599,H,NA,R,N,4,0,1,2,A,-,03,22350,NA,F,C,C,A,B,H,-,D,D,0,NA,NA,NA,NA,Y,NA,-,99,0,0,1,0,0,0,0,0,0,-,-,34.1959114074707,-117.36775207519533,SAN BERNARDINO,SAN BERNARDINO,-117.36774444580078,34.195919036865234
94599898,2025,2025-03-17,9870,2025-02-28,1506,020280,NA,5,2,9,3600,1,4,S,NA,2,901,AMBOY ROAD,ADOBE ROAD,0,NA,Y,A,-,N,NA,NA,NA,NA,NA,NA,NA,NA,NA,N,4,0,1,1,C,-,18,NA,NA,N,H,A,A,A,H,-,A,A,0,NA,NA,NA,NA,Y,NA,-,-,0,0,1,0,0,0,0,0,0,-,-,34.16484832763672,-116.0539779663086,SAN BERNARDINO,UNINCORPORATED,-116.05411529541016,34.16465759277344
94601879,2025,2025-03-18,9855,2025-03-03,55,022900,NA,1,3,9,3600,0,3,5,NA,2,004,RIVERSIDE DRIVE (12000 BLOCK),MCKINLEY AVENUE,0,NA,Y,B,-,N,NA,NA,NA,NA,NA,NA,NA,NA,NA,Y,4,0,1,2,A,-,09,21804,A,N,B,C,A,A,H,-,C,D,0,NA,NA,NA,NA,Y,NA,A,01,0,0,1,0,0,0,0,0,0,-,-,34.01877975463867,-117.72853088378906,SAN BERNARDINO,UNINCORPORATED,-117.72855377197266,34.018821716308594
94602346,2025,2025-03-18,9855,2025-03-05,35,021978,NA,3,3,6,3604,0,1,1,NA,2,101,I-10 E/B (SAN BERNARDINO FWY),CHERRY AVENUE,2050,E,N,B,-,Y,SBD,NA,10,NA,NA,13.561,H,NA,R,Y,4,0,1,1,C,-,18,NA,NA,N,E,J,A,A,H,-,D,D,0,NA,NA,NA,NA,Y,NA,-,-,0,0,1,0,0,0,0,0,0,-,-,34.06597137451172,-117.48201751708984,SAN BERNARDINO,FONTANA,-117.48201751708984,34.065948486328125
94607385,2025,2025-03-18,9860,2025-03-02,620,024096,NA,7,1,9,3600,0,1,1,NA,2,152,I-15 N/B,CLEGHORN RD,475,N,N,B,C,Y,SBD,NA,15,NA,R,20.066,H,NA,R,Y,4,0,1,2,A,-,03,22350,NA,N,C,C,A,B,H,-,B,D,0,NA,NA,NA,NA,Y,NA,A,01,0,0,1,0,0,0,0,0,0,-,-,34.299530029296875,-117.45791625976563,SAN BERNARDINO,UNINCORPORATED,-117.45790863037108,34.29953384399414
94608907,2025,2025-03-18,9855,2025-03-14,1530,021006,NA,5,2,6,3607,0,1,1,NA,2,103,I-10 W/B (SAN BERNARDINO FWY),HAVEN AVENUE,1000,W,N,B,C,Y,SBD,NA,10,NA,NA,7.944,H,NA,L,Y,4,0,1,2,A,-,03,22350,NA,F,C,C,A,B,H,-,A,D,0,NA,NA,NA,NA,Y,NA,A,01,0,0,1,0,0,0,0,0,0,-,-,34.06772994995117,-117.57968139648438,SAN BERNARDINO,ONTARIO,-117.57968139648438,34.06765365600586
94609305,2025,2025-04-01,9865,2025-03-05,1800,024215,NA,3,2,9,3600,0,1,3,NA,1,022,SR-18,WAGON WHEEL DR,30,E,N,D,-,Y,SBD,NA,18,NA,NA,30.912,H,NA,R,N,3,0,1,1,A,-,08,22107,NA,N,E,I,A,C,H,-,C,D,0,NA,NA,NA,NA,Y,NA,D,22,0,1,0,0,0,0,0,0,0,-,-,34.2110710144043,-117.11602020263672,SAN BERNARDINO,UNINCORPORATED,-117.11593627929688,34.211097717285156
94609981,2025,2025-03-18,9860,2025-03-15,935,020654,NA,6,1,5,3608,0,1,1,NA,2,104,I-10 W/B,NEVADA ST.,120,E,N,A,-,Y,SBD,NA,10,NA,NA,28.844,H,NA,L,Y,4,0,2,2,A,-,03,22350,A,N,C,C,A,A,H,-,D,D,0,NA,NA,NA,NA,Y,NA,A,01,0,0,2,0,0,0,0,0,0,-,-,34.066829681396484,-117.21694946289063,SAN BERNARDINO,REDLANDS,-117.21694946289063,34.06675338745117
9462507,2022,2022-07-14,3600,2022-06-03,1354,S4227,NA,5,5,5,3630,0,0,0,NA,0,NA,PIPELINE AV,CHINO HILLS PKWY,0,NA,N,A,-,N,NA,NA,NA,NA,NA,NA,NA,NA,NA,Y,3,0,1,2,A,-,09,21801,A,N,D,C,A,A,H,-,A,A,0,NA,NA,NA,NA,Y,NA,A,07,0,1,0,0,0,0,0,0,0,-,-,NA,NA,SAN BERNARDINO,CHINO HILLS,-117.715087890625,33.98262405395508
94626909,2025,2025-03-26,9860,2025-03-19,835,020002,NA,3,1,9,3600,0,3,5,NA,2,002,MOUNTAIN AVE.,MARSHALL BLVD,0,NA,Y,A,-,N,NA,NA,NA,NA,NA,NA,NA,NA,NA,Y,4,0,2,2,A,-,09,21802,A,N,D,C,A,A,H,-,A,A,0,NA,NA,NA,NA,Y,NA,A,07,0,0,2,0,0,0,0,0,0,-,-,34.14950180053711,-117.25682830810548,SAN BERNARDINO,UNINCORPORATED,-117.25679779052734,34.14944839477539
94627416,2024,2025-03-26,9860,2024-10-20,210,022875,NA,7,3,4,3603,0,1,1,NA,2,214,INTERSTATE 215 SOUTHBOUND,IOWA AVENUE,75,N,N,A,-,Y,SBD,NA,215,NA,NA,0.432,H,NA,L,Y,1,1,0,2,A,-,01,23152,A,N,E,8,A,A,H,-,D,D,0,NA,NA,NA,NA,Y,Y,A,01,0,0,0,0,0,0,0,0,0,-,-,34.02452087402344,-117.33518981933594,SAN BERNARDINO,COLTON,-117.33514404296876,34.02449035644531
94630188,2025,2025-03-28,9855,2025-03-08,2335,022261,NA,6,3,5,3611,0,1,1,NA,2,203,SR-210 W/B (FOOTHILL FWY),BASE LINE RD.,2000,E,N,A,-,Y,SBD,NA,210,NA,NA,0.199,H,NA,L,Y,3,0,3,3,A,-,03,22350,NA,M,C,2,A,A,H,-,C,D,0,NA,NA,NA,NA,Y,NA,-,99,0,1,2,0,0,0,0,0,0,-,-,34.12648010253906,-117.6897430419922,SAN BERNARDINO,UPLAND,-117.6897430419922,34.12648010253906