CASE_ID,ACCIDENT_YEAR,PROC_DATE,JURIS,COLLISION_DATE,COLLISION_TIME,OFFICER_ID,REPORTING_DISTRICT,DAY_OF_WEEK,CHP_SHIFT,POPULATION,CNTY_CITY_LOC,SPECIAL_COND,BEAT_TYPE,CHP_BEAT_TYPE,CITY_DIVISION_LAPD,CHP_BEAT_CLASS,BEAT_NUMBER,PRIMARY_RD,SECONDARY_RD,DISTANCE,DIRECTION,INTERSECTION,WEATHER_1,WEATHER_2,STATE_HWY_IND,CALTRANS_COUNTY,CALTRANS_DISTRICT,STATE_ROUTE,ROUTE_SUFFIX,POSTMILE_PREFIX,POSTMILE,LOCATION_TYPE,RAMP_INTERSECTION,SIDE_OF_HWY,TOW_AWAY,COLLISION_SEVERITY,NUMBER_KILLED,NUMBER_INJURED,PARTY_COUNT,PRIMARY_COLL_FACTOR,PCF_CODE_OF_VIOL,PCF_VIOL_CATEGORY,PCF_VIOLATION,PCF_VIOL_SUBSECTION,HIT_AND_RUN,TYPE_OF_COLLISION,MVIW,PED_ACTION,ROAD_SURFACE,ROAD_COND_1,ROAD_COND_2,LIGHTING,CONTROL_DEVICE,CHP_ROAD_TYPE,PEDESTRIAN_ACCIDENT,BICYCLE_ACCIDENT,MOTORCYCLE_ACCIDENT,TRUCK_ACCIDENT,NOT_PRIVATE_PROPERTY,ALCOHOL_INVOLVED,STWD_VEHTYPE_AT_FAULT,CHP_VEHTYPE_AT_FAULT,COUNT_SEVERE_INJ,COUNT_VISIBLE_INJ,COUNT_COMPLAINT_PAIN,COUNT_PED_KILLED,COUNT_PED_INJURED,COUNT_BICYCLIST_KILLED,COUNT_BICYCLIST_INJURED,COUNT_MC_KILLED,COUNT_MC_INJURED,PRIMARY_RAMP,SECONDARY_RAMP,LATITUDE,LONGITUDE,COUNTY,CITY,POINT_X,POINT_Y
94686674,2025,2025-05-14,9860,2025-05-03,2010,022890,NA,6,2,6,3610,0,1,1,NA,2,201,SR-210 E/B,STATE ST,1162,E,N,B,-,Y,SBD,NA,210,NA,NA,20.948,H,NA,R,Y,3,0,1,2,A,-,01,23152,A,N,B,2,A,A,H,-,C,D,0,NA,NA,NA,NA,Y,Y,A,01,0,1,0,0,0,0,0,0,0,-,-,34.13508987426758,-117.33144378662108,SAN BERNARDINO,SAN BERNARDINO,-117.33142852783205,34.135066986083984
94692244,2025,2025-05-19,9860,2025-03-21,715,022719,NA,5,1,6,3610,0,1,1,NA,2,216,I-215 S/B,LITTLE LEAGUE DR.,20,N,N,A,-,Y,SBD,NA,215,NA,NA,14.943,H,NA,L,N,4,0,1,3,A,-,03,22350,NA,N,C,9,A,A,H,-,A,D,0,NA,NA,NA,NA,Y,NA,D,22,0,0,1,0,0,0,0,0,0,-,-,34.19908905029297,-117.37220764160156,SAN BERNARDINO,SAN BERNARDINO,-117.3721923828125,34.19910430908203
94692528,2025,2025-05-19,9855,2025-05-12,449,023529,NA,1,3,6,3616,0,1,1,NA,2,153,I-15 S/B (ONTARIO FWY),BASELINE RD.,440,S,N,A,-,Y,SBD,NA,15,NA,NA,6.644,H,NA,L,Y,4,0,2,3,A,-,03,22350,NA,N,C,2,A,A,H,-,A,D,0,NA,NA,NA,NA,Y,NA,A,01,0,0,2,0,0,0,0,0,0,-,-,34.1202507019043,-117.51560974121094,SAN BERNARDINO,RANCHO CUCAMONGA,-117.51565551757813,34.12028503417969
94694674,2025,2025-05-20,9870,2025-05-14,1420,016935,NA,3,2,9,3600,0,1,3,NA,1,031,STATE ROUTE 62 (TWENTYNINE PALMS HIGHWAY),MT SHASTA AVENUE,30,W,N,A,-,Y,SBD,NA,62,NA,NA,23.407,H,NA,R,Y,4,0,1,2,A,-,04,21703,NA,N,D,C,A,A,H,-,A,A,0,NA,NA,NA,NA,Y,NA,A,07,0,0,1,0,0,0,0,0,0,-,-,34.135101318359375,-116.22540283203124,SAN BERNARDINO,UNINCORPORATED,-116.22540283203124,34.1351432800293
9469627,2023,2023-09-14,3600,2023-08-22,1535,G9821,HI021,2,5,4,3618,0,0,0,NA,0,HI3,RED CLOVER CT,CHEROKEE ROSE DR,0,NA,Y,A,-,N,NA,NA,NA,NA,NA,NA,NA,NA,NA,Y,3,0,1,3,A,-,01,23153,NA,N,A,E,A,A,-,-,A,D,0,NA,NA,NA,NA,Y,Y,A,07,0,1,0,0,0,0,0,0,0,-,-,NA,NA,SAN BERNARDINO,HIGHLAND,-117.19061279296876,34.11711120605469
9469628,2023,2023-09-20,3600,2023-08-26,1313,H9757,HI033,6,5,4,3618,0,0,0,NA,0,HI3,OLD GREENSPOT RD,SANTA ANA CANYON RD,0,NA,Y,A,-,N,NA,NA,NA,NA,NA,NA,NA,NA,NA,Y,4,0,2,2,A,-,05,21460,NA,N,A,C,A,A,H,-,A,D,0,NA,NA,NA,NA,Y,NA,A,01,0,0,2,0,0,0,0,0,0,-,-,34.0986213684082,-117.1068878173828,SAN BERNARDINO,HIGHLAND,NA,NA
94697016,2025,2025-05-22,9835,2025-05-15,2317,021482,NA,4,3,9,3600,0,1,1,NA,2,047,I-40 E/B,LUDLOW RD,63360,E,N,A,-,Y,SBD,NA,40,NA,R,62.131,H,NA,R,Y,3,0,1,1,A,-,08,22107,NA,N,E,I,A,A,H,-,D,D,0,NA,NA,NA,NA,Y,NA,A,01,0,1,0,0,0,0,0,0,0,-,-,34.72352981567383,-115.95545196533205,SAN BERNARDINO,UNINCORPORATED,-115.9554443359375,34.72349166870117
94698542,2025,2025-05-23,9855,2025-05-08,1742,022510,NA,4,2,6,3607,0,1,1,NA,2,101,I-10 W/B (SAN BERNARDINO FWY),MILLIKEN AVE,1584,E,N,A,-,Y,SBD,NA,10,NA,NA,9.452,H,NA,L,Y,3,0,2,2,A,-,03,22350,NA,N,C,C,A,A,H,-,A,D,0,NA,NA,NA,NA,Y,NA,A,01,0,1,1,0,0,0,0,0,0,-,-,34.067588806152344,-117.55338287353516,SAN BERNARDINO,ONTARIO,-117.55338287353516,34.06755065917969
94701480,2025,2025-05-27,9860,2025-05-14,1935,022875,NA,3,2,9,3600,0,3,5,NA,2,004,11TH STREET,LINDEN AVE,270,W,N,A,-,N,NA,NA,NA,NA,NA,NA,NA,NA,NA,N,2,0,1,2,A,-,05,21651,B,F,D,C,A,A,H,-,B,D,0,NA,NA,Y,NA,Y,Y,C,02,1,0,0,0,0,0,0,0,1,-,-,34.04454040527344,-117.40171051025392,SAN BERNARDINO,UNINCORPORATED,-117.40162658691406,34.044517517089844
94701577,2025,2025-05-27,9865,2025-05-21,1040,020393,NA,3,1,9,3600,0,3,5,NA,2,003,GREENWAY DR,E FAIRWAY BLVD,0,NA,Y,A,-,N,NA,NA,NA,NA,NA,NA,NA,NA,NA,N,4,0,1,2,A,-,09,21802,B,N,D,C,A,A,H,-,A,A,0,NA,NA,Y,NA,Y,NA,A,07,0,0,1,0,0,0,0,0,1,-,-,34.262451171875,-116.84557342529295,SAN BERNARDINO,UNINCORPORATED,-116.84552764892578,34.26245880126953
94701770,2025,2025-05-27,9855,2025-05-19,1505,022450,NA,1,2,9,3600,0,3,5,NA,2,004,APPLEGATE ST,VERNON AVE,240,W,N,A,-,N,NA,NA,NA,NA,NA,NA,NA,NA,NA,N,4,0,2,3,A,-,08,22107,NA,N,A,E,A,A,H,-,A,D,0,NA,NA,NA,NA,Y,NA,A,08,0,0,2,0,0,0,0,0,0,-,-,34.053611755371094,-117.6859893798828,SAN BERNARDINO,UNINCORPORATED,-117.68586730957033,34.05363845825195
94702339,2025,2025-05-27,9835,2025-05-18,1755,022787,NA,7,2,9,3600,0,1,3,NA,1,013,SR-58 E/B,RT 395,20064,E,N,A,-,Y,SBD,NA,58,NA,NA,9.255,H,NA,R,Y,4,0,1,2,A,-,08,22107,NA,N,C,E,A,A,H,-,B,D,0,NA,NA,NA,Y,Y,NA,A,07,0,0,1,0,0,0,0,0,0,-,-,34.97983169555664,-117.47743988037108,SAN BERNARDINO,UNINCORPORATED,-117.4774169921875,34.9798583984375
94702951,2025,2025-05-28,9860,2025-05-16,10,022736,NA,5,3,6,3610,0,1,1,NA,2,214,I-215 N/B TO I-10 E/B,I-10 E/B,255,S,N,A,-,Y,NA,NA,NA,NA,NA,NA,NA,NA,NA,Y,3,0,1,1,A,-,08,22107,NA,N,E,I,A,A,H,-,D,D,0,NA,NA,NA,NA,Y,NA,A,01,0,1,0,0,0,0,0,0,0,-,-,34.063018798828125,-117.29508209228516,SAN BERNARDINO,SAN BERNARDINO,-117.29640197753906,34.0636100769043
9470707,2023,2023-10-09,3604,2023-08-18,2239,1163,NA,5,5,6,3604,0,0,0,NA,0,NA,JURUPA AV,SIERRA AV,0,NA,Y,A,-,N,NA,NA,NA,NA,NA,NA,NA,NA,NA,Y,3,0,1,3,A,-,12,21453,A,N,D,C,A,A,H,-,C,A,0,NA,NA,NA,NA,Y,NA,A,01,0,1,0,0,0,0,0,0,0,-,-,NA,NA,SAN BERNARDINO,FONTANA,-117.43550872802734,34.04829788208008
9470799,2023,2023-10-19,3604,2023-09-23,1421,1440,NA,6,5,6,3604,0,0,0,NA,0,002,BASELINE AV,AMERICANA WY,0,NA,Y,A,-,N,NA,NA,NA,NA,NA,NA,NA,NA,NA,N,4,0,2,2,A,-,12,21453,NA,N,D,C,A,A,H,-,A,A,0,NA,NA,NA,NA,Y,NA,-,-,0,0,2,0,0,0,0,0,0,-,-,NA,NA,SAN BERNARDINO,FONTANA,-117.51064300537108,34.1213493347168
94709142,2025,2025-06-02,9850,2025-05-24,1525,021878,NA,6,2,9,3600,0,3,5,NA,2,005,OFF HIGHWAY (EL MIRAGE DRY LAKEBED),MOUNTAIN VIEW ROAD,21,W,N,A,-,N,NA,NA,NA,NA,NA,NA,NA,NA,NA,N,2,0,1,2,D,-,00,NA,NA,N,B,C,A,A,H,-,A,D,0,NA,NA,Y,NA,Y,NA,-,-,1,0,0,0,0,0,0,0,1,-,-,34.6584587097168,-117.54315948486328,SAN BERNARDINO,UNINCORPORATED,NA,NA
94709302,2025,2025-06-02,9855,2025-05-30,514,019448,NA,5,3,6,3616,0,1,1,NA,2,204,SR-210 W/B (FOOTHILL FWY),ARCHIBALD AVENUE,1000,W,N,A,-,N,NA,NA,NA,NA,NA,NA,NA,NA,NA,N,4,0,1,3,A,-,03,22350,NA,N,C,C,A,A,H,-,A,D,0,NA,NA,NA,NA,Y,NA,A,01,0,0,1,0,0,0,0,0,0,-,-,34.1351203918457,-117.60101318359376,SAN BERNARDINO,RANCHO CUCAMONGA,-117.59627532958984,34.13520431518555
94709749,2025,2025-06-02,9855,2025-05-25,458,022840,NA,7,3,5,3602,0,1,3,NA,2,603,SR-60 W/B (POMONA FWY),RAMONA,1000,W,N,A,-,Y,SBD,NA,60,NA,R,0.378,H,NA,L,N,4,0,1,2,A,-,03,22350,NA,F,C,2,A,A,H,-,B,D,0,NA,NA,NA,NA,Y,Y,-,99,0,0,1,0,0,0,0,0,0,-,-,34.02613067626953,-117.72299957275392,SAN BERNARDINO,CHINO,-117.7230224609375,34.02617645263672
94712708,2025,2025-06-04,9855,2025-05-27,1614,020564,NA,2,2,6,3604,0,1,1,NA,2,101,I-10 W/B (SAN BERNARDINO FWY),CITRUS AVE,3168,W,N,A,-,Y,SBD,NA,10,NA,NA,14.542,H,NA,L,Y,3,0,1,1,A,-,08,22107,NA,N,F,A,A,A,H,-,A,D,0,NA,NA,Y,NA,Y,NA,C,02,0,1,0,0,0,0,0,0,1,-,-,34.0665283203125,-117.46489715576172,SAN BERNARDINO,FONTANA,-117.46490478515624,34.066566467285156
94717135,2025,2025-06-09,9860,2025-05-23,1430,023695,NA,5,2,9,3600,0,1,1,NA,2,151,I-15 N/B,KENWOOD AVE,350,N,N,A,-,Y,SBD,NA,15,NA,R,15.027,H,NA,R,N,4,0,1,2,A,-,03,22350,NA,F,C,C,A,A,H,-,A,D,0,NA,NA,NA,NA,Y,NA,A,01,0,0,1,0,0,0,0,0,0,-,-,34.23749923706055,-117.42584991455078,SAN BERNARDINO,UNINCORPORATED,-117.42588806152344,34.237464904785156
94720645,2025,2025-06-10,9835,2025-06-09,1814,023936,NA,1,2,9,3600,0,2,4,NA,1,017,IRWIN RD,FOSSIL BED RD,422,S,N,A,-,Y,NA,NA,NA,NA,NA,NA,NA,NA,NA,Y,3,0,1,1,A,-,08,22107,NA,N,E,J,A,A,H,-,A,D,0,NA,NA,NA,NA,Y,NA,D,22,0,1,0,0,0,0,0,0,0,-,-,34.982879638671875,-117.00051879882813,SAN BERNARDINO,UNINCORPORATED,-117.00048828125,34.98283386230469
94721235,2025,2025-06-11,9860,2025-05-29,1445,023695,NA,4,2,9,3600,0,1,1,NA,2,152,I-15 S/B,CLEGHORN RD,2640,N,N,A,-,Y,SBD,NA,15,NA,R,20.521,H,NA,L,N,4,0,3,4,A,-,03,22350,NA,N,C,C,A,A,H,-,A,D,0,NA,NA,NA,NA,Y,NA,A,01,0,0,3,0,0,0,0,0,0,-,-,34.30411911010742,-117.46354675292967,SAN BERNARDINO,UNINCORPORATED,-117.46358489990234,34.30406951904297
94724139,2025,2025-06-12,9855,2025-06-10,1640,016146,NA,2,2,6,3607,0,1,3,NA,2,601,SR-60 E/B (POMONA FWY),GROVE AVENUE,2640,W,N,A,-,Y,SBD,NA,60,NA,R,5.33,H,NA,R,Y,4,0,2,3,A,-,03,22350,NA,N,C,C,A,A,H,-,A,A,0,NA,NA,NA,NA,Y,NA,A,01,0,0,2,0,0,0,0,0,0,-,-,34.03042984008789,-117.63778686523438,SAN BERNARDINO,ONTARIO,-117.63778686523438,34.030372619628906
94725796,2025,2025-06-16,9850,2025-06-09,2100,023336,NA,1,2,9,3600,0,1,3,NA,2,040,SR-18,JOSHUA RD,800,W,N,A,-,Y,SBD,NA,18,NA,NA,80.063,H,NA,R,Y,4,0,1,1,C,-,18,NA,NA,N,E,J,A,A,H,-,D,D,0,NA,NA,NA,NA,Y,NA,-,-,0,0,1,0,0,0,0,0,0,-,-,34.45198059082031,-117.05882263183594,SAN BERNARDINO,UNINCORPORATED,-117.05882263183594,34.45197296142578
94729284,2025,2025-06-17,9834,2025-06-13,702,016267,NA,5,1,9,3600,0,1,1,NA,2,042,I-40 E/B,JOHN WILKIE MEMORIAL REST AREA,1267,W,N,B,-,Y,SBD,NA,40,NA,R,105.273,H,NA,R,Y,3,0,1,1,A,-,08,22107,NA,N,E,8,A,A,H,-,A,D,0,NA,NA,NA,Y,Y,NA,G,25,0,1,0,0,0,0,0,0,0,-,-,34.80860137939453,-115.22364044189452,SAN BERNARDINO,UNINCORPORATED,-115.22364807128906,34.808658599853516
94729473,2025,2025-06-17,9855,2025-06-15,1335,020564,NA,7,1,6,3607,0,1,1,NA,2,152,I-15 S/B (ONTARIO FWY),FOURTH ST,528,S,N,A,-,Y,SBD,NA,15,NA,NA,2.892,H,NA,L,N,4,0,1,2,A,-,03,22350,NA,N,C,C,A,A,H,-,A,D,0,NA,NA,NA,Y,Y,NA,G,25,0,0,1,0,0,0,0,0,0,-,-,34.07469940185547,-117.5451202392578,SAN BERNARDINO,ONTARIO,-117.54502868652344,34.07469940185547
94730850,2025,2025-06-18,9850,2025-06-14,615,024350,NA,6,1,9,3600,0,1,3,NA,2,034,SR-18,MUSTANG AVE,528,S,N,A,-,Y,SBD,NA,18,NA,NA,84.832,H,NA,R,Y,3,0,2,2,A,-,08,22107,NA,N,A,D,A,A,H,-,A,D,0,NA,NA,NA,NA,Y,NA,A,01,0,1,1,0,0,0,0,0,0,-,-,34.478328704833984,-117.13231658935548,SAN BERNARDINO,UNINCORPORATED,-117.13232421875,34.478328704833984
94736078,2025,2025-06-23,9860,2025-06-12,400,022736,NA,4,3,5,3609,0,1,1,NA,2,201,SR-210,RIVERSIDE AVE,2693,W,N,A,-,Y,SBD,NA,210,NA,NA,18.164,H,NA,L,Y,4,0,1,4,A,-,08,22107,NA,F,E,8,A,A,H,-,D,D,0,NA,NA,NA,NA,Y,NA,A,01,0,0,1,0,0,0,0,0,0,-,-,34.136051177978516,-117.37962341308594,SAN BERNARDINO,RIALTO,-117.3796157836914,34.13594055175781
94736988,2025,2025-06-24,9855,2025-06-21,1820,022607,NA,6,2,6,3607,0,1,3,NA,2,601,SR-60 W/B (POMONA FWY),VINEYARD AVENUE,2112,E,N,A,-,Y,SBD,NA,60,NA,R,7.278,H,NA,L,Y,2,0,3,2,A,-,01,23152,G,N,D,2,A,A,H,-,A,D,0,NA,NA,NA,NA,Y,Y,A,01,1,1,1,0,0,0,0,0,0,-,-,34.03068161010742,-117.60388946533205,SAN BERNARDINO,ONTARIO,-117.60388946533205,34.030677795410156
94739164,2025,2025-06-25,9860,2025-06-18,633,016575,NA,3,1,6,3610,0,1,1,NA,2,214,I-215 S/B,ORANGE SHOW RD,870,S,N,A,-,Y,SBD,NA,215,NA,NA,4.827,H,NA,L,Y,4,0,2,4,A,-,07,21658,A,N,B,C,A,A,H,-,A,D,0,NA,NA,NA,NA,Y,NA,A,01,0,0,2,0,0,0,0,0,0,-,-,34.07529067993164,-117.29566955566406,SAN BERNARDINO,SAN BERNARDINO,-117.29573059082033,34.075286865234375
94740361,2025,2025-06-26,9860,2025-06-23,1420,022843,NA,1,2,5,3608,0,1,1,NA,2,104,I-10 W/B,MOUNTAIN VIEW AVE,220,W,N,A,-,Y,SBD,NA,10,NA,NA,27.261,H,NA,L,N,4,0,3,2,A,-,03,22350,NA,N,C,C,A,A,H,-,A,D,0,NA,NA,NA,NA,Y,NA,A,01,0,0,3,0,0,0,0,0,0,-,-,34.066749572753906,-117.24456024169922,SAN BERNARDINO,REDLANDS,-117.24456024169922,34.06673812866211
94742102,2025,2025-06-27,9855,2025-06-20,1520,019448,NA,5,2,6,3607,0,1,3,NA,2,602,SR-60 E/B (POMONA FWY),GROVE AVE,500,E,N,A,-,N,NA,NA,NA,NA,NA,NA,NA,NA,NA,N,4,0,1,2,A,-,03,22350,NA,N,B,C,A,A,H,-,A,D,0,NA,NA,NA,NA,Y,NA,A,07,0,0,1,0,0,0,0,0,0,-,-,34.03044891357422,-117.62213897705078,SAN BERNARDINO,ONTARIO,-117.63140106201172,34.03037643432617
94743725,2025,2025-06-30,9850,2025-06-22,10,023165,NA,7,3,5,3612,0,1,1,NA,2,081,I-15 S/B,US-395,528,N,N,A,-,Y,SBD,NA,15,NA,NA,31.963,H,NA,L,Y,4,0,4,2,A,-,03,22350,NA,N,C,2,A,A,H,-,D,D,0,NA,NA,NA,NA,Y,NA,A,01,0,0,4,0,0,0,0,0,0,-,-,34.40193176269531,-117.39990234375,SAN BERNARDINO,VICTORVILLE,-117.39990234375,34.40193176269531
94744920,2025,2025-07-01,9855,2025-06-20,445,021543,NA,5,3,6,3607,0,1,1,NA,2,101,I-10 W/B (SAN BERNARDINO FWY),ETIWANDA AVE,528,W,N,A,-,Y,SBD,NA,10,NA,NA,11.059,H,NA,L,Y,3,0,1,2,A,-,03,22350,NA,N,C,C,A,A,H,-,C,D,0,NA,NA,NA,Y,Y,NA,G,25,0,1,0,0,0,0,0,0,0,-,-,34.067691802978516,-117.52538299560548,SAN BERNARDINO,ONTARIO,-117.52537536621094,34.067649841308594
9474571,2022,2022-07-06,3610,2022-05-19,1507,50469,NA,4,5,6,3610,0,0,0,NA,0,DAVID,N G ST,7TH ST,15,S,N,A,-,N,NA,NA,NA,NA,NA,NA,NA,NA,NA,Y,3,0,2,3,A,-,03,22350,I,N,C,C,A,A,H,-,A,D,0,NA,NA,NA,NA,Y,NA,A,07,0,1,1,0,0,0,0,0,0,-,-,NA,NA,SAN BERNARDINO,SAN BERNARDINO,-117.29865264892578,34.11198806762695
9474574,2022,2022-07-06,3610,2022-05-19,1630,51363,NA,4,5,6,3610,0,0,0,NA,0,DAVID,E RIALTO AV,WATERMAN AV,41,W,N,A,-,N,NA,NA,NA,NA,NA,NA,NA,NA,NA,Y,3,0,1,2,A,-,07,21658,A,N,A,C,A,A,H,-,A,A,0,NA,NA,NA,NA,Y,NA,A,01,0,1,0,0,0,0,0,0,0,-,-,34.10084915161133,-117.27874755859376,SAN BERNARDINO,SAN BERNARDINO,-117.27889251708984,34.100860595703125
9474787,2022,2022-07-11,3600,2022-06-22,1813,G5408,AP025,3,5,5,3621,0,0,0,NA,0,AP3,APPLE VALLEY RD,BEAR VALLEY RD,391,S,N,C,-,N,NA,NA,NA,NA,NA,NA,NA,NA,NA,Y,3,0,1,2,A,-,09,21804,A,N,D,C,A,B,H,-,-,D,0,NA,NA,NA,NA,Y,NA,A,07,0,1,0,0,0,0,0,0,0,-,-,NA,NA,SAN BERNARDINO,APPLE VALLEY,-117.24237060546876,34.46997833251953
9474815,2022,2022-07-15,3608,2022-06-13,1101,3675,NA,1,5,5,3608,0,0,0,NA,0,NA,COLTON AV,TEXAS ST,0,NA,Y,A,-,N,NA,NA,NA,NA,NA,NA,NA,NA,NA,N,4,0,2,2,A,-,08,22107,NA,N,D,C,A,A,H,-,A,A,0,NA,NA,NA,NA,Y,NA,D,22,0,0,2,0,0,0,0,0,0,-,-,NA,NA,SAN BERNARDINO,REDLANDS,-117.1912841796875,34.0628776550293
94748519,2025,2025-07-07,9855,2025-06-29,500,021838,NA,7,3,9,3600,0,1,3,NA,2,603,SR-60 E/B (POMONA FWY),CENTRAL AVE,1584,W,N,A,-,Y,SBD,NA,60,NA,R,1.992,H,NA,R,Y,3,0,1,2,A,-,03,22350,NA,N,C,C,A,A,H,-,D,D,0,NA,NA,NA,Y,Y,NA,A,01,0,1,0,0,0,0,0,0,0,-,-,34.03007125854492,-117.69596862792967,SAN BERNARDINO,UNINCORPORATED,-117.69596862792967,34.03011703491211
94749490,2025,2025-07-07,9860,2025-06-22,1940,022931,NA,7,2,9,3600,0,1,1,NA,2,106,I-10 E/B,WABASH AVE,498,E,N,A,-,Y,SBD,NA,10,NA,NA,34.39,H,NA,R,Y,3,0,1,1,A,-,08,22107,NA,N,F,A,A,A,H,-,B,D,0,NA,NA,NA,NA,Y,NA,A,07,0,1,0,0,0,0,0,0,0,-,-,34.032379150390625,-117.13730621337892,SAN BERNARDINO,UNINCORPORATED,-117.13724517822266,34.03247833251953
94749871,2025,2025-07-07,9860,2025-06-26,340,022875,NA,4,3,6,3610,0,1,1,NA,2,202,SR-210 E/B,DEL ROSA AVE,2198,W,N,A,-,Y,SBD,NA,210,NA,R,25.308,H,NA,R,Y,3,0,1,1,A,-,08,22107,NA,N,E,I,A,A,H,-,D,D,0,NA,NA,NA,NA,Y,NA,A,01,0,1,0,0,0,0,0,0,0,-,-,34.14360046386719,-117.2597198486328,SAN BERNARDINO,SAN BERNARDINO,-117.25971221923828,34.14365768432617
9475909,2022,2022-07-21,3610,2022-06-10,2359,51366,NA,5,5,6,3610,0,0,0,NA,0,COURTE,NORTH WATERMAN AV,GILBERT,120,N,N,A,-,N,NA,NA,NA,NA,NA,NA,NA,NA,NA,N,3,0,1,2,A,-,03,22350,1,F,G,B,D,A,H,-,C,A,0,Y,NA,NA,NA,Y,NA,D,22,0,1,0,0,1,0,0,0,0,-,-,34.12744903564453,-117.27812957763672,SAN BERNARDINO,SAN BERNARDINO,-117.27877807617188,34.12712860107422
94759567,2025,2025-07-14,9860,2025-06-26,1600,023693,NA,4,2,9,3600,0,3,5,NA,2,001,GLEN HELEN PKY,SYCAMORE CREEK DR,0,NA,Y,A,-,N,NA,NA,NA,NA,NA,NA,NA,NA,NA,N,3,0,2,2,A,-,12,21453,A,N,D,C,A,A,H,-,A,A,0,NA,NA,NA,NA,Y,NA,A,01,0,1,1,0,0,0,0,0,0,-,-,34.1904411315918,-117.43155670166016,SAN BERNARDINO,UNINCORPORATED,-117.43157958984376,34.190460205078125
94763820,2025,2025-07-16,9855,2025-07-09,1203,015919,NA,3,1,6,3604,0,1,1,NA,2,101,I-10 W/B (SAN BERNARDINO FWY),CHERRY AVENUE,1300,E,N,A,-,Y,SBD,NA,10,NA,NA,13.673,H,NA,L,Y,4,0,1,3,A,-,07,21658,A,N,B,C,A,A,H,-,A,D,0,NA,NA,NA,Y,Y,NA,A,01,0,0,1,0,0,0,0,0,0,-,-,34.06631851196289,-117.48005676269533,SAN BERNARDINO,FONTANA,-117.48005676269533,34.06620788574219
94765465,2025,2025-07-16,9865,2025-07-15,1708,019019,NA,2,2,9,3600,0,3,5,NA,2,001,ARROWHEAD VILLA ROAD,LAKE DRIVE,25,W,N,A,-,N,NA,NA,NA,NA,NA,NA,NA,NA,NA,N,4,0,1,2,A,-,03,22350,NA,N,A,C,A,A,H,-,A,D,0,NA,NA,Y,NA,Y,NA,C,02,0,0,1,0,0,0,0,0,1,-,-,34.23823165893555,-117.18675231933594,SAN BERNARDINO,UNINCORPORATED,-117.18429565429688,34.24245834350586
9476800,2022,2022-07-19,3610,2022-06-08,1947,51363,NA,3,5,6,3610,0,0,0,NA,0,POLICE,W 2ND ST,N E ST,0,NA,Y,A,-,N,NA,NA,NA,NA,NA,NA,NA,NA,NA,Y,3,0,1,2,A,-,12,21453,A,N,D,C,A,-,H,-,C,A,0,NA,NA,NA,NA,Y,NA,A,01,0,1,0,0,0,0,0,0,0,-,-,34.102840423583984,-117.29431915283205,SAN BERNARDINO,SAN BERNARDINO,-117.29420471191406,34.10281753540039
9476955,2022,2022-08-22,3600,2022-02-21,1702,G6204,RC040,1,5,6,3616,0,0,0,NA,0,005,BASELINE RD,ARCHIBALD BL,300,E,N,A,-,N,NA,NA,NA,NA,NA,NA,NA,NA,NA,Y,4,0,1,2,A,-,03,22350,NA,N,D,C,A,A,H,-,B,D,0,NA,NA,NA,NA,Y,NA,A,07,0,0,1,0,0,0,0,0,0,-,-,NA,NA,SAN BERNARDINO,RANCHO CUCAMONGA,-117.59249877929688,34.12154006958008
94770027,2025,2025-07-21,9855,2025-07-10,1100,021926,NA,4,1,6,3607,0,1,1,NA,2,152,I-15 S/B (ONTARIO FWY),JURUPA AVE,400,N,N,A,-,Y,SBD,NA,15,NA,NA,1.093,H,NA,L,N,3,0,1,4,A,-,03,22350,NA,N,C,C,A,A,H,-,A,D,0,NA,NA,NA,NA,Y,NA,A,01,0,1,0,0,0,0,0,0,0,-,-,34.04922103881836,-117.54981994628906,SAN BERNARDINO,ONTARIO,-117.54986572265624,34.04922866821289
94770630,2025,2025-07-21,9850,2025-05-31,1700,023165,NA,6,2,5,3619,0,1,1,NA,2,081,I-15 N/B,MAIN ST,1320,N,N,A,-,Y,SBD,NA,15,NA,NA,34.367,H,NA,R,N,4,0,1,2,A,-,07,21658,A,F,B,C,A,A,H,-,A,D,0,NA,NA,NA,NA,Y,NA,A,07,0,0,1,0,0,0,0,0,0,-,-,34.43107986450195,-117.37682342529295,SAN BERNARDINO,HESPERIA,-117.37682342529295,34.43108367919922