CASE_ID,ACCIDENT_YEAR,PROC_DATE,JURIS,COLLISION_DATE,COLLISION_TIME,OFFICER_ID,REPORTING_DISTRICT,DAY_OF_WEEK,CHP_SHIFT,POPULATION,CNTY_CITY_LOC,SPECIAL_COND,BEAT_TYPE,CHP_BEAT_TYPE,CITY_DIVISION_LAPD,CHP_BEAT_CLASS,BEAT_NUMBER,PRIMARY_RD,SECONDARY_RD,DISTANCE,DIRECTION,INTERSECTION,WEATHER_1,WEATHER_2,STATE_HWY_IND,CALTRANS_COUNTY,CALTRANS_DISTRICT,STATE_ROUTE,ROUTE_SUFFIX,POSTMILE_PREFIX,POSTMILE,LOCATION_TYPE,RAMP_INTERSECTION,SIDE_OF_HWY,TOW_AWAY,COLLISION_SEVERITY,NUMBER_KILLED,NUMBER_INJURED,PARTY_COUNT,PRIMARY_COLL_FACTOR,PCF_CODE_OF_VIOL,PCF_VIOL_CATEGORY,PCF_VIOLATION,PCF_VIOL_SUBSECTION,HIT_AND_RUN,TYPE_OF_COLLISION,MVIW,PED_ACTION,ROAD_SURFACE,ROAD_COND_1,ROAD_COND_2,LIGHTING,CONTROL_DEVICE,CHP_ROAD_TYPE,PEDESTRIAN_ACCIDENT,BICYCLE_ACCIDENT,MOTORCYCLE_ACCIDENT,TRUCK_ACCIDENT,NOT_PRIVATE_PROPERTY,ALCOHOL_INVOLVED,STWD_VEHTYPE_AT_FAULT,CHP_VEHTYPE_AT_FAULT,COUNT_SEVERE_INJ,COUNT_VISIBLE_INJ,COUNT_COMPLAINT_PAIN,COUNT_PED_KILLED,COUNT_PED_INJURED,COUNT_BICYCLIST_KILLED,COUNT_BICYCLIST_INJURED,COUNT_MC_KILLED,COUNT_MC_INJURED,PRIMARY_RAMP,SECONDARY_RAMP,LATITUDE,LONGITUDE,COUNTY,CITY,POINT_X,POINT_Y
94846018,2025,2025-09-16,9855,2025-08-27,1600,017213,NA,3,2,6,3604,0,3,5,NA,2,001,CHERRY AVENUE,RANDALL AVENUE,60,S,N,A,-,N,NA,NA,NA,NA,NA,NA,NA,NA,NA,N,4,0,1,3,A,-,03,22350,NA,N,C,C,A,A,H,-,A,D,0,NA,NA,NA,NA,Y,NA,A,01,0,0,1,0,0,0,0,0,0,-,-,34.08449935913086,-117.48876190185548,SAN BERNARDINO,FONTANA,-117.48888397216795,34.08450698852539
94846483,2025,2025-09-16,9860,2025-08-28,1805,023693,NA,4,2,6,3610,0,1,1,NA,2,103,I-10 E/B,WATERMAN AVE,2059,W,N,A,-,Y,SBD,NA,10,NA,NA,24.802,H,NA,R,N,4,0,1,2,A,-,07,21658,A,N,B,C,A,A,H,-,A,D,0,NA,NA,NA,NA,Y,NA,-,-,0,0,1,0,0,0,0,0,0,-,-,34.06351852416992,-117.28694152832033,SAN BERNARDINO,SAN BERNARDINO,-117.28694152832033,34.06352233886719
94846717,2025,2025-09-16,9860,2025-09-09,1625,022843,NA,2,2,9,3600,0,1,1,NA,2,152,I-15 S/B,SR-138,3696,N,N,A,-,Y,SBD,NA,15,NA,R,22.099,H,NA,L,N,4,0,1,3,A,-,08,22107,NA,F,B,C,A,A,H,-,A,D,0,NA,NA,NA,Y,Y,NA,A,01,0,0,1,0,0,0,0,0,0,-,-,34.320491790771484,-117.48158264160156,SAN BERNARDINO,UNINCORPORATED,-117.4815673828125,34.320491790771484
9484724,2022,2022-08-24,3605,2022-08-02,1236,461,NA,2,5,4,3605,0,0,0,NA,0,NA,BROOKS ST,MONTE VISTA AV,760,E,N,A,-,N,NA,NA,NA,NA,NA,NA,NA,NA,NA,N,2,0,2,2,A,-,08,22107,NA,N,B,C,A,A,H,-,A,D,0,NA,NA,NA,NA,Y,NA,A,07,1,0,1,0,0,0,0,0,0,-,-,NA,NA,SAN BERNARDINO,MONTCLAIR,-117.69577026367188,34.061641693115234
94848005,2025,2025-09-17,9860,2025-09-06,2000,023372,NA,6,2,9,3600,0,3,5,NA,2,002,ARDEN AVE,PUMALO ST,0,NA,Y,A,-,N,NA,NA,NA,NA,NA,NA,NA,NA,NA,Y,4,0,1,2,A,-,08,22107,NA,N,D,C,A,A,H,-,B,D,0,NA,NA,NA,NA,Y,Y,D,22,0,0,1,0,0,0,0,0,0,-,-,34.138519287109375,-117.23502349853516,SAN BERNARDINO,UNINCORPORATED,-117.23493194580078,34.13853073120117
94854147,2025,2025-09-22,9855,2025-07-14,1140,020963,NA,1,1,6,3607,0,1,3,NA,2,601,STATE ROUTE 60 EASTBOUND,VINEYARD AVE,1531,E,N,A,-,Y,SBD,NA,60,NA,R,7.17,H,NA,R,Y,2,0,1,3,A,-,03,22350,NA,F,C,C,A,A,H,-,A,D,0,NA,NA,Y,NA,Y,NA,-,99,1,0,0,0,0,0,0,0,1,-,-,34.03049087524414,-117.60576629638672,SAN BERNARDINO,ONTARIO,-117.60576629638672,34.030521392822266
94854967,2025,2025-09-22,9855,2025-09-17,630,020620,NA,3,1,4,3605,0,1,1,NA,2,103,I-10 W/B (SAN BERNARDINO FWY),MOUNTAIN AVE.,1584,W,N,A,-,Y,SBD,NA,10,NA,NA,2.022,H,NA,L,N,4,0,1,3,A,-,07,21658,A,N,B,C,A,A,H,-,B,D,0,NA,NA,NA,NA,Y,NA,A,01,0,0,1,0,0,0,0,0,0,-,-,34.08732986450195,-117.67645263671876,SAN BERNARDINO,MONTCLAIR,-117.67645263671876,34.087398529052734
9485958,2022,2022-09-12,3600,2022-08-20,2033,B9547,HE203,6,5,5,3619,0,0,0,NA,0,HE2,ALDER ST,JACARANDA AV,134,W,N,A,-,N,NA,NA,NA,NA,NA,NA,NA,NA,NA,N,3,0,2,1,A,-,03,22350,NA,N,F,A,A,A,H,-,D,D,0,NA,NA,Y,NA,Y,NA,C,02,0,2,0,0,0,0,0,0,2,-,-,NA,NA,SAN BERNARDINO,HESPERIA,-117.26614379882813,34.462158203125
94859849,2025,2025-09-25,9835,2025-09-18,1046,019989,NA,4,1,9,3600,0,1,1,NA,2,077,I-15 N/B,15 SBD 172.5,5,N,N,B,C,Y,SBD,NA,15,NA,NA,172.878,H,NA,R,Y,2,0,3,1,A,-,03,22350,NA,N,E,I,A,B,H,-,A,D,0,NA,NA,NA,NA,Y,NA,A,01,2,1,0,0,0,0,0,0,0,-,-,35.47024917602539,-115.5041732788086,SAN BERNARDINO,UNINCORPORATED,-115.5041732788086,35.470218658447266
94861633,2025,2025-09-26,9855,2025-09-23,825,016590,NA,2,1,6,3616,0,1,1,NA,2,201,SR-210 W/B (FOOTHILL FWY),DAY CREEK BLVD.,400,E,N,A,-,Y,SBD,NA,210,NA,NA,9.515,H,NA,L,N,4,0,1,2,A,-,03,22350,NA,N,C,C,A,A,H,-,A,D,0,NA,NA,NA,NA,Y,NA,A,01,0,0,1,0,0,0,0,0,0,-,-,34.1366081237793,-117.53053283691406,SAN BERNARDINO,RANCHO CUCAMONGA,-117.53053283691406,34.136566162109375
9486201,2022,2022-09-16,3608,2022-08-06,2030,4523,3608,6,5,5,3608,0,0,0,NA,0,NA,PALM AV,CENTER ST,0,NA,Y,A,-,N,NA,NA,NA,NA,NA,NA,NA,NA,NA,N,3,0,1,1,A,-,08,22107,NA,M,E,I,A,A,H,-,C,A,0,NA,NA,NA,NA,Y,NA,A,01,0,1,0,0,0,0,0,0,0,-,-,NA,NA,SAN BERNARDINO,REDLANDS,-117.18132019042967,34.04033279418945
94864152,2025,2025-09-29,9834,2025-09-21,2015,018921,NA,7,2,2,3606,0,1,1,NA,2,046,I-40 W/B,40 SBD R141.62,65,E,N,A,-,Y,SBD,NA,40,NA,R,141.692,H,NA,L,Y,4,0,1,1,A,-,01,23152,A,N,E,I,A,A,D,-,C,A,0,NA,NA,NA,NA,Y,Y,A,01,0,0,1,0,0,0,0,0,0,-,-,34.84806823730469,-114.61710357666016,SAN BERNARDINO,NEEDLES,-114.61705780029295,34.84811782836914
94864623,2025,2025-09-29,9860,2025-09-15,1413,016575,NA,1,2,4,3603,0,1,1,NA,2,214,I-215 S/B,IOWA AVE.,20,S,N,A,-,Y,SBD,NA,215,NA,NA,0.391,H,NA,L,Y,4,0,2,4,A,-,03,22350,NA,N,C,C,A,A,H,-,A,D,0,NA,NA,NA,NA,Y,NA,A,07,0,0,2,0,0,0,0,0,0,-,-,34.02399826049805,-117.33553314208984,SAN BERNARDINO,COLTON,-117.33555603027344,34.024017333984375
94864910,2025,2025-09-29,9865,2025-09-19,1631,021892,NA,5,2,9,3600,0,1,3,NA,1,010,RT 18,CLOUDLAND TRUCK TRAIL,1584,N,N,A,-,Y,SBD,NA,18,NA,R,15.652,H,NA,R,N,4,0,1,1,C,-,18,NA,NA,N,F,J,A,A,B,-,A,D,0,NA,NA,Y,NA,Y,NA,-,-,0,0,1,0,0,0,0,0,1,-,-,34.22610855102539,-117.30970001220705,SAN BERNARDINO,UNINCORPORATED,-117.3096923828125,34.226112365722656
9486536,2022,2022-09-06,3600,2022-05-07,0019,G5388,RC011,6,5,6,3616,0,0,0,NA,0,RC3,NORTH VICTORIA WINDROWS LOOP,HAZELNUT WY,9,W,N,A,-,N,NA,NA,NA,NA,NA,NA,NA,NA,NA,Y,2,0,1,2,A,-,01,23152,A,N,E,E,A,A,H,-,C,D,0,NA,NA,Y,NA,Y,Y,C,02,1,0,0,0,0,0,0,0,1,-,-,NA,NA,SAN BERNARDINO,RANCHO CUCAMONGA,-117.53318786621094,34.13351058959961
9486546,2022,2022-09-06,3600,2022-06-06,0616,F8556,RC038,1,5,6,3616,0,0,0,NA,0,004,CHURCH ST,AMETHYST ST,98,W,N,A,-,N,NA,NA,NA,NA,NA,NA,NA,NA,NA,N,4,0,1,2,A,-,03,22350,NA,N,C,E,A,A,H,-,A,D,0,NA,NA,NA,NA,Y,NA,A,07,0,0,1,0,0,0,0,0,0,-,-,NA,NA,SAN BERNARDINO,RANCHO CUCAMONGA,-117.59870147705078,34.11410903930664
94866634,2025,2025-09-30,9835,2025-09-18,1110,024679,NA,4,1,9,3600,0,1,1,NA,2,075,I-15 S/B,E. BAKER BLVD,32736,N,N,C,-,Y,SBD,NA,15,NA,NA,145.079,H,NA,L,Y,3,0,2,1,A,-,03,22350,NA,N,E,I,A,B,H,-,A,D,0,NA,NA,NA,NA,Y,NA,A,01,0,2,0,0,0,0,0,0,0,-,-,35.33926010131836,-115.95810699462892,SAN BERNARDINO,UNINCORPORATED,-115.9582290649414,35.339385986328125
94868742,2025,2025-10-01,9855,2025-09-26,405,022607,NA,5,3,6,3607,0,1,1,NA,2,103,I-10 E/B (SAN BERNARDINO FWY),VINEYARD AVENUE,250,E,N,A,-,Y,SBD,NA,10,NA,NA,6.157,H,NA,R,Y,4,0,1,2,A,-,03,22350,NA,F,C,C,A,A,H,-,D,D,0,NA,NA,NA,NA,Y,NA,A,01,0,0,1,0,0,0,0,0,0,-,-,34.07011032104492,-117.61026763916016,SAN BERNARDINO,ONTARIO,-117.61028289794922,34.07009506225586
94868836,2025,2025-10-01,9835,2025-07-12,1850,023021,NA,6,2,9,3600,0,3,5,NA,2,034,NATIONAL TRAILS HWY,ORIENTE DR,420,E,N,A,-,N,NA,NA,NA,NA,NA,NA,NA,NA,NA,Y,1,1,0,1,A,-,08,22107,NA,N,E,I,A,A,H,-,A,D,0,NA,NA,NA,NA,Y,NA,A,01,0,0,0,0,0,0,0,0,0,-,-,34.8177490234375,-116.63469696044922,SAN BERNARDINO,UNINCORPORATED,-116.63510131835938,34.81790542602539
94875873,2025,2025-10-07,9855,2025-09-27,1345,022194,NA,6,1,6,3607,0,1,1,NA,2,103,I-10 E/B (SAN BERNARDINO FWY),4TH ST.,700,W,N,A,-,Y,SBD,NA,10,NA,NA,5.021,H,NA,R,Y,4,0,1,3,A,-,03,22350,NA,N,C,C,A,A,H,-,A,D,0,NA,NA,NA,NA,Y,NA,A,07,0,0,1,0,0,0,0,0,0,-,-,34.0794792175293,-117.62674713134766,SAN BERNARDINO,ONTARIO,-117.62677001953124,34.07945251464844
94876882,2025,2025-10-07,9865,2025-10-06,845,024498,NA,1,1,9,3600,0,1,3,NA,1,010,SR-18 S/B,MORMON RD,3696,S,N,A,-,Y,SBD,NA,18,NA,R,16.47,H,NA,L,Y,3,0,1,1,C,-,18,NA,NA,N,E,J,A,A,H,-,A,D,0,NA,NA,NA,NA,Y,NA,-,-,0,1,0,0,0,0,0,0,0,-,-,34.22909927368164,-117.30120086669922,SAN BERNARDINO,UNINCORPORATED,-117.30117034912108,34.229103088378906
94877944,2025,2025-10-08,9865,2025-10-06,1125,024498,NA,1,1,9,3600,0,1,3,NA,2,011,SR-18 N/B,RIM OF THE WORLD DR,0,NA,Y,A,-,Y,SBD,NA,18,NA,NA,24.215,H,NA,R,Y,4,0,1,2,A,-,03,22350,NA,N,C,C,A,A,H,-,A,D,0,NA,NA,NA,NA,Y,NA,A,07,0,0,1,0,0,0,0,0,0,-,-,34.231849670410156,-117.20204162597656,SAN BERNARDINO,UNINCORPORATED,-117.20201110839844,34.23189926147461
9487942,2022,2022-10-07,3604,2022-08-25,0951,925,NA,4,5,6,3604,0,0,0,NA,0,NA,VALLEY BL,BEECH AV,0,NA,Y,-,-,N,NA,NA,NA,NA,NA,NA,NA,NA,NA,Y,4,0,2,4,A,-,09,21802,A,N,D,C,A,A,D,-,A,A,0,NA,NA,NA,NA,Y,NA,D,22,0,0,2,0,0,0,0,0,0,-,-,NA,NA,SAN BERNARDINO,FONTANA,-117.47126007080078,34.070228576660156
94881323,2025,2025-11-13,9855,2025-10-06,645,017213,NA,1,1,6,3607,0,1,3,NA,2,603,SR-60 E/B (POMONA FWY),MOUNTAIN AVENUE,500,W,N,A,-,Y,SBD,NA,60,NA,R,3.306,H,NA,R,Y,4,0,1,3,A,-,03,22350,NA,N,C,C,A,A,H,-,A,D,0,NA,NA,NA,NA,Y,NA,A,01,0,0,1,0,0,0,0,0,0,-,-,34.03025817871094,-117.6730728149414,SAN BERNARDINO,ONTARIO,-117.6730728149414,34.030269622802734
94881390,2025,2025-10-10,9835,2025-10-08,543,024686,NA,3,3,9,3600,0,1,1,NA,2,043,I-40 W/B,HIDDEN SPRINGS ROAD,5438,W,N,A,-,Y,SBD,NA,40,NA,R,11.173,H,NA,L,Y,4,0,1,1,A,-,08,22107,NA,N,F,I,A,A,H,-,D,D,0,NA,NA,NA,Y,Y,NA,G,25,0,0,1,0,0,0,0,0,0,-,-,34.843780517578125,-116.82132720947266,SAN BERNARDINO,UNINCORPORATED,-116.82135009765624,34.84367752075195
9488291,2022,2022-08-16,3610,2022-07-10,2122,51264,NA,7,5,6,3610,0,0,0,NA,0,COURTE,NORTH WATERMAN AV,E 19TH ST,0,NA,Y,A,-,N,NA,NA,NA,NA,NA,NA,NA,NA,NA,Y,2,0,2,2,A,-,09,21801,B,N,D,C,A,A,H,-,B,A,0,NA,NA,Y,NA,Y,NA,A,07,2,0,0,0,0,0,0,0,2,-,-,NA,NA,SAN BERNARDINO,SAN BERNARDINO,-117.27877044677734,34.13243865966797
94883565,2025,2025-10-13,9870,2025-10-11,618,020280,NA,6,1,9,3600,0,3,5,NA,2,003,COMMERCIAL STREET,EL REPOSO STREET,0,NA,Y,A,-,N,NA,NA,NA,NA,NA,NA,NA,NA,NA,Y,4,0,1,2,A,-,12,22450,A,N,D,C,A,A,H,-,A,A,0,NA,NA,NA,NA,Y,NA,A,01,0,0,1,0,0,0,0,0,0,-,-,34.13581085205078,-116.31297302246094,SAN BERNARDINO,UNINCORPORATED,-116.31295013427734,34.13579559326172
94883901,2025,2025-10-31,9860,2025-05-03,40,024246,NA,6,3,5,3608,0,1,1,NA,2,105,INTERSTATE 10 EASTBOUND,WABASH AVENUE,653,W,N,A,-,Y,SBD,NA,10,NA,NA,34.162,H,NA,R,Y,1,1,1,2,A,-,01,23152,A,N,C,C,A,A,H,-,D,D,0,NA,NA,NA,Y,Y,Y,A,01,0,1,0,0,0,0,0,0,0,-,-,34.033748626708984,-117.14090728759766,SAN BERNARDINO,REDLANDS,-117.1408920288086,34.03379821777344
94884063,2025,2025-10-13,9855,2025-10-05,1020,021926,NA,7,1,4,3605,0,1,1,NA,2,103,I-10 W/B (SAN BERNARDINO FWY),EUCLID AVE.,1900,E,N,A,-,Y,SBD,NA,10,NA,NA,3.875,H,NA,L,N,4,0,1,2,A,-,08,22107,NA,N,B,C,A,A,H,-,A,D,0,NA,NA,NA,NA,Y,NA,D,22,0,0,1,0,0,0,0,0,0,-,-,34.08747863769531,-117.64402770996094,SAN BERNARDINO,MONTCLAIR,-117.64402770996094,34.08747482299805
94885849,2025,2025-10-14,9860,2025-09-24,1730,020282,NA,3,2,4,3603,0,1,1,NA,2,214,I-215 N/B,WASHINGTON ST,3168,N,N,A,-,Y,SBD,NA,215,NA,NA,3.255,H,NA,R,N,3,0,1,3,A,-,07,21658,A,F,C,C,A,A,H,-,A,D,0,NA,NA,Y,NA,Y,NA,-,99,0,1,0,0,0,0,0,0,1,-,-,34.053131103515625,-117.30019378662108,SAN BERNARDINO,COLTON,-117.3001708984375,34.05311965942383
94890329,2025,2025-10-17,9860,2025-10-05,1320,023776,NA,7,1,9,3600,0,1,1,NA,2,152,I-15 S/B,SANTA FE RD,255,S,N,A,-,Y,SBD,NA,15,NA,R,23.993,H,NA,L,Y,4,0,1,2,A,-,08,22107,NA,N,B,2,A,A,H,-,A,D,0,NA,NA,NA,Y,Y,NA,D,22,0,0,1,0,0,0,0,0,0,-,-,34.346710205078125,-117.47770690917967,SAN BERNARDINO,UNINCORPORATED,-117.47770690917967,34.346710205078125
94890973,2025,2025-11-13,9850,2025-10-11,2500,023055,NA,6,4,9,3600,0,2,4,NA,2,066,PHELAN ROAD,ALTA MESA ROAD,125,E,N,A,-,N,NA,NA,NA,NA,NA,NA,NA,NA,NA,N,2,0,1,2,A,-,08,22107,NA,F,G,B,E,A,H,-,D,D,0,Y,NA,NA,NA,Y,Y,-,99,1,0,0,0,1,0,0,0,0,-,-,34.42649841308594,-117.44603729248048,SAN BERNARDINO,UNINCORPORATED,NA,NA
94891438,2025,2025-10-17,9860,2025-10-10,1535,023602,NA,5,2,9,3600,0,3,5,NA,2,004,SANTA ANA AVE,CACTUS AVE,41,W,N,A,-,N,NA,NA,NA,NA,NA,NA,NA,NA,NA,N,4,0,1,2,A,-,08,22107,NA,N,B,C,A,A,H,-,A,A,0,NA,NA,NA,Y,Y,NA,G,27,0,0,1,0,0,0,0,0,0,-,-,34.055931091308594,-117.38350677490234,SAN BERNARDINO,UNINCORPORATED,-117.38346862792967,34.05588150024414
9489338,2022,2022-08-31,3600,2022-08-09,1533,F8556,RC036,2,5,6,3616,0,0,0,NA,0,004,ARCHIBALD AV,8TH ST,0,NA,Y,A,-,N,NA,NA,NA,NA,NA,NA,NA,NA,NA,Y,4,0,1,2,A,-,09,21801,A,N,D,C,A,A,H,-,A,A,0,NA,NA,NA,NA,Y,NA,A,07,0,0,1,0,0,0,0,0,0,-,-,NA,NA,SAN BERNARDINO,RANCHO CUCAMONGA,-117.59349822998048,34.0916748046875
9489437,2022,2022-09-07,3600,2022-06-18,2009,G9801,VC051,6,5,5,3612,0,0,0,NA,0,VC06,VILLAGE DR,DEERFIELD ST,284,N,N,A,-,N,NA,NA,NA,NA,NA,NA,NA,NA,NA,Y,3,0,1,1,A,-,01,23152,A,N,F,A,A,A,H,-,B,D,0,NA,NA,NA,NA,Y,Y,D,22,0,1,0,0,0,0,0,0,0,-,-,34.55485153198242,-117.33881378173828,SAN BERNARDINO,VICTORVILLE,-117.3388442993164,34.55564880371094
9489526,2022,2022-08-31,3600,2022-04-19,2257,D6683,UP001,2,5,6,3616,0,0,0,NA,0,0UP,GROVE AV,9TH ST,0,NA,Y,A,-,N,NA,NA,NA,NA,NA,NA,NA,NA,NA,Y,3,0,1,2,A,-,12,21453,A,N,D,D,A,A,H,-,D,A,0,NA,NA,NA,NA,Y,NA,A,01,0,1,0,0,0,0,0,0,0,-,-,NA,NA,SAN BERNARDINO,RANCHO CUCAMONGA,-117.62857818603516,34.0959587097168
9489763,2022,2022-09-13,3610,2022-08-21,0115,51433,NA,7,5,6,3610,0,0,0,NA,0,CHARLI,E 3RD ST,S VICTORIA AV,0,NA,Y,A,-,N,NA,NA,NA,NA,NA,NA,NA,NA,NA,Y,3,0,1,2,A,-,12,21453,A,M,D,C,A,A,H,-,C,A,0,NA,NA,NA,NA,Y,NA,A,01,0,1,0,0,0,0,0,0,0,-,-,34.10845184326172,-117.22617340087892,SAN BERNARDINO,SAN BERNARDINO,-117.22618865966795,34.10675811767578
9489780,2022,2022-09-06,3610,2022-08-07,1719,51326,NA,7,5,6,3610,0,0,0,NA,0,BAKER,N E ST,W VIRGINIA ST,0,NA,Y,A,-,N,NA,NA,NA,NA,NA,NA,NA,NA,NA,Y,3,0,2,2,A,-,09,21801,A,N,D,C,A,A,H,-,A,D,0,NA,NA,NA,NA,Y,NA,A,01,0,2,0,0,0,0,0,0,0,-,-,NA,NA,SAN BERNARDINO,SAN BERNARDINO,-117.29418182373048,34.12495040893555
9489783,2022,2022-09-07,3610,2022-08-08,1406,54108,NA,1,5,6,3610,0,0,0,NA,0,BAKER,N E ST,W 29TH ST,0,NA,Y,A,-,N,NA,NA,NA,NA,NA,NA,NA,NA,NA,N,3,0,1,2,A,-,06,21760,NA,F,B,G,A,A,H,-,A,D,0,NA,Y,NA,NA,Y,NA,-,NA,0,1,0,0,0,0,1,0,0,-,-,34.151119232177734,-117.29443359375,SAN BERNARDINO,SAN BERNARDINO,-117.29411315917967,34.14399337768555
9489794,2022,2022-09-07,3610,2022-08-07,0852,50967,NA,7,5,6,3610,0,0,0,NA,0,DAVID,NORTH WATERMAN AV,E 3RD ST,0,NA,Y,A,-,N,NA,NA,NA,NA,NA,NA,NA,NA,NA,Y,4,0,1,2,A,-,09,21801,A,N,D,C,A,A,H,-,A,A,0,NA,NA,NA,NA,Y,NA,A,01,0,0,1,0,0,0,0,0,0,-,-,34.10422134399414,-117.2783203125,SAN BERNARDINO,SAN BERNARDINO,-117.2787628173828,34.104591369628906
94899966,2025,2025-10-24,9860,2025-10-23,935,016575,NA,4,1,6,3610,0,1,1,NA,2,216,I-215 N/B,UNIVERSITY PKY,2050,S,N,A,-,Y,SBD,NA,215,NA,NA,11.247,H,NA,R,Y,4,0,1,2,A,-,03,22350,NA,N,C,C,A,A,H,-,A,D,0,NA,NA,NA,NA,Y,NA,D,22,0,0,1,0,0,0,0,0,0,-,-,34.15985870361328,-117.32907104492188,SAN BERNARDINO,SAN BERNARDINO,-117.32913208007813,34.15982437133789
94903523,2025,2025-10-27,9870,2025-10-25,1520,021128,NA,6,2,9,3600,0,3,5,NA,2,001,PIONEERTOWN RD,SANDY WAY,528,N,N,A,-,N,NA,NA,NA,NA,NA,NA,NA,NA,NA,Y,4,0,1,1,C,-,18,NA,NA,N,E,I,A,A,B,-,A,D,0,NA,NA,NA,NA,Y,NA,-,-,0,0,1,0,0,0,0,0,0,-,-,34.141178131103516,-116.47596740722656,SAN BERNARDINO,UNINCORPORATED,-116.47364044189452,34.13856506347656
94904098,2025,2025-10-28,9870,2025-10-24,1036,020280,NA,5,1,9,3600,0,2,4,NA,2,042,AMBOY ROAD,STEEG ROAD,329,E,N,A,-,N,NA,NA,NA,NA,NA,NA,NA,NA,NA,Y,2,0,4,2,A,-,08,22107,NA,N,A,C,A,A,H,-,A,D,0,NA,NA,NA,NA,Y,NA,A,07,2,2,0,0,0,0,0,0,0,-,-,34.1655387878418,-115.91271209716795,SAN BERNARDINO,UNINCORPORATED,-115.91281127929688,34.165531158447266
94904520,2025,2025-10-28,9860,2025-10-27,639,016575,NA,1,1,4,3603,0,1,1,NA,2,214,I-215 S/B,IOWA AVE,2590,N,N,B,-,Y,SBD,NA,215,NA,NA,0.906,H,NA,L,N,4,0,1,2,A,-,03,22350,NA,N,C,C,A,A,H,-,B,D,0,NA,NA,NA,NA,Y,NA,A,01,0,0,1,0,0,0,0,0,0,-,-,34.02962112426758,-117.32984161376952,SAN BERNARDINO,COLTON,-117.3298797607422,34.0296516418457
94909141,2025,2025-10-30,9855,2025-10-01,957,017570,NA,3,1,6,3616,0,1,1,NA,2,203,SR-210 W/B (FOOTHILL FWY),HERMOSA AVENUE,700,W,N,A,-,Y,SBD,NA,210,NA,NA,6.262,H,NA,L,N,4,0,2,2,A,-,07,21658,A,N,C,C,A,A,H,-,A,D,0,NA,NA,NA,Y,Y,NA,G,25,0,0,2,0,0,0,0,0,0,-,-,34.13570022583008,-117.58722686767578,SAN BERNARDINO,RANCHO CUCAMONGA,-117.58721923828124,34.135623931884766
94909609,2025,2025-10-31,9860,2025-10-21,635,022319,NA,2,1,9,3600,0,3,5,NA,2,002,GLASGOW AVE.,17TH ST.,0,NA,Y,A,-,N,NA,NA,NA,NA,NA,NA,NA,NA,NA,N,4,0,1,2,A,-,09,21802,A,N,D,1,A,A,H,-,A,A,0,NA,NA,NA,NA,Y,NA,A,01,0,0,1,0,0,0,0,0,0,-,-,34.12982940673828,-117.25457000732422,SAN BERNARDINO,UNINCORPORATED,-117.25453186035156,34.129798889160156
94910870,2025,2025-10-31,9835,2025-10-29,200,023992,NA,3,3,9,3600,0,1,1,NA,2,075,I-15 N/B,BAKER BLVD,9874,N,N,A,-,Y,SBD,NA,15,NA,NA,140.483,H,NA,R,N,4,0,1,2,A,-,08,22107,NA,N,B,C,A,A,H,-,D,D,0,NA,NA,NA,NA,Y,NA,A,01,0,0,1,0,0,0,0,0,0,-,-,35.298561096191406,-116.02249145507813,SAN BERNARDINO,UNINCORPORATED,-116.02247619628906,35.298545837402344
94912724,2025,2025-11-05,9860,2025-10-27,1840,022950,NA,1,2,6,3610,0,1,1,NA,2,216,I-215 N/B,UNIVERSITY PKY,1795,S,N,A,-,Y,SBD,NA,215,NA,NA,11.313,H,NA,R,Y,4,0,1,2,A,-,03,22350,NA,N,C,C,A,A,H,-,B,D,0,NA,NA,NA,NA,Y,NA,A,01,0,0,1,0,0,0,0,0,0,-,-,34.160640716552734,-117.32974243164063,SAN BERNARDINO,SAN BERNARDINO,-117.3297882080078,34.16061019897461
94913174,2025,2025-11-05,9855,2025-10-19,639,023655,NA,7,1,5,3611,0,1,1,NA,2,103,I-10 W/B (SAN BERNARDINO FWY),EUCLID AVE.,1109,W,N,A,-,Y,SBD,NA,10,NA,NA,3.237,H,NA,L,Y,3,0,2,3,A,-,07,21658,A,N,B,C,A,A,H,-,B,D,0,NA,NA,NA,NA,Y,NA,A,01,0,1,1,0,0,0,0,0,0,-,-,34.08742904663086,-117.65514373779295,SAN BERNARDINO,UPLAND,-117.65513610839844,34.08742141723633