CASE_ID,ACCIDENT_YEAR,PROC_DATE,JURIS,COLLISION_DATE,COLLISION_TIME,OFFICER_ID,REPORTING_DISTRICT,DAY_OF_WEEK,CHP_SHIFT,POPULATION,CNTY_CITY_LOC,SPECIAL_COND,BEAT_TYPE,CHP_BEAT_TYPE,CITY_DIVISION_LAPD,CHP_BEAT_CLASS,BEAT_NUMBER,PRIMARY_RD,SECONDARY_RD,DISTANCE,DIRECTION,INTERSECTION,WEATHER_1,WEATHER_2,STATE_HWY_IND,CALTRANS_COUNTY,CALTRANS_DISTRICT,STATE_ROUTE,ROUTE_SUFFIX,POSTMILE_PREFIX,POSTMILE,LOCATION_TYPE,RAMP_INTERSECTION,SIDE_OF_HWY,TOW_AWAY,COLLISION_SEVERITY,NUMBER_KILLED,NUMBER_INJURED,PARTY_COUNT,PRIMARY_COLL_FACTOR,PCF_CODE_OF_VIOL,PCF_VIOL_CATEGORY,PCF_VIOLATION,PCF_VIOL_SUBSECTION,HIT_AND_RUN,TYPE_OF_COLLISION,MVIW,PED_ACTION,ROAD_SURFACE,ROAD_COND_1,ROAD_COND_2,LIGHTING,CONTROL_DEVICE,CHP_ROAD_TYPE,PEDESTRIAN_ACCIDENT,BICYCLE_ACCIDENT,MOTORCYCLE_ACCIDENT,TRUCK_ACCIDENT,NOT_PRIVATE_PROPERTY,ALCOHOL_INVOLVED,STWD_VEHTYPE_AT_FAULT,CHP_VEHTYPE_AT_FAULT,COUNT_SEVERE_INJ,COUNT_VISIBLE_INJ,COUNT_COMPLAINT_PAIN,COUNT_PED_KILLED,COUNT_PED_INJURED,COUNT_BICYCLIST_KILLED,COUNT_BICYCLIST_INJURED,COUNT_MC_KILLED,COUNT_MC_INJURED,PRIMARY_RAMP,SECONDARY_RAMP,LATITUDE,LONGITUDE,COUNTY,CITY,POINT_X,POINT_Y
9660256,2024,2024-03-13,3600,2024-01-07,1025,H7558,BB203,7,5,2,3680,0,0,0,NA,0,BB1,NORTH SHORE DR,DUMAS CT,0,NA,Y,A,-,N,NA,NA,NA,NA,NA,NA,NA,NA,NA,Y,3,0,1,2,A,-,08,22107,NA,N,C,C,A,C,H,-,A,D,0,NA,NA,NA,NA,Y,NA,A,07,0,1,0,0,0,0,0,0,0,-,-,NA,NA,SAN BERNARDINO,BIG BEAR LAKE,-116.8415985107422,34.272064208984375
9660563,2024,2024-04-24,3600,2024-02-03,1322,J2651,VC024,6,5,5,3612,0,0,0,NA,0,VC03,OTTAWA ST,BUTTE AV,8,E,N,A,-,N,NA,NA,NA,NA,NA,NA,NA,NA,NA,N,4,0,1,2,A,-,09,21801,A,N,D,C,A,A,H,-,A,A,0,NA,NA,NA,NA,Y,NA,A,01,0,0,1,0,0,0,0,0,0,-,-,34.492000579833984,-117.29399871826172,SAN BERNARDINO,VICTORVILLE,-117.29452514648438,34.492740631103516
9660568,2024,2024-04-24,3600,2024-02-01,1031,F4772,VC053,4,5,5,3612,0,0,0,NA,0,VC5,CIVIC DR,SAGE ST,0,NA,Y,C,-,N,NA,NA,NA,NA,NA,NA,NA,NA,NA,N,4,0,1,2,A,-,09,21802,A,N,C,C,A,B,H,-,A,A,0,NA,NA,NA,NA,Y,NA,A,01,0,0,1,0,0,0,0,0,0,-,-,34.512149810791016,-117.322998046875,SAN BERNARDINO,VICTORVILLE,-117.32364654541016,34.51210021972656
9661116,2024,2024-03-29,3600,2024-01-04,1255,F3800,YC404,4,5,4,3640,0,0,0,NA,0,YC3,AVENUE E,12TH ST,449,W,N,A,-,N,NA,NA,NA,NA,NA,NA,NA,NA,NA,N,4,0,1,2,A,-,09,21804,A,N,D,C,A,A,H,-,A,D,0,NA,NA,NA,NA,Y,NA,A,01,0,0,1,0,0,0,0,0,0,-,-,NA,NA,SAN BERNARDINO,YUCAIPA,-117.08820343017578,34.02661895751953
9661548,2023,2024-02-02,3600,2023-12-18,1703,H9013,HE306,1,5,5,3619,0,0,0,NA,0,HE3,MAIN ST,TAMARISK AV,0,NA,Y,A,-,N,NA,NA,NA,NA,NA,NA,NA,NA,NA,N,4,0,3,2,A,-,09,21801,A,N,A,C,A,A,H,-,D,A,0,NA,NA,NA,NA,Y,NA,A,01,0,0,3,0,0,0,0,0,0,-,-,NA,NA,SAN BERNARDINO,HESPERIA,-117.35096740722656,34.42676544189453
9664539,2024,2024-03-23,3604,2024-01-26,1749,802,NA,5,5,6,3604,0,0,0,NA,0,NA,LOCUST AV,ARROW BL,62,S,N,A,-,N,NA,NA,NA,NA,NA,NA,NA,NA,NA,Y,3,0,2,3,A,-,03,22350,NA,N,D,C,A,A,H,-,C,A,0,NA,NA,Y,NA,Y,NA,C,02,0,2,0,0,0,0,0,0,2,-,-,34.09954071044922,-117.40962982177734,SAN BERNARDINO,FONTANA,-117.40963745117188,34.09931182861328
9665232,2024,2024-05-02,3600,2024-02-09,1604,F4772,VC054,5,5,5,3612,0,0,0,NA,0,VC5,CIVIC DR,IVERNESS CIRCLE,0,NA,Y,A,-,N,NA,NA,NA,NA,NA,NA,NA,NA,NA,Y,4,0,1,2,A,-,09,21804,A,N,D,C,A,A,H,-,A,A,0,NA,NA,NA,NA,Y,NA,D,22,0,0,1,0,0,0,0,0,0,-,-,34.517601013183594,-117.3227767944336,SAN BERNARDINO,VICTORVILLE,-117.32371520996094,34.51689910888672
9665621,2024,2024-04-15,3608,2024-02-12,2315,5282,NA,1,5,5,3608,0,0,0,NA,0,NA,BROOKSIDE AV,BUENA VISTA ST,148,W,N,A,-,N,NA,NA,NA,NA,NA,NA,NA,NA,NA,Y,4,0,1,1,A,-,08,22107,NA,N,E,J,A,A,H,-,C,A,0,NA,NA,NA,NA,Y,Y,A,07,0,0,1,0,0,0,0,0,0,-,-,NA,NA,SAN BERNARDINO,REDLANDS,-117.18910980224608,34.05350875854492
9665774,2024,2024-10-07,3600,2024-03-03,1630,J1624,VC020,7,5,5,3612,0,0,0,NA,0,VC4,NISQUALLI RD,RT 15,0,NA,Y,A,-,Y,SBD,8,15,-,-,38.569,R,4,N,Y,4,0,1,2,A,-,12,21453,NA,N,D,C,A,A,H,-,A,A,0,NA,NA,NA,NA,Y,NA,-,-,0,0,1,0,0,0,0,0,0,-,NF,34.48419952392578,-117.33216094970705,SAN BERNARDINO,VICTORVILLE,-117.33708953857422,34.48239517211914
9665809,2024,2024-04-16,3600,2024-02-27,1654,H7754,YC301,2,5,4,3640,0,0,0,NA,0,YC3,YUCAIPA BL,4TH ST,106,E,N,A,-,N,NA,NA,NA,NA,NA,NA,NA,NA,NA,Y,3,0,1,2,A,-,09,21804,A,N,D,C,A,A,H,-,A,A,0,NA,NA,NA,NA,Y,NA,A,01,0,1,0,0,0,0,0,0,0,-,-,NA,NA,SAN BERNARDINO,YUCAIPA,-117.05154418945313,34.033870697021484
9665822,2024,2024-04-15,3604,2024-02-21,1153,1395,NA,3,5,6,3604,0,0,0,NA,0,NA,SIERRA AV,RAMONA AV,0,NA,Y,A,-,N,NA,NA,NA,NA,NA,NA,NA,NA,NA,Y,3,0,4,2,A,-,09,21802,A,N,D,C,A,A,H,-,A,A,0,NA,NA,NA,NA,Y,NA,A,07,0,1,3,0,0,0,0,0,0,-,-,34.11573028564453,-117.43595886230467,SAN BERNARDINO,FONTANA,-117.43585205078124,34.115760803222656
9666339,2024,2024-05-23,3603,2024-03-01,1256,4974,CPD,5,5,4,3603,0,0,0,NA,0,004,E WASHINGTON ST,S WATERMAN AV E,0,NA,Y,A,-,N,NA,NA,NA,NA,NA,NA,NA,NA,NA,Y,4,0,3,2,A,-,12,21453,A,M,D,C,A,A,H,-,A,A,0,NA,NA,NA,NA,Y,NA,A,01,0,0,3,0,0,0,0,0,0,-,-,34.05189895629883,-117.27870941162108,SAN BERNARDINO,COLTON,-117.27874755859376,34.05170822143555
9666394,2024,2024-06-25,3603,2024-02-17,1809,5213,CPD,6,5,4,3603,0,0,0,NA,0,004,WASHINGTON ST,COOLEY DR,0,NA,Y,B,-,N,NA,NA,NA,NA,NA,NA,NA,NA,NA,N,3,0,2,2,A,-,12,21453,A,N,D,C,A,A,H,-,C,A,0,NA,NA,NA,NA,Y,NA,-,-,0,2,0,0,0,0,0,0,0,-,-,NA,NA,SAN BERNARDINO,COLTON,-117.2929916381836,34.048648834228516
9667258,2023,2024-02-17,3600,2023-12-16,1015,J5307,RC067,6,5,6,3616,0,0,0,NA,0,RC5,CHURCH ST,SPRUCE AV,0,NA,Y,A,-,N,NA,NA,NA,NA,NA,NA,NA,NA,NA,Y,4,0,1,2,A,-,12,21453,A,N,D,C,A,A,H,-,A,A,0,NA,NA,NA,NA,Y,NA,A,07,0,0,1,0,0,0,0,0,0,-,-,NA,NA,SAN BERNARDINO,RANCHO CUCAMONGA,-117.56665802001952,34.10927963256836
9667259,2023,2024-02-17,3603,2023-12-30,932,4915,CPD,6,5,4,3603,0,0,0,NA,0,004,WASHINGTON ST,BLUFF RD,0,NA,Y,C,-,N,NA,NA,NA,NA,NA,NA,NA,NA,NA,N,3,0,1,4,A,-,03,22350,NA,M,C,C,A,B,H,-,A,A,0,NA,NA,NA,NA,Y,NA,A,01,0,1,0,0,0,0,0,0,0,-,-,34.047950744628906,-117.30509185791016,SAN BERNARDINO,COLTON,-117.30517578125,34.047916412353516
9668871,2024,2024-04-11,3604,2024-02-13,813,1395,NA,2,5,6,3604,0,0,0,NA,0,NA,SLOVER AV,CYPRESS AV,0,NA,Y,A,-,N,NA,NA,NA,NA,NA,NA,NA,NA,NA,N,4,0,1,2,A,-,10,21950,A,M,G,B,B,A,H,-,A,A,0,Y,NA,NA,NA,Y,NA,A,01,0,0,1,0,1,0,0,0,0,-,-,34.06304168701172,-117.4443130493164,SAN BERNARDINO,FONTANA,-117.44437408447266,34.06303787231445
9669336,2024,2024-07-02,3610,2024-03-13,1241,51337,NA,3,5,6,3610,0,0,0,NA,0,NA,E ST,HIGHLAND AV,0,NA,Y,A,-,N,NA,NA,NA,NA,NA,NA,NA,NA,NA,N,2,0,1,2,A,-,11,21950,B,N,G,B,B,A,H,-,A,A,0,Y,NA,NA,NA,Y,NA,N,60,1,0,0,0,1,0,0,0,0,-,-,34.135990142822266,-117.29415130615234,SAN BERNARDINO,SAN BERNARDINO,-117.29415130615234,34.13600158691406
9669432,2024,2024-04-12,3610,2024-02-28,1337,51404,NA,3,5,6,3610,0,0,0,NA,0,NA,N MOUNTAIN VIEW AV,WEST HIGHLAND AV,0,NA,Y,A,-,N,NA,NA,NA,NA,NA,NA,NA,NA,NA,Y,3,0,4,3,A,-,01,23152,A,N,A,C,A,A,H,-,A,A,0,NA,NA,NA,NA,Y,Y,A,01,0,1,3,0,0,0,0,0,0,-,-,34.135860443115234,-117.28733825683594,SAN BERNARDINO,SAN BERNARDINO,-117.287353515625,34.135955810546875
9669606,2024,2024-03-19,3600,2024-01-21,1944,H8341,YV017,7,5,3,3631,0,0,0,NA,0,0YV,ONAGA TRL,ONAGA TRL 57461,0,NA,-,A,-,N,NA,NA,NA,NA,NA,NA,NA,NA,NA,N,2,0,1,2,A,-,00,21954,NA,N,D,B,D,A,-,-,D,D,0,Y,Y,NA,NA,Y,NA,N,60,1,0,0,0,0,0,1,0,0,-,-,34.11225128173828,-116.41002655029295,SAN BERNARDINO,YUCCA VALLEY,-116.4610595703125,34.11159133911133
9670113,2024,2024-04-24,3610,2024-02-15,645,51436,NA,4,5,6,3610,0,0,0,NA,0,NA,N D ST,W 4TH ST,0,NA,Y,A,-,N,NA,NA,NA,NA,NA,NA,NA,NA,NA,Y,4,0,1,2,A,-,09,21800,D,N,D,C,A,A,H,-,A,B,0,NA,NA,NA,NA,Y,NA,A,01,0,0,1,0,0,0,0,0,0,-,-,NA,NA,SAN BERNARDINO,SAN BERNARDINO,-117.29190063476563,34.10642623901367
9670269,2024,2024-03-28,3600,2024-03-07,1459,NA,LOMAL,4,5,3,3615,0,0,0,NA,0,0LL,PECAN WY,BIRCH AV,132,S,N,A,-,N,NA,NA,NA,NA,NA,NA,NA,NA,NA,N,4,0,1,2,C,-,18,NA,NA,N,C,E,A,A,H,-,A,D,0,NA,NA,NA,NA,Y,NA,-,-,0,0,1,0,0,0,0,0,0,-,-,NA,NA,SAN BERNARDINO,LOMA LINDA,-117.25407409667967,34.043800354003906
9670438,2024,2024-07-01,3610,2024-03-10,30,51344,NA,7,5,6,3610,0,0,0,NA,0,NA,N MT VERNON,W 2ND ST,0,NA,Y,A,-,N,NA,NA,NA,NA,NA,NA,NA,NA,NA,Y,4,0,1,1,A,-,03,22350,NA,N,E,I,A,A,H,-,C,A,0,NA,NA,NA,NA,Y,Y,A,01,0,0,1,0,0,0,0,0,0,-,-,34.10280990600586,-117.29863739013672,SAN BERNARDINO,SAN BERNARDINO,-117.31387329101563,34.102684020996094
9671237,2024,2024-03-25,3610,2024-01-22,2332,51468,NA,1,5,6,3610,0,0,0,NA,0,NA,NORTH ARROWHEAD AV,W 25TH ST,70,S,N,C,-,N,NA,NA,NA,NA,NA,NA,NA,NA,NA,N,4,0,1,2,A,-,03,22350,NA,N,C,C,A,B,H,-,D,D,0,NA,NA,NA,NA,Y,NA,A,01,0,0,1,0,0,0,0,0,0,-,-,34.13853073120117,-117.29002380371094,SAN BERNARDINO,SAN BERNARDINO,-117.28962707519533,34.13861846923828
9673687,2024,2024-04-26,3610,2024-02-09,555,51426,NA,5,5,6,3610,0,0,0,NA,0,NA,N F ST,W RIALTO AVE,0,NA,Y,B,C,N,NA,NA,NA,NA,NA,NA,NA,NA,NA,Y,3,0,1,2,A,-,11,21453,D,N,A,B,D,B,H,-,C,A,0,Y,NA,NA,NA,Y,NA,N,60,0,1,0,0,1,0,0,0,0,-,-,NA,NA,SAN BERNARDINO,SAN BERNARDINO,-117.29640197753906,34.10087585449219
9673939,2024,2024-04-25,3605,2024-02-06,903,502,NA,2,5,4,3605,0,0,0,NA,0,NA,SAN BERNARDINO ST,BENSON AV,0,NA,Y,C,-,N,NA,NA,NA,NA,NA,NA,NA,NA,NA,Y,4,0,2,2,A,-,12,22450,A,N,D,C,A,B,H,-,A,D,0,NA,NA,NA,NA,Y,NA,A,01,0,0,2,0,0,0,0,0,0,-,-,34.07767105102539,-117.67202758789063,SAN BERNARDINO,MONTCLAIR,-117.68080902099608,34.0777702331543
9673944,2024,2024-04-24,3605,2024-02-09,1516,437,NA,5,5,4,3605,0,0,0,NA,0,NA,BENSON AV,BENITO ST,0,NA,Y,A,-,N,NA,NA,NA,NA,NA,NA,NA,NA,NA,Y,4,0,3,2,A,-,12,22450,A,N,D,C,A,A,H,-,A,A,0,NA,NA,NA,NA,Y,NA,A,01,0,0,3,0,0,0,0,0,0,-,-,34.074058532714844,-117.68096160888672,SAN BERNARDINO,MONTCLAIR,-117.68080902099608,34.07414245605469
9673981,2024,2024-05-22,3600,2024-03-06,1613,H8994,HE108,3,5,5,3619,0,0,0,NA,0,HE1,7TH AV,EUCALYPTUS ST,341,S,N,C,-,N,NA,NA,NA,NA,NA,NA,NA,NA,NA,Y,3,0,1,1,A,-,05,21650,NA,N,E,I,A,B,H,-,A,D,0,NA,NA,NA,NA,Y,NA,A,07,0,1,0,0,0,0,0,0,0,-,-,NA,NA,SAN BERNARDINO,HESPERIA,-117.31222534179688,34.455265045166016
9676159,2024,2024-03-14,3610,2024-01-20,934,51478,NA,6,5,6,3610,0,0,0,NA,0,NA,E BASE LINE ST,MYRTLE DR,187,E,N,B,-,N,NA,NA,NA,NA,NA,NA,NA,NA,NA,Y,4,0,2,3,A,-,05,21650,NA,F,A,C,A,A,H,-,A,D,0,NA,NA,NA,NA,Y,NA,A,07,0,0,2,0,0,0,0,0,0,-,-,NA,NA,SAN BERNARDINO,SAN BERNARDINO,-117.26886749267578,34.12133026123047
9676910,2024,2024-06-05,3610,2024-04-15,1707,51366,NA,1,5,6,3610,0,0,0,NA,0,NA,E 9TH ST,N VALENCAI AV,495,E,N,A,-,N,NA,NA,NA,NA,NA,NA,NA,NA,NA,Y,4,0,2,2,A,-,09,21804,A,N,D,C,A,A,H,-,A,A,0,NA,NA,NA,NA,Y,NA,A,01,0,0,2,0,0,0,0,0,0,-,-,34.115779876708984,-117.27159881591795,SAN BERNARDINO,SAN BERNARDINO,-117.27011871337892,34.115760803222656
9677618,2024,2024-08-30,3600,2024-04-03,2014,C4461,CH065,3,5,5,3630,0,0,0,NA,0,CH4,BUTTERFIELD RANCH ROAD,SOQUEL CANYON PKWY,0,NA,N,A,-,N,NA,NA,NA,NA,NA,NA,NA,NA,NA,Y,4,0,1,2,A,-,12,21453,A,F,A,C,A,A,H,-,C,A,0,NA,NA,Y,NA,Y,NA,-,NA,0,0,1,0,0,0,0,0,1,-,-,33.96213150024414,-117.6938018798828,SAN BERNARDINO,CHINO HILLS,-117.69400787353516,33.962337493896484
9677872,2024,2024-06-26,3600,2024-05-13,805,H5258,HER30,1,5,5,3619,0,0,0,NA,0,HE5,COTTONWOOD AV,MUSCATEL ST,212,N,N,A,-,N,NA,NA,NA,NA,NA,NA,NA,NA,NA,Y,3,0,1,2,A,-,03,22350,NA,N,C,C,A,A,H,-,A,D,0,NA,NA,NA,NA,Y,NA,A,01,0,1,0,0,0,0,0,0,0,-,-,NA,NA,SAN BERNARDINO,HESPERIA,-117.33826446533205,34.412879943847656
9677940,2024,2024-05-31,3600,2024-04-27,1902,D6899,HE202,6,5,5,3619,0,0,0,NA,0,HE2,PEACH AV,SYCAMORE ST,0,NA,Y,A,-,N,NA,NA,NA,NA,NA,NA,NA,NA,NA,N,2,0,1,2,A,-,11,21954,A,N,G,B,D,A,H,-,A,A,0,Y,NA,NA,NA,Y,NA,N,60,1,0,0,0,1,0,0,0,0,-,-,NA,NA,SAN BERNARDINO,HESPERIA,-117.27098083496094,34.4633674621582
9677962,2024,2024-07-10,3610,2024-04-28,1409,51473,NA,7,5,6,3610,0,0,0,NA,0,NA,E HIGHLAND AVE,N EUCALYPTUS DRIVE,461,E,N,A,-,N,NA,NA,NA,NA,NA,NA,NA,NA,NA,Y,4,0,3,1,A,-,08,22107,NA,N,E,I,A,A,H,-,A,A,0,NA,NA,NA,NA,Y,NA,A,07,0,0,3,0,0,0,0,0,0,-,-,34.13584899902344,-117.23053741455078,SAN BERNARDINO,SAN BERNARDINO,-117.23052215576172,34.13582992553711
9678373,2024,2024-04-10,3600,2024-02-04,1336,J1624,VC042,7,5,5,3612,0,0,0,NA,0,VC1,D ST,11TH ST,238,W,N,B,-,N,NA,NA,NA,NA,NA,NA,NA,NA,NA,Y,4,0,1,2,A,-,03,22350,NA,N,A,C,A,A,H,-,A,A,0,NA,NA,NA,NA,Y,NA,A,07,0,0,1,0,0,0,0,0,0,-,-,34.53731918334961,-117.2935028076172,SAN BERNARDINO,VICTORVILLE,-117.29373931884766,34.537017822265625
9681792,2024,2025-01-28,3600,2024-01-25,749,I7045,RC072,4,5,6,3616,0,0,0,NA,0,RC6,ETIWANDA AV,CHURCH ST,143,N,N,C,-,N,NA,NA,NA,NA,NA,NA,NA,NA,NA,N,4,0,1,2,A,-,08,22107,NA,F,B,C,A,B,H,-,A,A,0,NA,NA,NA,NA,Y,NA,A,01,0,0,1,0,0,0,0,0,0,-,-,NA,NA,SAN BERNARDINO,RANCHO CUCAMONGA,-117.52358245849608,34.11382293701172
9682620,2023,2024-06-05,3601,2023-12-09,1922,P-44,BARST,6,5,3,3601,0,0,0,NA,0,002,SOAPMINE RD,RT 15,714,S,N,A,-,N,NA,NA,NA,NA,NA,NA,NA,NA,NA,Y,2,0,4,2,A,-,09,21804,A,N,D,C,A,A,H,-,C,D,0,NA,NA,NA,NA,Y,NA,A,01,1,0,3,0,0,0,0,0,0,-,-,34.90058898925781,-116.98468017578124,SAN BERNARDINO,BARSTOW,-116.9849090576172,34.900821685791016
9682920,2024,2024-07-23,3600,2024-05-15,1612,J3215,VC057,3,5,5,3612,0,0,0,NA,0,VC7,PALMDALE RD,EL EVADO RD,0,NA,Y,A,-,N,NA,NA,NA,NA,NA,NA,NA,NA,NA,Y,4,0,2,2,B,-,22,NA,NA,N,D,C,A,A,H,-,A,A,0,NA,NA,NA,NA,Y,NA,J,48,0,0,2,0,0,0,0,0,0,-,-,34.506690979003906,-117.34674835205078,SAN BERNARDINO,VICTORVILLE,-117.34674835205078,34.50672149658203
9683318,2024,2024-06-19,3610,2024-03-15,940,51478,NA,5,5,6,3610,0,0,0,NA,0,NA,E 13TH ST,N LUGO AV,183,E,N,A,-,N,NA,NA,NA,NA,NA,NA,NA,NA,NA,N,3,0,1,2,A,-,05,21202,A,N,G,B,A,A,H,-,A,D,0,NA,Y,NA,NA,Y,NA,L,04,0,1,0,0,0,0,1,0,0,-,-,NA,NA,SAN BERNARDINO,SAN BERNARDINO,-117.28328704833984,34.12335968017578
9683800,2023,2024-04-11,3600,2023-03-16,5,H7582,RC029,4,5,6,3616,0,0,0,NA,0,RC5,HAVEN AV,BASE LINE RD,0,NA,Y,A,-,N,NA,NA,NA,NA,NA,NA,NA,NA,NA,Y,3,0,2,2,A,-,01,23152,A,N,D,C,A,A,H,-,C,A,0,NA,NA,NA,NA,Y,Y,D,22,0,1,1,0,0,0,0,0,0,-,-,NA,NA,SAN BERNARDINO,RANCHO CUCAMONGA,-117.57601165771484,34.12152099609375
9685252,2024,2024-06-26,3610,2024-04-07,1555,51382,NA,7,5,6,3610,0,0,0,NA,0,NA,MOUNTAIN VIEW AV,21ST ST,0,NA,Y,A,-,N,NA,NA,NA,NA,NA,NA,NA,NA,NA,N,4,0,2,3,A,-,09,21800,A,N,D,C,A,A,H,-,A,D,0,NA,NA,NA,NA,Y,NA,A,01,0,0,2,0,0,0,0,0,0,-,-,34.13399887084961,-117.28700256347656,SAN BERNARDINO,SAN BERNARDINO,-117.28740692138672,34.134056091308594
9686420,2024,2024-08-29,3610,2024-06-02,1106,51465,NA,7,5,6,3610,0,0,0,NA,0,NA,N DEL ROSA DR,W 9TH ST,0,NA,Y,B,-,N,NA,NA,NA,NA,NA,NA,NA,NA,NA,Y,4,0,2,2,A,-,12,21453,A,N,D,C,A,-,H,-,A,A,0,NA,NA,NA,NA,Y,NA,-,-,0,0,2,0,0,0,0,0,0,-,-,34.11574935913086,-117.25247955322266,SAN BERNARDINO,SAN BERNARDINO,-117.25247955322266,34.11574172973633
9686575,2024,2024-07-17,3610,2024-05-16,1555,51521,NA,4,5,6,3610,0,0,0,NA,0,NA,EAST HIGHLAND AV,N DEL ROSA ST,0,NA,Y,A,-,N,NA,NA,NA,NA,NA,NA,NA,NA,NA,Y,4,0,1,1,A,-,16,24002,A,N,E,I,A,A,H,-,A,D,0,NA,NA,NA,NA,Y,NA,A,01,0,0,1,0,0,0,0,0,0,-,-,34.13713836669922,-117.25170135498048,SAN BERNARDINO,SAN BERNARDINO,-117.25240325927734,34.13585662841797
9686581,2024,2024-07-03,3610,2024-05-12,2000,51475,NA,7,5,6,3610,0,0,0,NA,0,NA,E PACIFIC ST,N ARDEN AV,0,NA,Y,A,-,N,NA,NA,NA,NA,NA,NA,NA,NA,NA,N,4,0,1,2,A,-,12,21453,A,F,G,B,B,A,H,-,C,A,0,Y,NA,NA,NA,Y,NA,-,NA,0,0,1,0,1,0,0,0,0,-,-,34.1286506652832,-117.23504638671876,SAN BERNARDINO,SAN BERNARDINO,-117.23487854003906,34.12855911254883
9688702,2024,2024-04-23,3600,2024-02-12,1639,C8620,RC035,1,5,6,3616,0,0,0,NA,0,RC5,ARCHIBALD AV,4TH ST,0,NA,Y,A,-,N,NA,NA,NA,NA,NA,NA,NA,NA,NA,N,4,0,1,2,A,-,03,22350,NA,N,C,C,A,A,H,-,A,A,0,NA,NA,NA,NA,Y,NA,D,22,0,0,1,0,0,0,0,0,0,-,-,NA,NA,SAN BERNARDINO,RANCHO CUCAMONGA,-117.59339904785156,34.077491760253906
9688747,2024,2024-05-16,3600,2024-03-25,1501,J1624,VC042,1,5,5,3612,0,0,0,NA,0,VC1,D ST,HESPERIA RD,201,S,N,A,-,N,NA,NA,NA,NA,NA,NA,NA,NA,NA,Y,4,0,1,2,A,-,03,22350,NA,N,C,C,A,A,H,-,A,A,0,NA,NA,NA,NA,Y,NA,D,22,0,0,1,0,0,0,0,0,0,-,-,34.53480911254883,-117.29068756103516,SAN BERNARDINO,VICTORVILLE,-117.29074096679688,34.53474426269531
9689562,2024,2024-05-30,3600,2024-04-04,2254,I8688,VC060,4,5,5,3612,0,0,0,NA,0,VC6,MONTE VISTA RD,NYACK RD,179,S,N,A,-,N,NA,NA,NA,NA,NA,NA,NA,NA,NA,Y,4,0,1,1,C,-,18,NA,NA,N,F,A,A,A,H,-,D,A,0,NA,NA,NA,NA,Y,NA,-,-,0,0,1,0,0,0,0,0,0,-,-,34.481170654296875,-117.43466949462892,SAN BERNARDINO,VICTORVILLE,-117.43477630615234,34.480648040771484
9689659,2024,2024-06-18,3600,2024-04-09,1219,J5493,AP004,2,5,5,3621,0,0,0,NA,0,AP1,TOMAHAWK RD,PAMLICO RD,0,NA,Y,A,-,N,NA,NA,NA,NA,NA,NA,NA,NA,NA,Y,4,0,1,2,A,-,09,21802,A,N,D,C,A,A,H,-,A,A,0,NA,NA,NA,NA,Y,NA,A,01,0,0,1,0,0,0,0,0,0,-,-,NA,NA,SAN BERNARDINO,APPLE VALLEY,-117.23868560791016,34.52213668823242
9689791,2024,2024-05-28,3610,2024-03-24,1258,51410,NA,7,5,6,3610,0,0,0,NA,0,NA,N G ST,W EVANS ST,0,NA,Y,A,-,N,NA,NA,NA,NA,NA,NA,NA,NA,NA,Y,4,0,2,2,A,-,03,22350,NA,N,D,C,A,A,H,-,A,D,0,NA,NA,NA,NA,Y,NA,A,01,0,0,2,0,0,0,0,0,0,-,-,34.1279182434082,-117.29828643798828,SAN BERNARDINO,SAN BERNARDINO,-117.29865264892578,34.12760543823242
9690438,2024,2024-05-13,3604,2024-03-18,2055,1339,NA,1,5,6,3604,0,0,0,NA,0,NA,SIERRA AV,SLOVER AV,60,N,N,A,-,N,NA,NA,NA,NA,NA,NA,NA,NA,NA,N,4,0,1,2,A,-,03,22350,NA,N,C,C,A,A,H,-,C,A,0,NA,NA,NA,NA,Y,NA,A,01,0,0,1,0,0,0,0,0,0,-,-,34.0630989074707,-117.43560791015624,SAN BERNARDINO,FONTANA,-117.43572998046876,34.063262939453125
9690886,2024,2024-04-06,3605,2024-03-06,1850,481,3605,3,5,4,3605,0,0,0,NA,0,NA,KINGSLEY ST,KIMBERLY AV,0,NA,Y,B,C,N,NA,NA,NA,NA,NA,NA,NA,NA,NA,N,3,0,1,2,A,-,10,21950,A,N,G,B,B,B,H,-,C,A,0,Y,NA,NA,NA,Y,NA,A,07,0,1,0,0,1,0,0,0,0,-,-,34.066810607910156,-117.7087173461914,SAN BERNARDINO,MONTCLAIR,-117.70864105224608,34.06679153442383
9691223,2024,2024-05-10,3600,2024-03-24,555,I3985,HE203,7,5,5,3619,0,0,0,NA,0,HE2,BEAR VALLEY RD,SPRING VALLEY PKWY,15,W,N,A,-,N,NA,NA,NA,NA,NA,NA,NA,NA,NA,Y,3,0,1,2,A,-,03,22350,NA,N,C,C,A,A,H,-,D,A,0,NA,NA,NA,NA,Y,Y,A,01,0,1,0,0,0,0,0,0,0,-,-,NA,NA,SAN BERNARDINO,HESPERIA,-117.26772308349608,34.47106170654297
9691505,2024,2024-05-22,3610,2024-03-29,138,51330,NA,5,5,6,3610,0,0,0,NA,0,NA,WATERMAN AV,NORMAN RD,91,S,N,A,-,N,NA,NA,NA,NA,NA,NA,NA,NA,NA,Y,4,0,1,1,A,-,08,22107,NA,N,E,I,A,A,H,-,C,A,0,NA,NA,NA,NA,Y,NA,A,01,0,0,1,0,0,0,0,0,0,-,-,NA,NA,SAN BERNARDINO,SAN BERNARDINO,-117.27879333496094,34.08108139038086