CASE_ID,ACCIDENT_YEAR,PROC_DATE,JURIS,COLLISION_DATE,COLLISION_TIME,OFFICER_ID,REPORTING_DISTRICT,DAY_OF_WEEK,CHP_SHIFT,POPULATION,CNTY_CITY_LOC,SPECIAL_COND,BEAT_TYPE,CHP_BEAT_TYPE,CITY_DIVISION_LAPD,CHP_BEAT_CLASS,BEAT_NUMBER,PRIMARY_RD,SECONDARY_RD,DISTANCE,DIRECTION,INTERSECTION,WEATHER_1,WEATHER_2,STATE_HWY_IND,CALTRANS_COUNTY,CALTRANS_DISTRICT,STATE_ROUTE,ROUTE_SUFFIX,POSTMILE_PREFIX,POSTMILE,LOCATION_TYPE,RAMP_INTERSECTION,SIDE_OF_HWY,TOW_AWAY,COLLISION_SEVERITY,NUMBER_KILLED,NUMBER_INJURED,PARTY_COUNT,PRIMARY_COLL_FACTOR,PCF_CODE_OF_VIOL,PCF_VIOL_CATEGORY,PCF_VIOLATION,PCF_VIOL_SUBSECTION,HIT_AND_RUN,TYPE_OF_COLLISION,MVIW,PED_ACTION,ROAD_SURFACE,ROAD_COND_1,ROAD_COND_2,LIGHTING,CONTROL_DEVICE,CHP_ROAD_TYPE,PEDESTRIAN_ACCIDENT,BICYCLE_ACCIDENT,MOTORCYCLE_ACCIDENT,TRUCK_ACCIDENT,NOT_PRIVATE_PROPERTY,ALCOHOL_INVOLVED,STWD_VEHTYPE_AT_FAULT,CHP_VEHTYPE_AT_FAULT,COUNT_SEVERE_INJ,COUNT_VISIBLE_INJ,COUNT_COMPLAINT_PAIN,COUNT_PED_KILLED,COUNT_PED_INJURED,COUNT_BICYCLIST_KILLED,COUNT_BICYCLIST_INJURED,COUNT_MC_KILLED,COUNT_MC_INJURED,PRIMARY_RAMP,SECONDARY_RAMP,LATITUDE,LONGITUDE,COUNTY,CITY,POINT_X,POINT_Y
8132897,2016,2016-11-29,3600,2016-08-06,1926,F5110,HI021,6,5,4,3618,0,0,0,NA,0,NA,GREENSPOT RD,BOULDER AV,120,W,N,A,-,N,NA,NA,NA,NA,NA,NA,NA,NA,NA,N,4,0,1,2,A,-,03,22350,NA,N,C,C,A,A,H,-,B,A,0,NA,NA,NA,NA,Y,NA,D,72,0,0,1,0,0,0,0,0,0,-,-,NA,NA,SAN BERNARDINO,HIGHLAND,-117.18547225,34.10853929
8133202,2016,2016-11-16,3608,2016-10-31,1854,3905,NA,1,5,5,3608,0,0,0,NA,0,NA,ORANGE ST,SAN BERNARDINO,0,NA,Y,A,-,N,NA,NA,NA,NA,NA,NA,NA,NA,NA,Y,3,0,4,4,A,-,09,21801,A,N,D,C,A,A,H,-,C,A,0,NA,NA,NA,NA,Y,NA,A,08,0,2,2,0,0,0,0,0,0,-,-,NA,NA,SAN BERNARDINO,REDLANDS,-117.18240011,34.07727012
81640438,2021,2021-12-02,3607,2021-11-23,0826,20072,131,2,5,6,3607,0,0,0,NA,0,022,BON VIEW AV,EMPORIA ST,0,NA,Y,A,-,N,NA,NA,NA,NA,NA,NA,NA,NA,NA,Y,4,0,1,2,A,-,09,21801,A,N,D,C,A,A,H,-,A,D,0,NA,NA,Y,NA,Y,NA,A,07,0,0,1,0,0,0,0,0,1,-,-,NA,NA,SAN BERNARDINO,ONTARIO,-117.63664245605467,34.062381744384766
8138240,2016,2016-10-12,3600,2016-09-20,1404,G6627,AP021,2,5,5,3621,0,0,0,NA,0,AP4,KIOWA RD,WREN ST,0,NA,Y,A,-,N,NA,NA,NA,NA,NA,NA,NA,NA,NA,Y,4,0,1,2,A,-,09,21801,A,N,B,C,A,A,H,-,A,A,0,NA,NA,NA,NA,Y,NA,A,01,0,0,1,0,0,0,0,0,0,-,-,NA,NA,SAN BERNARDINO,APPLE VALLEY,-117.20765003,34.44979009
81648506,2021,2021-12-10,3602,2021-11-12,1550,4118,NA,5,5,5,3602,0,0,0,NA,0,002,FERN AVE,SCHAEFER AVE,0,NA,Y,A,-,N,NA,NA,NA,NA,NA,NA,NA,NA,NA,Y,4,0,1,2,A,-,12,21453,NA,N,D,C,A,A,H,-,A,A,0,NA,NA,NA,NA,Y,NA,A,01,0,0,1,0,0,0,0,0,0,-,-,34.00474166870117,-117.6542510986328,SAN BERNARDINO,CHINO,-117.65435791015624,34.004737854003906
8138946,2016,2017-03-02,3600,2016-10-20,0957,F4486,TW003,4,5,3,3617,0,0,0,NA,0,0TW,TWENTYNINE PALMS HWY,TWENTYNINE PALMS HWY 71630,0,NA,-,A,-,Y,SBD,8,62,-,-,30.65,H,-,W,Y,4,0,1,2,A,-,17,22109,NA,N,C,C,A,A,H,-,A,D,0,NA,NA,NA,NA,Y,NA,D,22,0,0,1,0,0,0,0,0,0,-,-,NA,NA,SAN BERNARDINO,TWENTYNINE PALMS,-116.09899506,34.13538802
8116702,2016,2016-09-07,3605,2016-08-20,1535,322,NA,6,5,4,3605,0,0,0,NA,0,NA,SAN BERNARDINO ST,CENTRAL AV,0,NA,Y,A,-,N,NA,NA,NA,NA,NA,NA,NA,NA,NA,Y,3,0,2,4,A,-,12,21453,A,N,B,C,A,A,H,-,A,A,0,NA,NA,NA,NA,Y,NA,A,01,0,1,1,0,0,0,0,0,0,-,-,34.07772,-117.68931,SAN BERNARDINO,MONTCLAIR,-117.68961009,34.07767012
81661927,2021,2021-12-27,3607,2021-12-10,0807,20345,178,5,5,6,3607,0,0,0,NA,0,051,MISSION BL,OAKS AV,0,NA,Y,A,-,N,NA,NA,NA,NA,NA,NA,NA,NA,NA,Y,4,0,1,3,A,-,09,21802,A,N,D,C,A,A,H,-,A,A,0,NA,NA,NA,NA,Y,NA,A,01,0,0,1,0,0,0,0,0,0,-,-,NA,NA,SAN BERNARDINO,ONTARIO,-117.6763916015625,34.05588150024414
81661949,2021,2021-12-27,3607,2021-12-19,1156,20177,121,7,5,6,3607,0,0,0,NA,0,012,MOUNTAIN AV,D ST,0,NA,Y,A,-,N,NA,NA,NA,NA,NA,NA,NA,NA,NA,N,2,0,1,2,A,-,12,21453,A,N,D,G,A,A,H,-,A,A,0,NA,Y,NA,NA,Y,NA,L,04,1,0,0,0,0,0,1,0,0,-,-,NA,NA,SAN BERNARDINO,ONTARIO,-117.67005920410156,34.06694412231445
8166793,2016,2017-03-16,3600,2016-04-09,2034,D8554,AP021,6,5,5,3621,0,0,0,NA,0,AP3,KIOWA RD,DEL ORO RD,0,NA,Y,A,-,N,NA,NA,NA,NA,NA,NA,NA,NA,NA,Y,1,1,0,2,A,-,11,21954,A,N,G,B,E,A,H,-,D,D,0,Y,NA,NA,NA,Y,NA,N,60,0,0,0,1,0,0,0,0,0,-,-,NA,NA,SAN BERNARDINO,APPLE VALLEY,-117.20769007,34.45699001
81402160,2021,2021-02-04,3607,2021-01-21,1348,80546,185,4,5,6,3607,0,0,0,NA,0,061,EUCLID AV,MISSION BL,300,S,N,A,-,Y,NA,NA,NA,NA,NA,NA,NA,NA,NA,N,4,0,2,2,A,-,03,22350,NA,N,C,C,A,A,H,-,A,A,0,NA,NA,NA,NA,Y,NA,I,11,0,0,2,0,0,0,0,0,0,-,-,NA,NA,SAN BERNARDINO,ONTARIO,-117.651123046875,34.05405807495117
81673160,2021,2022-01-07,3607,2021-11-18,2339,19810,126,4,5,6,3607,0,0,0,NA,0,022,HOLT BL,EUCLID AV,50,W,N,A,-,N,NA,NA,NA,NA,NA,NA,NA,NA,NA,N,3,0,1,1,A,-,03,22350,NA,N,F,A,A,A,H,-,C,D,0,NA,NA,Y,NA,Y,NA,C,02,0,1,0,0,0,0,0,0,1,-,-,NA,NA,SAN BERNARDINO,ONTARIO,-117.65135192871094,34.063358306884766
8118765,2016,2017-02-22,3600,2016-08-11,0024,F2746,VC057,4,5,5,3612,0,0,0,NA,0,005,PALMDALE RD,EL EVADO RD,35,N,N,A,-,Y,SBD,8,18,-,-,97.946,I,5,S,Y,4,0,3,2,-,-,-,NA,NA,N,B,C,A,A,H,-,C,A,0,NA,NA,NA,NA,Y,NA,-,-,0,0,3,0,0,0,0,0,0,-,-,NA,NA,SAN BERNARDINO,VICTORVILLE,-117.34668788,34.50673564
8120225,2016,2016-09-13,3604,2016-08-20,0623,1147,3604,6,5,6,3604,0,0,0,NA,0,NA,MARYGOLD,SIERRA,760,E,N,A,-,N,NA,NA,NA,NA,NA,NA,NA,NA,NA,Y,3,0,1,1,A,-,03,22350,NA,N,E,I,A,A,H,-,A,A,0,NA,NA,NA,NA,Y,NA,A,07,0,1,0,0,0,0,0,0,0,-,-,NA,NA,SAN BERNARDINO,FONTANA,-117.43317937,34.07397631
8149705,2016,2016-10-24,3604,2016-10-07,2151,1215,NA,5,5,6,3604,0,0,0,NA,0,NA,CHERRY AV,VALLEY BL,0,NA,Y,A,-,N,NA,NA,NA,NA,NA,NA,NA,NA,NA,Y,4,0,1,2,A,-,12,21453,A,N,A,C,A,A,H,-,C,A,0,NA,NA,NA,NA,Y,NA,A,01,0,0,1,0,0,0,0,0,0,-,-,NA,NA,SAN BERNARDINO,FONTANA,-117.48885002,34.07020011
81504833,2021,2021-06-24,3607,2021-06-21,2334,20304,193,1,5,6,3607,0,0,0,NA,0,052,MOUNTAIN AV,FRANCIS ST,10,N,N,A,-,N,NA,NA,NA,NA,NA,NA,NA,NA,NA,Y,3,0,2,3,A,-,01,23152,A,N,C,C,A,A,H,-,C,A,0,NA,NA,NA,NA,Y,Y,A,01,0,1,1,0,0,0,0,0,0,-,-,NA,NA,SAN BERNARDINO,ONTARIO,-117.669921875,34.04098892211914
8169779,2016,2016-11-28,3600,2016-10-19,0752,D2561,VC071,3,5,5,3612,0,0,0,NA,0,VC4,LA MESA RD,EL EVADO RD,0,NA,Y,A,-,N,NA,NA,NA,NA,NA,NA,NA,NA,NA,Y,4,0,3,5,A,-,03,22350,NA,N,C,C,A,A,H,-,A,A,0,NA,NA,NA,NA,Y,NA,A,07,0,0,3,0,0,0,0,0,0,-,-,NA,NA,SAN BERNARDINO,VICTORVILLE,-117.34679002,34.48493002
8169803,2016,2016-11-18,3600,2016-10-31,0710,F5717,HE404,1,5,5,3619,0,0,0,NA,0,HE4,SULTANA ST,C AV,0,NA,Y,A,-,N,NA,NA,NA,NA,NA,NA,NA,NA,NA,Y,4,0,2,3,A,-,09,21802,A,N,D,C,A,A,H,-,A,A,0,NA,NA,NA,NA,Y,NA,A,01,0,0,2,0,0,0,0,0,0,-,-,NA,NA,SAN BERNARDINO,HESPERIA,-117.29839001,34.41341004
8169938,2016,2016-11-17,3600,2016-10-25,1812,G3599,HE320,2,5,5,3619,0,0,0,NA,0,HE5,MAPLE AV,RANCHERO RD,0,NA,Y,A,-,N,NA,NA,NA,NA,NA,NA,NA,NA,NA,N,4,0,1,2,A,-,09,21800,C,N,-,C,A,A,H,-,B,A,0,NA,NA,NA,NA,Y,NA,-,NA,0,0,1,0,0,0,0,0,0,-,-,NA,NA,SAN BERNARDINO,HESPERIA,-117.34621009,34.38315006
8150941,2016,2016-11-29,3609,2016-10-10,1606,2120,369,1,5,5,3609,0,0,0,NA,0,004,RIALTO,OLIVE AV,3,E,N,A,-,N,NA,NA,NA,NA,NA,NA,NA,NA,NA,Y,3,0,1,1,A,-,03,22350,NA,N,A,I,A,A,H,-,A,D,0,NA,NA,NA,NA,Y,NA,A,01,0,1,0,0,0,0,0,0,0,-,-,NA,NA,SAN BERNARDINO,RIALTO,-117.36905012,34.09872
81710265,2022,2022-02-28,3609,2022-01-25,1040,01720,204,2,5,5,3609,0,0,0,NA,0,004,RIVERSIDE AVE,SLOVER AVE,40,N,N,A,-,N,NA,NA,NA,NA,NA,NA,NA,NA,NA,Y,4,0,2,2,A,-,03,22350,NA,N,C,C,A,A,H,-,A,A,0,NA,NA,NA,NA,Y,NA,A,07,0,0,2,0,0,0,0,0,0,-,-,34.063289642333984,-117.37046813964844,SAN BERNARDINO,RIALTO,-117.3702392578125,34.063289642333984
81514184,2021,2021-07-07,3607,2021-06-14,1541,20133,870,1,5,6,3607,0,0,0,NA,0,081,CELEBRATION AV,EUCALYPTUS AV,0,NA,Y,A,-,N,NA,NA,NA,NA,NA,NA,NA,NA,NA,N,2,0,1,2,A,-,10,21950,A,N,G,B,B,A,H,-,A,A,0,Y,NA,NA,NA,Y,NA,A,01,1,0,0,0,1,0,0,0,0,-,-,NA,NA,SAN BERNARDINO,ONTARIO,-117.58457946777344,33.99006652832031
81721588,2022,2022-03-14,3607,2022-03-01,1443,80334,338,2,5,6,3607,0,0,0,NA,0,041,ONTARIO MILLS PW,BARRINGTON AV,0,NA,Y,A,-,N,NA,NA,NA,NA,NA,NA,NA,NA,NA,Y,4,0,2,2,A,-,09,21802,A,N,D,C,A,A,H,-,A,A,0,NA,NA,NA,NA,Y,NA,A,01,0,0,2,0,0,0,0,0,0,-,-,NA,NA,SAN BERNARDINO,ONTARIO,-117.53115081787108,34.069942474365234
8156649,2016,2016-12-07,3600,2016-10-04,1434,G3229,AP009,2,5,5,3621,0,0,0,NA,0,AP3,BEAR VALLEY RD,REATA RD,101,W,N,A,-,N,NA,NA,NA,NA,NA,NA,NA,NA,NA,Y,3,0,1,2,A,-,06,21755,NA,N,B,C,A,A,H,-,A,A,0,NA,NA,Y,NA,Y,NA,C,02,0,1,0,0,0,0,0,0,1,-,-,NA,NA,SAN BERNARDINO,APPLE VALLEY,-117.24558405,34.4711371
81567988,2021,2021-09-13,3607,2021-09-05,2127,20174,111,7,5,6,3607,0,0,0,NA,0,022,GROVE AV,D ST,0,NA,Y,A,-,N,NA,NA,NA,NA,NA,NA,NA,NA,NA,N,4,0,2,2,A,-,09,21801,A,N,A,C,A,A,H,-,C,A,0,NA,NA,NA,NA,Y,NA,A,01,0,0,2,0,0,0,0,0,0,-,-,NA,NA,SAN BERNARDINO,ONTARIO,-117.62852478027344,34.06704330444336
8159312,2016,2017-03-01,3600,2016-10-01,1341,F5137,VC046,6,5,5,3612,0,0,0,NA,0,VC6,NATIONAL TRAILS HWY,MOJAVE RIVER,0,NA,Y,A,-,Y,SBD,8,15,-,-,43.9,H,-,S,N,3,0,1,1,A,-,03,22350,NA,N,E,I,A,A,H,-,A,A,0,NA,NA,NA,NA,Y,NA,A,01,0,1,0,0,0,0,0,0,0,-,-,NA,NA,SAN BERNARDINO,VICTORVILLE,-117.29501846,34.54893863
81724640,2021,2022-03-17,3611,2021-05-11,1541,3143,3611,2,5,5,3611,0,0,0,NA,0,002,SAN ANTONIO AVE,8TH ST,0,NA,Y,A,-,N,NA,NA,NA,NA,NA,NA,NA,NA,NA,Y,3,0,2,2,A,-,09,21801,A,N,D,C,A,A,H,-,A,A,0,NA,NA,NA,NA,Y,NA,A,01,0,1,1,0,0,0,0,0,0,-,-,NA,NA,SAN BERNARDINO,UPLAND,-117.66072082519533,34.09246063232422
8159848,2016,2017-02-15,3609,2016-10-20,1350,0884,127,4,5,5,3609,0,0,0,NA,0,002,RIVERSIDE AV,FOOTHILL BL,0,NA,Y,A,-,N,NA,NA,NA,NA,NA,NA,NA,NA,NA,Y,4,0,2,2,A,-,12,21453,A,F,D,C,A,A,H,-,A,A,0,NA,NA,NA,NA,Y,NA,A,01,0,0,2,0,0,0,0,0,0,-,-,NA,NA,SAN BERNARDINO,RIALTO,-117.37038008,34.10676008
8148005,2016,2016-10-19,3610,2016-09-06,1816,50790,NA,2,5,6,3610,0,0,0,NA,0,POLICE,E ORANGE SHOW RD,S WASHINGTON AV,600,E,N,A,-,N,NA,NA,NA,NA,NA,NA,NA,NA,NA,Y,4,0,1,3,A,-,03,22350,NA,N,C,C,A,A,H,-,A,D,0,NA,NA,NA,NA,Y,NA,A,01,0,0,1,0,0,0,0,0,0,-,-,34.07971,-117.2787,SAN BERNARDINO,SAN BERNARDINO,-117.2818546,34.07978001
81724833,2021,2022-03-17,3611,2021-09-06,1344,3397,3611,1,5,5,3611,0,0,0,NA,0,002,MOUNTAIN AVE,8TH ST,210,S,N,A,-,N,NA,NA,NA,NA,NA,NA,NA,NA,NA,N,4,0,1,2,A,-,03,22350,NA,N,C,C,A,A,H,-,A,D,0,NA,NA,NA,NA,Y,NA,A,01,0,0,1,0,0,0,0,0,0,-,-,NA,NA,SAN BERNARDINO,UPLAND,-117.67015075683594,34.091835021972656
81724894,2021,2022-03-17,3611,2021-10-12,1447,2297,3611,2,5,5,3611,0,0,0,NA,0,002,8TH ST,SAN ANTONIO AVE,250,W,N,A,-,N,NA,NA,NA,NA,NA,NA,NA,NA,NA,N,4,0,1,2,A,-,03,22350,NA,N,C,C,A,A,H,-,A,D,0,NA,NA,NA,NA,Y,NA,A,01,0,0,1,0,0,0,0,0,0,-,-,NA,NA,SAN BERNARDINO,UPLAND,-117.66154479980467,34.09246063232422
81724900,2021,2022-03-17,3611,2021-10-16,1547,3357,3611,6,5,5,3611,0,0,0,NA,0,004,7TH ST,2ND AVE,0,NA,Y,A,-,Y,NA,NA,NA,NA,NA,NA,NA,NA,NA,Y,4,0,1,2,A,-,12,22450,A,N,D,C,A,A,H,-,A,A,0,NA,NA,NA,NA,Y,NA,A,07,0,0,1,0,0,0,0,0,0,-,-,NA,NA,SAN BERNARDINO,UPLAND,-117.64853668212892,34.08882141113281
81724902,2021,2022-03-17,3611,2021-10-18,0624,626,3611,1,5,5,3611,0,0,0,NA,0,002,CENTRAL AVE,ARROW RTE,0,NA,Y,B,-,N,NA,NA,NA,NA,NA,NA,NA,NA,NA,Y,4,0,1,2,A,-,12,21453,A,N,D,C,A,A,H,-,C,A,0,NA,NA,NA,NA,Y,NA,A,01,0,0,1,0,0,0,0,0,0,-,-,NA,NA,SAN BERNARDINO,UPLAND,-117.68965911865234,34.09956741333008
81724938,2021,2022-03-17,3611,2021-11-19,1859,3353,3611,5,5,5,3611,0,0,0,NA,0,001,BENSON AVE,13TH ST,0,NA,Y,A,-,N,NA,NA,NA,NA,NA,NA,NA,NA,NA,Y,2,0,2,2,A,-,09,21801,A,N,D,C,A,A,H,-,C,A,0,NA,NA,NA,NA,Y,NA,A,01,1,0,1,0,0,0,0,0,0,-,-,NA,NA,SAN BERNARDINO,UPLAND,-117.68089294433594,34.110511779785156
81724964,2021,2022-03-17,3611,2021-12-10,1313,3176,3611,5,5,5,3611,0,0,0,NA,0,001,21ST ST,EUCLID AVE,0,NA,Y,A,-,N,NA,NA,NA,NA,NA,NA,NA,NA,NA,Y,4,0,1,2,A,-,09,21802,A,N,D,C,A,A,H,-,A,A,0,NA,NA,NA,NA,Y,NA,A,07,0,0,1,0,0,0,0,0,0,-,-,NA,NA,SAN BERNARDINO,UPLAND,-117.65145874023438,34.13970947265625
81724978,2021,2022-03-17,3611,2021-12-31,1258,3280,3611,5,5,5,3611,0,0,0,NA,0,004,7TH ST,11TH AVE,0,NA,Y,A,-,N,NA,NA,NA,NA,NA,NA,NA,NA,NA,N,4,0,3,2,A,-,09,21801,A,N,D,C,A,A,H,-,A,A,0,NA,NA,NA,NA,Y,NA,D,22,0,0,3,0,0,0,0,0,0,-,-,NA,NA,SAN BERNARDINO,UPLAND,-117.63671112060548,34.08884048461914
81727471,2022,2022-03-21,3609,2022-03-08,0555,02065,6,2,5,5,3609,0,0,0,NA,0,001,RIVERSIDE AVE,LINDEN AVE,486,N,N,-,-,N,NA,NA,NA,NA,NA,NA,NA,NA,NA,Y,2,0,1,2,A,-,09,21804,A,N,D,C,A,A,H,-,B,D,0,NA,NA,NA,Y,Y,NA,G,25,1,0,0,0,0,0,0,0,0,-,-,34.15589904785156,-117.39923095703124,SAN BERNARDINO,RIALTO,-117.40032196044922,34.156707763671875
81727537,2022,2022-03-21,3607,2022-03-09,2226,80510,179,3,5,6,3607,0,0,0,NA,0,051,MOUNTAIN AV,MISSION BL,100,S,N,A,-,N,NA,NA,NA,NA,NA,NA,NA,NA,NA,Y,3,0,1,2,A,-,08,22107,NA,N,D,C,A,A,H,-,C,D,0,NA,NA,NA,NA,Y,NA,A,01,0,1,0,0,0,0,0,0,0,-,-,NA,NA,SAN BERNARDINO,ONTARIO,-117.66986846923828,34.05563735961914
81480638,2021,2021-05-25,3607,2021-05-19,2142,80491,185,3,5,6,3607,0,0,0,NA,0,061,EUCLID AV,MAITLAND ST,0,NA,Y,A,-,Y,NA,NA,NA,NA,NA,NA,NA,NA,NA,Y,4,0,1,2,A,-,09,21802,A,F,D,C,A,A,H,-,C,A,0,NA,NA,NA,NA,Y,NA,-,99,0,0,1,0,0,0,0,0,0,-,-,NA,NA,SAN BERNARDINO,ONTARIO,-117.65080261230467,34.0535774230957
81733388,2022,2022-03-25,3602,2022-03-01,1539,3986,NA,2,5,5,3602,0,0,0,NA,0,003,HELLMAN AVE,KIMBALL AVE,0,NA,Y,A,-,N,NA,NA,NA,NA,NA,NA,NA,NA,NA,Y,4,0,1,2,A,-,08,22107,NA,N,D,C,A,A,H,-,A,A,0,NA,NA,NA,NA,Y,NA,A,01,0,0,1,0,0,0,0,0,0,-,-,33.98143005371094,-117.66835021972656,SAN BERNARDINO,CHINO,-117.61100769042967,33.968719482421875
8173379,2016,2016-11-18,3611,2016-10-08,2302,2769,3611,6,5,5,3611,0,0,0,NA,0,004,CAMPUS AV,ARROW HWY,0,NA,Y,A,-,N,NA,NA,NA,NA,NA,NA,NA,NA,NA,Y,4,0,3,2,A,-,09,21800,D,N,D,C,A,A,H,-,E,B,0,NA,NA,NA,NA,Y,NA,-,-,0,0,3,0,0,0,0,0,0,-,-,NA,NA,SAN BERNARDINO,UPLAND,-117.64148013,34.09977007
8148140,2016,2016-12-27,3604,2016-09-18,1903,948,NA,7,5,6,3604,0,0,0,NA,0,NA,VALLEY BL,JUNIPER AV,0,NA,Y,A,-,N,NA,NA,NA,NA,NA,NA,NA,NA,NA,Y,3,0,1,2,A,-,12,21453,A,F,D,C,A,A,H,-,B,A,0,NA,NA,NA,NA,Y,NA,A,01,0,1,0,0,0,0,0,0,0,-,-,NA,NA,SAN BERNARDINO,FONTANA,-117.44002011,34.07037003
81484544,2021,2021-05-28,3611,2021-03-21,1719,3203,3611,7,5,5,3611,0,0,0,NA,0,001,SAN ANTONIO AVE,16TH ST,0,NA,Y,A,-,N,NA,NA,NA,NA,NA,NA,NA,NA,NA,Y,3,0,2,2,D,-,00,NA,NA,N,D,C,A,A,H,-,A,A,0,NA,NA,NA,NA,Y,NA,-,-,0,1,1,0,0,0,0,0,0,-,-,NA,NA,SAN BERNARDINO,UPLAND,-117.66085815429688,34.12150955200195
81743874,2022,2022-04-08,3607,2022-03-25,2020,15021,185,5,5,6,3607,0,0,0,NA,0,051,EUCLID AV,PHILLIPS ST,0,NA,Y,A,-,Y,NA,NA,NA,NA,NA,NA,NA,NA,NA,Y,4,0,1,3,A,-,12,22450,A,M,D,C,A,A,H,-,C,A,0,NA,NA,NA,NA,Y,Y,A,01,0,0,1,0,0,0,0,0,0,-,-,NA,NA,SAN BERNARDINO,ONTARIO,-117.65077972412108,34.050384521484375
81743876,2022,2022-04-08,3607,2022-03-28,1418,20394,76,1,5,6,3607,0,0,0,NA,0,MILL,MILLIKEN AV,CONCOURS ST,0,NA,Y,C,-,N,NA,NA,NA,NA,NA,NA,NA,NA,NA,Y,3,0,1,3,A,-,12,21453,A,N,D,C,A,B,H,-,A,A,0,NA,NA,NA,NA,Y,NA,A,01,0,1,0,0,0,0,0,0,0,-,-,NA,NA,SAN BERNARDINO,ONTARIO,-117.55778503417967,34.07460403442383
81746826,2021,2022-04-13,3611,2021-12-12,1653,626,3611,7,5,5,3611,0,0,0,NA,0,004,9TH ST,13TH AVE,19,W,N,A,-,N,NA,NA,NA,NA,NA,NA,NA,NA,NA,Y,1,1,0,2,A,-,03,22350,NA,N,E,I,A,A,H,-,C,A,0,NA,NA,Y,NA,Y,Y,C,02,0,0,0,0,0,0,0,1,0,-,-,NA,NA,SAN BERNARDINO,UPLAND,-117.63365173339844,34.09611892700195
81748654,2022,2022-04-15,3607,2022-04-05,1655,20839,294,2,5,6,3607,0,0,0,NA,0,062,EUCLID AV,WALNUT ST,0,NA,Y,A,-,N,NA,NA,NA,NA,NA,NA,NA,NA,NA,Y,3,0,1,2,A,-,12,21453,A,N,D,C,A,A,H,-,A,A,0,NA,NA,NA,NA,Y,NA,A,01,0,1,0,0,0,0,0,0,0,-,-,NA,NA,SAN BERNARDINO,ONTARIO,-117.6506576538086,34.02659606933594
8148900,2016,2016-10-24,3600,2016-09-28,1333,F3085,HE131,3,5,5,3619,0,0,0,NA,0,HE1,MAIN ST,3RD AV,41,W,N,A,-,N,NA,NA,NA,NA,NA,NA,NA,NA,NA,Y,3,0,1,2,A,-,03,22350,NA,N,C,C,A,A,H,-,A,A,0,NA,NA,NA,NA,Y,NA,-,NA,0,1,0,0,0,0,0,0,0,-,-,NA,NA,SAN BERNARDINO,HESPERIA,-117.30682357,34.42231908
8175671,2016,2016-11-30,3611,2016-09-16,1704,3101,NA,5,5,5,3611,0,0,0,NA,0,002,ARROW HWY,MOUNTAIN AV,672,W,N,A,-,N,NA,NA,NA,NA,NA,NA,NA,NA,NA,N,4,0,1,2,A,-,08,22107,NA,N,D,C,A,A,H,-,A,D,0,NA,NA,NA,NA,Y,NA,A,01,0,0,1,0,0,0,0,0,0,-,-,NA,NA,SAN BERNARDINO,UPLAND,-117.67246394,34.09966131
8175679,2016,2017-01-04,3611,2016-09-13,0254,3077,3611,2,5,5,3611,0,0,0,NA,0,004,EUCLID AV,9TH ST,0,NA,Y,A,-,N,NA,NA,NA,NA,NA,NA,NA,NA,NA,Y,3,0,2,2,A,-,12,21453,A,N,D,C,A,A,H,-,C,A,0,NA,NA,NA,NA,Y,NA,-,-,0,1,1,0,0,0,0,0,0,-,-,NA,NA,SAN BERNARDINO,UPLAND,-117.65130005,34.09610005
8148989,2016,2016-10-19,3608,2016-10-06,0310,3804,3608,4,5,5,3608,0,0,0,NA,0,NA,STATE ST,ALABAMA ST,33,E,N,A,-,N,NA,NA,NA,NA,NA,NA,NA,NA,NA,Y,3,0,1,1,A,-,03,22350,NA,N,E,I,A,A,H,-,C,A,0,NA,NA,NA,NA,Y,NA,A,01,0,1,0,0,0,0,0,0,0,-,-,NA,NA,SAN BERNARDINO,REDLANDS,-117.20864922,34.05554463
81758417,2022,2022-04-28,3607,2022-04-18,1143,20740,85,1,5,6,3607,0,0,0,NA,0,011,MOUNTAIN AV,W I STREET,350,S,N,A,-,N,NA,NA,NA,NA,NA,NA,NA,NA,NA,Y,3,0,1,2,A,-,09,21801,A,N,D,C,A,A,H,-,A,D,0,NA,NA,Y,NA,Y,NA,A,07,0,1,0,0,0,0,0,0,1,-,-,NA,NA,SAN BERNARDINO,ONTARIO,-117.67008972167967,34.0732421875
8149013,2016,2016-10-20,3608,2016-10-06,1142,4342,NA,4,5,5,3608,0,0,0,NA,0,NA,LUGONIA AV,JUDSON ST,0,NA,Y,A,-,N,NA,NA,NA,NA,NA,NA,NA,NA,NA,Y,3,0,2,3,A,-,12,21453,A,N,D,C,A,A,H,-,A,A,0,NA,NA,NA,NA,Y,NA,A,01,0,2,0,0,0,0,0,0,0,-,-,NA,NA,SAN BERNARDINO,REDLANDS,-117.1563601,34.07007006
8176482,2016,2017-01-03,3610,2016-11-07,2359,50911,NA,1,5,6,3610,0,0,0,NA,0,DAVID,N D ST,W 9TH ST,0,NA,Y,A,-,N,NA,NA,NA,NA,NA,NA,NA,NA,NA,Y,3,0,1,2,A,-,01,23152,A,M,C,C,A,A,H,-,C,A,0,NA,NA,NA,NA,Y,Y,A,01,0,1,0,0,0,0,0,0,0,-,-,34.11579,-117.29189,SAN BERNARDINO,SAN BERNARDINO,-117.29189007,34.11576009
81652426,2021,2021-12-15,3607,2021-11-28,0640,20392,71,7,5,6,3607,0,0,0,NA,0,257,GROVE AV,WALNUT ST,0,NA,Y,A,-,N,NA,NA,NA,NA,NA,NA,NA,NA,NA,N,4,0,2,1,A,-,07,21658,A,N,E,I,A,A,H,-,A,A,0,NA,NA,NA,NA,Y,NA,A,01,0,0,2,0,0,0,0,0,0,-,-,NA,NA,SAN BERNARDINO,ONTARIO,-117.6283950805664,34.026676177978516
8149538,2016,2016-12-22,3604,2016-10-04,1935,680,NA,2,5,6,3604,0,0,0,NA,0,NA,FOOTHILL BL,ALDER,100,W,N,A,-,N,NA,NA,NA,NA,NA,NA,NA,NA,NA,Y,4,0,1,3,A,-,03,22350,NA,N,C,C,A,A,H,-,B,A,0,NA,NA,NA,NA,Y,NA,D,22,0,0,1,0,0,0,0,0,0,-,-,NA,NA,SAN BERNARDINO,FONTANA,-117.41868939,34.10669