CASE_ID,ACCIDENT_YEAR,PROC_DATE,JURIS,COLLISION_DATE,COLLISION_TIME,OFFICER_ID,REPORTING_DISTRICT,DAY_OF_WEEK,CHP_SHIFT,POPULATION,CNTY_CITY_LOC,SPECIAL_COND,BEAT_TYPE,CHP_BEAT_TYPE,CITY_DIVISION_LAPD,CHP_BEAT_CLASS,BEAT_NUMBER,PRIMARY_RD,SECONDARY_RD,DISTANCE,DIRECTION,INTERSECTION,WEATHER_1,WEATHER_2,STATE_HWY_IND,CALTRANS_COUNTY,CALTRANS_DISTRICT,STATE_ROUTE,ROUTE_SUFFIX,POSTMILE_PREFIX,POSTMILE,LOCATION_TYPE,RAMP_INTERSECTION,SIDE_OF_HWY,TOW_AWAY,COLLISION_SEVERITY,NUMBER_KILLED,NUMBER_INJURED,PARTY_COUNT,PRIMARY_COLL_FACTOR,PCF_CODE_OF_VIOL,PCF_VIOL_CATEGORY,PCF_VIOLATION,PCF_VIOL_SUBSECTION,HIT_AND_RUN,TYPE_OF_COLLISION,MVIW,PED_ACTION,ROAD_SURFACE,ROAD_COND_1,ROAD_COND_2,LIGHTING,CONTROL_DEVICE,CHP_ROAD_TYPE,PEDESTRIAN_ACCIDENT,BICYCLE_ACCIDENT,MOTORCYCLE_ACCIDENT,TRUCK_ACCIDENT,NOT_PRIVATE_PROPERTY,ALCOHOL_INVOLVED,STWD_VEHTYPE_AT_FAULT,CHP_VEHTYPE_AT_FAULT,COUNT_SEVERE_INJ,COUNT_VISIBLE_INJ,COUNT_COMPLAINT_PAIN,COUNT_PED_KILLED,COUNT_PED_INJURED,COUNT_BICYCLIST_KILLED,COUNT_BICYCLIST_INJURED,COUNT_MC_KILLED,COUNT_MC_INJURED,PRIMARY_RAMP,SECONDARY_RAMP,LATITUDE,LONGITUDE,COUNTY,CITY,POINT_X,POINT_Y
8201854,2016,2016-12-30,3602,2016-11-18,1421,3054,NA,5,5,5,3602,0,0,0,NA,0,003,CENTRAL AV,WALNUT AV,300,N,N,A,-,N,NA,NA,NA,NA,NA,NA,NA,NA,NA,Y,4,0,1,3,A,-,03,22350,NA,N,C,C,A,A,H,-,A,A,0,NA,NA,NA,NA,Y,NA,A,01,0,0,1,0,0,0,0,0,0,-,-,NA,NA,SAN BERNARDINO,CHINO,-117.68948,34.02711225
82021728,2023,2023-03-20,3609,2023-03-01,1601,01865,127,3,5,5,3609,0,0,0,NA,0,002,FOOTHILL BLVD,RIVERSIDE AVE,190,W,N,A,-,Y,NA,NA,NA,NA,NA,NA,NA,NA,NA,N,4,0,2,2,A,-,03,22350,NA,N,A,C,A,A,H,-,A,D,0,NA,NA,NA,NA,Y,NA,A,01,0,0,2,0,0,0,0,0,0,-,-,34.106788635253906,-117.37052917480467,SAN BERNARDINO,RIALTO,-117.37100219726563,34.10675811767578
82021736,2023,2023-03-20,3607,2023-03-10,1051,21002,136,5,5,6,3607,0,0,0,NA,0,032,AIRPORT DR,VINEYARD AV,430,E,N,C,-,N,NA,NA,NA,NA,NA,NA,NA,NA,NA,Y,4,0,1,1,A,-,08,22107,NA,N,E,J,A,B,H,-,A,A,0,NA,NA,NA,NA,Y,NA,A,01,0,0,1,0,0,0,0,0,0,-,-,NA,NA,SAN BERNARDINO,ONTARIO,-117.60955810546876,34.0620002746582
8202264,2016,2017-01-04,3602,2016-10-03,1717,3172,NA,1,5,5,3602,0,0,0,NA,0,002,BENSON AV,GUARDIAN WY,0,NA,Y,A,-,N,NA,NA,NA,NA,NA,NA,NA,NA,NA,Y,4,0,1,2,A,-,09,21802,A,N,D,C,A,A,H,-,A,D,0,NA,NA,NA,NA,Y,NA,A,01,0,0,1,0,0,0,0,0,0,-,-,NA,NA,SAN BERNARDINO,CHINO,-117.680679,34.028316
82028629,2023,2023-03-27,3602,2023-03-09,630,4375,NA,4,5,5,3602,0,0,0,NA,0,001,SCHAEFER AVENUE (4800 BLOCK),MONTE VISTA AVENUE,0,NA,Y,A,-,N,NA,NA,NA,NA,NA,NA,NA,NA,NA,Y,4,0,2,2,A,-,09,21801,A,N,A,C,A,A,H,-,A,C,0,NA,NA,NA,NA,Y,NA,A,01,0,0,2,0,0,0,0,0,0,-,-,34.004398345947266,-117.6977996826172,SAN BERNARDINO,CHINO,-117.69786834716795,34.00445556640625
82031256,2023,2023-03-29,3607,2023-03-08,436,20276,283,3,5,6,3607,0,0,0,NA,0,072,MILLIKEN AV,60 FREEWAY,500,S,N,A,-,N,NA,NA,NA,NA,NA,NA,NA,NA,NA,Y,2,0,1,1,C,-,18,NA,NA,N,E,I,A,A,C,-,D,D,0,NA,NA,Y,NA,Y,NA,-,-,1,0,0,0,0,0,0,0,1,-,-,NA,NA,SAN BERNARDINO,ONTARIO,-117.5586395263672,34.134620666503906
82034816,2023,2023-04-03,3602,2023-03-14,1745,4322,NA,2,5,5,3602,0,0,0,NA,0,003,KIMBALL AVE,MEADOW VALLEY AVE,200,W,N,C,-,N,NA,NA,NA,NA,NA,NA,NA,NA,NA,Y,4,0,1,3,A,-,03,22350,NA,N,C,C,A,B,H,-,A,D,0,NA,NA,NA,NA,Y,NA,A,01,0,0,1,0,0,0,0,0,0,-,-,NA,NA,SAN BERNARDINO,CHINO,-117.61682891845705,33.96870803833008
82041544,2023,2023-04-11,3609,2023-03-19,2339,01948,130,7,5,5,3609,0,0,0,NA,0,002,PEPPER AVE,VAN KOEVERING ST,0,NA,Y,C,-,N,NA,NA,NA,NA,NA,NA,NA,NA,NA,Y,4,0,1,2,A,-,01,23152,A,N,D,C,A,B,H,-,C,D,0,NA,NA,NA,NA,Y,Y,A,01,0,0,1,0,0,0,0,0,0,-,-,34.112850189208984,-117.35281372070313,SAN BERNARDINO,RIALTO,-117.35289764404295,34.11261749267578
8204270,2016,2017-05-03,3607,2016-11-17,0939,14931,254,4,5,6,3607,0,0,0,NA,0,052,EUCLID AV,RT 60,0,NA,Y,A,-,Y,SBD,8,83,-,-,7.132,I,5,S,Y,3,0,1,2,A,-,07,21658,A,N,C,C,A,A,H,-,A,A,0,NA,NA,NA,Y,Y,NA,-,NA,0,1,0,0,0,0,0,0,0,-,EF,NA,NA,SAN BERNARDINO,ONTARIO,-117.65102878,34.02972872
8204316,2016,2017-01-09,3605,2016-12-06,1325,381,NA,2,5,4,3605,0,0,0,NA,0,NA,SAN JOSE ST,MONTE VISTA AV,351,W,N,A,-,N,NA,NA,NA,NA,NA,NA,NA,NA,NA,N,4,0,1,2,A,-,11,21954,A,N,G,B,E,A,H,-,A,D,0,Y,NA,NA,NA,Y,NA,N,60,0,0,1,0,1,0,0,0,0,-,-,NA,NA,SAN BERNARDINO,MONTCLAIR,-117.69948589,34.0850439
8204360,2016,2017-01-09,3607,2016-11-30,1349,80483,215,3,5,6,3607,0,0,0,NA,0,042,MISSION BL,HAVEN AV,665,W,N,A,-,N,NA,NA,NA,NA,NA,NA,NA,NA,NA,N,4,0,1,1,A,-,08,22107,NA,N,E,I,A,A,H,-,A,A,0,NA,Y,NA,NA,Y,Y,L,04,0,0,1,0,0,0,1,0,0,-,-,NA,NA,SAN BERNARDINO,ONTARIO,-117.57801721,34.03878361
8204364,2016,2017-01-09,3607,2016-11-28,1607,80124,314,1,5,6,3607,0,0,0,NA,0,042,AIRPORT DR,ARCHIBALD AV,0,NA,Y,A,-,N,NA,NA,NA,NA,NA,NA,NA,NA,NA,Y,4,0,1,2,A,-,12,21453,A,N,D,C,A,A,H,-,A,A,0,NA,NA,NA,NA,Y,NA,-,NA,0,0,1,0,0,0,0,0,0,-,-,NA,NA,SAN BERNARDINO,ONTARIO,-117.59348002,34.06263004
82043917,2023,2023-04-13,3607,2023-03-14,1441,21089,65,2,5,6,3607,0,0,0,NA,0,032,N. GROVE AVE,4TH STREET,80,N,N,C,-,N,NA,NA,NA,NA,NA,NA,NA,NA,NA,Y,3,0,4,5,A,-,03,22350,NA,N,C,C,A,B,H,-,A,D,0,NA,NA,NA,Y,Y,NA,A,01,0,4,0,0,0,0,0,0,0,-,-,NA,NA,SAN BERNARDINO,ONTARIO,-117.62858581542967,34.078033447265625
82045660,2023,2023-04-17,3609,2023-04-03,945,01323,132,1,5,5,3609,0,0,0,NA,0,003,RIALTO AVE,LINDEN AVE,0,NA,Y,A,B,N,NA,NA,NA,NA,NA,NA,NA,NA,NA,Y,3,0,3,2,A,-,12,21453,A,N,D,C,A,A,H,-,A,A,0,NA,NA,NA,NA,Y,NA,A,01,0,3,0,0,0,0,0,0,0,-,-,34.09952163696289,-117.40086364746094,SAN BERNARDINO,RIALTO,-117.40089416503906,34.099525451660156
8204751,2016,2017-01-18,3610,2016-12-01,1558,51035,NA,4,5,6,3610,0,0,0,NA,0,BAKER,KENDALL DR,SHANDIN HILLS,42,E,N,A,-,N,NA,NA,NA,NA,NA,NA,NA,NA,NA,Y,3,0,1,2,A,-,03,22350,NA,N,C,C,A,A,H,-,B,A,0,NA,NA,NA,NA,Y,NA,A,01,0,1,0,0,0,0,0,0,0,-,-,NA,NA,SAN BERNARDINO,SAN BERNARDINO,-117.30577022,34.16434233
82048243,2023,2023-04-19,3607,2023-04-11,1626,20999,79,2,5,6,3607,0,0,0,NA,0,MILL,MILLIKEN AV,FOURTH ST,50,S,N,A,-,N,NA,NA,NA,NA,NA,NA,NA,NA,NA,N,4,0,4,3,A,-,03,22350,NA,N,C,C,A,A,H,-,A,A,0,NA,NA,NA,NA,Y,NA,A,01,0,0,4,0,0,0,0,0,0,-,-,NA,NA,SAN BERNARDINO,ONTARIO,-117.55840301513672,34.07703399658203
8204874,2016,2017-01-11,3610,2016-12-06,0617,50985,NA,2,5,6,3610,0,0,0,NA,0,ADAM,W SANTA FE WY,W RIALTO AV,0,NA,Y,A,-,N,NA,NA,NA,NA,NA,NA,NA,NA,NA,Y,4,0,1,2,A,-,08,22107,NA,N,D,C,A,A,H,-,B,A,0,NA,NA,NA,NA,Y,NA,A,01,0,0,1,0,0,0,0,0,0,-,-,34.10084,-117.32188,SAN BERNARDINO,SAN BERNARDINO,-117.31980011,34.10082005
8204920,2016,2017-01-11,3610,2016-12-02,0857,50360,NA,5,5,6,3610,0,0,0,NA,0,POLICE,NORTH WATERMAN AV,PARKDALE DR,82,S,N,A,-,N,NA,NA,NA,NA,NA,NA,NA,NA,NA,Y,4,0,1,2,A,-,03,22350,NA,N,C,C,A,A,H,-,A,A,0,NA,NA,NA,NA,Y,Y,A,01,0,0,1,0,0,0,0,0,0,-,-,34.15874,-117.2787,SAN BERNARDINO,SAN BERNARDINO,-117.27868,34.15852536
82053347,2023,2023-04-26,3607,2023-03-28,800,20393,172,2,5,6,3607,0,0,0,NA,0,042,MILLIKEN AV,SANTA ANA ST,9,S,N,A,-,N,NA,NA,NA,NA,NA,NA,NA,NA,NA,Y,2,0,1,2,A,-,09,21453,B,N,C,C,A,A,H,-,A,A,0,NA,NA,Y,NA,Y,NA,A,01,1,0,0,0,0,0,0,0,1,-,-,NA,NA,SAN BERNARDINO,ONTARIO,-117.5583038330078,34.05538558959961
82057654,2023,2023-05-01,3607,2023-04-07,915,80555,121,5,5,6,3607,0,0,0,NA,0,012,MOUNTAIN AV,D ST,0,NA,Y,A,-,N,NA,NA,NA,NA,NA,NA,NA,NA,NA,Y,3,0,1,2,A,-,09,21802,A,N,D,C,A,A,H,-,A,D,0,NA,NA,NA,NA,Y,NA,A,01,0,1,0,0,0,0,0,0,0,-,-,NA,NA,SAN BERNARDINO,ONTARIO,-117.67005920410156,34.06694412231445
8205977,2016,2017-01-13,3609,2016-12-11,0159,1953,RIALT,7,5,5,3609,0,0,0,NA,0,004,WILLOW AV,RIALTO AV,0,NA,Y,A,-,N,NA,NA,NA,NA,NA,NA,NA,NA,NA,Y,3,0,1,1,A,-,01,23152,A,N,E,-,A,A,H,-,C,A,0,NA,NA,NA,NA,Y,Y,A,01,0,1,0,0,0,0,0,0,0,-,-,NA,NA,SAN BERNARDINO,RIALTO,-117.37473006,34.09953007
82063029,2023,2023-05-08,3602,2023-04-24,1752,4171,CHINO,1,5,5,3602,0,0,0,NA,0,003,MILL CREEK AVENUE,BICKMORE AVENUE,0,NA,Y,-,-,N,NA,NA,NA,NA,NA,NA,NA,NA,NA,Y,4,0,1,2,A,-,09,21801,A,N,D,C,A,A,H,-,A,A,0,NA,NA,NA,NA,Y,NA,A,01,0,0,1,0,0,0,0,0,0,-,-,33.96139144897461,-117.63211059570313,SAN BERNARDINO,CHINO,-117.63211059570313,33.96133041381836
82067302,2023,2023-05-12,3609,2023-04-26,754,01323,133,3,5,5,3609,0,0,0,NA,0,003,RIALTO AVE,CEDAR AVE,516,E,N,A,-,N,NA,NA,NA,NA,NA,NA,NA,NA,NA,N,4,0,1,2,A,-,08,22107,NA,N,B,C,A,A,H,-,A,D,0,NA,NA,NA,NA,Y,NA,A,01,0,0,1,0,0,0,0,0,0,-,-,34.0994987487793,-117.39662170410156,SAN BERNARDINO,RIALTO,-117.39485931396484,34.09952163696289
82068335,2023,2023-05-15,3602,2023-04-22,1333,4300,NA,6,5,5,3602,0,0,0,NA,0,003,KIMBALL AVE,MOUNTAIN AVE,0,NA,Y,A,-,N,NA,NA,NA,NA,NA,NA,NA,NA,NA,Y,4,0,2,2,A,-,08,22107,NA,N,D,C,A,A,H,-,A,A,0,NA,NA,NA,NA,Y,NA,A,01,0,0,2,0,0,0,0,0,0,-,-,33.0683708190918,-117.66700744628906,SAN BERNARDINO,CHINO,-117.66704559326172,33.9683952331543
82070524,2023,2023-05-18,3607,2023-05-15,903,80538,338,1,5,6,3607,0,0,0,NA,0,041,ONTARIO MILLS PW,BARRINGTON AV,380,W,N,A,-,N,NA,NA,NA,NA,NA,NA,NA,NA,NA,Y,3,0,1,2,A,-,08,22100,A,N,B,C,A,A,H,-,A,D,0,NA,NA,NA,Y,Y,NA,G,25,0,1,0,0,0,0,0,0,0,-,-,NA,NA,SAN BERNARDINO,ONTARIO,-117.53240203857422,34.06993865966797
82088763,2023,2023-06-08,3607,2023-05-03,2240,20174,258,3,5,6,3607,0,0,0,NA,0,071,VINEYARD AV,PHILADELPHIA ST,100,S,N,B,-,N,NA,NA,NA,NA,NA,NA,NA,NA,NA,N,2,0,3,2,A,-,12,21453,A,N,D,C,A,A,H,-,C,A,0,NA,NA,NA,NA,Y,NA,-,-,2,1,0,0,0,0,0,0,0,-,-,NA,NA,SAN BERNARDINO,ONTARIO,-117.611083984375,34.03378677368164
82093158,2023,2023-06-14,3607,2023-05-11,741,20642,176,4,5,6,3607,0,0,0,NA,0,051,BENSON AV,MISSION BL,0,NA,Y,A,-,N,NA,NA,NA,NA,NA,NA,NA,NA,NA,Y,3,0,1,2,A,-,09,21801,A,N,A,C,A,A,H,-,A,A,0,NA,NA,NA,NA,Y,NA,A,01,0,1,0,0,0,0,0,0,0,-,-,NA,NA,SAN BERNARDINO,ONTARIO,-117.68080139160156,34.05584716796875
82093164,2023,2023-06-14,3607,2023-06-08,1725,80497,172,4,5,6,3607,0,0,0,NA,0,042,MILLIKEN AV,JURUPA ST,20,S,N,A,-,N,NA,NA,NA,NA,NA,NA,NA,NA,NA,N,4,0,1,2,A,-,03,22350,NA,N,C,C,A,A,H,-,A,A,0,NA,NA,NA,NA,Y,NA,A,07,0,0,1,0,0,0,0,0,0,-,-,NA,NA,SAN BERNARDINO,ONTARIO,-117.55838012695313,34.04803466796875
82093166,2023,2023-06-14,3607,2023-06-09,1324,80515,880,5,5,6,3607,0,0,0,NA,0,081,HAMNER AV,THE STATION,30,N,N,A,-,N,NA,NA,NA,NA,NA,NA,NA,NA,NA,N,3,0,2,2,A,-,03,22350,NA,N,C,C,A,A,H,-,A,A,0,NA,NA,NA,NA,Y,NA,A,01,0,2,0,0,0,0,0,0,0,-,-,NA,NA,SAN BERNARDINO,ONTARIO,NA,NA
81815664,2022,2022-07-13,3609,2022-06-14,2056,01069,160,2,5,5,3609,0,0,0,NA,0,004,MERRILL AVE,LILAC AVE,0,NA,Y,A,-,N,NA,NA,NA,NA,NA,NA,NA,NA,NA,Y,4,0,1,2,A,-,03,22350,NA,N,C,C,A,A,H,-,C,A,0,NA,NA,NA,NA,Y,NA,A,01,0,0,1,0,0,0,0,0,0,-,-,34.09231185913086,-117.37908935546876,SAN BERNARDINO,RIALTO,-117.37907409667967,34.09226989746094
81824765,2022,2022-07-26,3607,2022-06-01,1627,80457,218,3,5,6,3607,0,0,0,NA,0,042,JURUPA ST,VINTAGE AV (E),0,NA,Y,A,-,Y,NA,NA,NA,NA,NA,NA,NA,NA,NA,Y,4,0,1,2,A,-,08,22100,A,N,D,C,A,A,H,-,A,A,0,NA,NA,NA,NA,Y,NA,-,31,0,0,1,0,0,0,0,0,0,-,-,NA,NA,SAN BERNARDINO,ONTARIO,-117.5361099243164,34.048072814941406
81834409,2022,2022-08-08,3602,2022-06-22,1818,4009,NA,3,5,5,3602,0,0,0,NA,0,001,B STREET (5100 BLOCK),6TH STREET,0,NA,Y,A,-,N,NA,NA,NA,NA,NA,NA,NA,NA,NA,Y,4,0,1,2,A,-,09,21804,B,N,D,C,A,A,H,-,A,D,0,NA,NA,NA,NA,Y,NA,A,01,0,0,1,0,0,0,0,0,0,-,-,34.01729965209961,-117.69185638427734,SAN BERNARDINO,CHINO,-117.69184112548828,34.01726531982422
8183770,2016,2016-12-22,3600,2016-11-22,1613,G3225,AP007,2,5,5,3621,0,0,0,NA,0,AP4,BEAR VALLEY RD,WESTMONT DR,0,NA,Y,A,-,N,NA,NA,NA,NA,NA,NA,NA,NA,NA,Y,4,0,1,2,A,-,09,21801,A,N,D,C,A,A,H,-,A,A,0,NA,NA,NA,NA,Y,NA,D,72,0,0,1,0,0,0,0,0,0,-,-,NA,NA,SAN BERNARDINO,APPLE VALLEY,NA,NA
8184106,2016,2016-12-13,3604,2016-11-26,1855,958,NA,6,5,6,3604,0,0,0,NA,0,NA,SIERRA AV,RIVERSIDE AV,10,N,N,C,-,N,NA,NA,NA,NA,NA,NA,NA,NA,NA,Y,4,0,1,2,A,-,03,22350,NA,N,D,C,A,B,H,-,C,D,0,NA,NA,NA,NA,Y,NA,A,07,0,0,1,0,0,0,0,0,0,-,-,NA,NA,SAN BERNARDINO,FONTANA,-117.43626913,34.17891739
81848279,2022,2022-08-25,3607,2022-08-14,2100,80349,41,7,5,6,3607,0,0,0,NA,0,338,ONTARIO MILLS PW,BARRINGTON AV,0,NA,Y,A,-,N,NA,NA,NA,NA,NA,NA,NA,NA,NA,Y,4,0,1,2,A,-,09,21802,A,N,D,C,A,A,H,-,C,A,0,NA,NA,NA,NA,Y,NA,A,01,0,0,1,0,0,0,0,0,0,-,-,NA,NA,SAN BERNARDINO,ONTARIO,-117.53115081787108,34.069942474365234
8191942,2016,2016-12-30,3600,2016-10-19,1212,A7108,CH072,3,5,5,3630,0,0,0,NA,0,CH4,CENTRAL AV,FAIRFIELD RANCH RD,340,N,N,A,-,N,NA,NA,NA,NA,NA,NA,NA,NA,NA,Y,3,0,2,2,A,-,05,21650,NA,F,A,C,A,A,H,-,A,A,0,NA,NA,NA,NA,Y,NA,-,NA,0,2,0,0,0,0,0,0,0,-,-,NA,NA,SAN BERNARDINO,CHINO HILLS,-117.68887414,33.97252182
81920977,2022,2022-11-18,3609,2022-10-23,1012,02094,167,7,5,5,3609,0,0,0,NA,0,003,LARCH AVE,WOODCREST ST,0,NA,Y,A,-,N,NA,NA,NA,NA,NA,NA,NA,NA,NA,N,3,0,1,2,A,-,00,28102,NA,N,D,C,A,A,H,-,A,A,0,NA,NA,NA,NA,Y,NA,A,01,0,1,0,0,0,0,0,0,0,-,-,34.0809211730957,-117.39179229736328,SAN BERNARDINO,RIALTO,-117.39212036132813,34.0808219909668
81922621,2022,2022-11-21,3609,2022-10-28,0825,02334,97,5,5,5,3609,0,0,0,NA,0,002,LILAC AVE,MARIPOSA DR,380,N,N,A,-,N,NA,NA,NA,NA,NA,NA,NA,NA,NA,N,4,0,1,2,A,-,08,22107,NA,N,B,C,A,A,H,-,A,A,0,NA,NA,NA,NA,Y,NA,A,07,0,0,1,0,0,0,0,0,0,-,-,34.122779846191406,-117.37911987304688,SAN BERNARDINO,RIALTO,-117.3791732788086,34.12369155883789
81927286,2022,2022-11-28,3607,2022-11-10,0828,80546,121,4,5,6,3607,0,0,0,NA,0,012,SAN ANTONIO AV,D ST,0,NA,Y,A,-,N,NA,NA,NA,NA,NA,NA,NA,NA,NA,Y,4,0,1,2,A,-,12,22450,A,N,D,C,A,A,H,-,A,A,0,NA,NA,NA,NA,Y,NA,A,01,0,0,1,0,0,0,0,0,0,-,-,NA,NA,SAN BERNARDINO,ONTARIO,-117.66060638427734,34.06697082519531
8193039,2016,2016-12-23,3611,2016-11-16,1620,2822,3611,3,5,5,3611,0,0,0,NA,0,003,19TH ST,CROSSROADS PKWY,0,NA,Y,A,-,N,NA,NA,NA,NA,NA,NA,NA,NA,NA,Y,3,0,1,2,A,-,09,21453,C,N,D,C,A,A,H,-,A,A,0,NA,NA,NA,NA,Y,NA,A,01,0,1,0,0,0,0,0,0,0,-,-,NA,NA,SAN BERNARDINO,UPLAND,NA,NA
8196692,2016,2016-12-29,3605,2016-11-29,0808,318,NA,2,5,4,3605,0,0,0,NA,0,NA,LEHIGH AV,FAUNA ST,76,S,N,A,-,N,NA,NA,NA,NA,NA,NA,NA,NA,NA,N,4,0,1,2,A,-,08,22107,NA,N,D,C,A,A,H,-,A,A,0,NA,NA,NA,NA,Y,NA,A,07,0,0,1,0,0,0,0,0,0,-,-,NA,NA,SAN BERNARDINO,MONTCLAIR,-117.70909079,34.06923169
81967353,2022,2023-01-13,3602,2022-12-04,2107,4139,3602,7,5,5,3602,0,0,0,NA,0,001,PHILADELPHIA ST,MONTE VISTA AVE,66,E,N,A,-,N,NA,NA,NA,NA,NA,NA,NA,NA,NA,N,4,0,1,2,A,-,01,23153,A,N,C,C,A,A,H,-,C,A,0,NA,NA,NA,NA,Y,Y,A,01,0,0,1,0,0,0,0,0,0,-,-,34.0334587097168,-117.6482162475586,SAN BERNARDINO,CHINO,-117.69792938232422,34.03352355957031
8198757,2016,2017-03-01,3607,2016-11-17,2143,80537,79,4,5,6,3607,0,0,0,NA,0,041,4TH ST,RT 15,0,NA,Y,A,-,N,NA,NA,NA,NA,NA,NA,NA,NA,NA,Y,4,0,1,4,A,-,01,23152,A,N,C,C,A,A,H,-,C,A,0,NA,NA,NA,NA,Y,Y,-,NA,0,0,1,0,0,0,0,0,0,-,-,NA,NA,SAN BERNARDINO,ONTARIO,-117.54503008,34.07713012
81882523,2022,2022-10-05,3607,2022-09-22,1043,19944,73,4,5,6,3607,0,0,0,NA,0,041,CORVETTE DR,TRIUMPH LN,60,N,N,A,-,N,NA,NA,NA,NA,NA,NA,NA,NA,NA,N,4,0,1,3,A,-,09,21804,A,N,D,E,A,A,H,-,A,D,0,NA,NA,NA,NA,Y,NA,A,01,0,0,1,0,0,0,0,0,0,-,-,NA,NA,SAN BERNARDINO,ONTARIO,-117.58360290527344,34.071163177490234
81890891,2022,2022-10-17,3611,2022-07-26,0458,3389,3611,2,5,5,3611,0,0,0,NA,0,002,9TH ST,SAN ANTONIO AVE,0,NA,Y,A,-,N,NA,NA,NA,NA,NA,NA,NA,NA,NA,Y,4,0,3,2,D,-,00,NA,NA,N,D,D,A,A,H,-,C,A,0,NA,NA,NA,NA,Y,NA,-,-,0,0,3,0,0,0,0,0,0,-,-,NA,NA,SAN BERNARDINO,UPLAND,-117.66073608398438,34.0960578918457
81894765,2022,2022-10-20,3609,2022-08-10,1324,02459,159,3,5,5,3609,0,0,0,NA,0,003,MERRILL AVE,LILAC AVE,0,NA,Y,A,-,N,NA,NA,NA,NA,NA,NA,NA,NA,NA,Y,4,0,2,3,A,-,12,22450,A,N,D,E,A,A,H,-,A,D,0,NA,NA,NA,NA,Y,NA,A,01,0,0,2,0,0,0,0,0,0,-,-,34.09231185913086,-117.37908935546876,SAN BERNARDINO,RIALTO,-117.37907409667967,34.09226989746094
8189533,2016,2016-12-20,3603,2016-10-22,0215,CL4709,COLTO,6,5,4,3603,0,0,0,NA,0,001,C ST,HERMOSA ST,309,W,N,A,-,N,NA,NA,NA,NA,NA,NA,NA,NA,NA,Y,4,0,1,1,A,-,05,21650,NA,N,A,I,A,A,H,-,C,D,0,NA,NA,NA,NA,Y,Y,A,01,0,0,1,0,0,0,0,0,0,-,-,NA,NA,SAN BERNARDINO,COLTON,-117.34554721,34.07414727
8189725,2016,2017-01-13,3605,2016-11-19,1735,272,NA,6,5,4,3605,0,0,0,NA,0,NA,MORENO ST,CENTRAL AV,120,E,N,A,-,N,NA,NA,NA,NA,NA,NA,NA,NA,NA,Y,4,0,1,2,A,-,09,21804,NA,N,D,C,A,A,H,-,C,D,0,NA,NA,NA,NA,Y,NA,A,07,0,0,1,0,0,0,0,0,0,-,-,NA,NA,SAN BERNARDINO,MONTCLAIR,-117.68967859,34.08865628
8190015,2016,2016-12-19,3600,2016-10-25,1703,E7438,YC401,2,5,4,3640,0,0,0,NA,0,YC3,YUCAIPA BL,16TH ST,0,NA,Y,A,-,N,NA,NA,NA,NA,NA,NA,NA,NA,NA,Y,3,0,1,2,A,-,09,21802,A,N,D,C,A,A,H,-,A,A,0,NA,NA,NA,NA,Y,NA,A,01,0,1,0,0,0,0,0,0,0,-,-,NA,NA,SAN BERNARDINO,YUCAIPA,-117.10306008,34.03297001
81904744,2022,2022-10-31,3607,2022-10-17,1247,20849,165,1,5,6,3607,0,0,0,NA,0,061,EAST MISSION BOULEVARD,GROVE AVE,100,E,N,A,-,N,NA,NA,NA,NA,NA,NA,NA,NA,NA,N,4,0,4,3,A,-,03,22350,NA,N,C,C,A,A,H,-,A,A,0,NA,NA,NA,NA,Y,NA,A,01,0,0,4,0,0,0,0,0,0,-,-,NA,NA,SAN BERNARDINO,ONTARIO,-117.62837982177734,34.05497360229492
8190830,2016,2016-12-20,3607,2016-11-04,1933,15179,290,5,5,6,3607,0,0,0,NA,0,072,ARCHIBALD AV,CHINO AV,500,N,N,A,-,N,NA,NA,NA,NA,NA,NA,NA,NA,NA,Y,3,0,2,2,A,-,08,22107,NA,N,D,C,A,A,H,-,C,D,0,NA,NA,NA,NA,Y,NA,-,NA,0,1,1,0,0,0,0,0,0,-,-,NA,NA,SAN BERNARDINO,ONTARIO,-117.59320649,34.01315026
81916204,2022,2022-11-14,3609,2022-10-18,1752,01836,153,2,5,5,3609,0,0,0,NA,0,004,ACACIA AVE,RIALTO AVE,15,N,N,A,-,N,NA,NA,NA,NA,NA,NA,NA,NA,NA,N,4,0,1,2,A,-,03,22350,NA,N,C,C,A,A,H,-,A,A,0,NA,NA,NA,NA,Y,NA,A,07,0,0,1,0,0,0,0,0,0,-,-,34.09975051879883,-117.36142730712892,SAN BERNARDINO,RIALTO,-117.3616180419922,34.099552154541016
8201001,2017,2017-03-16,3607,2017-02-20,1901,80249,78,1,5,6,3607,0,0,0,NA,0,041,MILLIKEN AV,ONTARIO MILLS PKWY,0,NA,Y,B,-,N,NA,NA,NA,NA,NA,NA,NA,NA,NA,Y,4,0,1,2,A,-,12,21453,A,F,D,D,A,A,H,-,C,A,0,NA,NA,NA,NA,Y,NA,-,NA,0,0,1,0,0,0,0,0,0,-,-,NA,NA,SAN BERNARDINO,ONTARIO,-117.55834012,34.06890004
82096347,2023,2023-06-19,3609,2023-04-26,1530,02334,54,3,5,5,3609,0,0,0,NA,0,001,AYALA DR,CASMALIA ST,0,NA,Y,A,-,N,NA,NA,NA,NA,NA,NA,NA,NA,NA,N,4,0,1,3,A,-,03,22350,NA,N,C,C,A,A,H,-,A,A,0,NA,NA,NA,NA,Y,NA,A,01,0,0,1,0,0,0,0,0,0,-,-,34.13764953613281,-117.39238739013672,SAN BERNARDINO,RIALTO,-117.39230346679688,34.137611389160156