CASE_ID,ACCIDENT_YEAR,PROC_DATE,JURIS,COLLISION_DATE,COLLISION_TIME,OFFICER_ID,REPORTING_DISTRICT,DAY_OF_WEEK,CHP_SHIFT,POPULATION,CNTY_CITY_LOC,SPECIAL_COND,BEAT_TYPE,CHP_BEAT_TYPE,CITY_DIVISION_LAPD,CHP_BEAT_CLASS,BEAT_NUMBER,PRIMARY_RD,SECONDARY_RD,DISTANCE,DIRECTION,INTERSECTION,WEATHER_1,WEATHER_2,STATE_HWY_IND,CALTRANS_COUNTY,CALTRANS_DISTRICT,STATE_ROUTE,ROUTE_SUFFIX,POSTMILE_PREFIX,POSTMILE,LOCATION_TYPE,RAMP_INTERSECTION,SIDE_OF_HWY,TOW_AWAY,COLLISION_SEVERITY,NUMBER_KILLED,NUMBER_INJURED,PARTY_COUNT,PRIMARY_COLL_FACTOR,PCF_CODE_OF_VIOL,PCF_VIOL_CATEGORY,PCF_VIOLATION,PCF_VIOL_SUBSECTION,HIT_AND_RUN,TYPE_OF_COLLISION,MVIW,PED_ACTION,ROAD_SURFACE,ROAD_COND_1,ROAD_COND_2,LIGHTING,CONTROL_DEVICE,CHP_ROAD_TYPE,PEDESTRIAN_ACCIDENT,BICYCLE_ACCIDENT,MOTORCYCLE_ACCIDENT,TRUCK_ACCIDENT,NOT_PRIVATE_PROPERTY,ALCOHOL_INVOLVED,STWD_VEHTYPE_AT_FAULT,CHP_VEHTYPE_AT_FAULT,COUNT_SEVERE_INJ,COUNT_VISIBLE_INJ,COUNT_COMPLAINT_PAIN,COUNT_PED_KILLED,COUNT_PED_INJURED,COUNT_BICYCLIST_KILLED,COUNT_BICYCLIST_INJURED,COUNT_MC_KILLED,COUNT_MC_INJURED,PRIMARY_RAMP,SECONDARY_RAMP,LATITUDE,LONGITUDE,COUNTY,CITY,POINT_X,POINT_Y
82098456,2023,2023-06-21,3607,2023-06-06,707,19890,212,2,5,6,3607,0,0,0,NA,0,042,MISSION BL,ARCHIBALD AV,30,W,N,B,-,N,NA,NA,NA,NA,NA,NA,NA,NA,NA,N,3,0,1,2,A,-,21,22106,NA,N,C,C,A,A,H,-,A,A,0,NA,NA,NA,NA,Y,NA,A,07,0,1,0,0,0,0,0,0,0,-,-,NA,NA,SAN BERNARDINO,ONTARIO,-117.59344482421876,34.044010162353516
82100396,2023,2023-06-23,3602,2023-02-28,1630,4010,NA,2,5,5,3602,0,0,0,NA,0,NA,CHINO HILLS PKWY,RAMONA AVE,0,NA,Y,-,-,N,NA,NA,NA,NA,NA,NA,NA,NA,NA,N,4,0,1,2,A,-,03,22350,NA,F,C,C,A,B,H,-,A,A,0,NA,NA,NA,NA,Y,NA,D,22,0,0,1,0,0,0,0,0,0,-,-,33.98265075683594,-117.7064208984375,SAN BERNARDINO,CHINO,-117.70645904541016,33.98263168334961
82111445,2023,2023-07-07,3607,2023-07-04,756,19890,294,2,5,6,3607,0,0,0,NA,0,062,EUCLID AV,WALNUT ST,0,NA,Y,A,-,Y,NA,NA,NA,NA,NA,NA,NA,NA,NA,Y,4,0,1,2,A,-,09,21453,C,N,D,C,A,A,H,-,A,A,0,NA,NA,NA,NA,Y,NA,A,07,0,0,1,0,0,0,0,0,0,-,-,NA,NA,SAN BERNARDINO,ONTARIO,-117.6506576538086,34.02659606933594
82113574,2023,2023-07-11,3607,2023-06-15,817,19866,34,4,5,6,3607,0,0,0,NA,0,031,VINEYARD AV,YALE ST,25,N,N,A,-,N,NA,NA,NA,NA,NA,NA,NA,NA,NA,Y,4,0,1,2,A,-,09,21804,A,N,D,C,A,A,H,-,A,D,0,NA,NA,NA,NA,Y,NA,A,01,0,0,1,0,0,0,0,0,0,-,-,NA,NA,SAN BERNARDINO,ONTARIO,-117.61109924316406,34.08035659790039
82115511,2023,2023-07-13,3609,2023-06-13,1115,02334,151,2,5,5,3609,0,0,0,NA,0,004,BLOOMINGTON AVENUE,RIVERSIDE AVENUE,0,NA,Y,A,-,N,NA,NA,NA,NA,NA,NA,NA,NA,NA,N,4,0,1,2,A,-,03,22350,NA,N,C,C,A,A,H,-,A,A,0,NA,NA,NA,NA,Y,NA,A,01,0,0,1,0,0,0,0,0,0,-,-,NA,NA,SAN BERNARDINO,RIALTO,-117.37035369873048,34.092288970947266
82115590,2023,2023-07-13,3607,2023-05-31,805,21172,NA,3,5,6,3607,0,0,0,NA,0,071,RIVERSIDE DR,WALKER AV,0,NA,Y,A,-,N,NA,NA,NA,NA,NA,NA,NA,NA,NA,Y,3,0,1,2,A,-,09,21804,A,N,D,C,A,A,H,-,A,D,0,NA,NA,NA,NA,Y,NA,A,01,0,1,0,0,0,0,0,0,0,-,-,NA,NA,SAN BERNARDINO,ONTARIO,-117.61962127685548,34.01952362060547
82115603,2023,2023-09-27,3607,2023-06-26,1427,80547,211,1,5,6,3607,0,0,0,NA,0,071,FRANCIS ST,HELLMAN AV,0,NA,Y,A,-,N,NA,NA,NA,NA,NA,NA,NA,NA,NA,Y,3,0,1,2,A,-,01,23152,A,F,D,C,A,A,H,-,A,D,0,NA,NA,NA,NA,Y,Y,A,07,0,1,0,0,0,0,0,0,0,-,-,NA,NA,SAN BERNARDINO,ONTARIO,-117.60211181640624,34.0411491394043
82130246,2023,2023-07-28,3607,2023-07-18,1334,80300,680,2,5,6,3607,0,0,0,NA,0,082,HAVEN AV,ONTARIO RANCH RD,1,N,N,A,-,N,NA,NA,NA,NA,NA,NA,NA,NA,NA,Y,4,0,2,2,A,-,03,22350,NA,N,C,C,A,A,H,-,A,A,0,NA,NA,NA,NA,Y,NA,A,01,0,0,2,0,0,0,0,0,0,-,-,NA,NA,SAN BERNARDINO,ONTARIO,-117.57588958740234,34.0008544921875
82132647,2023,2023-08-01,3607,2023-07-01,1420,20730,NA,6,5,6,3607,0,0,0,NA,0,NA,MISSION BL,ARCHIBALD AV,90,W,N,A,-,N,NA,NA,NA,NA,NA,NA,NA,NA,NA,N,3,0,2,3,A,-,03,22350,NA,N,C,D,A,A,H,-,A,A,0,NA,NA,NA,NA,Y,NA,A,01,0,2,0,0,0,0,0,0,0,-,-,NA,NA,SAN BERNARDINO,ONTARIO,-117.59362030029295,34.04407501220703
82134855,2023,2023-08-03,3607,2023-07-29,726,20686,600,6,5,6,3607,0,0,0,NA,0,082,EUCLID AV,SCHAEFER AV,20,S,N,A,-,Y,NA,NA,NA,NA,NA,NA,NA,NA,NA,Y,4,0,3,2,A,-,03,22350,NA,N,C,C,A,A,H,-,A,A,0,NA,NA,NA,NA,Y,NA,A,01,0,0,3,0,0,0,0,0,0,-,-,NA,NA,SAN BERNARDINO,ONTARIO,-117.65072631835938,34.004703521728516
82138118,2023,2023-08-08,3609,2023-07-25,1337,01323,220,2,5,5,3609,0,0,0,NA,0,004,AGUA MANSA RD,ENTERPRISE DR,180,W,N,A,-,N,NA,NA,NA,NA,NA,NA,NA,NA,NA,N,4,0,1,2,A,-,09,21801,A,N,D,C,A,A,H,-,A,D,0,NA,NA,NA,NA,Y,NA,A,01,0,0,1,0,0,0,0,0,0,-,-,34.03770065307617,-117.36784362792967,SAN BERNARDINO,RIALTO,-117.36859893798828,34.03738784790039
82138173,2023,2023-08-08,3607,2023-06-14,857,20997,343,3,5,6,3607,0,0,0,NA,0,032,AIRPORT DR,GROVE AV,287,E,N,A,-,N,NA,NA,NA,NA,NA,NA,NA,NA,NA,Y,3,0,2,2,D,-,00,NA,NA,N,A,C,A,A,H,-,A,A,0,NA,NA,NA,NA,Y,NA,-,-,0,2,0,0,0,0,0,0,0,-,-,NA,NA,SAN BERNARDINO,ONTARIO,-117.62735748291016,34.06005096435547
82147096,2023,2023-08-18,3607,2023-08-14,1502,19890,190,1,5,6,3607,0,0,0,NA,0,061,GROVE AV,BELMONT ST,200,S,N,A,-,N,NA,NA,NA,NA,NA,NA,NA,NA,NA,N,4,0,1,2,A,-,03,22350,NA,N,C,C,A,A,H,-,A,D,0,NA,NA,NA,NA,Y,NA,A,07,0,0,1,0,0,0,0,0,0,-,-,NA,NA,SAN BERNARDINO,ONTARIO,-117.6286163330078,34.0512809753418
82166614,2023,2023-09-11,3602,2023-08-26,2016,4190,NA,6,5,5,3602,0,0,0,NA,0,001,FRANCIS AVE,MONTE VISTA AVE,0,NA,Y,A,-,N,NA,NA,NA,NA,NA,NA,NA,NA,NA,N,3,0,2,2,D,-,00,NA,NA,N,D,C,A,A,H,-,A,D,0,NA,NA,NA,NA,Y,NA,-,-,0,2,0,0,0,0,0,0,0,-,-,34.04069900512695,-117.64832305908205,SAN BERNARDINO,CHINO,-117.69823455810548,34.04077911376953
82190636,2022,2023-10-06,3611,2022-04-14,2028,3357,3611,4,5,5,3611,0,0,0,NA,0,002,ARROW RTE,BENSON AVE,320,W,N,A,-,N,NA,NA,NA,NA,NA,NA,NA,NA,NA,N,1,1,0,2,A,-,11,21954,A,N,G,B,D,A,H,-,C,D,0,Y,NA,NA,NA,Y,Y,N,60,0,0,0,1,0,0,0,0,0,-,-,NA,NA,SAN BERNARDINO,UPLAND,-117.68197631835938,34.099609375
82190649,2022,2023-10-04,3611,2022-06-10,1807,3394,3611,5,5,5,3611,0,0,0,NA,0,003,16TH ST,EUCLID AVE,88,E,N,A,-,N,NA,NA,NA,NA,NA,NA,NA,NA,NA,N,4,0,1,2,A,-,03,22350,NA,N,C,C,A,A,H,-,A,A,0,NA,NA,NA,NA,Y,NA,A,01,0,0,1,0,0,0,0,0,0,-,-,NA,NA,SAN BERNARDINO,UPLAND,-117.65139770507813,34.121551513671875
82190686,2022,2023-10-04,3611,2022-07-18,1350,3024,3611,1,5,5,3611,0,0,0,NA,0,002,EUCLID AVE,8TH ST,0,NA,Y,A,-,N,NA,NA,NA,NA,NA,NA,NA,NA,NA,N,4,0,1,2,A,-,12,21453,A,N,D,C,A,A,H,-,A,A,0,NA,NA,NA,NA,Y,NA,A,01,0,0,1,0,0,0,0,0,0,-,-,NA,NA,SAN BERNARDINO,UPLAND,-117.65097045898438,34.09246063232422
82190737,2022,2023-10-04,3611,2022-10-01,1253,3272,3611,6,5,5,3611,0,0,0,NA,0,001,BENSON AVE,FOOTHILL BLVD,45,N,N,A,-,N,NA,NA,NA,NA,NA,NA,NA,NA,NA,N,4,0,2,2,A,-,03,22350,NA,N,C,C,A,A,H,-,A,D,0,NA,NA,NA,Y,Y,NA,F,26,0,0,2,0,0,0,0,0,0,-,-,NA,NA,SAN BERNARDINO,UPLAND,-117.68084716796876,34.10701370239258
82190749,2022,2023-10-04,3611,2022-10-10,0159,3395,3611,1,5,5,3611,0,0,0,NA,0,001,BENSON AVE,16TH ST,400,N,N,A,-,N,NA,NA,NA,NA,NA,NA,NA,NA,NA,Y,4,0,1,1,A,-,03,22350,NA,M,E,J,A,A,H,-,C,A,0,NA,NA,NA,NA,Y,Y,D,22,0,0,1,0,0,0,0,0,0,-,-,NA,NA,SAN BERNARDINO,UPLAND,-117.68097686767578,34.122642517089844
82190778,2022,2023-10-04,3611,2022-11-07,1522,3385,3611,1,5,5,3611,0,0,0,NA,0,002,SAN ANTONIO AVE,11TH ST,0,NA,Y,B,C,N,NA,NA,NA,NA,NA,NA,NA,NA,NA,Y,3,0,3,2,A,-,09,21801,A,N,D,C,A,B,H,-,A,A,0,NA,NA,NA,NA,Y,NA,A,01,0,2,1,0,0,0,0,0,0,-,-,NA,NA,SAN BERNARDINO,UPLAND,-117.66078186035156,34.10334014892578
82190783,2022,2023-10-04,3611,2022-11-10,1910,3357,3611,4,5,5,3611,0,0,0,NA,0,002,EUCLID AVE,FOOTHILL BLVD,680,S,N,A,-,N,NA,NA,NA,NA,NA,NA,NA,NA,NA,N,2,0,1,2,A,-,11,21955,NA,F,G,B,D,A,H,-,C,D,0,Y,NA,NA,NA,Y,NA,N,60,1,0,0,0,1,0,0,0,0,-,-,34.10702896118164,-117.65096282958984,SAN BERNARDINO,UPLAND,-117.65135192871094,34.10506820678711
82190785,2022,2023-10-04,3611,2022-11-12,1235,3308,3611,6,5,5,3611,0,0,0,NA,0,004,3RD AVE,9TH ST,174,N,N,A,-,N,NA,NA,NA,NA,NA,NA,NA,NA,NA,N,3,0,1,2,A,-,08,22107,NA,N,D,G,A,A,H,-,A,A,0,NA,Y,NA,NA,Y,NA,-,-,0,1,0,0,0,0,1,0,0,-,-,34.096099853515625,-117.64730072021484,SAN BERNARDINO,UPLAND,-117.64708709716795,34.09657669067383
82190792,2022,2023-10-04,3611,2022-11-15,1347,3457,3611,2,5,5,3611,0,0,0,NA,0,002,BENSON AVE,11TH ST,213,S,N,A,-,N,NA,NA,NA,NA,NA,NA,NA,NA,NA,N,4,0,3,2,A,-,03,22350,NA,N,C,C,A,A,H,-,A,D,0,NA,NA,NA,NA,Y,NA,A,07,0,0,3,0,0,0,0,0,0,-,-,34.103240966796875,-117.68084716796876,SAN BERNARDINO,UPLAND,-117.68090057373048,34.10268783569336
82190858,2022,2023-10-04,3611,2022-12-21,1316,3466,NA,3,5,5,3611,0,0,0,NA,0,003,CAMPUS AVE,15TH ST,9,S,Y,A,-,N,NA,NA,NA,NA,NA,NA,NA,NA,NA,Y,4,0,1,2,A,-,12,21453,A,N,D,C,A,A,H,-,A,A,0,NA,NA,NA,NA,Y,NA,A,01,0,0,1,0,0,0,0,0,0,-,-,34.11809158325195,-117.64158630371094,SAN BERNARDINO,UPLAND,-117.64157104492188,34.117916107177734
82190867,2022,2023-10-04,3611,2022-12-25,0352,3394,3611,7,5,5,3611,0,0,0,NA,0,004,ARROW HWY,3RD AVE,215,E,N,A,-,N,NA,NA,NA,NA,NA,NA,NA,NA,NA,Y,3,0,1,1,A,-,03,22350,NA,N,E,I,A,A,H,-,C,A,0,NA,NA,NA,NA,Y,NA,A,01,0,1,0,0,0,0,0,0,0,-,-,34.099918365478516,-117.64708709716795,SAN BERNARDINO,UPLAND,-117.64639282226563,34.09975051879883
82190869,2022,2023-10-04,3611,2022-12-27,1459,3457,3611,2,5,5,3611,0,0,0,NA,0,001,BENSON AVE,11TH ST,0,W,Y,A,-,N,NA,NA,NA,NA,NA,NA,NA,NA,NA,Y,4,0,1,2,A,-,12,21453,A,N,D,C,A,B,H,-,A,A,0,NA,NA,NA,NA,Y,NA,A,01,0,0,1,0,0,0,0,0,0,-,-,34.103240966796875,-117.68084716796876,SAN BERNARDINO,UPLAND,-117.68089294433594,34.103267669677734
82190954,2023,2023-10-04,3611,2023-02-24,1216,3457,3611,5,5,5,3611,0,0,0,NA,0,002,EUCLID AVE,11TH ST,0,NA,Y,C,-,N,NA,NA,NA,NA,NA,NA,NA,NA,NA,Y,3,0,2,2,A,-,12,21453,A,N,D,C,A,B,H,-,C,A,0,NA,NA,NA,NA,Y,NA,A,07,0,1,1,0,0,0,0,0,0,-,-,34.10354995727539,-117.65093994140624,SAN BERNARDINO,UPLAND,-117.65133666992188,34.10336685180664
82190959,2023,2023-10-04,3611,2023-02-26,1137,3385,3611,7,5,5,3611,0,0,0,NA,0,002,MOUNTAIN AVE,FOOTHILL BLVD,405,S,N,A,-,N,NA,NA,NA,NA,NA,NA,NA,NA,NA,Y,3,0,1,2,A,-,09,21804,NA,N,D,C,A,A,H,-,A,D,0,NA,NA,NA,NA,Y,NA,A,01,0,1,0,0,0,0,0,0,0,-,-,34.10689926147461,-117.6702117919922,SAN BERNARDINO,UPLAND,-117.67021942138672,34.10585021972656
82191003,2023,2023-10-04,3611,2023-04-03,33,3467,3611,1,5,5,3611,0,0,0,NA,0,001,16TH ST,MOUNTAIN AVE,0,NA,Y,A,-,N,NA,NA,NA,NA,NA,NA,NA,NA,NA,Y,2,0,2,2,A,-,12,21453,A,N,D,C,A,A,H,-,C,A,0,NA,NA,NA,NA,Y,NA,D,22,1,0,1,0,0,0,0,0,0,-,-,34.1215705871582,-117.67030334472656,SAN BERNARDINO,UPLAND,-117.67024230957033,34.12152099609375
82191011,2023,2023-10-04,3611,2023-04-08,1208,3385,3611,6,5,5,3611,0,0,0,NA,0,002,MOUNTAIN AVE,7TH ST,394,N,N,A,-,N,NA,NA,NA,NA,NA,NA,NA,NA,NA,N,4,0,1,2,A,-,03,22350,NA,N,C,C,A,A,H,-,A,A,0,NA,NA,NA,NA,Y,NA,A,01,0,0,1,0,0,0,0,0,0,-,-,34.08879852294922,-117.67015838623048,SAN BERNARDINO,UPLAND,-117.6701431274414,34.08985137939453
82191040,2023,2023-10-04,3611,2023-04-26,218,3280,3611,3,5,5,3611,0,0,0,NA,0,004,FOOTHILL BLVD,3RD PL,72,E,N,A,-,N,NA,NA,NA,NA,NA,NA,NA,NA,NA,Y,3,0,1,2,A,-,01,23152,A,N,B,C,A,A,H,-,C,D,0,NA,NA,NA,Y,Y,Y,A,01,0,1,0,0,0,0,0,0,0,-,-,34.10702896118164,-117.64620971679688,SAN BERNARDINO,UPLAND,-117.64599609375,34.10684585571289
82191050,2023,2023-10-04,3611,2023-04-28,2018,3504,3611,5,5,5,3611,0,0,0,NA,0,004,CAMPUS AVE,ARROW HWY,155,N,N,A,-,N,NA,NA,NA,NA,NA,NA,NA,NA,NA,Y,3,0,1,2,A,-,08,22107,NA,N,C,E,A,A,H,-,C,D,0,NA,NA,NA,NA,Y,NA,D,23,0,1,0,0,0,0,0,0,0,-,-,34.09994888305664,-117.64144134521484,SAN BERNARDINO,UPLAND,-117.6414794921875,34.10019302368164
82191087,2023,2023-10-04,3611,2023-05-25,1336,3272,3611,4,5,5,3611,0,0,0,NA,0,001,MOUNTAIN AVE,13TH ST,0,NA,Y,A,-,N,NA,NA,NA,NA,NA,NA,NA,NA,NA,Y,4,0,1,2,A,-,12,21453,A,N,D,C,A,A,H,-,A,A,0,NA,NA,NA,NA,Y,NA,A,07,0,0,1,0,0,0,0,0,0,-,-,34.11064147949219,-117.67022705078124,SAN BERNARDINO,UPLAND,-117.67031860351563,34.110565185546875
82191096,2023,2023-10-04,3611,2023-05-31,1751,3357,3611,3,5,5,3611,0,0,0,NA,0,002,ARROW HWY,SAN ANTONIO AVE,620,E,N,A,-,N,NA,NA,NA,NA,NA,NA,NA,NA,NA,Y,3,0,2,2,A,-,09,21804,A,N,A,C,A,A,H,-,A,D,0,NA,NA,NA,NA,Y,NA,A,01,0,1,1,0,0,0,0,0,0,-,-,34.09981918334961,-117.66075897216795,SAN BERNARDINO,UPLAND,-117.6587371826172,34.09971618652344
82191109,2023,2023-10-04,3611,2023-06-10,1932,3207,3611,6,5,5,3611,0,0,0,NA,0,002,MOUNTAIN AVE,ARROW HWY,130,S,N,B,-,N,NA,NA,NA,NA,NA,NA,NA,NA,NA,Y,4,0,1,2,A,-,08,22107,NA,N,B,C,A,A,H,-,B,D,0,NA,NA,NA,NA,Y,NA,A,01,0,0,1,0,0,0,0,0,0,-,-,34.099700927734375,-117.67015075683594,SAN BERNARDINO,UPLAND,-117.67024993896484,34.09931182861328
82191150,2023,2023-10-04,3611,2023-07-14,2040,3389,3611,5,5,5,3611,0,0,0,NA,0,002,EUCLID AVE,8TH ST,0,NA,Y,A,-,N,NA,NA,NA,NA,NA,NA,NA,NA,NA,Y,4,0,1,2,A,-,12,21453,A,N,D,C,A,A,H,-,C,A,0,NA,NA,NA,NA,Y,NA,A,07,0,0,1,0,0,0,0,0,0,-,-,34.09251022338867,-117.65109252929688,SAN BERNARDINO,UPLAND,-117.65097045898438,34.09246063232422
82191161,2023,2023-10-04,3611,2023-07-20,832,3024,3611,4,5,5,3611,0,0,0,NA,0,004,CAMPUS AVE,ARROW HWY,0,NA,Y,A,-,N,NA,NA,NA,NA,NA,NA,NA,NA,NA,Y,3,0,2,2,A,-,12,21453,A,N,D,C,A,A,H,-,A,A,0,NA,NA,NA,NA,Y,NA,A,01,0,1,1,0,0,0,0,0,0,-,-,34.09994888305664,-117.64144134521484,SAN BERNARDINO,UPLAND,-117.6414794921875,34.09976577758789
82191173,2023,2023-10-04,3611,2023-08-01,944,3024,3611,2,5,5,3611,0,0,0,NA,0,002,MOUNTAIN AVE,FOOTHILL BLVD,0,NA,Y,A,-,Y,NA,NA,NA,NA,NA,NA,NA,NA,NA,N,3,0,1,2,A,-,09,21804,A,N,D,G,A,A,H,-,A,A,0,NA,Y,NA,NA,Y,NA,L,04,0,1,0,0,0,0,1,0,0,-,-,34.10689926147461,-117.6702117919922,SAN BERNARDINO,UPLAND,-117.67019653320313,34.106956481933594
82191180,2023,2023-10-04,3611,2023-08-05,1732,3395,3611,6,5,5,3611,0,0,0,NA,0,001,FOOTHILL BLVD,MULBERRY AVE (W),0,NA,Y,A,-,N,NA,NA,NA,NA,NA,NA,NA,NA,NA,Y,3,0,3,2,D,-,00,NA,NA,N,D,C,A,A,H,-,A,D,0,NA,NA,NA,NA,Y,NA,-,-,0,1,2,0,0,0,0,0,0,-,-,34.10694122314453,-117.66539001464844,SAN BERNARDINO,UPLAND,-117.66542816162108,34.106956481933594
82191193,2023,2023-11-06,3611,2023-08-23,1451,3385,3611,3,5,5,3611,0,0,0,NA,0,002,MOUNTAIN AVE,7TH ST,48,N,N,A,-,N,NA,NA,NA,NA,NA,NA,NA,NA,NA,N,4,0,2,2,A,-,21,22106,NA,N,C,C,A,A,H,-,A,A,0,NA,NA,NA,NA,Y,NA,A,01,0,0,2,0,0,0,0,0,0,-,-,34.08879852294922,-117.67015838623048,SAN BERNARDINO,UPLAND,-117.67013549804688,34.08890151977539
82194961,2023,2023-10-10,3607,2023-10-06,1500,80551,180,5,5,6,3607,0,0,0,NA,0,051,PALMETTO AV,RALSTON ST,0,NA,Y,A,-,N,NA,NA,NA,NA,NA,NA,NA,NA,NA,Y,4,0,1,4,A,-,09,21804,B,N,D,C,A,A,H,-,A,D,0,NA,NA,NA,NA,Y,NA,A,01,0,0,1,0,0,0,0,0,0,-,-,NA,NA,SAN BERNARDINO,ONTARIO,-117.66764068603516,34.0522575378418
82201812,2023,2023-10-19,3607,2023-10-06,1151,21369,165,5,5,6,3607,0,0,0,NA,0,061,MISSION BL,BON VIEW AV,70,W,N,A,-,N,NA,NA,NA,NA,NA,NA,NA,NA,NA,Y,3,0,1,2,A,-,01,23152,B,F,C,C,A,A,H,-,A,D,0,NA,NA,NA,NA,Y,Y,A,01,0,1,0,0,0,0,0,0,0,-,-,NA,NA,SAN BERNARDINO,ONTARIO,-117.63681793212892,34.05487823486328
82205463,2023,2023-10-23,3609,2023-10-02,1030,01813,139,1,5,5,3609,0,0,0,NA,0,004,RIVERSIDE AVE,3RD ST,361,N,N,A,-,N,NA,NA,NA,NA,NA,NA,NA,NA,NA,N,4,0,2,2,A,-,03,22350,NA,N,C,E,A,A,H,-,A,D,0,NA,NA,NA,NA,Y,NA,A,01,0,0,2,0,0,0,0,0,0,-,-,NA,NA,SAN BERNARDINO,RIALTO,-117.37028503417967,34.10520935058594
82223760,2023,2023-10-31,3607,2023-10-20,1012,21368,261,5,5,6,3607,0,0,0,NA,0,072,ARCHIBALD AV,SR-60 E/B OFFRAMP,0,NA,Y,A,-,N,NA,NA,NA,NA,NA,NA,NA,NA,NA,Y,3,0,1,2,A,-,12,21453,A,N,D,C,A,A,H,-,A,A,0,NA,NA,NA,NA,Y,NA,A,07,0,1,0,0,0,0,0,0,0,-,-,NA,NA,SAN BERNARDINO,ONTARIO,-117.59335327148438,34.030494689941406
82224945,2023,2023-11-01,3607,2023-07-31,1013,20856,NA,1,5,6,3607,0,0,0,NA,0,042,DUPONT AV,DOUBLEDAY AV,350,W,N,A,-,N,NA,NA,NA,NA,NA,NA,NA,NA,NA,Y,4,0,1,2,A,-,03,22350,NA,N,A,C,A,A,H,-,A,D,0,NA,NA,NA,NA,Y,Y,A,01,0,0,1,0,0,0,0,0,0,-,-,NA,NA,SAN BERNARDINO,ONTARIO,-117.56227111816406,34.04896926879883
82224961,2023,2023-11-01,3607,2023-10-28,200,20850,210,6,5,6,3607,0,0,0,NA,0,071,MISSION BL,BAKER AV,100,E,N,A,-,N,NA,NA,NA,NA,NA,NA,NA,NA,NA,Y,3,0,3,2,A,-,01,23152,B,F,C,C,A,A,H,-,C,A,0,NA,NA,NA,NA,Y,Y,A,01,0,3,0,0,0,0,0,0,0,-,-,NA,NA,SAN BERNARDINO,ONTARIO,-117.61500549316406,34.05119705200195
82226995,2023,2023-11-03,3602,2023-09-29,1923,4170,50,5,5,5,3602,0,0,0,NA,0,002,BENSON AVE,JEFFERSON AVE,8,S,N,A,-,N,NA,NA,NA,NA,NA,NA,NA,NA,NA,N,4,0,1,2,A,-,03,22350,NA,N,G,B,B,A,H,-,D,A,0,Y,NA,NA,NA,Y,NA,A,01,0,0,1,0,1,0,0,0,0,-,-,34.02476119995117,-117.68081665039063,SAN BERNARDINO,CHINO,-117.68064880371094,34.024688720703125
82227059,2023,2023-11-03,3607,2023-10-27,2253,20177,156,5,5,6,3607,0,0,0,NA,0,051,VINE AV,SUNKIST ST,0,NA,Y,A,-,N,NA,NA,NA,NA,NA,NA,NA,NA,NA,Y,3,0,2,2,A,-,09,21802,A,N,D,C,A,A,H,-,C,A,0,NA,NA,NA,NA,Y,NA,A,07,0,2,0,0,0,0,0,0,0,-,-,NA,NA,SAN BERNARDINO,ONTARIO,-117.65587615966795,34.05785369873047
82228445,2023,2023-11-06,3611,2023-09-26,1709,3416,3611,2,5,5,3611,0,0,0,NA,0,002,EUCLID AVE,7TH ST,0,NA,Y,A,-,N,NA,NA,NA,NA,NA,NA,NA,NA,NA,Y,3,0,1,2,A,-,12,21453,A,N,D,C,A,A,H,-,A,A,0,NA,NA,NA,NA,Y,NA,A,01,0,1,0,0,0,0,0,0,0,-,-,34.088958740234375,-117.65087127685548,SAN BERNARDINO,UPLAND,-117.65095520019533,34.08882141113281
82232825,2023,2023-11-13,3609,2023-10-14,1354,01932,133,6,5,5,3609,0,0,0,NA,0,003,CEDAR AVE,RIALTO AVE,55,S,N,A,-,N,NA,NA,NA,NA,NA,NA,NA,NA,NA,N,4,0,2,2,A,-,03,22350,NA,M,C,C,A,A,H,-,A,A,0,NA,NA,NA,NA,Y,NA,A,01,0,0,2,0,0,0,0,0,0,-,-,34.0994987487793,-117.39662170410156,SAN BERNARDINO,RIALTO,-117.39656066894533,34.099369049072266
82232959,2023,2023-11-13,3607,2023-10-16,1113,20686,166,1,5,6,3607,0,0,0,NA,0,061,GROVE AV,STATE ST,100,S,N,A,-,N,NA,NA,NA,NA,NA,NA,NA,NA,NA,N,3,0,1,2,A,-,03,22350,NA,N,B,G,A,A,H,-,A,A,0,NA,Y,NA,NA,Y,NA,L,04,0,1,0,0,0,0,1,0,0,-,-,NA,NA,SAN BERNARDINO,ONTARIO,-117.62859344482422,34.060089111328125
82232963,2023,2023-11-13,3607,2023-10-31,527,20276,67,2,5,6,3607,0,0,0,NA,0,031,FOURTH ST,BAKER AV,500,W,N,A,-,N,NA,NA,NA,NA,NA,NA,NA,NA,NA,Y,3,0,1,2,A,-,08,22107,NA,N,A,C,A,A,H,-,C,A,0,NA,NA,NA,NA,Y,NA,A,01,0,1,0,0,0,0,0,0,0,-,-,NA,NA,SAN BERNARDINO,ONTARIO,-117.62147521972656,34.077640533447266
82236273,2023,2023-11-15,3609,2023-11-02,1434,01323,204,4,5,5,3609,0,0,0,NA,0,004,RIVERSIDE AVE,SANTA ANA AVE,1000,N,N,A,-,N,NA,NA,NA,NA,NA,NA,NA,NA,NA,Y,3,0,1,3,A,-,09,21801,A,N,D,C,A,A,H,-,A,D,0,NA,NA,NA,NA,Y,NA,A,01,0,1,0,0,0,0,0,0,0,-,-,34.0559196472168,-117.36992645263672,SAN BERNARDINO,RIALTO,-117.3702392578125,34.05863952636719