CASE_ID,ACCIDENT_YEAR,PROC_DATE,JURIS,COLLISION_DATE,COLLISION_TIME,OFFICER_ID,REPORTING_DISTRICT,DAY_OF_WEEK,CHP_SHIFT,POPULATION,CNTY_CITY_LOC,SPECIAL_COND,BEAT_TYPE,CHP_BEAT_TYPE,CITY_DIVISION_LAPD,CHP_BEAT_CLASS,BEAT_NUMBER,PRIMARY_RD,SECONDARY_RD,DISTANCE,DIRECTION,INTERSECTION,WEATHER_1,WEATHER_2,STATE_HWY_IND,CALTRANS_COUNTY,CALTRANS_DISTRICT,STATE_ROUTE,ROUTE_SUFFIX,POSTMILE_PREFIX,POSTMILE,LOCATION_TYPE,RAMP_INTERSECTION,SIDE_OF_HWY,TOW_AWAY,COLLISION_SEVERITY,NUMBER_KILLED,NUMBER_INJURED,PARTY_COUNT,PRIMARY_COLL_FACTOR,PCF_CODE_OF_VIOL,PCF_VIOL_CATEGORY,PCF_VIOLATION,PCF_VIOL_SUBSECTION,HIT_AND_RUN,TYPE_OF_COLLISION,MVIW,PED_ACTION,ROAD_SURFACE,ROAD_COND_1,ROAD_COND_2,LIGHTING,CONTROL_DEVICE,CHP_ROAD_TYPE,PEDESTRIAN_ACCIDENT,BICYCLE_ACCIDENT,MOTORCYCLE_ACCIDENT,TRUCK_ACCIDENT,NOT_PRIVATE_PROPERTY,ALCOHOL_INVOLVED,STWD_VEHTYPE_AT_FAULT,CHP_VEHTYPE_AT_FAULT,COUNT_SEVERE_INJ,COUNT_VISIBLE_INJ,COUNT_COMPLAINT_PAIN,COUNT_PED_KILLED,COUNT_PED_INJURED,COUNT_BICYCLIST_KILLED,COUNT_BICYCLIST_INJURED,COUNT_MC_KILLED,COUNT_MC_INJURED,PRIMARY_RAMP,SECONDARY_RAMP,LATITUDE,LONGITUDE,COUNTY,CITY,POINT_X,POINT_Y
8461688,2017,2018-06-18,3604,2017-09-02,1321,1147,NA,6,5,6,3604,0,0,0,NA,0,NA,BASELINE,RT 15,0,NA,Y,A,-,Y,SBD,8,15,-,-,6.566,R,4,N,Y,4,0,1,2,A,-,12,21453,A,N,D,C,A,A,H,-,A,A,0,NA,NA,NA,NA,Y,NA,A,01,0,0,1,0,0,0,0,0,0,-,-,NA,NA,SAN BERNARDINO,FONTANA,-117.51598589,34.11952393
8461752,2017,2017-10-06,3608,2017-09-23,0700,4706,3608,6,5,5,3608,0,0,0,NA,0,901,SAN TIMOTEO CANYON RD,DARLENE WY,81,S,N,A,-,N,NA,NA,NA,NA,NA,NA,NA,NA,NA,Y,3,0,1,1,A,-,08,22107,NA,N,F,I,A,A,H,-,A,D,0,NA,NA,NA,NA,Y,NA,A,01,0,1,0,0,0,0,0,0,0,-,-,NA,NA,SAN BERNARDINO,REDLANDS,-117.21088932,34.0388244
8461900,2017,2017-10-09,3604,2017-09-04,1604,1043,NA,1,5,6,3604,0,0,0,NA,0,NA,POPLAR AV,FONTLEE CT,37,S,N,A,-,N,NA,NA,NA,NA,NA,NA,NA,NA,NA,Y,4,0,1,2,A,-,01,23152,A,N,B,E,A,A,H,-,A,D,0,NA,NA,NA,NA,Y,Y,A,08,0,0,1,0,0,0,0,0,0,-,-,NA,NA,SAN BERNARDINO,FONTANA,-117.46240887,34.08328862
8462883,2017,2017-10-25,3600,2017-09-14,0810,D6174,RC002,4,5,6,3616,0,0,0,NA,0,RC6,ARROW RTE,ROCHESTER AV,290,E,N,A,-,N,NA,NA,NA,NA,NA,NA,NA,NA,NA,N,3,0,1,2,A,-,07,21658,A,N,B,C,A,A,H,-,A,D,0,NA,NA,NA,NA,Y,NA,D,22,0,1,0,0,0,0,0,0,0,-,-,NA,NA,SAN BERNARDINO,RANCHO CUCAMONGA,-117.54482471,34.09909178
8463223,2017,2017-10-25,3600,2017-09-05,1809,B3501,RC040,2,5,6,3616,0,0,0,NA,0,RC2,19TH ST,AMETHYST ST,0,NA,Y,A,-,N,NA,NA,NA,NA,NA,NA,NA,NA,NA,Y,4,0,1,3,A,-,12,21453,A,N,D,C,A,A,G,-,A,A,0,NA,NA,NA,NA,Y,NA,A,01,0,0,1,0,0,0,0,0,0,-,-,NA,NA,SAN BERNARDINO,RANCHO CUCAMONGA,-117.59825007,34.13269003
84633735,2025,2025-04-02,3607,2025-03-30,251,21786,NA,7,5,6,3607,0,0,0,NA,0,126,B ST,EUCLID AV,0,NA,Y,A,-,N,NA,NA,NA,NA,NA,NA,NA,NA,NA,Y,3,0,1,2,A,-,01,23152,B,N,D,C,A,A,H,-,C,A,0,NA,NA,NA,NA,Y,Y,A,01,0,1,0,0,0,0,0,0,0,-,-,NA,NA,SAN BERNARDINO,ONTARIO,-117.65120697021484,34.06455993652344
84638728,2025,2025-04-07,3609,2025-03-19,1449,02213,NA,3,5,5,3609,0,0,0,NA,0,004,AGUA MANSA RD,RIVERSIDE AVE,525,W,N,A,-,N,NA,NA,NA,NA,NA,NA,NA,NA,NA,N,3,0,2,2,A,-,08,22107,NA,N,D,C,A,A,H,-,A,D,0,NA,NA,NA,Y,Y,NA,A,01,0,2,0,0,0,0,0,0,0,-,-,34.03834915161133,-117.36688995361328,SAN BERNARDINO,RIALTO,-117.36844635009766,34.03734588623047
84639069,2025,2025-04-07,3609,2025-03-08,1917,02624,NA,6,5,5,3609,0,0,0,NA,0,002,PEPPER AVE,BASELINE RD,43,S,N,A,-,N,NA,NA,NA,NA,NA,NA,NA,NA,NA,Y,4,0,2,3,A,-,04,21703,NA,N,C,C,A,A,H,-,C,A,0,NA,NA,NA,NA,Y,NA,A,07,0,0,2,0,0,0,0,0,0,-,-,34.121368408203125,-117.35296630859376,SAN BERNARDINO,RIALTO,-117.35295867919922,34.121253967285156
84642250,2025,2025-04-09,3604,2025-02-04,18,1339,NA,2,5,6,3604,0,0,0,NA,0,NA,MAPLE AVE,MCWETHY ST,240,N,-,A,-,N,NA,NA,NA,NA,NA,NA,NA,NA,NA,Y,4,0,1,3,A,-,08,22107,NA,N,C,E,A,A,H,-,C,D,0,NA,NA,NA,NA,Y,NA,A,01,0,0,1,0,0,0,0,0,0,-,-,NA,NA,SAN BERNARDINO,FONTANA,-117.4052734375,34.109657287597656
84643757,2025,2025-04-10,3604,2025-01-29,1638,680,NA,3,5,6,3604,0,0,0,NA,0,NA,SIERRA AVE,MERRILL AVE,405,S,-,A,-,N,NA,NA,NA,NA,NA,NA,NA,NA,NA,N,4,0,2,2,A,-,09,21804,A,N,D,C,A,A,H,-,A,A,0,NA,NA,NA,NA,Y,NA,A,01,0,0,2,0,0,0,0,0,0,-,-,NA,NA,SAN BERNARDINO,FONTANA,-117.43572235107422,34.09101867675781
84647038,2025,2025-04-14,3602,2025-03-23,1445,4170,NA,7,5,5,3602,0,0,0,NA,0,001,CHINO AVE,YORBA AVE,0,NA,Y,A,-,N,NA,NA,NA,NA,NA,NA,NA,NA,NA,Y,3,0,3,2,A,-,12,21453,A,N,D,C,A,A,H,-,A,A,0,NA,NA,NA,NA,Y,NA,D,22,0,1,2,0,0,0,0,0,0,-,-,34.01171875,-117.70237731933594,SAN BERNARDINO,CHINO,-117.70230865478516,34.01173782348633
84647355,2025,2025-04-14,3609,2025-04-02,548,02306,NA,3,5,5,3609,0,0,0,NA,0,002,WILLOW AVE,SHAMROCK ST (S),126,N,N,A,-,N,NA,NA,NA,NA,NA,NA,NA,NA,NA,Y,3,0,1,2,A,-,03,22350,NA,N,C,E,A,A,H,-,C,D,0,NA,NA,NA,NA,Y,NA,A,01,0,1,0,0,0,0,0,0,0,-,-,34.118621826171875,-117.37474822998048,SAN BERNARDINO,RIALTO,-117.3747787475586,34.118896484375
84649144,2025,2025-04-15,3604,2025-02-07,1815,1367,NA,5,5,6,3604,0,0,0,NA,0,NA,CATAWBA AVE,SAN BERNARDINO AVE,0,N,-,B,-,N,NA,NA,NA,NA,NA,NA,NA,NA,NA,Y,4,0,1,2,A,-,12,22450,A,N,D,C,A,A,H,-,C,A,0,NA,NA,Y,NA,Y,NA,-,-,0,0,1,0,0,0,0,0,0,-,-,NA,NA,SAN BERNARDINO,FONTANA,-117.45809173583984,34.077510833740234
8465147,2017,2018-06-08,3600,2017-09-21,1451,F3069,VC069,4,5,5,3612,0,0,0,NA,0,VC5,PALMDALE RD,RT 395,300,W,N,A,-,Y,RIV,8,395,-,-,101.03,H,-,S,Y,3,0,2,2,A,-,08,21460,5,N,A,C,A,A,H,-,A,A,0,NA,NA,NA,NA,Y,NA,A,01,0,1,1,0,0,0,0,0,0,-,-,NA,NA,SAN BERNARDINO,VICTORVILLE,-117.40053288,34.50669
8465290,2017,2019-04-09,3604,2017-07-25,1020,509,NA,2,5,6,3604,0,0,0,NA,0,NA,EL REVINO DR,CYPRESS AV,255,E,N,A,-,N,NA,NA,NA,NA,NA,NA,NA,NA,NA,N,1,1,0,2,D,-,00,NA,NA,N,G,B,E,A,H,-,A,D,0,Y,NA,NA,NA,Y,NA,-,-,0,0,0,1,0,0,0,0,0,-,-,NA,NA,SAN BERNARDINO,FONTANA,-117.44438377,34.13904329
8465476,2017,2018-11-02,3610,2017-01-17,1446,50808,NA,2,5,6,3610,0,0,0,NA,0,POLICE,N VALENCIA AV,EAST HIGHLAND AV,0,NA,Y,A,-,N,NA,NA,NA,NA,NA,NA,NA,NA,NA,Y,1,1,4,3,A,-,09,21801,A,N,D,C,A,A,H,-,A,A,0,NA,NA,NA,NA,Y,NA,A,01,0,0,4,0,0,0,0,0,0,-,-,NA,NA,SAN BERNARDINO,SAN BERNARDINO,-117.27252002,34.1359001
8465522,2017,2018-12-20,3610,2017-06-20,0703,50571,NA,2,5,6,3610,0,0,0,NA,0,ADAM,W 5TH ST 66,GARNER AV,309,W,N,A,-,N,NA,NA,NA,NA,NA,NA,NA,NA,NA,N,1,1,1,3,A,-,11,21954,A,N,G,B,E,A,H,-,A,D,0,Y,NA,NA,NA,Y,NA,N,60,1,0,0,1,1,0,0,0,0,-,-,34.1083,-117.31383,SAN BERNARDINO,SAN BERNARDINO,-117.31244802,34.10832091
8465647,2018,2019-02-26,3607,2018-09-26,1650,15028,22,3,5,6,3607,0,0,0,NA,0,126,RT 83,C ST,1,S,N,A,-,Y,SBD,8,83,-,-,9.628,I,5,S,Y,1,1,0,2,A,-,09,21801,A,N,D,G,A,A,H,-,A,A,0,NA,Y,NA,NA,Y,NA,A,01,0,0,0,0,0,1,0,0,0,-,-,NA,NA,SAN BERNARDINO,ONTARIO,-117.65121459960938,34.065818786621094
84659101,2025,2025-04-23,3604,2025-02-27,1834,1489,NA,4,5,6,3604,0,0,0,NA,0,003,RANDALL AVE,DATE ST,47,W,-,A,-,N,NA,NA,NA,NA,NA,NA,NA,NA,NA,N,4,0,1,2,A,-,03,22350,NA,N,D,E,A,A,H,-,D,D,0,NA,NA,NA,NA,Y,NA,A,01,0,0,1,0,0,0,0,0,0,-,-,NA,NA,SAN BERNARDINO,FONTANA,-117.44677734375,34.08481979370117
84660799,2025,2025-04-24,3611,2025-02-21,1448,3535,NA,5,5,5,3611,0,0,0,NA,0,003,16TH ST,TANGLEWOOD AVE,82,W,N,A,-,N,NA,NA,NA,NA,NA,NA,NA,NA,NA,Y,3,0,1,2,A,-,01,23152,A,N,C,C,A,A,H,-,A,A,0,NA,NA,NA,Y,Y,Y,F,86,0,1,0,0,0,0,0,0,0,-,-,34.121761322021484,-117.62474822998048,SAN BERNARDINO,UPLAND,-117.62500762939452,34.121559143066406
8466136,2017,2017-10-05,3600,2017-09-06,1443,C8720,AD303,3,5,3,3613,0,0,0,NA,0,002,RANCHO RD,BELLFLOWER ST,0,NA,Y,A,-,N,NA,NA,NA,NA,NA,NA,NA,NA,NA,N,4,0,1,2,A,-,03,22350,NA,N,C,C,A,A,H,-,A,A,0,NA,NA,NA,NA,Y,NA,A,07,0,0,1,0,0,0,0,0,0,-,-,NA,NA,SAN BERNARDINO,ADELANTO,-117.41835005,34.55930003
84665259,2025,2025-11-24,3609,2025-04-14,1748,02397,NA,1,5,5,3609,0,0,0,NA,0,003,2ND ST,SPRUCE AVE,134,W,N,A,-,N,NA,NA,NA,NA,NA,NA,NA,NA,NA,Y,3,0,1,3,A,-,08,22107,NA,N,D,C,A,A,H,-,A,D,0,NA,NA,NA,NA,Y,NA,A,01,0,1,0,0,0,0,0,0,0,-,-,34.1019401550293,-117.38807678222656,SAN BERNARDINO,RIALTO,-117.38841247558594,34.1019172668457
84673812,2025,2025-05-05,3602,2025-03-15,1859,4537,NA,6,5,5,3602,0,0,0,NA,0,001,PHILADELPHIA STREET (4500 BLOCK),RAMONA AVENUE,125,E,N,A,-,N,NA,NA,NA,NA,NA,NA,NA,NA,NA,N,4,0,1,2,A,-,08,22107,NA,N,D,C,A,A,H,-,C,A,0,NA,NA,NA,NA,Y,NA,A,01,0,0,1,0,0,0,0,0,0,-,-,34.03343963623047,-117.70635223388672,SAN BERNARDINO,CHINO,-117.70648956298828,34.03348159790039
84674225,2025,2025-05-05,3611,2025-01-20,1515,3416,NA,1,5,5,3611,0,0,0,NA,0,002,EUCLID AVE,8TH ST,0,NA,Y,A,-,N,NA,NA,NA,NA,NA,NA,NA,NA,NA,Y,4,0,1,2,D,-,00,NA,NA,N,D,C,A,A,H,-,A,A,0,NA,NA,NA,NA,Y,NA,-,-,0,0,1,0,0,0,0,0,0,-,-,34.09251022338867,-117.65109252929688,SAN BERNARDINO,UPLAND,-117.65097045898438,34.09246063232422
84676079,2025,2025-05-06,3602,2025-04-20,1607,4537,NA,7,5,5,3602,0,0,0,NA,0,003,EL PRADO ROAD (15200 BLOCK),CENTRAL AVENUE,0,NA,Y,A,-,N,NA,NA,NA,NA,NA,NA,NA,NA,NA,Y,4,0,2,2,A,-,12,21453,A,N,D,C,A,A,H,-,A,A,0,NA,NA,NA,NA,Y,NA,A,01,0,0,2,0,0,0,0,0,0,-,-,NA,NA,SAN BERNARDINO,CHINO,-117.6889190673828,33.976341247558594
84681195,2025,2025-05-09,3607,2025-04-12,434,20628,NA,6,5,6,3607,0,0,0,NA,0,011,6TH STREET,DAHLIA CT,50,E,N,-,-,N,NA,NA,NA,NA,NA,NA,NA,NA,NA,Y,2,0,1,2,A,-,03,22350,NA,N,B,E,A,A,H,-,C,D,0,NA,NA,NA,NA,Y,NA,A,01,1,0,0,0,0,0,0,0,0,-,-,NA,NA,SAN BERNARDINO,ONTARIO,-117.67299652099608,34.08512878417969
84682522,2025,2025-05-12,3611,2025-04-03,1353,3357,NA,4,5,5,3611,0,0,0,NA,0,003,EUCLID AVE,20TH ST,0,NA,Y,A,-,N,NA,NA,NA,NA,NA,NA,NA,NA,NA,N,4,0,1,2,A,-,05,21650,1,N,D,G,A,A,H,-,A,A,0,NA,Y,NA,NA,Y,NA,L,04,0,0,1,0,0,0,1,0,0,-,-,34.13616943359375,-117.65135955810548,SAN BERNARDINO,UPLAND,-117.65145111083984,34.13610076904297
84683025,2025,2025-05-12,3609,2025-02-08,905,02311,NA,6,5,5,3609,0,0,0,NA,0,003,MERRILL AVE,LARCH AVE,0,NA,Y,A,-,N,NA,NA,NA,NA,NA,NA,NA,NA,NA,N,4,0,1,2,A,-,09,21801,A,N,H,C,A,A,H,-,A,A,0,NA,NA,NA,NA,Y,NA,A,01,0,0,1,0,0,0,0,0,0,-,-,34.09226989746094,-117.39218139648438,SAN BERNARDINO,RIALTO,-117.39215087890624,34.09225082397461
84684692,2025,2025-05-13,3609,2025-04-15,43,02418,NA,2,5,5,3609,0,0,0,NA,0,001,BASELINE RD,LINDEN AVE,100,W,N,A,-,N,NA,NA,NA,NA,NA,NA,NA,NA,NA,Y,3,0,1,1,A,-,03,22350,NA,N,E,J,A,A,H,-,C,A,0,NA,NA,NA,NA,Y,NA,A,01,0,1,0,0,0,0,0,0,0,-,-,34.121341705322266,-117.40091705322266,SAN BERNARDINO,RIALTO,-117.40127563476563,34.12126159667969
84686418,2025,2025-05-14,3607,2025-05-07,1826,21634,NA,3,5,6,3607,0,0,0,NA,0,082,SCHAEFER AV,WALKER AV,0,NA,Y,A,-,N,NA,NA,NA,NA,NA,NA,NA,NA,NA,N,4,0,1,2,A,-,03,22350,NA,N,C,C,A,A,H,-,A,A,0,NA,NA,NA,Y,Y,NA,F,27,0,0,1,0,0,0,0,0,0,-,-,NA,NA,SAN BERNARDINO,ONTARIO,-117.61945343017578,34.00498962402344
84698151,2025,2025-05-23,3609,2025-05-07,1215,01323,NA,3,5,5,3609,0,0,0,NA,0,002,LILAC AVE,RAMONA DR,70,N,N,A,-,N,NA,NA,NA,NA,NA,NA,NA,NA,NA,N,3,0,1,2,A,-,03,22350,NA,N,C,E,A,A,H,-,A,D,0,NA,NA,NA,NA,Y,NA,D,22,0,1,0,0,0,0,0,0,0,-,-,34.10826873779297,-117.37896728515624,SAN BERNARDINO,RIALTO,-117.37911224365234,34.10831069946289
8470089,2017,2017-10-23,3600,2017-09-26,1407,D5273,LL013,2,5,3,3615,0,0,0,NA,0,LL1,MOUNTAIN VIEW AV,BARTON RD,0,NA,Y,A,-,N,NA,NA,NA,NA,NA,NA,NA,NA,NA,Y,4,0,1,2,A,-,12,21453,A,N,D,C,A,A,H,-,A,A,0,NA,NA,NA,NA,Y,NA,D,22,0,0,1,0,0,0,0,0,0,-,-,NA,NA,SAN BERNARDINO,LOMA LINDA,-117.24362007,34.04847004
8470372,2017,2017-10-24,3604,2017-09-15,0720,P1261,NA,5,5,6,3604,0,0,0,NA,0,NA,MARYGOLD AV,KEMPSTER AV,112,E,N,B,-,N,NA,NA,NA,NA,NA,NA,NA,NA,NA,Y,4,0,1,3,A,-,09,21804,A,N,D,C,A,A,H,-,A,D,0,NA,NA,NA,NA,Y,NA,A,01,0,0,1,0,0,0,0,0,0,-,-,NA,NA,SAN BERNARDINO,FONTANA,-117.42947122,34.07399
84706194,2025,2025-05-30,3604,2025-04-18,149,1367,NA,5,5,6,3604,0,0,0,NA,0,NA,ARROW BLVD,PALMETTO AVE,456,W,-,B,-,N,NA,NA,NA,NA,NA,NA,NA,NA,NA,Y,4,0,1,1,A,-,03,22350,NA,N,E,I,A,B,H,-,C,D,0,NA,NA,NA,NA,Y,NA,A,01,0,0,1,0,0,0,0,0,0,-,-,NA,NA,SAN BERNARDINO,FONTANA,-117.42853546142578,34.099369049072266
84706320,2025,2025-05-30,3604,2025-05-09,1436,1367,NA,5,5,6,3604,0,0,0,NA,0,NA,CYPRESS AVE,ATHOL ST,0,N,-,A,-,N,NA,NA,NA,NA,NA,NA,NA,NA,NA,Y,4,0,2,3,A,-,12,22450,A,M,D,C,A,A,H,-,A,A,0,NA,NA,NA,NA,Y,NA,A,01,0,0,2,0,0,0,0,0,0,-,-,NA,NA,SAN BERNARDINO,FONTANA,-117.44447326660156,34.08852767944336
84706330,2025,2025-05-30,3604,2025-05-10,221,1396,NA,6,5,6,3604,0,0,0,NA,0,003,CITRUS AVE,ARROW BLVD,0,N,-,A,-,N,NA,NA,NA,NA,NA,NA,NA,NA,NA,Y,3,0,2,2,A,-,12,21453,A,N,D,C,A,A,H,-,C,A,0,NA,NA,NA,NA,Y,NA,A,01,0,2,0,0,0,0,0,0,0,-,-,NA,NA,SAN BERNARDINO,FONTANA,-117.45365142822266,34.099300384521484
84707837,2025,2025-06-02,3604,2025-05-12,603,1339,NA,1,5,6,3604,0,0,0,NA,0,NA,FOOTHILL BLVD,MULBERRY AVE,176,E,-,A,-,N,NA,NA,NA,NA,NA,NA,NA,NA,NA,Y,4,0,1,1,A,-,08,22107,NA,N,E,I,A,A,H,-,A,A,0,NA,NA,NA,NA,Y,NA,A,01,0,0,1,0,0,0,0,0,0,-,-,NA,NA,SAN BERNARDINO,FONTANA,-117.5056381225586,34.10634994506836
84707844,2025,2025-06-02,3604,2025-05-13,1436,680,NA,2,5,6,3604,0,0,0,NA,0,NA,DUNCAN CANYON RD,BROOKSIDE AVE,0,N,-,B,-,N,NA,NA,NA,NA,NA,NA,NA,NA,NA,Y,3,0,3,2,A,-,03,22350,NA,N,D,C,A,A,H,-,A,A,0,NA,NA,NA,NA,Y,NA,A,01,0,3,0,0,0,0,0,0,0,-,-,NA,NA,SAN BERNARDINO,FONTANA,-117.4785385131836,34.1646842956543
84708787,2025,2025-06-02,3602,2025-05-19,817,4148,NA,1,5,5,3602,0,0,0,NA,0,002,EDISON AVENUE (6800 BLOCK),WHITEBARK AVENUE,0,NA,Y,A,-,N,NA,NA,NA,NA,NA,NA,NA,NA,NA,N,4,0,1,2,A,-,09,21804,A,N,D,C,A,A,H,-,A,A,0,NA,NA,NA,NA,Y,NA,A,01,0,0,1,0,0,0,0,0,0,-,-,33.997581481933594,-117.65641021728516,SAN BERNARDINO,CHINO,-117.65637969970705,33.99750900268555
8471335,2017,2017-10-19,3610,2017-09-04,1946,F6921,HI010,1,5,6,3610,0,0,0,NA,0,HI2,HIGHLAND AV,VICTORIA AV,0,NA,Y,A,-,N,NA,NA,NA,NA,NA,NA,NA,NA,NA,N,3,0,1,2,A,-,11,21456,B,N,G,B,B,A,H,-,C,A,0,Y,NA,NA,NA,Y,NA,N,60,0,1,0,0,1,0,0,0,0,-,-,NA,NA,SAN BERNARDINO,SAN BERNARDINO,-117.22620007,34.13583004
84713817,2025,2025-06-05,3611,2025-04-20,1525,3389,NA,7,5,5,3611,0,0,0,NA,0,004,EUCLID AVE,8TH ST,30,S,N,A,-,N,NA,NA,NA,NA,NA,NA,NA,NA,NA,N,4,0,1,2,A,-,03,22350,NA,N,C,C,A,A,H,-,A,A,0,NA,NA,NA,NA,Y,NA,A,01,0,0,1,0,0,0,0,0,0,-,-,34.09251022338867,-117.65109252929688,SAN BERNARDINO,UPLAND,-117.65097045898438,34.092376708984375
8471418,2017,2017-10-20,3600,2017-08-19,2155,F5110,HI009,6,5,4,3618,0,0,0,NA,0,NA,VICTORIA AV,BASELINE ST,11,S,N,A,-,N,NA,NA,NA,NA,NA,NA,NA,NA,NA,N,3,0,1,1,C,-,18,NA,NA,N,H,-,A,A,H,-,C,A,0,NA,NA,NA,NA,Y,NA,-,-,0,1,0,0,0,0,0,0,0,-,-,NA,NA,SAN BERNARDINO,HIGHLAND,-117.22620785,34.12121249
84716735,2025,2025-06-09,3604,2025-06-05,1709,1367,NA,4,5,6,3604,0,0,0,NA,0,NA,ETIWANDA AVE,SANTA ANA AVE,0,N,-,A,-,N,NA,NA,NA,NA,NA,NA,NA,NA,NA,Y,3,0,1,2,A,-,08,22107,NA,N,B,C,A,A,H,-,A,A,0,NA,NA,Y,NA,Y,NA,A,01,0,1,0,0,0,0,0,0,1,-,-,NA,NA,SAN BERNARDINO,FONTANA,-117.52416229248048,34.05533218383789
84719242,2025,2025-06-10,3607,2025-05-14,1204,80509,NA,3,5,6,3607,0,0,0,NA,0,062,SULTANA AVE,DEERFIELD ST,0,NA,Y,A,-,N,NA,NA,NA,NA,NA,NA,NA,NA,NA,N,3,0,1,2,A,-,08,22107,NA,N,B,E,A,A,H,-,A,D,0,NA,NA,NA,NA,Y,NA,A,01,0,1,0,0,0,0,0,0,0,-,-,NA,NA,SAN BERNARDINO,ONTARIO,-117.64584350585938,34.02293395996094
84721026,2025,2026-02-25,3607,2025-06-08,35,20389,NA,7,5,6,3607,0,0,0,NA,0,031,FOURTH ST,BAKER AV,48,E,N,A,-,N,NA,NA,NA,NA,NA,NA,NA,NA,NA,Y,3,0,2,2,A,-,01,23153,A,N,B,C,A,A,H,-,C,D,0,NA,NA,Y,NA,Y,Y,C,02,0,2,0,0,0,0,0,0,2,-,-,NA,NA,SAN BERNARDINO,ONTARIO,-117.6196746826172,34.07762908935547
84722640,2025,2025-06-12,3609,2025-05-11,210,02647,NA,7,5,5,3609,0,0,0,NA,0,002,RIVERSIDE AVE,CASCADE DR,50,N,N,A,-,N,NA,NA,NA,NA,NA,NA,NA,NA,NA,Y,4,0,1,1,A,-,03,22350,NA,N,E,I,A,A,H,-,C,A,0,NA,NA,Y,NA,Y,NA,C,06,0,0,1,0,0,0,0,0,1,-,-,34.126399993896484,-117.3704071044922,SAN BERNARDINO,RIALTO,-117.37042236328124,34.126495361328125
84729608,2025,2025-06-18,3604,2025-06-16,1540,1518,NA,1,5,6,3604,0,0,0,NA,0,NA,ARROW BLVD,LAUREL AVE,0,N,-,A,-,N,NA,NA,NA,NA,NA,NA,NA,NA,NA,Y,3,0,2,3,A,-,09,21801,A,N,D,C,A,A,H,-,A,D,0,NA,NA,NA,NA,Y,NA,A,01,0,2,0,0,0,0,0,0,0,-,-,NA,NA,SAN BERNARDINO,FONTANA,-117.41395568847656,34.09946060180664
8472969,2017,2017-11-28,3604,2017-09-17,0353,479,3604,7,5,6,3604,0,0,0,NA,0,NA,SIERRA AV,RT 10,0,NA,Y,B,-,N,NA,NA,NA,NA,NA,NA,NA,NA,NA,Y,4,0,1,2,A,-,12,21453,A,M,D,C,A,A,H,-,C,A,0,NA,NA,NA,NA,Y,NA,A,01,0,0,1,0,0,0,0,0,0,-,-,NA,NA,SAN BERNARDINO,FONTANA,-117.43575006,34.06744006
84731282,2025,2025-06-19,3611,2025-04-17,1442,3612,NA,4,5,5,3611,0,0,0,NA,0,002,SAN ANTONIO AVE,ARROW HWY,0,NA,Y,B,-,N,NA,NA,NA,NA,NA,NA,NA,NA,NA,Y,4,0,1,3,A,-,09,21801,A,N,D,D,A,A,H,-,A,A,0,NA,NA,NA,NA,Y,NA,A,01,0,0,1,0,0,0,0,0,0,-,-,34.0997314453125,-117.66072082519533,SAN BERNARDINO,UPLAND,-117.66078186035156,34.09970474243164
8473354,2017,2017-11-02,3600,2017-10-02,1529,D3560,HE313,1,5,5,3619,0,0,0,NA,0,HE3,7TH AV,ORANGE ST,0,NA,Y,A,-,N,NA,NA,NA,NA,NA,NA,NA,NA,NA,Y,2,0,1,2,A,-,09,21801,A,N,D,C,A,A,H,-,A,A,0,NA,NA,Y,NA,Y,NA,A,01,1,0,0,0,0,0,0,0,0,-,-,NA,NA,SAN BERNARDINO,HESPERIA,-117.31610004,34.42151004
84740142,2025,2025-06-26,3607,2025-06-11,125,21616,NA,3,5,6,3607,0,0,0,NA,0,021,EUCLID AV,HAWTHORNE ST,260,N,N,A,-,N,NA,NA,NA,NA,NA,NA,NA,NA,NA,Y,3,0,1,1,A,-,07,21658,A,N,E,I,A,A,H,-,C,D,0,NA,NA,NA,NA,Y,NA,A,01,0,1,0,0,0,0,0,0,0,-,-,NA,NA,SAN BERNARDINO,ONTARIO,-117.6509246826172,34.08365249633789
84741696,2025,2025-06-27,3607,2025-06-17,1453,80334,NA,2,5,6,3607,0,0,0,NA,0,MILL,MILLIKEN AV,ONTARIO MILLS PW,0,NA,Y,A,-,N,NA,NA,NA,NA,NA,NA,NA,NA,NA,N,4,0,2,2,A,-,08,22107,NA,N,B,C,A,A,H,-,A,A,0,NA,NA,NA,NA,Y,NA,-,31,0,0,2,0,0,0,0,0,0,-,-,NA,NA,SAN BERNARDINO,ONTARIO,-117.55834197998048,34.068790435791016
84746713,2025,2025-07-07,3604,2025-06-27,2121,1396,NA,5,5,6,3604,0,0,0,NA,0,001,SUMMIT AVE,PARKSIDE WAY,0,N,-,A,-,N,NA,NA,NA,NA,NA,NA,NA,NA,NA,Y,3,0,2,2,A,-,09,21801,A,N,D,C,A,A,H,-,C,A,0,NA,NA,NA,NA,Y,NA,D,22,0,1,1,0,0,0,0,0,0,-,-,NA,NA,SAN BERNARDINO,FONTANA,-117.4600067138672,34.15037536621094
8475138,2017,2017-12-08,3609,2017-10-10,1237,2493,36,2,5,5,3609,0,0,0,NA,0,001,W BONHERT,W BONHERT 1380,0,NA,N,-,-,N,NA,NA,NA,NA,NA,NA,NA,NA,NA,Y,3,0,1,2,A,-,08,22107,NA,N,C,C,A,A,H,-,A,D,0,NA,NA,NA,NA,Y,NA,A,01,0,1,0,0,0,0,0,0,0,-,-,34.1432,-117.39223,SAN BERNARDINO,RIALTO,-117.39853263,34.14311683