CASE_ID,ACCIDENT_YEAR,PROC_DATE,JURIS,COLLISION_DATE,COLLISION_TIME,OFFICER_ID,REPORTING_DISTRICT,DAY_OF_WEEK,CHP_SHIFT,POPULATION,CNTY_CITY_LOC,SPECIAL_COND,BEAT_TYPE,CHP_BEAT_TYPE,CITY_DIVISION_LAPD,CHP_BEAT_CLASS,BEAT_NUMBER,PRIMARY_RD,SECONDARY_RD,DISTANCE,DIRECTION,INTERSECTION,WEATHER_1,WEATHER_2,STATE_HWY_IND,CALTRANS_COUNTY,CALTRANS_DISTRICT,STATE_ROUTE,ROUTE_SUFFIX,POSTMILE_PREFIX,POSTMILE,LOCATION_TYPE,RAMP_INTERSECTION,SIDE_OF_HWY,TOW_AWAY,COLLISION_SEVERITY,NUMBER_KILLED,NUMBER_INJURED,PARTY_COUNT,PRIMARY_COLL_FACTOR,PCF_CODE_OF_VIOL,PCF_VIOL_CATEGORY,PCF_VIOLATION,PCF_VIOL_SUBSECTION,HIT_AND_RUN,TYPE_OF_COLLISION,MVIW,PED_ACTION,ROAD_SURFACE,ROAD_COND_1,ROAD_COND_2,LIGHTING,CONTROL_DEVICE,CHP_ROAD_TYPE,PEDESTRIAN_ACCIDENT,BICYCLE_ACCIDENT,MOTORCYCLE_ACCIDENT,TRUCK_ACCIDENT,NOT_PRIVATE_PROPERTY,ALCOHOL_INVOLVED,STWD_VEHTYPE_AT_FAULT,CHP_VEHTYPE_AT_FAULT,COUNT_SEVERE_INJ,COUNT_VISIBLE_INJ,COUNT_COMPLAINT_PAIN,COUNT_PED_KILLED,COUNT_PED_INJURED,COUNT_BICYCLIST_KILLED,COUNT_BICYCLIST_INJURED,COUNT_MC_KILLED,COUNT_MC_INJURED,PRIMARY_RAMP,SECONDARY_RAMP,LATITUDE,LONGITUDE,COUNTY,CITY,POINT_X,POINT_Y
8475142,2017,2017-12-08,3609,2017-10-11,0636,8510,168,3,5,5,3609,0,0,0,NA,0,003,SAN BERNARDINO AV,TEAKWOOD AV,131,E,N,A,-,N,NA,NA,NA,NA,NA,NA,NA,NA,NA,Y,3,0,3,2,A,-,08,22107,NA,N,D,C,A,A,H,-,A,D,0,NA,NA,NA,NA,Y,NA,A,07,0,1,2,0,0,0,0,0,0,-,-,34.07797,-117.38899,SAN BERNARDINO,RIALTO,-117.38899867,34.07768713
84752724,2025,2025-07-08,3609,2025-05-15,14,02311,NA,4,5,5,3609,0,0,0,NA,0,003,CACTUS AVE,SAN BERNARDINO AVE,0,NA,Y,A,-,N,NA,NA,NA,NA,NA,NA,NA,NA,NA,Y,4,0,1,2,A,-,09,21800,C,N,D,C,A,A,H,-,D,A,0,NA,NA,NA,NA,Y,NA,A,01,0,0,1,0,0,0,0,0,0,-,-,NA,NA,SAN BERNARDINO,RIALTO,-117.38339233398438,34.07769775390625
84754524,2025,2025-07-09,3609,2025-05-14,135,02311,NA,3,5,5,3609,0,0,0,NA,0,003,LILAC AVE,RIALTO AVE,986,S,N,A,-,N,NA,NA,NA,NA,NA,NA,NA,NA,NA,Y,2,0,1,1,A,-,03,22350,NA,N,E,I,A,A,H,-,C,A,0,NA,NA,NA,NA,Y,Y,A,01,1,0,0,0,0,0,0,0,0,-,-,NA,NA,SAN BERNARDINO,RIALTO,-117.37908172607422,34.09681701660156
84754608,2025,2025-07-09,3607,2025-06-28,59,20981,NA,6,5,6,3607,0,0,0,NA,0,031,VINEYARD AV,FOURTH ST,0,NA,Y,A,-,N,NA,NA,NA,NA,NA,NA,NA,NA,NA,Y,4,0,1,2,A,-,12,21453,A,N,A,C,A,A,H,-,C,A,0,NA,NA,NA,NA,Y,NA,A,01,0,0,1,0,0,0,0,0,0,-,-,NA,NA,SAN BERNARDINO,ONTARIO,-117.6110382080078,34.07759094238281
8475900,2017,2017-11-18,3600,2017-10-26,1730,C4463,AP003,4,5,5,3621,0,0,0,NA,0,NA,WANAQUE RD,THUNDERBIRD RD,0,NA,Y,A,-,N,NA,NA,NA,NA,NA,NA,NA,NA,NA,Y,4,0,1,2,A,-,08,22107,NA,F,D,C,A,A,H,-,A,-,0,NA,NA,NA,NA,Y,Y,A,01,0,0,1,0,0,0,0,0,0,-,-,NA,NA,SAN BERNARDINO,APPLE VALLEY,-117.21755001,34.52998003
84759009,2025,2025-07-14,3602,2025-07-01,548,4122,NA,2,5,5,3602,0,0,0,NA,0,003,MILL CREEK AVE,BICKMORE AVE,0,NA,Y,A,-,N,NA,NA,NA,NA,NA,NA,NA,NA,NA,Y,4,0,1,2,A,-,09,21801,A,N,D,C,A,A,H,-,A,A,0,NA,NA,NA,NA,Y,NA,A,01,0,0,1,0,0,0,0,0,0,-,-,33.061439514160156,-117.63242340087892,SAN BERNARDINO,CHINO,-117.63211059570313,33.96133041381836
84767432,2025,2025-07-18,3611,2025-05-03,1535,3480,NA,6,5,5,3611,0,0,0,NA,0,002,MOUNTAIN AVE,7TH ST,260,S,N,B,-,N,NA,NA,NA,NA,NA,NA,NA,NA,NA,Y,4,0,1,2,A,-,03,22350,NA,F,C,C,A,A,H,-,A,A,0,NA,NA,NA,Y,Y,NA,A,01,0,0,1,0,0,0,0,0,0,-,-,34.08879852294922,-117.67015838623048,SAN BERNARDINO,UPLAND,-117.67012786865234,34.08805847167969
84767436,2025,2025-07-18,3611,2025-05-15,1720,3478,NA,4,5,5,3611,0,0,0,NA,0,001,FOOTHILL BLVD,SAN ANTONIO AVE,284,W,N,A,-,N,NA,NA,NA,NA,NA,NA,NA,NA,NA,N,4,0,1,2,A,-,03,22350,NA,N,C,C,A,A,H,-,A,A,0,NA,NA,NA,NA,Y,NA,A,01,0,0,1,0,0,0,0,0,0,-,-,34.106868743896484,-117.66069793701172,SAN BERNARDINO,UPLAND,-117.66161346435548,34.1070671081543
84767441,2025,2025-07-18,3611,2025-05-22,1229,3612,NA,4,5,5,3611,0,0,0,NA,0,001,16TH ST,MOUNTAIN AVE,310,W,N,A,-,N,NA,NA,NA,NA,NA,NA,NA,NA,NA,N,4,0,1,2,A,-,09,21804,A,N,D,C,A,A,H,-,A,A,0,NA,NA,NA,NA,Y,NA,A,01,0,0,1,0,0,0,0,0,0,-,-,34.1215705871582,-117.67030334472656,SAN BERNARDINO,UPLAND,-117.6712646484375,34.12150955200195
84776466,2025,2025-07-25,3609,2025-06-21,1417,02322,NA,6,5,5,3609,0,0,0,NA,0,002,WILLOW AVE,BASELINE RD,348,N,N,A,-,N,NA,NA,NA,NA,NA,NA,NA,NA,NA,N,4,0,1,2,A,-,09,21800,A,N,D,C,A,A,H,-,A,D,0,NA,NA,NA,NA,Y,NA,A,01,0,0,1,0,0,0,0,0,0,-,-,NA,NA,SAN BERNARDINO,RIALTO,-121.93324279785156,36.98717498779297
84781936,2025,2025-07-30,3604,2025-07-27,2229,1492,NA,7,5,6,3604,0,0,0,NA,0,NA,SIERRA AVE,SIERRA LAKES PKWY,690,S,N,A,-,N,NA,NA,NA,NA,NA,NA,NA,NA,NA,Y,4,0,1,2,A,-,08,22107,NA,N,B,C,A,A,H,-,B,A,0,NA,NA,NA,NA,Y,NA,A,01,0,0,1,0,0,0,0,0,0,-,-,34.13959884643555,-117.43594360351563,SAN BERNARDINO,FONTANA,-117.43611145019533,34.13771057128906
84783830,2025,2025-07-31,3607,2025-07-22,1729,21719,NA,2,5,6,3607,0,0,0,NA,0,072,HAVEN AV,CREEKSIDE DR,0,NA,Y,A,-,N,NA,NA,NA,NA,NA,NA,NA,NA,NA,Y,4,0,1,2,A,-,12,21453,A,N,D,C,A,A,H,-,A,A,0,NA,NA,NA,NA,Y,NA,A,01,0,0,1,0,0,0,0,0,0,-,-,NA,NA,SAN BERNARDINO,ONTARIO,-117.57537841796876,34.02254867553711
84785320,2025,2025-08-01,3602,2025-07-17,1810,4287,NA,4,5,5,3602,0,0,0,NA,0,001,CENTRAL AVE,FRANCIS AVE,0,NA,Y,A,-,N,NA,NA,NA,NA,NA,NA,NA,NA,NA,N,3,0,2,2,A,-,09,21453,C,N,D,C,A,A,H,-,A,A,0,NA,NA,NA,NA,Y,NA,A,01,0,2,0,0,0,0,0,0,0,-,-,34.040771484375,-117.63961029052734,SAN BERNARDINO,CHINO,-117.68961334228516,34.04082489013672
84785326,2025,2025-08-01,3611,2025-06-14,822,3390,NA,6,5,5,3611,0,0,0,NA,0,001,EUCLID AVE,FOOTHILL BLVD,0,NA,Y,A,-,N,NA,NA,NA,NA,NA,NA,NA,NA,NA,Y,3,0,1,2,A,-,09,21453,C,N,D,C,A,A,H,-,A,A,0,NA,NA,NA,NA,Y,NA,A,01,0,1,0,0,0,0,0,0,0,-,-,34.10702896118164,-117.65096282958984,SAN BERNARDINO,UPLAND,-117.6513671875,34.106929779052734
84785334,2025,2025-08-01,3611,2025-06-21,2134,3531,NA,6,5,5,3611,0,0,0,NA,0,001,SAN ANTONIO AVE,14TH ST,0,NA,Y,A,-,N,NA,NA,NA,NA,NA,NA,NA,NA,NA,Y,4,0,2,2,A,-,12,22450,A,N,D,C,A,A,H,-,A,A,0,NA,NA,NA,NA,Y,NA,A,01,0,0,2,0,0,0,0,0,0,-,-,34.11423110961914,-117.66085052490234,SAN BERNARDINO,UPLAND,-117.66082763671876,34.1142463684082
84794400,2025,2025-08-08,3611,2025-07-01,1652,3357,NA,2,5,5,3611,0,0,0,NA,0,001,16TH ST,LAUREL AVE,16,E,N,A,-,N,NA,NA,NA,NA,NA,NA,NA,NA,NA,Y,4,0,4,4,A,-,03,22350,NA,N,C,C,A,A,H,-,A,A,0,NA,NA,NA,NA,Y,NA,A,01,0,0,4,0,0,0,0,0,0,-,-,34.12165832519531,-117.6531219482422,SAN BERNARDINO,UPLAND,-117.65300750732422,34.12154006958008
8479802,2017,2017-11-02,3608,2017-10-14,1100,4335,3608,6,5,5,3608,0,0,0,NA,0,901,LUGONIA AV,NEVADA ST,0,NA,Y,A,-,N,NA,NA,NA,NA,NA,NA,NA,NA,NA,Y,3,0,1,2,A,-,12,22450,A,N,D,C,A,A,H,-,A,A,0,NA,NA,NA,NA,Y,NA,A,07,0,1,0,0,0,0,0,0,0,-,-,NA,NA,SAN BERNARDINO,REDLANDS,-117.21747011,34.07029004
8479821,2017,2018-06-26,3602,2017-10-15,0853,1256,NA,7,5,5,3602,0,0,0,NA,0,002,CENTRAL AV,RT 60,0,NA,Y,A,-,Y,SBD,8,60,-,R,2.57,R,4,W,Y,4,0,1,2,A,-,12,21453,A,N,D,C,A,A,H,-,A,A,0,NA,NA,NA,NA,Y,NA,A,01,0,0,1,0,0,0,0,0,0,-,WF,NA,NA,SAN BERNARDINO,CHINO,-117.68588297,34.03040232
8479891,2017,2017-11-22,3602,2017-08-19,1111,3805,NA,6,5,5,3602,0,0,0,NA,0,005,PINE AV,HOMECOMING DR,0,NA,Y,A,-,N,NA,NA,NA,NA,NA,NA,NA,NA,NA,Y,4,0,1,2,A,-,12,21453,A,N,D,C,A,A,H,-,A,A,0,NA,NA,NA,NA,Y,NA,D,22,0,0,1,0,0,0,0,0,0,-,-,NA,NA,SAN BERNARDINO,CHINO,-117.61556007,33.95953009
8480347,2017,2017-11-02,3602,2017-09-30,1814,3687,NA,6,5,5,3602,0,0,0,NA,0,004,EDISON AV,12TH ST,210,W,N,A,-,N,NA,NA,NA,NA,NA,NA,NA,NA,NA,Y,4,0,1,3,A,-,03,22350,NA,N,C,C,A,A,H,-,A,A,0,NA,NA,Y,NA,Y,NA,I,11,0,0,1,0,0,0,0,0,1,-,-,NA,NA,SAN BERNARDINO,CHINO,-117.68545085,33.9973
8480390,2017,2017-11-07,3602,2017-09-27,1645,3402,NA,3,5,5,3602,0,0,0,NA,0,003,CHINO AV,MONTE VISTA AV,220,W,N,A,-,N,NA,NA,NA,NA,NA,NA,NA,NA,NA,Y,4,0,1,2,A,-,09,21801,A,N,D,C,A,A,H,-,A,D,0,NA,NA,NA,NA,Y,NA,A,01,0,0,1,0,0,0,0,0,0,-,-,NA,NA,SAN BERNARDINO,CHINO,-117.69871386,34.01172838
84805686,2025,2025-08-18,3602,2025-08-01,1402,4607,NA,5,5,5,3602,0,0,0,NA,0,002,ROSS AVENUE (12600 BLOCK),WALNUT AVENUE,609,S,N,A,-,N,NA,NA,NA,NA,NA,NA,NA,NA,NA,Y,3,0,1,3,A,-,03,22350,NA,N,C,E,A,A,H,-,A,A,0,NA,NA,NA,NA,Y,NA,A,01,0,1,0,0,0,0,0,0,0,-,-,34.024688720703125,-117.67420196533205,SAN BERNARDINO,CHINO,-117.67412567138672,34.02471160888672
84805716,2025,2025-08-18,3611,2025-07-01,1603,3533,NA,2,5,5,3611,0,0,0,NA,0,002,7TH ST,SPENCER AVE,378,W,N,A,-,N,NA,NA,NA,NA,NA,NA,NA,NA,NA,Y,3,0,2,2,A,-,09,21804,A,N,D,C,A,A,H,-,A,D,0,NA,NA,NA,NA,Y,NA,A,01,0,2,0,0,0,0,0,0,0,-,-,34.08877182006836,-117.67491149902344,SAN BERNARDINO,UPLAND,-117.67617797851563,34.088748931884766
8480813,2017,2017-11-07,3602,2017-09-26,1725,2199,NA,2,5,5,3602,0,0,0,NA,0,NA,CENTRAL AV,COLUMBUS ST,5,S,N,A,-,N,NA,NA,NA,NA,NA,NA,NA,NA,NA,N,4,0,1,3,A,-,03,22350,NA,N,C,C,A,A,H,-,A,A,0,NA,NA,NA,NA,Y,NA,A,07,0,0,1,0,0,0,0,0,0,-,-,34.0281,-117.6893,SAN BERNARDINO,CHINO,-117.68948982,34.0280763
8481224,2017,2017-11-17,3604,2017-10-06,1823,1147,NA,5,5,6,3604,0,0,0,NA,0,NA,ALDER AV,SEVILLE AV,0,NA,Y,A,-,N,NA,NA,NA,NA,NA,NA,NA,NA,NA,N,4,0,1,2,A,-,09,21802,A,N,D,C,A,A,H,-,B,A,0,NA,NA,Y,NA,Y,NA,A,01,0,0,1,0,0,0,0,0,1,-,-,NA,NA,SAN BERNARDINO,FONTANA,-117.41835007,34.10183009
84815177,2025,2025-08-25,3602,2025-08-06,1719,4170,NA,3,5,5,3602,0,0,0,NA,0,002,FERN AVE,HICKORY ST,0,NA,Y,A,-,N,NA,NA,NA,NA,NA,NA,NA,NA,NA,Y,4,0,2,2,A,-,09,21802,A,N,D,C,A,A,H,-,A,D,0,NA,NA,NA,NA,Y,NA,A,07,0,0,2,0,0,0,0,0,0,-,-,34.00310134887695,-117.65437316894533,SAN BERNARDINO,CHINO,-117.65435028076172,34.002899169921875
8481585,2017,2017-11-22,3602,2017-08-17,1354,3729,101,4,5,5,3602,0,0,0,NA,0,003,SCHAFER AV,RAMONA AV,0,NA,Y,A,-,N,NA,NA,NA,NA,NA,NA,NA,NA,NA,Y,4,0,1,2,A,-,09,21801,A,N,D,C,A,A,H,-,A,A,0,NA,NA,NA,NA,Y,NA,A,01,0,0,1,0,0,0,0,0,0,-,-,NA,NA,SAN BERNARDINO,CHINO,-117.70659008,34.00444005
84820928,2025,2025-08-28,3604,2025-08-26,819,1339,NA,2,5,6,3604,0,0,0,NA,0,NA,EAST AVE,DAY CANYON DR,0,N,-,A,-,N,NA,NA,NA,NA,NA,NA,NA,NA,NA,N,4,0,1,2,A,-,08,22107,NA,N,G,B,E,A,H,-,A,A,0,Y,NA,NA,NA,Y,NA,A,07,0,0,1,0,1,0,0,0,0,-,-,NA,NA,SAN BERNARDINO,FONTANA,-117.51457214355467,34.117820739746094
8482190,2017,2018-07-06,3602,2017-08-30,1718,3172,NA,3,5,5,3602,0,0,0,NA,0,001,RAMONA AV,RT 60,50,S,N,A,-,Y,SBD,8,60,-,R,1.149,R,4,E,Y,4,0,1,2,A,-,03,22350,NA,N,C,C,A,A,H,-,A,A,0,NA,NA,NA,NA,Y,NA,A,01,0,0,1,0,0,0,0,0,0,-,EF,NA,NA,SAN BERNARDINO,CHINO,-117.71064248,34.03002058
84831098,2025,2025-09-05,3609,2025-08-18,2109,02599,NA,1,5,5,3609,0,0,0,NA,0,004,WILLOW AVE,TULLOCK AVE,292,S,N,A,-,N,NA,NA,NA,NA,NA,NA,NA,NA,NA,N,2,0,2,1,A,-,04,21703,NA,N,F,A,A,A,H,-,C,D,0,NA,NA,Y,NA,Y,NA,C,02,1,1,0,0,0,0,0,0,2,-,-,NA,NA,SAN BERNARDINO,RIALTO,-117.37464904785156,34.07558822631836
8484059,2017,2017-11-15,3608,2017-10-14,0513,4153,3608,6,5,5,3608,0,0,0,NA,0,NA,CENTRAL AV,CHURCH ST,1267,E,N,A,-,N,NA,NA,NA,NA,NA,NA,NA,NA,NA,N,4,0,1,2,A,-,08,22107,NA,F,C,C,A,A,H,-,C,D,0,NA,NA,NA,NA,Y,NA,A,07,0,0,1,0,0,0,0,0,0,-,-,NA,NA,SAN BERNARDINO,REDLANDS,-117.1697127,34.05727844
84843287,2025,2025-09-15,3602,2025-08-27,1824,4170,NA,3,5,5,3602,0,0,0,NA,0,001,RAMONA AVE,RIVERSIDE DR,366,N,N,A,-,N,NA,NA,NA,NA,NA,NA,NA,NA,NA,N,3,0,2,3,A,-,09,21804,A,N,D,C,A,A,H,-,A,A,0,NA,NA,Y,NA,Y,NA,A,07,0,1,1,0,0,0,0,0,1,-,-,34.01892852783203,-117.70687866210938,SAN BERNARDINO,CHINO,-117.70675659179688,34.01994323730469
84849021,2025,2025-09-18,3611,2025-08-09,1252,3418,NA,6,5,5,3611,0,0,0,NA,0,002,FOOTHILL BLVD,BENSON AVE,80,W,N,A,-,N,NA,NA,NA,NA,NA,NA,NA,NA,NA,N,4,0,1,2,A,-,03,22350,NA,N,C,C,A,A,H,-,A,A,0,NA,NA,NA,NA,Y,NA,A,01,0,0,1,0,0,0,0,0,0,-,-,34.106929779052734,-117.68077087402344,SAN BERNARDINO,UPLAND,-117.68111419677734,34.10688400268555
84852482,2025,2025-09-22,3611,2025-08-13,216,3478,NA,3,5,5,3611,0,0,0,NA,0,002,BENNINGTON ST,COMET AVE,92,E,N,A,-,N,NA,NA,NA,NA,NA,NA,NA,NA,NA,N,3,0,3,1,A,-,01,23152,A,F,E,I,A,A,H,-,C,A,0,NA,NA,NA,NA,Y,Y,A,01,0,3,0,0,0,0,0,0,0,-,-,34.091129302978516,-117.6635971069336,SAN BERNARDINO,UPLAND,-117.66331481933594,34.09099578857422
84852536,2025,2025-09-22,3609,2025-08-26,1957,01836,NA,2,5,5,3609,0,0,0,NA,0,001,MAPLE AVE,PERSIMMON AVE,0,NA,Y,A,-,N,NA,NA,NA,NA,NA,NA,NA,NA,NA,N,4,0,1,2,A,-,14,21201,D,N,A,G,A,A,H,-,D,A,0,NA,Y,NA,NA,Y,NA,L,04,0,0,1,0,0,0,1,0,0,-,-,34.14955139160156,-117.40554809570313,SAN BERNARDINO,RIALTO,-117.40538024902344,34.14952850341797
8485289,2017,2017-12-07,3600,2017-11-03,0426,G3820,HE323,5,5,5,3619,0,0,0,NA,0,HE1,RANCHERO RD,REDWOOD AV,60,W,N,A,-,N,NA,NA,NA,NA,NA,NA,NA,NA,NA,Y,3,0,2,2,A,-,01,23152,F,N,C,A,A,A,G,-,C,D,0,NA,NA,NA,NA,Y,Y,A,01,0,1,1,0,0,0,0,0,0,-,-,NA,NA,SAN BERNARDINO,HESPERIA,-117.34032827,34.38324
8485636,2017,2018-05-08,3604,2017-09-17,2246,1043,NA,7,5,6,3604,0,0,0,NA,0,NA,SIERRA AV,FOOTHILL BL,64,S,N,A,-,N,NA,NA,NA,NA,NA,NA,NA,NA,NA,N,4,0,1,2,A,-,01,23152,A,N,C,C,A,A,H,-,C,A,0,NA,NA,NA,NA,Y,Y,A,01,0,0,1,0,0,0,0,0,0,-,-,NA,NA,SAN BERNARDINO,FONTANA,-117.43578635,34.10644467
84860825,2025,2025-09-26,3609,2025-09-04,1630,02334,NA,4,5,5,3609,0,0,0,NA,0,002,BASELINE RD,RIVERSIDE AVE,0,NA,Y,A,-,N,NA,NA,NA,NA,NA,NA,NA,NA,NA,N,4,0,2,3,A,-,11,21456,A,N,G,B,B,A,H,-,A,A,0,Y,NA,NA,NA,Y,NA,N,60,0,0,2,0,2,0,0,0,0,-,-,NA,NA,SAN BERNARDINO,RIALTO,-117.37042236328124,34.1213493347168
84868971,2025,2025-10-02,3604,2025-09-29,1331,1553,NA,1,5,6,3604,0,0,0,NA,0,004,JURUPA AVE,PACIFIC AVE,315,E,-,A,-,N,NA,NA,NA,NA,NA,NA,NA,NA,NA,Y,3,0,1,1,A,-,03,22350,NA,N,E,I,A,A,H,-,A,A,0,NA,NA,NA,NA,Y,NA,A,01,0,1,0,0,0,0,0,0,0,-,-,NA,NA,SAN BERNARDINO,FONTANA,-117.5180206298828,34.04764175415039
84870691,2025,2025-10-03,3604,2025-09-26,2153,1367,NA,5,5,6,3604,0,0,0,NA,0,NA,CHERRY AVE,VILLAGE DR,137,N,-,B,-,N,NA,NA,NA,NA,NA,NA,NA,NA,NA,Y,4,0,1,1,A,-,03,22350,NA,N,E,I,A,A,H,-,C,A,0,NA,NA,NA,NA,Y,NA,A,01,0,0,1,0,0,0,0,0,0,-,-,NA,NA,SAN BERNARDINO,FONTANA,-117.48761749267578,34.04292297363281
84872940,2025,2025-10-06,3611,2025-08-11,1530,3533,NA,1,5,5,3611,0,0,0,NA,0,002,ARROW HWY,MOUNTAIN AVE,15,E,N,A,-,N,NA,NA,NA,NA,NA,NA,NA,NA,NA,N,4,0,1,2,A,-,10,21950,A,M,G,B,B,A,H,-,A,A,0,Y,NA,NA,NA,Y,NA,A,01,0,0,1,0,1,0,0,0,0,-,-,34.09965133666992,-117.67024230957033,SAN BERNARDINO,UPLAND,-117.67020416259766,34.09967041015625
8487761,2017,2017-11-16,3611,2017-08-11,1140,3074,3611,5,5,5,3611,0,0,0,NA,0,002,MOUNTAIN AV,8TH ST,75,N,N,A,-,N,NA,NA,NA,NA,NA,NA,NA,NA,NA,Y,4,0,2,2,A,-,08,22107,NA,N,B,C,A,A,H,-,A,D,0,NA,NA,NA,NA,Y,NA,A,01,0,0,2,0,0,0,0,0,0,-,-,NA,NA,SAN BERNARDINO,UPLAND,-117.67023,34.09260364
8487831,2017,2017-11-15,3604,2017-10-09,0608,641,NA,1,5,6,3604,0,0,0,NA,0,NA,CHERRY AV,VALLEY BL,60,S,N,A,-,N,NA,NA,NA,NA,NA,NA,NA,NA,NA,Y,4,0,1,3,A,-,03,22350,NA,N,C,C,A,A,H,-,A,A,0,NA,NA,NA,NA,Y,NA,D,22,0,0,1,0,0,0,0,0,0,-,-,NA,NA,SAN BERNARDINO,FONTANA,-117.48892975,34.07005075
8487845,2017,2018-01-09,3611,2017-08-03,1654,3101,3611,4,5,5,3611,0,0,0,NA,0,002,MOUNTAIN AV,FOOTHILL BL,258,S,N,A,-,N,NA,NA,NA,NA,NA,NA,NA,NA,NA,N,4,0,1,2,B,-,22,NA,NA,M,B,C,A,A,H,-,A,D,0,NA,NA,NA,NA,Y,NA,A,01,0,0,1,0,0,0,0,0,0,-,-,NA,NA,SAN BERNARDINO,UPLAND,-117.67021,34.10625296
8487854,2017,2017-11-16,3611,2017-09-14,1133,2325,3611,4,5,5,3611,0,0,0,NA,0,003,EUCLID AV,17TH ST,0,NA,Y,A,-,N,NA,NA,NA,NA,NA,NA,NA,NA,NA,Y,3,0,2,2,A,-,09,21802,A,N,D,C,A,A,H,-,A,A,0,NA,NA,NA,NA,Y,NA,-,NA,0,1,1,0,0,0,0,0,0,-,-,NA,NA,SAN BERNARDINO,UPLAND,-117.65141008,34.12518008
8487897,2017,2017-11-20,3611,2017-08-18,0210,2579,3611,5,5,5,3611,0,0,0,NA,0,003,CAMPUS AV,COLONIES PKWY,0,NA,Y,A,-,N,NA,NA,NA,NA,NA,NA,NA,NA,NA,Y,3,0,1,1,A,-,01,23152,A,N,E,I,A,A,H,-,C,A,0,NA,NA,NA,NA,Y,Y,A,01,0,1,0,0,0,0,0,0,0,-,-,NA,NA,SAN BERNARDINO,UPLAND,-117.64215,34.12866007
8488169,2017,2017-12-01,3602,2017-10-04,1706,3511,NA,3,5,5,3602,0,0,0,NA,0,003,YORBA AV,DOHENY DR,242,S,N,A,-,N,NA,NA,NA,NA,NA,NA,NA,NA,NA,Y,4,0,2,1,A,-,08,22107,NA,N,A,I,A,A,H,-,A,D,0,NA,NA,NA,NA,Y,NA,A,01,0,0,2,0,0,0,0,0,0,-,-,NA,NA,SAN BERNARDINO,CHINO,-117.70234478,34.01495673
8489096,2017,2017-12-05,3600,2017-10-19,1715,S4009,AP025,4,5,5,3621,0,0,0,NA,0,AP3,BEAR VALLEY RD,REATA RD,245,E,N,A,-,N,NA,NA,NA,NA,NA,NA,NA,NA,NA,N,4,0,1,2,D,-,00,NA,NA,N,C,C,A,A,H,-,A,D,0,NA,NA,NA,NA,Y,NA,-,-,0,0,1,0,0,0,0,0,0,-,-,NA,NA,SAN BERNARDINO,APPLE VALLEY,-117.24443972,34.47114953
84900407,2025,2025-10-24,3609,2025-09-28,1011,02779,NA,7,5,5,3609,0,0,0,NA,0,004,RIVERSIDE AVE,ALRU ST,10,E,N,A,-,N,NA,NA,NA,NA,NA,NA,NA,NA,NA,Y,4,0,1,2,A,-,09,21800,A,N,D,D,A,A,H,-,A,A,0,NA,NA,NA,NA,Y,NA,A,01,0,0,1,0,0,0,0,0,0,-,-,34.08744812011719,-117.37004089355467,SAN BERNARDINO,RIALTO,-117.37033081054688,34.0871696472168
84906647,2025,2025-10-29,3609,2025-09-27,825,02398,NA,6,5,5,3609,0,0,0,NA,0,001,LILAC AVE,SHAMROCK ST,0,NA,Y,A,-,N,NA,NA,NA,NA,NA,NA,NA,NA,NA,Y,4,0,3,2,A,-,09,21802,A,N,D,C,A,A,H,-,A,A,0,NA,NA,NA,NA,Y,NA,A,01,0,0,3,0,0,0,0,0,0,-,-,34.119110107421875,-117.37914276123048,SAN BERNARDINO,RIALTO,-117.379150390625,34.11907958984375
8490685,2017,2017-11-29,3600,2017-10-23,0648,G0803,RC038,1,5,6,3616,0,0,0,NA,0,002,ARCHIBALD AV,BASE LINE RD,568,S,N,A,-,N,NA,NA,NA,NA,NA,NA,NA,NA,NA,Y,3,0,1,2,A,-,09,21801,A,N,D,C,A,A,H,-,B,D,0,NA,NA,NA,Y,Y,NA,F,27,0,1,0,0,0,0,0,0,0,-,-,NA,NA,SAN BERNARDINO,RANCHO CUCAMONGA,-117.59349,34.1199834
8490796,2017,2017-11-29,3600,2017-10-06,1956,F8950,RC055,5,5,6,3616,0,0,0,NA,0,004,BASLINE RD,ALTA CUESTA ST,231,E,N,A,-,N,NA,NA,NA,NA,NA,NA,NA,NA,NA,Y,4,0,1,2,A,-,01,23152,A,N,A,C,A,A,H,-,C,A,0,NA,NA,NA,NA,Y,Y,A,01,0,0,1,0,0,0,0,0,0,-,-,NA,NA,SAN BERNARDINO,RANCHO CUCAMONGA,-117.61982471,34.12158108
84908245,2025,2025-10-30,3611,2025-09-03,1024,3435,NA,3,5,5,3611,0,0,0,NA,0,002,EUCLID AVE,7TH ST,0,NA,Y,A,-,N,NA,NA,NA,NA,NA,NA,NA,NA,NA,Y,3,0,1,2,A,-,12,21453,A,N,D,C,A,A,H,-,A,A,0,NA,NA,NA,NA,Y,NA,A,07,0,1,0,0,0,0,0,0,0,-,-,34.088809967041016,-117.6510772705078,SAN BERNARDINO,UPLAND,-117.65095520019533,34.08882141113281
84909916,2025,2025-10-31,3604,2025-10-19,128,1396,NA,7,5,6,3604,0,0,0,NA,0,003,WASHINGTON DR,LIVE OAK AVE,128,W,-,A,-,N,NA,NA,NA,NA,NA,NA,NA,NA,NA,Y,3,0,2,2,A,-,05,21650,NA,M,A,G,A,A,H,-,C,D,0,NA,Y,NA,NA,Y,NA,A,01,0,1,1,0,0,0,1,0,0,-,-,NA,NA,SAN BERNARDINO,FONTANA,-117.48040008544922,34.06709671020508
84912109,2025,2025-11-05,3602,2025-10-08,918,2798,NA,3,5,5,3602,0,0,0,NA,0,001,WALNUT AVE,RAMONA AVE,8,E,N,A,-,N,NA,NA,NA,NA,NA,NA,NA,NA,NA,N,3,0,1,2,A,-,05,21650,1,N,D,G,A,A,H,-,A,A,0,NA,Y,NA,NA,Y,NA,L,04,0,1,0,0,0,0,1,0,0,-,-,34.02619171142578,-117.70697021484376,SAN BERNARDINO,CHINO,-117.706787109375,34.026161193847656