CASE_ID,ACCIDENT_YEAR,PROC_DATE,JURIS,COLLISION_DATE,COLLISION_TIME,OFFICER_ID,REPORTING_DISTRICT,DAY_OF_WEEK,CHP_SHIFT,POPULATION,CNTY_CITY_LOC,SPECIAL_COND,BEAT_TYPE,CHP_BEAT_TYPE,CITY_DIVISION_LAPD,CHP_BEAT_CLASS,BEAT_NUMBER,PRIMARY_RD,SECONDARY_RD,DISTANCE,DIRECTION,INTERSECTION,WEATHER_1,WEATHER_2,STATE_HWY_IND,CALTRANS_COUNTY,CALTRANS_DISTRICT,STATE_ROUTE,ROUTE_SUFFIX,POSTMILE_PREFIX,POSTMILE,LOCATION_TYPE,RAMP_INTERSECTION,SIDE_OF_HWY,TOW_AWAY,COLLISION_SEVERITY,NUMBER_KILLED,NUMBER_INJURED,PARTY_COUNT,PRIMARY_COLL_FACTOR,PCF_CODE_OF_VIOL,PCF_VIOL_CATEGORY,PCF_VIOLATION,PCF_VIOL_SUBSECTION,HIT_AND_RUN,TYPE_OF_COLLISION,MVIW,PED_ACTION,ROAD_SURFACE,ROAD_COND_1,ROAD_COND_2,LIGHTING,CONTROL_DEVICE,CHP_ROAD_TYPE,PEDESTRIAN_ACCIDENT,BICYCLE_ACCIDENT,MOTORCYCLE_ACCIDENT,TRUCK_ACCIDENT,NOT_PRIVATE_PROPERTY,ALCOHOL_INVOLVED,STWD_VEHTYPE_AT_FAULT,CHP_VEHTYPE_AT_FAULT,COUNT_SEVERE_INJ,COUNT_VISIBLE_INJ,COUNT_COMPLAINT_PAIN,COUNT_PED_KILLED,COUNT_PED_INJURED,COUNT_BICYCLIST_KILLED,COUNT_BICYCLIST_INJURED,COUNT_MC_KILLED,COUNT_MC_INJURED,PRIMARY_RAMP,SECONDARY_RAMP,LATITUDE,LONGITUDE,COUNTY,CITY,POINT_X,POINT_Y
8777794,2018,2019-02-15,3600,2018-12-12,0747,E6889,HE304,3,5,5,3619,0,0,0,NA,0,HE3,ESCONDIDO AV,MUSCATEL ST,0,NA,Y,A,-,N,NA,NA,NA,NA,NA,NA,NA,NA,NA,Y,4,0,1,2,A,-,12,21453,NA,N,-,C,A,A,H,-,A,-,0,NA,NA,NA,NA,Y,NA,A,07,0,0,1,0,0,0,0,0,0,-,-,NA,NA,SAN BERNARDINO,HESPERIA,-117.3728485107422,34.41218185424805
8777814,2018,2019-01-23,3600,2018-12-31,2323,D6899,HE131,1,5,5,3619,0,0,0,NA,0,HE5,MAIN ST,7TH AV,637,E,N,A,-,N,NA,NA,NA,NA,NA,NA,NA,NA,NA,Y,4,0,1,1,D,-,00,NA,NA,N,E,I,A,A,H,-,C,D,0,NA,NA,NA,NA,Y,NA,-,-,0,0,1,0,0,0,0,0,0,-,-,NA,NA,SAN BERNARDINO,HESPERIA,-117.31357574462892,34.423309326171875
8779909,2018,2019-02-19,3600,2018-12-09,1147,F6898,BL100,7,5,2,3680,0,0,0,NA,0,BL1,BIG BEAR BL,POWER POLE 3035BV,29,E,N,A,-,Y,SBD,8,18,-,-,46.51,H,-,N,N,4,0,1,2,A,-,03,22350,NA,N,C,C,A,A,H,-,A,D,0,NA,NA,NA,NA,Y,NA,A,01,0,0,1,0,0,0,0,0,0,-,-,NA,NA,SAN BERNARDINO,BIG BEAR LAKE,-116.94756317138672,34.23847579956055
8781410,2018,2019-01-22,3602,2018-11-26,0810,3813,113,1,5,5,3602,0,0,0,NA,0,005,SAN ANTONIO AV,EDISON AV,0,NA,Y,A,-,N,NA,NA,NA,NA,NA,NA,NA,NA,NA,Y,4,0,1,2,A,-,12,21453,A,N,D,C,A,A,H,-,A,A,0,NA,NA,NA,NA,Y,NA,A,01,0,0,1,0,0,0,0,0,0,-,-,NA,NA,SAN BERNARDINO,CHINO,-117.65857696533205,33.99748992919922
8782594,2018,2019-01-30,3609,2018-12-14,2000,9252,RI250,5,5,5,3609,0,0,0,NA,0,004,RIVERSIDE AV,SOUTH ST,0,NA,Y,A,-,N,NA,NA,NA,NA,NA,NA,NA,NA,NA,N,4,0,1,3,A,-,09,21801,NA,F,D,C,A,A,H,-,C,D,0,NA,NA,NA,NA,Y,NA,A,07,0,0,1,0,0,0,0,0,0,-,-,34.09400177001953,-117.37030029296876,SAN BERNARDINO,RIALTO,-117.370361328125,34.09408950805664
8782758,2018,2019-01-25,3609,2018-12-29,1811,0456,RI184,6,5,5,3609,0,0,0,NA,0,004,RIVERSIDE AV,GATEWAY PLZ,0,NA,Y,A,-,N,NA,NA,NA,NA,NA,NA,NA,NA,NA,N,3,0,1,2,A,-,09,21801,NA,F,D,C,A,A,H,-,C,A,0,NA,NA,Y,NA,Y,NA,A,07,0,1,0,0,0,0,0,0,1,-,-,34.07270050048828,-117.37020111083984,SAN BERNARDINO,RIALTO,-117.37027740478516,34.07297134399414
8785584,2019,2019-02-05,3604,2019-01-15,0556,473,NA,2,5,6,3604,0,0,0,NA,0,NA,FOOTHILL BL,MULBERRY AV,236,E,N,B,-,N,NA,NA,NA,NA,NA,NA,NA,NA,NA,Y,3,0,1,2,A,-,03,22350,NA,N,C,C,A,B,H,-,C,A,0,NA,NA,NA,Y,Y,NA,A,01,0,1,0,0,0,0,0,0,0,-,-,NA,NA,SAN BERNARDINO,FONTANA,-117.5054931640625,34.106510162353516
8786094,2018,2019-02-04,3609,2018-12-10,1757,7770,RI007,1,5,5,3609,0,0,0,NA,0,001,RIVERSIDE AV,ALDER AV,0,NA,Y,A,-,N,NA,NA,NA,NA,NA,NA,NA,NA,NA,Y,2,0,2,3,A,-,08,22107,NA,N,A,C,A,A,H,-,C,A,0,NA,NA,NA,NA,Y,Y,A,01,1,0,1,0,0,0,0,0,0,-,-,34.09598159790039,-117.24591064453124,SAN BERNARDINO,RIALTO,-117.41649627685548,34.166690826416016
8786976,2018,2019-02-11,3600,2018-12-03,1836,G3823,CH024,1,5,5,3630,0,0,0,NA,0,CH1,PEYTON DR,CHINO AV,0,NA,Y,A,-,N,NA,NA,NA,NA,NA,NA,NA,NA,NA,Y,4,0,1,2,A,-,12,21453,A,N,A,C,A,A,H,-,C,A,0,NA,NA,NA,NA,Y,NA,A,01,0,0,1,0,0,0,0,0,0,-,-,NA,NA,SAN BERNARDINO,CHINO HILLS,-117.74297332763672,34.010250091552734
8787295,2018,2019-01-28,3610,2018-12-28,1033,51158,NA,5,5,6,3610,0,0,0,NA,0,POLICE,W 30TH ST,NORTH ARROWHEAD AV,0,NA,Y,A,-,N,NA,NA,NA,NA,NA,NA,NA,NA,NA,Y,4,0,1,2,A,-,12,21453,A,N,D,C,A,A,H,-,A,A,0,NA,NA,NA,NA,Y,NA,A,01,0,0,1,0,0,0,0,0,0,-,-,34.14598846435547,-117.28962707519533,SAN BERNARDINO,SAN BERNARDINO,-117.28955841064452,34.145999908447266
8787357,2019,2019-02-08,3600,2019-01-06,0819,F7808,BL106,7,5,2,3680,0,0,0,NA,0,BL1,BIG BEAR BL,LYNN RD,38,E,N,A,-,Y,NA,NA,NA,NA,NA,NA,NA,NA,NA,Y,4,0,1,2,A,-,03,22350,NA,N,C,C,A,C,H,-,A,D,0,NA,NA,NA,NA,Y,NA,A,01,0,0,1,0,0,0,0,0,0,-,-,NA,NA,SAN BERNARDINO,BIG BEAR LAKE,-116.91483306884766,34.24361038208008
8789607,2019,2019-03-14,3600,2019-01-19,1131,D3381,AD315,6,5,5,3612,0,0,0,NA,0,VC5,PALMDALE RD,VERBENA RD,0,NA,Y,A,-,Y,SBD,8,18,-,-,102.48,H,-,S,Y,4,0,2,2,A,-,01,23152,A,N,C,C,A,A,H,-,A,A,0,NA,NA,NA,NA,Y,Y,D,22,0,0,2,0,0,0,0,0,0,-,-,NA,NA,SAN BERNARDINO,VICTORVILLE,-117.4262924194336,34.50666809082031
8790569,2019,2019-02-05,3604,2019-01-08,0526,680,NA,2,5,6,3604,0,0,0,NA,0,NA,BASELINE,CYPRESS,0,W,N,A,-,N,NA,NA,NA,NA,NA,NA,NA,NA,NA,Y,3,0,1,1,A,-,08,22107,NA,N,E,I,A,A,H,-,C,D,0,NA,NA,NA,NA,Y,NA,A,01,0,1,0,0,0,0,0,0,0,-,-,NA,NA,SAN BERNARDINO,FONTANA,-117.4445571899414,34.121429443359375
8791101,2019,2019-02-06,3604,2019-01-21,1113,641,NA,1,5,6,3604,0,0,0,NA,0,NA,CYPRESS AV,SLOVER AV,37,S,N,A,-,N,NA,NA,NA,NA,NA,NA,NA,NA,NA,N,3,0,1,2,A,-,03,22350,NA,N,C,C,A,A,H,-,A,A,0,NA,NA,NA,NA,Y,NA,D,22,0,1,0,0,0,0,0,0,0,-,-,NA,NA,SAN BERNARDINO,FONTANA,-117.44436645507813,34.06293869018555
8792257,2019,2019-02-15,3610,2019-01-10,1302,51146,NA,4,5,6,3610,0,0,0,NA,0,POLICE,N MEDICINE BOW CT,W UNION ST,0,NA,Y,A,-,N,NA,NA,NA,NA,NA,NA,NA,NA,NA,N,4,0,1,2,A,-,09,21802,B,F,D,C,A,A,H,-,A,A,0,NA,NA,Y,NA,Y,Y,-,99,0,0,1,0,0,0,0,0,1,-,-,34.11399841308594,-117.3219985961914,SAN BERNARDINO,SAN BERNARDINO,-117.322561,34.114809
8792506,2019,2019-03-20,3600,2019-01-21,2200,H6878,VC059,1,5,5,3612,0,0,0,NA,0,VC4,BEAR VALLEY RD,AMETHYST RD,0,NA,Y,A,-,N,NA,NA,NA,NA,NA,NA,NA,NA,NA,Y,4,0,1,2,A,-,12,21453,A,N,D,C,A,A,H,-,C,A,0,NA,NA,NA,NA,Y,NA,-,-,0,0,1,0,0,0,0,0,0,-,-,NA,NA,SAN BERNARDINO,VICTORVILLE,-117.36431884765624,34.47040939331055
8794379,2018,2019-02-20,3611,2018-09-30,2113,3203,3611,7,5,5,3611,0,0,0,NA,0,002,MONTE VISTA AV,FOOTHILL,254,S,N,A,-,N,NA,NA,NA,NA,NA,NA,NA,NA,NA,Y,4,0,2,1,A,-,08,22107,NA,N,F,I,A,A,H,-,C,A,0,NA,NA,NA,NA,Y,NA,A,01,0,0,2,0,0,0,0,0,0,-,-,NA,NA,SAN BERNARDINO,UPLAND,-117.6985092163086,34.10611343383789
8794740,2019,2019-05-14,3602,2019-01-21,1949,3343,151,1,5,5,3602,0,0,0,NA,0,005,EUCLID AV,PINE AV,6,N,N,A,-,Y,SBD,8,83,-,-,1.89,H,-,S,N,4,0,1,2,A,-,03,22350,NA,F,C,C,A,A,H,-,C,A,0,NA,NA,NA,NA,Y,NA,A,01,0,0,1,0,0,0,0,0,0,-,-,NA,NA,SAN BERNARDINO,CHINO,-117.65050506591795,33.95332336425781
8795787,2018,2019-02-13,3611,2018-11-03,1606,2488,3611,6,5,5,3611,0,0,0,NA,0,002,FOOTHILL BL,REDDING WY,506,W,N,A,-,N,NA,NA,NA,NA,NA,NA,NA,NA,NA,Y,4,0,1,2,A,-,03,22350,NA,N,C,C,A,A,H,-,A,A,0,NA,NA,NA,NA,Y,NA,A,01,0,0,1,0,0,0,0,0,0,-,-,NA,NA,SAN BERNARDINO,UPLAND,-117.6577377319336,34.106990814208984
8796203,2019,2019-02-11,3609,2019-01-15,2255,534,NA,2,5,5,3609,0,0,0,NA,0,003,BASELINE,SYCAMORE,0,NA,Y,C,-,N,NA,NA,NA,NA,NA,NA,NA,NA,NA,NA,3,0,2,2,A,-,12,21453,A,N,D,C,A,B,H,-,C,A,0,NA,NA,NA,NA,Y,NA,A,01,0,2,0,0,0,0,0,0,0,-,-,NA,NA,SAN BERNARDINO,RIALTO,-117.36605834960938,34.121368408203125
8796465,2018,2019-03-06,3610,2018-02-14,1502,99999,NA,3,5,6,3610,0,0,0,NA,0,NA,WATERMAN AV,RT 10,35,N,N,A,-,Y,SBD,8,10,-,-,24.816,R,4,W,Y,3,0,2,2,A,-,09,21801,A,N,D,C,A,A,H,-,A,D,0,NA,NA,NA,NA,Y,NA,A,01,0,2,0,0,0,0,0,0,0,-,-,34.96875,-117.34562683105467,SAN BERNARDINO,SAN BERNARDINO,-117.28672027587892,34.06380844116211
8797103,2019,2019-02-19,3600,2019-01-10,1212,F5111,HE113,4,5,5,3619,0,0,0,NA,0,HE1,BALSAM AV,MESA ST,0,NA,Y,A,-,N,NA,NA,NA,NA,NA,NA,NA,NA,NA,Y,3,0,1,2,A,-,12,22450,A,N,D,C,A,A,H,-,A,A,0,NA,NA,NA,NA,Y,NA,A,01,0,1,0,0,0,0,0,0,0,-,-,NA,NA,SAN BERNARDINO,HESPERIA,-117.32968139648438,34.44873046875
8797872,2019,2019-02-11,3604,2019-01-22,1441,1163,NA,2,5,6,3604,0,0,0,NA,0,NA,CITRUS AV,SAN JACINTO AV,0,NA,Y,A,-,N,NA,NA,NA,NA,NA,NA,NA,NA,NA,N,4,0,2,2,A,-,09,21801,A,N,D,C,A,A,H,-,A,A,0,NA,NA,NA,NA,Y,NA,A,01,0,0,2,0,0,0,0,0,0,-,-,NA,NA,SAN BERNARDINO,FONTANA,-117.45358276367188,34.11814880371094
8799986,2018,2019-02-14,3608,2018-12-21,1712,4797,NA,5,5,5,3608,0,0,0,NA,0,NA,LUGONIA AV,TEXAS ST,470,W,N,A,-,N,NA,NA,NA,NA,NA,NA,NA,NA,NA,N,4,0,1,2,A,-,07,21658,A,N,B,C,A,A,D,-,D,D,0,NA,NA,NA,NA,Y,NA,A,01,0,0,1,0,0,0,0,0,0,-,-,NA,NA,SAN BERNARDINO,REDLANDS,-117.19271850585938,34.070098876953125
8800069,2018,2019-02-21,3611,2018-12-29,2357,3190,3611,6,5,5,3611,0,0,0,NA,0,002,ARROW HWY,MONTE VISTA AV,3,W,N,A,-,N,NA,NA,NA,NA,NA,NA,NA,NA,NA,Y,3,0,2,2,A,-,05,21651,A,N,A,C,A,A,H,-,C,A,0,NA,NA,NA,NA,Y,Y,A,01,0,1,1,0,0,0,0,0,0,-,-,NA,NA,SAN BERNARDINO,UPLAND,-117.69840240478516,34.09952926635742
8800677,2019,2019-05-14,3600,2019-01-18,1753,F6925,AP002,5,5,5,3621,0,0,0,NA,0,AP1,RT 18,APPLE VALLEY RD,756,W,N,A,-,Y,SBD,8,18,-,-,94.25,H,-,S,N,4,0,3,2,A,-,03,22350,NA,N,C,C,A,A,H,-,B,A,0,NA,NA,NA,NA,Y,NA,D,22,0,0,3,0,0,0,0,0,0,-,-,NA,NA,SAN BERNARDINO,APPLE VALLEY,-117.26979064941406,34.54043960571289
8801952,2019,2019-03-21,3600,2019-01-02,1825,E2055,HE326,3,5,5,3619,0,0,0,NA,0,HE3,RANCHERO RD,KOURIES WY,639,W,N,A,-,N,NA,NA,NA,NA,NA,NA,NA,NA,NA,Y,3,0,2,1,A,-,07,21658,A,N,E,I,A,A,H,-,C,A,0,NA,NA,NA,NA,Y,NA,A,07,0,1,1,0,0,0,0,0,0,-,-,NA,NA,SAN BERNARDINO,HESPERIA,-117.40537261962892,34.383052825927734
8802123,2018,2019-03-04,3610,2018-11-29,0950,54496,CSU,4,5,6,3610,0,0,0,NA,0,NA,UNIVERSITY PKWY,NORTHPARK BL,0,NA,Y,B,C,N,NA,NA,NA,NA,NA,NA,NA,NA,NA,N,3,0,2,3,A,-,12,21453,A,N,A,C,A,B,H,-,A,A,0,NA,NA,NA,NA,Y,NA,-,NA,0,2,0,0,0,0,0,0,0,-,-,NA,NA,SAN BERNARDINO,SAN BERNARDINO,-117.32713317871094,34.17871856689453
8802136,2019,2019-03-12,3600,2019-02-16,1523,C8400,AP022,6,5,5,3621,0,0,0,NA,0,AP4,BEAR VALLEY RD,CENTRAL RD,0,NA,Y,A,G,N,NA,NA,NA,NA,NA,NA,NA,NA,NA,Y,4,0,1,3,A,-,03,22350,NA,N,C,C,A,A,H,-,B,A,0,NA,NA,NA,NA,Y,NA,A,01,0,0,1,0,0,0,0,0,0,-,-,NA,NA,SAN BERNARDINO,APPLE VALLEY,-117.1726531982422,34.47161102294922
8803195,2019,2019-02-26,3608,2019-01-24,1650,4523,3608,4,5,5,3608,0,0,0,NA,0,NA,ALESSANDRO RD,SUNSET DR,828,S,N,A,-,N,NA,NA,NA,NA,NA,NA,NA,NA,NA,Y,3,0,1,1,A,-,03,22350,NA,N,F,I,A,A,H,-,A,D,0,NA,NA,NA,NA,Y,NA,A,01,0,1,0,0,0,0,0,0,0,-,-,NA,NA,SAN BERNARDINO,REDLANDS,-117.1781768798828,34.02373504638672
8803677,2019,2019-03-07,3604,2019-01-28,1347,1127,NA,1,5,6,3604,0,0,0,NA,0,NA,CITRUS AV,FOOTHILL BL,219,N,N,A,-,N,NA,NA,NA,NA,NA,NA,NA,NA,NA,Y,4,0,3,3,A,-,09,21804,A,F,D,C,A,A,H,-,A,A,0,NA,NA,NA,Y,Y,NA,A,01,0,0,3,0,0,0,0,0,0,-,-,34.625999450683594,-117.27130126953124,SAN BERNARDINO,FONTANA,-117.45362854003906,34.10715103149414
8808232,2017,2019-06-14,3610,2017-11-18,0430,50987,NA,6,5,6,3610,0,0,0,NA,0,POLICE,N QUAIL CANYON RD,EDISON POLE 9013Y,20,N,N,A,-,N,NA,NA,NA,NA,NA,NA,NA,NA,NA,Y,1,1,0,1,A,-,03,22350,NA,N,D,I,A,A,H,-,D,A,0,NA,NA,NA,NA,Y,NA,A,01,0,0,0,0,0,0,0,0,0,-,-,NA,NA,SAN BERNARDINO,SAN BERNARDINO,NA,NA
8808985,2019,2019-04-11,3600,2019-01-22,1643,E6889,HE123,2,5,5,3619,0,0,0,NA,0,HE1,11TH AV,WILLOW ST,0,NA,Y,A,-,N,NA,NA,NA,NA,NA,NA,NA,NA,NA,N,4,0,1,2,A,-,09,21802,A,N,D,C,A,A,H,-,B,A,0,NA,NA,NA,NA,Y,NA,A,07,0,0,1,0,0,0,0,0,0,-,-,NA,NA,SAN BERNARDINO,HESPERIA,-117.3230438232422,34.43470001220703
8810102,2019,2019-03-12,3610,2019-01-29,2500,51055,NA,2,5,6,3610,0,0,0,NA,0,ADAM,W MILL ST,S MACY ST,119,W,N,A,-,N,NA,NA,NA,NA,NA,NA,NA,NA,NA,Y,4,0,1,1,A,-,08,22107,NA,N,E,I,A,A,H,-,A,D,0,NA,NA,NA,NA,Y,NA,A,01,0,0,1,0,0,0,0,0,0,-,-,34.09231185913086,-117.33992004394533,SAN BERNARDINO,SAN BERNARDINO,-117.3403091430664,34.092315673828125
8811033,2019,2019-03-13,3600,2019-02-26,1407,E6889,HE304,2,5,5,3619,0,0,0,NA,0,HE3,MAIN ST,ESCONDIDO AV,102,W,N,A,-,N,NA,NA,NA,NA,NA,NA,NA,NA,NA,N,4,0,1,2,A,-,03,22350,NA,N,C,C,A,A,H,-,A,A,0,NA,NA,NA,NA,Y,NA,A,01,0,0,1,0,0,0,0,0,0,-,-,NA,NA,SAN BERNARDINO,HESPERIA,-117.37332153320313,34.426612854003906
8812191,2018,2019-02-28,3602,2018-12-16,1712,3805,NA,7,5,5,3602,0,0,0,NA,0,003,SCHAEFER AV,ROSWELL AV,0,NA,Y,A,-,N,NA,NA,NA,NA,NA,NA,NA,NA,NA,Y,3,0,2,2,A,-,09,21801,A,N,D,C,A,A,H,-,C,A,0,NA,NA,NA,NA,Y,NA,A,01,0,1,1,0,0,0,0,0,0,-,-,NA,NA,SAN BERNARDINO,CHINO,-117.72183227539063,34.00434112548828
8812239,2018,2019-02-28,3602,2018-12-12,1251,2798,NA,3,5,5,3602,0,0,0,NA,0,002,MOUNTAIN AV,FILLMORE ST,0,NA,Y,A,-,N,NA,NA,NA,NA,NA,NA,NA,NA,NA,N,4,0,2,2,A,-,09,21802,A,N,D,C,A,A,H,-,A,D,0,NA,NA,NA,NA,Y,NA,A,01,0,0,2,0,0,0,0,0,0,-,-,NA,NA,SAN BERNARDINO,CHINO,-117.66763305664063,34.02825164794922
8812256,2019,2019-03-04,3602,2019-01-14,0656,2946,NA,1,5,5,3602,0,0,0,NA,0,005,EUCLID AV,PINE AV,254,N,N,A,-,N,NA,NA,NA,NA,NA,NA,NA,NA,NA,Y,4,0,2,4,A,-,08,22107,NA,N,D,C,A,A,H,-,A,A,0,NA,NA,NA,NA,Y,NA,A,01,0,0,2,0,0,0,0,0,0,-,-,NA,NA,SAN BERNARDINO,CHINO,-117.65052032470705,33.95398712158203
8812618,2019,2019-03-27,3600,2019-01-26,0353,D3384,YC205,6,5,4,3640,0,0,0,NA,0,NA,BRYANT ST,SUNNYSIDE DR,528,N,N,A,-,N,NA,NA,NA,NA,NA,NA,NA,NA,NA,Y,4,0,1,1,A,-,03,22350,NA,N,E,I,A,A,H,-,C,D,0,NA,NA,NA,NA,Y,NA,D,22,0,0,1,0,0,0,0,0,0,-,-,NA,NA,SAN BERNARDINO,YUCAIPA,-117.03445434570313,34.0605354309082
8813151,2019,2019-04-05,3605,2019-02-13,1857,142,NA,3,5,4,3605,0,0,0,NA,0,NA,MORENO ST,TARGET LN,0,NA,Y,C,-,N,NA,NA,NA,NA,NA,NA,NA,NA,NA,Y,4,0,1,2,A,-,12,21453,A,N,-,C,A,B,H,-,C,A,0,NA,NA,NA,NA,Y,NA,-,-,0,0,1,0,0,0,0,0,0,-,-,NA,NA,SAN BERNARDINO,MONTCLAIR,-117.69110107421876,34.08872985839844
8814381,2019,2019-04-05,3601,2019-02-11,2323,P88,NA,1,5,3,3601,0,0,0,NA,0,PATROL,E MAIN ST,E MAIN ST 1100,113,E,N,A,-,N,NA,NA,NA,NA,NA,NA,NA,NA,NA,Y,3,0,2,2,A,-,03,22350,NA,F,C,C,A,A,H,-,C,D,0,NA,NA,NA,NA,Y,Y,A,01,0,1,1,0,0,0,0,0,0,-,-,NA,NA,SAN BERNARDINO,BARSTOW,NA,NA
8814630,2019,2019-03-08,3600,2019-01-25,1622,C9392,RC021,5,5,6,3616,0,0,0,NA,0,RC05,VALINDA AV,HOLLY DR,109,N,N,A,-,N,NA,NA,NA,NA,NA,NA,NA,NA,NA,N,4,0,1,2,A,-,03,22350,NA,N,B,E,A,A,H,-,A,D,0,NA,NA,NA,NA,Y,NA,A,01,0,0,1,0,0,0,0,0,0,-,-,NA,NA,SAN BERNARDINO,RANCHO CUCAMONGA,-117.57388305664063,34.1296272277832
8815036,2019,2019-04-08,3600,2019-02-11,1209,F5111,HE134,1,5,5,3619,0,0,0,NA,0,HE1,CATABA RD,MAIN ST,36,N,N,A,-,N,NA,NA,NA,NA,NA,NA,NA,NA,NA,Y,3,0,1,2,A,-,03,22350,NA,N,-,C,A,A,H,-,A,-,0,NA,NA,NA,NA,Y,NA,A,01,0,1,0,0,0,0,0,0,0,-,-,NA,NA,SAN BERNARDINO,HESPERIA,-117.38613128662108,34.4267692565918
8817212,2019,2019-03-14,3600,2019-02-28,0654,F4772,VC021,4,5,5,3612,0,0,0,NA,0,VC3,BEAR VALLEY RD,JACARANDA RD,373,S,N,A,-,N,NA,NA,NA,NA,NA,NA,NA,NA,NA,Y,4,0,1,3,A,-,03,22350,NA,N,C,C,A,A,H,-,A,D,0,NA,NA,NA,NA,Y,NA,A,01,0,0,1,0,0,0,0,0,0,-,-,NA,NA,SAN BERNARDINO,VICTORVILLE,-117.26329803466795,34.47106170654297
8819075,2019,2019-03-29,3608,2019-03-05,1723,4388,NA,2,5,5,3608,0,0,0,NA,0,NA,7TH ST,REDLANDS BL,84,N,N,A,-,N,NA,NA,NA,NA,NA,NA,NA,NA,NA,Y,2,0,1,1,A,-,03,22350,NA,N,F,-,A,A,H,-,B,D,0,NA,NA,Y,NA,Y,NA,C,02,1,0,0,0,0,0,0,0,1,-,-,NA,NA,SAN BERNARDINO,REDLANDS,-117.17927551269533,34.05752182006836
8819262,2019,2019-05-08,3600,2019-02-04,0203,G7689,BL209,1,5,2,3680,0,0,0,NA,0,BL2,RT 18,DIVISION DR,142,W,N,D,-,Y,SBD,8,18,-,-,52.64,H,-,S,Y,4,0,1,1,A,-,01,23152,B,N,E,I,A,C,H,-,C,D,0,NA,NA,NA,NA,Y,Y,A,07,0,0,1,0,0,0,0,0,0,-,-,NA,NA,SAN BERNARDINO,BIG BEAR LAKE,-116.86663055419922,34.26047134399414
8819270,2019,2019-05-08,3600,2019-02-12,1526,G7656,VC057,2,5,5,3612,0,0,0,NA,0,VC5,PALMDALE RD,EL EVADO RD,0,NA,Y,B,-,Y,SBD,8,18,-,-,97.946,I,5,S,Y,4,0,1,2,A,-,12,21453,NA,N,D,C,A,A,H,-,A,A,0,NA,NA,NA,NA,Y,NA,A,07,0,0,1,0,0,0,0,0,0,-,-,NA,NA,SAN BERNARDINO,VICTORVILLE,-117.34668731689452,34.506736755371094
8820017,2019,2019-03-19,3604,2019-02-20,2311,1311,NA,3,5,6,3604,0,0,0,NA,0,002,FLAGSTONE WY,BASELINE AV,15,S,N,B,C,N,NA,NA,NA,NA,NA,NA,NA,NA,NA,Y,3,0,1,2,A,-,08,22107,NA,N,D,C,A,B,H,-,C,D,0,NA,NA,NA,NA,Y,NA,A,01,0,1,0,0,0,0,0,0,0,-,-,NA,NA,SAN BERNARDINO,FONTANA,-117.4338607788086,34.1212272644043
8820124,2019,2019-03-20,3604,2019-02-22,1923,1311,NA,5,5,6,3604,0,0,0,NA,0,NA,CHERRY AV,CALABASH AV,19,E,N,B,-,N,NA,NA,NA,NA,NA,NA,NA,NA,NA,Y,4,0,2,1,A,-,08,22107,NA,N,E,I,A,A,H,-,C,D,0,NA,NA,NA,NA,Y,NA,A,01,0,0,2,0,0,0,0,0,0,-,-,NA,NA,SAN BERNARDINO,FONTANA,-117.50298309326172,34.03603744506836
8820592,2019,2019-03-18,3604,2019-02-26,1826,1163,NA,2,5,6,3604,0,0,0,NA,0,NA,ALDER AV,FOOTHILL BL,180,S,N,A,-,N,NA,NA,NA,NA,NA,NA,NA,NA,NA,N,4,0,1,2,A,-,09,21804,A,N,D,C,A,A,H,-,C,D,0,NA,NA,NA,NA,Y,NA,A,01,0,0,1,0,0,0,0,0,0,-,-,NA,NA,SAN BERNARDINO,FONTANA,-117.41835784912108,34.106197357177734
8820738,2019,2019-04-11,3603,2019-01-26,0934,4871,CPD,6,5,4,3603,0,0,0,NA,0,004,WASHINGTON ST,COOLEY DR,500,W,N,A,-,N,NA,NA,NA,NA,NA,NA,NA,NA,NA,N,4,0,2,2,A,-,09,21803,A,N,D,C,A,A,H,-,A,A,0,NA,NA,NA,NA,Y,NA,A,01,0,0,2,0,0,0,0,0,0,-,-,34.04814910888672,-117.29727935791016,SAN BERNARDINO,COLTON,-117.29468536376952,34.04843521118164
8821853,2019,2019-03-26,3611,2019-01-25,2315,3190,3611,5,5,5,3611,0,0,0,NA,0,001,FOOTHILL BL,WILSON AV,243,E,N,A,-,N,NA,NA,NA,NA,NA,NA,NA,NA,NA,Y,3,0,1,1,A,-,01,23152,NA,N,F,I,A,A,H,-,C,D,0,NA,NA,NA,NA,Y,Y,A,07,0,1,0,0,0,0,0,0,0,-,-,NA,NA,SAN BERNARDINO,UPLAND,-117.67420196533205,34.10712814331055
8821897,2019,2019-03-26,3611,2019-01-14,1934,3076,3611,1,5,5,3611,0,0,0,NA,0,003,FOOTHILL BL,ALTA AV,9,E,N,A,-,N,NA,NA,NA,NA,NA,NA,NA,NA,NA,N,4,0,1,2,A,-,08,22107,NA,N,D,G,A,B,H,-,C,A,0,NA,Y,NA,NA,Y,NA,A,07,0,0,1,0,0,0,1,0,0,-,-,NA,NA,SAN BERNARDINO,UPLAND,-117.63224029541016,34.10723876953125
8823477,2019,2019-08-23,3605,2019-02-27,1334,406,NA,3,5,4,3605,0,0,0,NA,0,NA,CENTRAL LN,RT 10,0,NA,Y,A,-,Y,SBD,8,10,-,-,1.361,R,4,W,N,4,0,1,2,A,-,09,21453,B,N,D,C,A,A,H,-,A,A,0,NA,NA,NA,NA,Y,NA,A,01,0,0,1,0,0,0,0,0,0,-,-,NA,NA,SAN BERNARDINO,MONTCLAIR,-117.68779754638672,34.08637619018555
8826754,2019,2019-04-24,3600,2019-02-22,1417,D4301,HE304,5,5,5,3619,0,0,0,NA,0,HE3,ESCONDIDO AV,MAIN ST,33,S,N,A,-,N,NA,NA,NA,NA,NA,NA,NA,NA,NA,N,4,0,2,2,A,-,03,22350,NA,M,C,C,A,A,H,-,A,D,0,NA,NA,NA,NA,Y,NA,A,01,0,0,2,0,0,0,0,0,0,-,-,NA,NA,SAN BERNARDINO,HESPERIA,-117.37298583984376,34.42655944824219