CASE_ID,ACCIDENT_YEAR,PROC_DATE,JURIS,COLLISION_DATE,COLLISION_TIME,OFFICER_ID,REPORTING_DISTRICT,DAY_OF_WEEK,CHP_SHIFT,POPULATION,CNTY_CITY_LOC,SPECIAL_COND,BEAT_TYPE,CHP_BEAT_TYPE,CITY_DIVISION_LAPD,CHP_BEAT_CLASS,BEAT_NUMBER,PRIMARY_RD,SECONDARY_RD,DISTANCE,DIRECTION,INTERSECTION,WEATHER_1,WEATHER_2,STATE_HWY_IND,CALTRANS_COUNTY,CALTRANS_DISTRICT,STATE_ROUTE,ROUTE_SUFFIX,POSTMILE_PREFIX,POSTMILE,LOCATION_TYPE,RAMP_INTERSECTION,SIDE_OF_HWY,TOW_AWAY,COLLISION_SEVERITY,NUMBER_KILLED,NUMBER_INJURED,PARTY_COUNT,PRIMARY_COLL_FACTOR,PCF_CODE_OF_VIOL,PCF_VIOL_CATEGORY,PCF_VIOLATION,PCF_VIOL_SUBSECTION,HIT_AND_RUN,TYPE_OF_COLLISION,MVIW,PED_ACTION,ROAD_SURFACE,ROAD_COND_1,ROAD_COND_2,LIGHTING,CONTROL_DEVICE,CHP_ROAD_TYPE,PEDESTRIAN_ACCIDENT,BICYCLE_ACCIDENT,MOTORCYCLE_ACCIDENT,TRUCK_ACCIDENT,NOT_PRIVATE_PROPERTY,ALCOHOL_INVOLVED,STWD_VEHTYPE_AT_FAULT,CHP_VEHTYPE_AT_FAULT,COUNT_SEVERE_INJ,COUNT_VISIBLE_INJ,COUNT_COMPLAINT_PAIN,COUNT_PED_KILLED,COUNT_PED_INJURED,COUNT_BICYCLIST_KILLED,COUNT_BICYCLIST_INJURED,COUNT_MC_KILLED,COUNT_MC_INJURED,PRIMARY_RAMP,SECONDARY_RAMP,LATITUDE,LONGITUDE,COUNTY,CITY,POINT_X,POINT_Y
8997553,2018,2019-12-28,3607,2018-06-02,1624,19964,121,6,5,6,3607,0,0,0,NA,0,012,BOULDER AV,HOLLOWELL ST,0,NA,Y,A,-,N,NA,NA,NA,NA,NA,NA,NA,NA,NA,N,4,0,1,2,A,-,09,21802,A,F,D,C,A,A,H,-,A,D,0,NA,NA,NA,NA,Y,NA,A,01,0,0,1,0,0,0,0,0,0,-,-,NA,NA,SAN BERNARDINO,ONTARIO,-117.66532135009766,34.06591033935547
8997614,2018,2019-12-23,3607,2018-10-08,2123,14789,255,1,5,6,3607,0,0,0,NA,0,062,CAMPUS AV,WALNUT ST,75,N,N,A,-,N,NA,NA,NA,NA,NA,NA,NA,NA,NA,Y,3,0,2,2,A,-,01,23152,A,N,A,C,A,A,H,-,C,D,0,NA,NA,NA,NA,Y,Y,D,22,0,1,1,0,0,0,0,0,0,-,-,NA,NA,SAN BERNARDINO,ONTARIO,-117.64144897460938,34.02679443359375
8997654,2018,2019-12-23,3607,2018-10-15,0445,20108,214,1,5,6,3607,0,0,0,NA,0,071,HAVEN AV,JURUPA ST,0,NA,Y,G,-,N,NA,NA,NA,NA,NA,NA,NA,NA,NA,Y,3,0,2,3,A,-,12,21453,A,N,D,C,A,A,H,-,C,A,0,NA,NA,NA,NA,Y,NA,D,22,0,1,1,0,0,0,0,0,0,-,-,NA,NA,SAN BERNARDINO,ONTARIO,-117.57601928710938,34.04833984375
8997832,2018,2019-12-30,3607,2018-03-16,0800,19790,72,5,5,6,3607,0,0,0,NA,0,243,FRANCIS ST,ARCHIBALD AV,0,NA,Y,A,-,N,NA,NA,NA,NA,NA,NA,NA,NA,NA,N,3,0,1,2,A,-,05,21650,1,M,H,G,A,A,H,-,A,A,0,NA,Y,NA,Y,Y,NA,L,04,0,1,0,0,0,0,1,0,0,-,-,NA,NA,SAN BERNARDINO,ONTARIO,-117.59336090087892,34.041011810302734
8997941,2018,2019-12-30,3607,2018-03-08,1614,20018,290,4,5,6,3607,0,0,0,NA,0,072,RIVERSIDE DR,ARCHIBALD AV,1000,E,N,A,-,N,NA,NA,NA,NA,NA,NA,NA,NA,NA,Y,4,0,1,2,A,-,09,21804,A,N,D,C,A,A,H,-,A,A,0,NA,NA,NA,NA,Y,NA,A,01,0,0,1,0,0,0,0,0,0,-,-,NA,NA,SAN BERNARDINO,ONTARIO,-117.58989715576172,34.01911544799805
8997964,2018,2020-02-24,3607,2018-04-26,2327,19995,249,4,5,6,3607,0,0,0,NA,0,071,GROVE AV,RT 60,0,NA,Y,A,-,Y,SBD,8,60,-,R,6.066,R,4,W,Y,4,0,1,2,A,-,01,23152,A,F,D,C,A,A,H,-,C,A,0,NA,NA,NA,NA,Y,Y,D,22,0,0,1,0,0,0,0,0,0,-,WF,NA,NA,SAN BERNARDINO,ONTARIO,-117.62496948242188,34.03059387207031
8979313,2019,2019-12-13,3600,2019-09-01,1035,H7544,VC064,7,5,5,3612,0,0,0,NA,0,VC5,AMARGOSA RD,DOS PALMAS RD,0,NA,Y,A,-,N,NA,NA,NA,NA,NA,NA,NA,NA,NA,Y,4,0,1,2,A,-,12,21453,A,N,B,C,A,A,H,-,A,A,0,NA,NA,NA,NA,Y,NA,A,01,0,0,1,0,0,0,0,0,0,-,-,NA,NA,SAN BERNARDINO,VICTORVILLE,-117.33007049560548,34.49972915649414
8999263,2018,2019-12-10,3607,2018-04-14,1411,80418,324,6,5,6,3607,0,0,0,NA,0,031,ARCHIBALD AV,4TH ST,100,S,N,A,-,N,NA,NA,NA,NA,NA,NA,NA,NA,NA,Y,4,0,1,2,A,-,08,22102,NA,N,D,C,A,A,H,-,A,A,0,NA,NA,NA,NA,Y,NA,A,07,0,0,1,0,0,0,0,0,0,-,-,NA,NA,SAN BERNARDINO,ONTARIO,-117.59339904785156,34.07721710205078
8999268,2018,2019-12-10,3607,2018-04-14,1820,19890,NA,6,5,6,3607,0,0,0,NA,0,061,MISSION BL,BAKER AV,30,W,N,A,-,N,NA,NA,NA,NA,NA,NA,NA,NA,NA,N,4,0,1,2,A,-,01,23152,F,N,C,C,A,A,H,-,A,B,0,NA,NA,NA,NA,Y,NA,A,01,0,0,1,0,0,0,0,0,0,-,-,NA,NA,SAN BERNARDINO,ONTARIO,-117.61540222167967,34.0515022277832
8999279,2018,2019-12-10,3607,2018-04-03,0706,19952,196,2,5,6,3607,0,0,0,NA,0,052,FRANCIS ST,SAN ANTONIO AV,5,E,N,A,-,N,NA,NA,NA,NA,NA,NA,NA,NA,NA,N,4,0,1,2,A,-,05,21650,NA,N,D,C,A,A,H,-,A,D,0,NA,NA,Y,NA,Y,NA,C,03,0,0,1,0,0,0,0,0,1,-,-,NA,NA,SAN BERNARDINO,ONTARIO,-117.65899658203124,34.041019439697266
8999329,2019,2020-01-31,3607,2019-07-24,1607,19889,172,3,5,6,3607,0,0,0,NA,0,042,ROCKEFELLER AV,SANTA ANA ST,200,N,N,A,-,N,NA,NA,NA,NA,NA,NA,NA,NA,NA,Y,3,0,1,2,A,-,09,21804,A,N,D,C,A,A,H,-,A,D,0,NA,NA,NA,NA,Y,NA,A,01,0,1,0,0,0,0,0,0,0,-,-,NA,NA,SAN BERNARDINO,ONTARIO,-117.55463409423828,34.055999755859375
8999407,2018,2019-12-07,3607,2018-12-04,1812,20040,123,2,5,6,3607,0,0,0,NA,0,012,SAN ANTONIO AV,HOLT BL,200,N,N,A,-,N,NA,NA,NA,NA,NA,NA,NA,NA,NA,N,4,0,1,2,A,-,09,21804,A,N,D,C,A,A,H,-,C,D,0,NA,NA,NA,NA,Y,NA,A,01,0,0,1,0,0,0,0,0,0,-,-,NA,NA,SAN BERNARDINO,ONTARIO,-117.66060638427734,34.06387710571289
8999430,2018,2019-12-07,3607,2018-08-14,1735,80522,105,2,5,6,3607,0,0,0,NA,0,022,SULTANA AV,G ST,0,NA,Y,A,-,N,NA,NA,NA,NA,NA,NA,NA,NA,NA,N,4,0,1,2,A,-,09,21800,A,N,D,C,A,A,H,-,A,D,0,NA,NA,NA,NA,Y,NA,A,07,0,0,1,0,0,0,0,0,0,-,-,NA,NA,SAN BERNARDINO,ONTARIO,-117.64607238769533,34.070648193359375
8999459,2018,2019-12-11,3607,2018-05-14,0741,19953,NA,1,5,6,3607,0,0,0,NA,0,NA,SAN ANTONIO AV,VESTA ST,0,NA,Y,A,-,N,NA,NA,NA,NA,NA,NA,NA,NA,NA,N,4,0,1,2,A,-,03,22350,NA,N,C,C,A,A,H,-,A,A,0,NA,NA,NA,NA,Y,NA,A,01,0,0,1,0,0,0,0,0,0,-,-,NA,NA,SAN BERNARDINO,ONTARIO,-117.66060638427734,34.06515121459961
8999490,2018,2019-12-07,3607,2018-12-20,2349,80445,305,4,5,6,3607,0,0,0,NA,0,MILL,MILLS CIR,GURNEE AV,60,E,N,A,-,N,NA,NA,NA,NA,NA,NA,NA,NA,NA,Y,4,0,1,2,A,-,09,21804,A,N,D,C,A,A,H,-,C,D,0,NA,NA,NA,NA,Y,NA,A,01,0,0,1,0,0,0,0,0,0,-,-,NA,NA,SAN BERNARDINO,ONTARIO,-117.55522918701172,34.07638931274414
8999501,2018,2019-12-07,3607,2018-12-25,0732,80496,72,2,5,6,3607,0,0,0,NA,0,041,ARCHIBALD AV,INLAND EMPIRE BL,0,NA,Y,A,-,N,NA,NA,NA,NA,NA,NA,NA,NA,NA,Y,4,0,2,2,A,-,12,21453,A,N,D,C,A,A,H,-,A,A,0,NA,NA,NA,NA,Y,NA,A,01,0,0,2,0,0,0,0,0,0,-,-,NA,NA,SAN BERNARDINO,ONTARIO,-117.59349060058594,34.07025909423828
8999517,2018,2019-12-07,3607,2018-12-30,1616,80421,269,7,5,6,3607,0,0,0,NA,0,062,WALNUT ST,CUCAMONGA AV,0,NA,Y,A,-,N,NA,NA,NA,NA,NA,NA,NA,NA,NA,Y,4,0,1,2,A,-,12,22450,A,N,D,C,A,A,H,-,A,A,0,NA,NA,NA,NA,Y,NA,A,01,0,0,1,0,0,0,0,0,0,-,-,NA,NA,SAN BERNARDINO,ONTARIO,-117.6327667236328,34.02666091918945
8999543,2018,2019-12-16,3607,2018-09-05,0819,19953,211,3,5,6,3607,0,0,0,NA,0,071,MISSION BL,HELLMAN AV,400,E,N,A,-,N,NA,NA,NA,NA,NA,NA,NA,NA,NA,Y,4,0,1,1,A,-,08,22107,NA,N,E,J,A,A,H,-,A,A,0,NA,NA,NA,NA,Y,NA,A,01,0,0,1,0,0,0,0,0,0,-,-,NA,NA,SAN BERNARDINO,ONTARIO,-117.60092926025392,34.046688079833984
8999614,2018,2019-12-11,3607,2018-08-24,1959,80547,50,5,5,6,3607,0,0,0,NA,0,031,BAKER AV,5TH ST,10,N,N,A,-,N,NA,NA,NA,NA,NA,NA,NA,NA,NA,N,3,0,1,2,A,-,09,21800,C,N,D,G,A,A,H,-,C,D,0,NA,Y,NA,NA,Y,NA,L,04,0,1,0,0,0,0,1,0,0,-,-,NA,NA,SAN BERNARDINO,ONTARIO,-117.61986541748048,34.081275939941406
8999621,2018,2019-12-11,3607,2018-08-29,1436,80313,211,3,5,6,3607,0,0,0,NA,0,071,CARLOS AV,FRANCIS ST,0,NA,Y,A,-,N,NA,NA,NA,NA,NA,NA,NA,NA,NA,N,4,0,1,2,A,-,09,21802,A,N,D,C,A,A,H,-,A,A,0,NA,NA,NA,NA,Y,NA,A,08,0,0,1,0,0,0,0,0,0,-,-,NA,NA,SAN BERNARDINO,ONTARIO,-117.60658264160156,34.04119110107422
8999624,2018,2019-12-11,3607,2018-10-11,1640,20052,600,4,5,6,3607,0,0,0,NA,0,082,EDISON AV,BON VIEW AV,300,E,N,A,-,N,NA,NA,NA,NA,NA,NA,NA,NA,NA,Y,4,0,2,2,A,-,03,22350,NA,N,C,C,A,A,H,-,A,D,0,NA,NA,NA,NA,Y,NA,A,01,0,0,2,0,0,0,0,0,0,-,-,NA,NA,SAN BERNARDINO,ONTARIO,-117.63582611083984,33.99763870239258
8999635,2018,2019-12-10,3607,2018-10-04,1750,80534,67,4,5,6,3607,0,0,0,NA,0,031,4TH ST,RT 10,0,NA,Y,A,-,N,NA,NA,NA,NA,NA,NA,NA,NA,NA,N,4,0,1,2,A,-,03,22350,NA,N,C,C,A,A,H,-,A,A,0,NA,NA,NA,NA,Y,NA,A,01,0,0,1,0,0,0,0,0,0,-,EO,NA,NA,SAN BERNARDINO,ONTARIO,-117.62358856201172,34.07762908935547
8999639,2018,2019-12-10,3607,2018-10-04,1550,80313,187,4,5,6,3607,0,0,0,NA,0,061,MAITLAND ST,CAMPUS AV,0,NA,Y,A,-,N,NA,NA,NA,NA,NA,NA,NA,NA,NA,Y,3,0,1,2,A,-,09,21802,A,N,D,C,A,A,H,-,A,A,0,NA,NA,NA,NA,Y,NA,A,01,0,1,0,0,0,0,0,0,0,-,-,NA,NA,SAN BERNARDINO,ONTARIO,-117.64129638671876,34.053611755371094
8999684,2018,2019-12-10,3607,2018-03-12,1753,14789,188,1,5,6,3607,0,0,0,NA,0,061,CAMPUS AV,MAITLAND ST,0,NA,Y,A,-,N,NA,NA,NA,NA,NA,NA,NA,NA,NA,Y,4,0,2,2,A,-,09,21802,A,N,D,C,A,A,H,-,A,A,0,NA,NA,NA,NA,Y,NA,A,01,0,0,2,0,0,0,0,0,0,-,-,NA,NA,SAN BERNARDINO,ONTARIO,-117.64129638671876,34.053611755371094
8999718,2018,2019-12-10,3607,2018-01-11,1653,19944,180,4,5,6,3607,0,0,0,NA,0,051,MISSION BL,CYPRESS AV,0,NA,Y,A,-,N,NA,NA,NA,NA,NA,NA,NA,NA,NA,Y,4,0,2,3,A,-,09,21801,A,N,D,C,A,A,H,-,B,D,0,NA,NA,NA,NA,Y,NA,A,01,0,0,2,0,0,0,0,0,0,-,-,NA,NA,SAN BERNARDINO,ONTARIO,-117.66326141357422,34.05611038208008
8999776,2018,2019-12-10,3607,2018-09-30,1426,80171,66,7,5,6,3607,0,0,0,NA,0,032,4TH ST,EL DORADO AV,100,E,N,A,-,N,NA,NA,NA,NA,NA,NA,NA,NA,NA,N,4,0,5,4,A,-,03,22350,NA,N,C,C,A,A,H,-,A,A,0,NA,NA,NA,NA,Y,NA,A,07,0,0,5,0,0,0,0,0,0,-,-,NA,NA,SAN BERNARDINO,ONTARIO,-117.62476348876952,34.0776481628418
8999783,2018,2019-12-10,3607,2018-08-20,1250,80293,NA,1,5,6,3607,0,0,0,NA,0,NA,MOUNTAIN AV,FRANCIS ST,0,NA,Y,A,-,N,NA,NA,NA,NA,NA,NA,NA,NA,NA,N,4,0,1,2,A,-,03,22350,NA,N,C,C,A,A,H,-,A,A,0,NA,NA,NA,NA,Y,NA,A,01,0,0,1,0,0,0,0,0,0,-,-,NA,NA,SAN BERNARDINO,ONTARIO,-117.669921875,34.040958404541016
8999794,2018,2019-12-11,3607,2018-05-30,1554,80313,197,3,5,6,3607,0,0,0,NA,0,052,SAN ANTONIO AV,PHILLIPS ST,0,NA,Y,A,-,N,NA,NA,NA,NA,NA,NA,NA,NA,NA,N,3,0,1,2,A,-,09,21801,B,N,D,G,A,A,H,-,A,A,0,NA,Y,NA,NA,Y,NA,L,04,0,1,0,0,0,0,1,0,0,-,-,NA,NA,SAN BERNARDINO,ONTARIO,-117.6605224609375,34.049659729003906
8999822,2018,2019-12-10,3607,2018-06-12,1749,80534,131,2,5,6,3607,0,0,0,NA,0,032,HOLT BL,GROVE AV,10,E,N,A,-,N,NA,NA,NA,NA,NA,NA,NA,NA,NA,Y,4,0,1,3,A,-,03,22350,NA,N,C,C,A,A,H,-,A,A,0,NA,NA,NA,NA,Y,NA,A,07,0,0,1,0,0,0,0,0,0,-,-,NA,NA,SAN BERNARDINO,ONTARIO,-117.6284637451172,34.063419342041016
8999830,2018,2019-12-10,3607,2018-06-12,0700,15060,65,2,5,6,3607,0,0,0,NA,0,032,4TH ST,GROVE AV,70,E,N,A,-,N,NA,NA,NA,NA,NA,NA,NA,NA,NA,N,3,0,1,1,A,-,03,22350,NA,N,E,I,A,A,H,-,A,A,0,NA,NA,NA,NA,Y,NA,A,01,0,1,0,0,0,0,0,0,0,-,-,NA,NA,SAN BERNARDINO,ONTARIO,-117.62842559814452,34.0777473449707
8999844,2018,2019-12-10,3607,2018-01-10,1529,14997,65,3,5,6,3607,0,0,0,NA,0,032,4TH ST,GROVE AV,50,W,N,B,-,N,NA,NA,NA,NA,NA,NA,NA,NA,NA,N,4,0,2,2,A,-,03,22350,NA,N,C,C,A,B,H,-,A,A,0,NA,NA,NA,NA,Y,NA,A,08,0,0,2,0,0,0,0,0,0,-,-,NA,NA,SAN BERNARDINO,ONTARIO,-117.62879180908205,34.07786560058594
8999850,2018,2019-12-11,3607,2018-10-30,0621,80396,255,2,5,6,3607,0,0,0,NA,0,062,OAK HILL ST,HOPE PL,100,W,N,A,-,N,NA,NA,NA,NA,NA,NA,NA,NA,NA,Y,4,0,2,2,A,-,08,22107,NA,N,C,E,A,A,H,-,B,D,0,NA,NA,NA,NA,Y,NA,A,01,0,0,2,0,0,0,0,0,0,-,-,NA,NA,SAN BERNARDINO,ONTARIO,-117.63832092285156,34.02879333496094
8999853,2018,2019-12-11,3607,2018-10-17,1628,80534,125,3,5,6,3607,0,0,0,NA,0,012,B ST,PALM AV,0,NA,Y,A,-,N,NA,NA,NA,NA,NA,NA,NA,NA,NA,N,4,0,2,2,A,-,09,21802,A,N,D,C,A,A,H,-,A,A,0,NA,NA,NA,NA,Y,NA,A,01,0,0,2,0,0,0,0,0,0,-,-,NA,NA,SAN BERNARDINO,ONTARIO,-117.65355682373048,34.06455993652344
8999931,2018,2019-12-11,3607,2018-02-26,1829,80550,66,1,5,6,3607,0,0,0,NA,0,032,4TH ST,EL DORADO AV,200,W,N,A,-,N,NA,NA,NA,NA,NA,NA,NA,NA,NA,Y,2,0,1,2,C,-,18,NA,NA,N,C,C,A,A,H,-,C,A,0,NA,NA,NA,NA,Y,NA,-,-,1,0,0,0,0,0,0,0,0,-,-,NA,NA,SAN BERNARDINO,ONTARIO,-117.62574768066406,34.077659606933594
8999936,2018,2019-12-10,3607,2018-02-24,0224,19894,NA,6,5,6,3607,0,0,0,NA,0,062,EUCLID AV,RT 60,200,S,N,A,-,N,NA,NA,NA,NA,NA,NA,NA,NA,NA,Y,4,0,1,1,A,-,01,23152,A,N,E,I,A,A,H,-,C,A,0,NA,NA,NA,NA,Y,Y,A,01,0,0,1,0,0,0,0,0,0,-,WF,NA,NA,SAN BERNARDINO,ONTARIO,-117.65103912353516,34.030311584472656
8999942,2018,2019-12-10,3607,2018-11-21,1812,80548,339,3,5,6,3607,0,0,0,NA,0,041,ETIWANDA AV,ONTARIO MILLS PKWY,200,S,N,A,-,N,NA,NA,NA,NA,NA,NA,NA,NA,NA,Y,4,0,2,2,A,-,03,22350,NA,N,C,C,A,A,H,-,C,A,0,NA,NA,NA,NA,Y,NA,A,01,0,0,2,0,0,0,0,0,0,-,-,NA,NA,SAN BERNARDINO,ONTARIO,-117.52420806884766,34.07060241699219
8999954,2018,2019-12-10,3607,2018-11-19,1332,80515,42,1,5,6,3607,0,0,0,NA,0,011,MOUNTAIN AV,4TH ST,0,NA,Y,A,-,N,NA,NA,NA,NA,NA,NA,NA,NA,NA,Y,3,0,3,2,A,-,09,21801,A,N,A,C,A,A,H,-,A,A,0,NA,NA,NA,NA,Y,NA,A,08,0,2,1,0,0,0,0,0,0,-,-,NA,NA,SAN BERNARDINO,ONTARIO,-117.67011260986328,34.0778694152832
8999963,2018,2019-12-11,3607,2018-03-27,1428,80313,228,2,5,6,3607,0,0,0,NA,0,052,SAN ANTONIO AV,PHILADELPHIA ST,0,NA,Y,A,-,N,NA,NA,NA,NA,NA,NA,NA,NA,NA,Y,4,0,1,2,A,-,12,21453,A,N,D,C,A,A,H,-,A,A,0,NA,NA,NA,NA,Y,NA,A,01,0,0,1,0,0,0,0,0,0,-,-,NA,NA,SAN BERNARDINO,ONTARIO,-117.65895080566406,34.03377151489258
9000114,2019,2019-12-17,3607,2019-05-22,0923,80516,67,3,5,6,3607,0,0,0,NA,0,031,4TH ST,BAKER AV,545,W,N,B,-,N,NA,NA,NA,NA,NA,NA,NA,NA,NA,NA,4,0,1,2,A,-,03,22350,NA,N,C,C,A,A,H,-,A,A,0,NA,NA,NA,NA,Y,NA,A,08,0,0,1,0,0,0,0,0,0,-,-,NA,NA,SAN BERNARDINO,ONTARIO,-117.6216278076172,34.077640533447266
8991240,2019,2020-01-14,3608,2019-11-27,1204,4523,3608,3,5,5,3608,0,0,0,NA,0,NA,LIVE OAK CANYON RD,LIVE OAK CANYON RD 31313,278,N,N,C,-,N,NA,NA,NA,NA,NA,NA,NA,NA,NA,Y,3,0,1,1,A,-,03,22350,NA,N,E,I,A,B,H,-,A,D,0,NA,NA,NA,NA,Y,NA,A,01,0,1,0,0,0,0,0,0,0,-,-,NA,NA,SAN BERNARDINO,REDLANDS,NA,NA
8991248,2019,2020-01-13,3608,2019-11-15,1126,4834,RPD,5,5,5,3608,0,0,0,NA,0,NA,STUART AV,TEXAS ST,0,NA,Y,A,-,N,NA,NA,NA,NA,NA,NA,NA,NA,NA,Y,4,0,1,2,D,-,00,NA,NA,N,B,C,A,A,H,-,A,A,0,NA,NA,NA,NA,Y,NA,-,-,0,0,1,0,0,0,0,0,0,-,-,NA,NA,SAN BERNARDINO,REDLANDS,-117.1913604736328,34.05963897705078
8979859,2019,2019-11-26,3600,2019-10-22,1554,H6873,HE208,2,5,5,3619,0,0,0,NA,0,HE2,CHERRY ST,TIMBERLANE AV,0,NA,Y,A,-,N,NA,NA,NA,NA,NA,NA,NA,NA,NA,N,2,0,1,2,A,-,09,21802,A,F,D,C,A,A,H,-,A,A,0,NA,NA,Y,NA,Y,NA,A,01,1,0,0,0,0,0,0,0,1,-,-,NA,NA,SAN BERNARDINO,HESPERIA,-117.26792907714844,34.43080139160156
8991891,2019,2019-12-24,3607,2019-03-02,1032,80491,245,6,5,6,3607,0,0,0,NA,0,072,MISSION BL,PHILADELPHIA ST,157,W,N,C,-,N,NA,NA,NA,NA,NA,NA,NA,NA,NA,N,4,0,1,2,A,-,03,22350,NA,N,B,C,A,B,F,-,A,A,0,NA,NA,NA,Y,Y,NA,A,07,0,0,1,0,0,0,0,0,0,-,-,NA,NA,SAN BERNARDINO,ONTARIO,-117.5676040649414,34.035377502441406
8992133,2019,2020-01-25,3607,2019-02-22,2025,80395,892,5,5,6,3607,0,0,0,NA,0,082,ARCHIBALD AV,MERRILL AV,600,N,N,A,-,N,NA,NA,NA,NA,NA,NA,NA,NA,NA,Y,4,0,2,2,A,-,03,22350,NA,N,C,C,A,A,D,-,D,D,0,NA,NA,NA,NA,Y,NA,A,01,0,0,2,0,0,0,0,0,0,-,-,NA,NA,SAN BERNARDINO,ONTARIO,-117.59332275390624,33.98439407348633
8992146,2019,2019-12-31,3607,2019-04-18,1418,80313,127,4,5,6,3607,0,0,0,NA,0,022,D ST,LEMON AV,10,W,N,A,-,N,NA,NA,NA,NA,NA,NA,NA,NA,NA,NA,4,0,1,2,A,-,12,22450,A,F,H,G,A,A,H,-,A,A,0,NA,Y,NA,NA,Y,NA,D,22,0,0,1,0,0,0,1,0,0,-,-,NA,NA,SAN BERNARDINO,ONTARIO,-117.6496124267578,34.06698989868164
8983664,2019,2019-12-10,3600,2019-10-18,1408,S3887,HE123,5,5,5,3619,0,0,0,NA,0,HE1,11TH AV,RIVERSIDE BL,0,NA,Y,A,-,N,NA,NA,NA,NA,NA,NA,NA,NA,NA,Y,4,0,2,2,A,-,09,21802,A,N,D,C,A,A,H,-,A,A,0,NA,NA,NA,NA,Y,NA,A,01,0,0,2,0,0,0,0,0,0,-,-,NA,NA,SAN BERNARDINO,HESPERIA,-117.32190704345705,34.44001007080078
8984933,2019,2019-12-30,3611,2019-08-13,1834,2251,3611,2,5,5,3611,0,0,0,NA,0,003,CAMPUS AV,FOOTHILL BL,84,N,N,A,-,N,NA,NA,NA,NA,NA,NA,NA,NA,NA,N,3,0,1,2,A,-,11,21950,B,N,G,B,D,A,H,-,A,D,0,Y,NA,NA,NA,Y,NA,N,60,0,1,0,0,1,0,0,0,0,-,-,NA,NA,SAN BERNARDINO,UPLAND,-117.64152526855467,34.107269287109375
8992897,2019,2020-02-11,3604,2019-11-03,1713,1154,NA,7,5,6,3604,0,0,0,NA,0,NA,SAN SEVAINE RD,SIERRA LAKES PKWY,686,N,N,A,-,N,NA,NA,NA,NA,NA,NA,NA,NA,NA,Y,3,0,1,1,C,-,18,NA,NA,N,F,A,A,A,H,-,B,A,0,NA,NA,NA,NA,Y,NA,-,-,0,1,0,0,0,0,0,0,0,-,-,NA,NA,SAN BERNARDINO,FONTANA,-117.4796905517578,34.139488220214844
8990168,2019,2019-12-28,3607,2019-11-13,1653,80533,253,3,5,6,3607,0,0,0,NA,0,071,PHILADELPHIA ST,PROFORMA AV,0,NA,Y,A,-,N,NA,NA,NA,NA,NA,NA,NA,NA,NA,N,4,0,1,2,A,-,09,21802,A,N,D,C,A,A,H,-,C,D,0,NA,NA,NA,NA,Y,NA,D,22,0,0,1,0,0,0,0,0,0,-,-,NA,NA,SAN BERNARDINO,ONTARIO,-117.59647369384766,34.033790588378906
8990192,2019,2019-12-27,3607,2019-11-13,1945,80266,880,3,5,6,3607,0,0,0,NA,0,082,HAVEN AV,EUCALYPTUS AV,50,S,N,A,-,N,NA,NA,NA,NA,NA,NA,NA,NA,NA,N,4,0,1,3,A,-,01,23152,A,M,B,C,A,A,H,-,D,A,0,NA,NA,NA,NA,Y,Y,D,22,0,0,1,0,0,0,0,0,0,-,-,NA,NA,SAN BERNARDINO,ONTARIO,-117.57583618164063,33.98997497558594
8990563,2019,2020-01-29,3608,2019-11-25,1847,4536,SBSUP,1,5,5,3608,0,0,0,NA,0,NA,REDLANDS BL,NEW JERSEY ST,15,E,N,A,-,N,NA,NA,NA,NA,NA,NA,NA,NA,NA,N,3,0,1,2,A,-,11,21954,A,N,G,B,B,A,H,-,C,A,0,Y,NA,NA,NA,Y,NA,N,60,0,1,0,0,1,0,0,0,0,-,-,NA,NA,SAN BERNARDINO,REDLANDS,-117.22176361083984,34.063079833984375
8991011,2019,2020-01-16,3608,2019-11-25,2305,4388,NA,1,5,5,3608,0,0,0,NA,0,NA,TENNESSEE ST,LUGONIA AV,0,NA,Y,G,-,N,NA,NA,NA,NA,NA,NA,NA,NA,NA,Y,4,0,3,2,A,-,12,21453,A,N,D,C,A,A,H,-,C,A,0,NA,NA,NA,NA,Y,NA,-,NA,0,0,3,0,0,0,0,0,0,-,-,34.07017135620117,-117.19915771484376,SAN BERNARDINO,REDLANDS,-117.19918060302734,34.0701789855957
8994268,2019,2020-06-30,3600,2019-10-21,1420,6868,047,1,5,5,3612,0,0,0,NA,0,006,D ST,RT 15,0,NA,Y,A,-,Y,SBD,8,15,-,-,43.277,R,4,S,NA,4,0,1,2,D,-,00,NA,NA,N,A,C,A,A,H,-,A,D,0,NA,NA,NA,NA,Y,NA,-,-,0,0,1,0,0,0,0,0,0,-,NO,NA,NA,SAN BERNARDINO,VICTORVILLE,-117.3034896850586,34.54376220703125
8994272,2019,2019-12-12,3600,2019-10-20,1647,3381,075,7,5,5,3612,0,0,0,NA,0,006,MOJAVE DR,VILLAGE DR,0,NA,Y,A,-,N,NA,NA,NA,NA,NA,NA,NA,NA,NA,Y,4,0,1,3,A,-,12,21453,A,N,D,C,A,A,H,-,A,A,0,NA,NA,NA,NA,Y,NA,A,01,0,0,1,0,0,0,0,0,0,-,-,NA,NA,SAN BERNARDINO,VICTORVILLE,-117.3183135986328,34.528900146484375
8994541,2019,2021-04-15,3607,2019-10-03,1211,19809,294,4,5,6,3607,0,0,0,NA,0,062,EUCLID AV,RT 60,450,S,N,A,-,Y,SBD,8,83,-,-,7.05,H,-,N,Y,4,0,2,3,A,-,03,22350,NA,N,C,E,A,A,H,-,A,A,0,NA,NA,NA,NA,Y,NA,A,07,0,0,2,0,0,0,0,0,0,-,-,NA,NA,SAN BERNARDINO,ONTARIO,-117.65067291259766,34.028541564941406
8995987,2019,2020-01-07,3600,2019-11-14,1709,F8945,VC013,4,5,5,3612,0,0,0,NA,0,VC4,AMARGOSA RD,DESERT ESCAPE,444,S,N,A,-,N,NA,NA,NA,NA,NA,NA,NA,NA,NA,Y,4,0,2,2,A,-,09,21804,A,N,D,C,A,A,H,-,A,D,0,NA,NA,NA,NA,Y,NA,A,01,0,0,2,0,0,0,0,0,0,-,-,NA,NA,SAN BERNARDINO,VICTORVILLE,-117.3510513305664,34.46489715576172