CASE_ID,ACCIDENT_YEAR,PROC_DATE,JURIS,COLLISION_DATE,COLLISION_TIME,OFFICER_ID,REPORTING_DISTRICT,DAY_OF_WEEK,CHP_SHIFT,POPULATION,CNTY_CITY_LOC,SPECIAL_COND,BEAT_TYPE,CHP_BEAT_TYPE,CITY_DIVISION_LAPD,CHP_BEAT_CLASS,BEAT_NUMBER,PRIMARY_RD,SECONDARY_RD,DISTANCE,DIRECTION,INTERSECTION,WEATHER_1,WEATHER_2,STATE_HWY_IND,CALTRANS_COUNTY,CALTRANS_DISTRICT,STATE_ROUTE,ROUTE_SUFFIX,POSTMILE_PREFIX,POSTMILE,LOCATION_TYPE,RAMP_INTERSECTION,SIDE_OF_HWY,TOW_AWAY,COLLISION_SEVERITY,NUMBER_KILLED,NUMBER_INJURED,PARTY_COUNT,PRIMARY_COLL_FACTOR,PCF_CODE_OF_VIOL,PCF_VIOL_CATEGORY,PCF_VIOLATION,PCF_VIOL_SUBSECTION,HIT_AND_RUN,TYPE_OF_COLLISION,MVIW,PED_ACTION,ROAD_SURFACE,ROAD_COND_1,ROAD_COND_2,LIGHTING,CONTROL_DEVICE,CHP_ROAD_TYPE,PEDESTRIAN_ACCIDENT,BICYCLE_ACCIDENT,MOTORCYCLE_ACCIDENT,TRUCK_ACCIDENT,NOT_PRIVATE_PROPERTY,ALCOHOL_INVOLVED,STWD_VEHTYPE_AT_FAULT,CHP_VEHTYPE_AT_FAULT,COUNT_SEVERE_INJ,COUNT_VISIBLE_INJ,COUNT_COMPLAINT_PAIN,COUNT_PED_KILLED,COUNT_PED_INJURED,COUNT_BICYCLIST_KILLED,COUNT_BICYCLIST_INJURED,COUNT_MC_KILLED,COUNT_MC_INJURED,PRIMARY_RAMP,SECONDARY_RAMP,LATITUDE,LONGITUDE,COUNTY,CITY,POINT_X,POINT_Y
90634471,2018,2018-01-08,9860,2018-01-05,2003,020051,NA,5,2,6,3610,0,1,1,NA,2,216,I-215 N/B,UNIVERSITY PKY,3696,S,N,A,-,Y,NA,NA,215,NA,NA,NA,NA,NA,N,Y,3,0,1,2,A,-,03,22350,NA,N,C,C,A,A,H,-,D,D,0,NA,NA,NA,Y,Y,NA,A,01,0,1,0,0,0,0,0,0,0,-,-,34.1556510925293,-117.32575225830078,SAN BERNARDINO,SAN BERNARDINO,-117.32576751708984,34.1556396484375
90634571,2017,2018-01-08,9860,2017-12-30,1455,018858,NA,6,2,4,3603,0,1,1,NA,2,103,I-10 W/B TO I-215 N/B,SANTA AN RIVER,430,S,N,A,-,Y,NA,NA,10,NA,NA,NA,R,NA,W,Y,2,0,1,1,A,-,08,22107,NA,N,F,A,A,A,H,-,A,D,0,NA,NA,NA,NA,Y,NA,A,01,1,0,0,0,0,0,0,0,0,-,-,34.06553,-117.29465,SAN BERNARDINO,COLTON,-117.29465,34.06553
90635042,2017,2018-01-08,9855,2017-12-23,1052,017704,NA,6,1,6,3607,0,1,3,NA,2,601,SR-60 E/B (POMONA FWY),HAVEN AVENUE,1800,E,N,A,-,Y,NA,NA,60,NA,NA,NA,NA,NA,E,Y,2,0,1,2,A,-,01,23152,A,N,B,C,A,A,H,-,A,D,0,NA,NA,NA,NA,Y,Y,A,01,1,0,0,0,0,0,0,0,0,-,-,34.0252,-117.5634,SAN BERNARDINO,ONTARIO,-117.56335831,34.0253472
90636661,2018,2018-01-09,9855,2018-01-09,0630,015919,NA,2,1,6,3604,0,1,1,NA,2,153,I-15 S/B (ONTARIO FWY),SIERRA AVE.,200,S,N,B,C,Y,NA,NA,15,NA,NA,NA,NA,NA,S,Y,4,0,1,1,A,-,03,22350,NA,N,E,I,A,B,H,-,A,D,0,NA,NA,NA,NA,Y,NA,A,01,0,0,1,0,0,0,0,0,0,-,-,34.18096923828125,-117.43768310546876,SAN BERNARDINO,FONTANA,-117.43773651123048,34.181026458740234
90637004,2017,2018-01-10,9850,2017-12-31,0244,021422,NA,7,3,9,3600,0,3,5,NA,2,001,RIDGECREST RD,CHINQUAPIN DR,882,S,N,A,-,N,NA,NA,NA,NA,NA,NA,NA,NA,NA,Y,3,0,1,1,A,-,01,23152,A,N,F,A,A,A,H,-,D,D,0,NA,NA,Y,NA,Y,Y,C,02,0,1,0,0,0,0,0,0,1,-,-,34.49922,-117.27728,SAN BERNARDINO,UNINCORPORATED,-117.27733,34.4982339
90638226,2018,2018-01-11,9865,2018-01-05,1310,020388,NA,5,1,9,3600,0,1,3,NA,2,021,SR-330 N/B,LIVE OAK DR,1056,N,N,A,-,Y,NA,NA,330,NA,NA,NA,NA,NA,N,Y,4,0,7,2,A,-,03,22350,NA,N,C,C,A,A,H,-,A,D,0,NA,NA,NA,NA,Y,NA,A,07,0,0,7,0,0,0,0,0,0,-,-,34.20349884033203,-117.13941955566406,SAN BERNARDINO,UNINCORPORATED,-117.13944244384766,34.20363998413086
90639168,2018,2018-01-12,9860,2018-01-10,1830,020595,NA,3,2,6,3610,0,1,1,NA,2,216,I-215 N/B,W 9TH STREET,300,N,N,B,-,Y,NA,NA,215,NA,NA,NA,NA,NA,N,N,4,0,1,2,A,-,07,21658,A,N,B,C,A,A,H,-,D,D,0,NA,NA,Y,NA,Y,NA,C,02,0,0,1,0,0,0,0,0,1,-,-,34.116668701171875,-117.30233001708984,SAN BERNARDINO,SAN BERNARDINO,-117.3027572631836,34.11668395996094
90639754,2018,2018-01-15,9855,2018-01-03,1839,018727,NA,3,2,6,3616,0,1,1,NA,2,153,I-15 N/B TO SR-210 E/B,SR-210 E/B,1000,S,N,B,-,Y,NA,NA,NA,NA,NA,NA,NA,NA,NA,Y,4,0,1,1,A,-,08,22107,NA,N,E,I,A,A,H,-,C,D,0,NA,NA,NA,NA,Y,NA,A,01,0,0,1,0,0,0,0,0,0,-,-,34.080970764160156,-117.29604339599608,SAN BERNARDINO,RANCHO CUCAMONGA,NA,NA
90639913,2018,2018-01-15,9835,2018-01-08,1035,20883,NA,1,1,9,3600,0,1,1,NA,2,077,I-15 S/B,BAILEY RD,10560,N,N,B,C,Y,NA,NA,15,NA,NA,NA,NA,NA,S,Y,3,0,2,1,A,-,03,22350,NA,N,F,A,A,B,H,-,A,D,0,NA,NA,NA,NA,Y,NA,D,22,0,1,1,0,0,0,0,0,0,-,-,35.46974182128906,-115.49610900878906,SAN BERNARDINO,UNINCORPORATED,-115.4961395263672,35.4696159362793
90640876,2018,2018-01-16,9865,2018-01-08,1700,014696,NA,1,2,9,3600,0,1,3,NA,1,010,SR-18 NORTHBOUND,SR-138,2112,S,N,C,E,Y,NA,NA,18,NA,NA,NA,NA,NA,N,N,4,0,3,1,C,-,18,NA,NA,N,E,J,A,B,H,-,D,D,0,NA,NA,NA,NA,Y,NA,-,-,0,0,3,0,0,0,0,0,0,-,-,34.23273849487305,-117.29492950439452,SAN BERNARDINO,UNINCORPORATED,-117.29490661621094,34.23260498046875
90642624,2018,2018-01-18,9855,2018-01-12,0726,016220,NA,5,1,6,3616,0,1,1,NA,2,152,I-15 S/B (ONTARIO FWY),BASELINE RD.,3168,S,N,A,-,Y,NA,NA,15,NA,NA,NA,NA,NA,S,N,3,0,1,2,A,-,03,22350,NA,N,C,C,A,A,H,-,A,D,0,NA,NA,NA,NA,Y,NA,A,01,0,1,0,0,0,0,0,0,0,-,-,34.11539840698242,-117.52162933349608,SAN BERNARDINO,RANCHO CUCAMONGA,-117.52159118652344,34.115352630615234
90642969,2018,2018-01-18,9860,2018-01-11,1805,019269,NA,4,2,4,3603,0,1,1,NA,2,214,I-215 S/B,WASHINGTON ST,2112,N,N,B,-,Y,NA,NA,215,NA,NA,NA,NA,NA,S,N,4,0,1,3,A,-,03,22350,NA,N,C,C,A,A,H,-,D,D,0,NA,NA,NA,NA,Y,NA,A,07,0,0,1,0,0,0,0,0,0,-,-,34.05118942260742,-117.3027572631836,SAN BERNARDINO,COLTON,-117.30274200439452,34.05116653442383
90643785,2018,2018-01-19,9850,2018-01-11,0825,021365,NA,4,1,9,3600,0,1,3,NA,2,044,STATE ROUTE 247,OLD VICTOR ROAD,1,E,N,A,-,Y,NA,NA,247,NA,NA,NA,NA,NA,NA,Y,1,2,1,2,A,-,05,21460,A,N,A,C,A,A,H,-,A,D,0,NA,NA,NA,NA,Y,NA,D,22,1,0,0,0,0,0,0,0,0,-,-,34.399349212646484,-116.70517730712892,SAN BERNARDINO,UNINCORPORATED,-116.70517730712892,34.39936065673828
90645252,2018,2018-01-23,9850,2018-01-15,1450,021422,NA,1,2,9,3600,0,2,4,NA,2,057,RANCHO ROAD,SHEEP CREEK ROAD,0,NA,Y,A,-,N,NA,NA,NA,NA,NA,NA,NA,NA,NA,Y,2,0,1,2,A,-,09,21804,A,N,D,C,A,A,H,-,A,D,0,NA,NA,Y,NA,Y,NA,C,06,1,0,0,0,0,0,0,0,1,-,-,34.55812072753906,-117.57817840576172,SAN BERNARDINO,UNINCORPORATED,-117.57820129394533,34.558048248291016
90646898,2018,2018-01-24,9855,2018-01-19,0855,016220,NA,5,1,6,3607,0,1,1,NA,2,101,I-10 E/B (SAN BERNARDINO FWY),MILLIKEN AVE.,350,W,N,B,-,Y,NA,NA,10,NA,NA,NA,NA,NA,E,N,4,0,1,2,A,-,03,22350,NA,N,C,C,A,A,H,-,A,D,0,NA,NA,NA,NA,Y,NA,A,01,0,0,1,0,0,0,0,0,0,-,-,34.06721115112305,-117.55976104736328,SAN BERNARDINO,ONTARIO,-117.55976104736328,34.0673828125
90647237,2018,2018-01-25,9865,2018-01-20,0800,020388,NA,6,1,9,3600,0,1,3,NA,2,031,SR-38,MOUND STREET,266,W,N,D,-,Y,NA,NA,38,NA,NA,NA,NA,NA,NA,Y,4,0,1,2,A,-,03,22350,NA,N,B,C,A,C,H,-,A,D,0,NA,NA,NA,NA,Y,NA,A,07,0,0,1,0,0,0,0,0,0,-,-,34.26557922363281,-116.85604858398438,SAN BERNARDINO,UNINCORPORATED,-116.85604095458984,34.26573181152344
90649777,2018,2018-01-29,9860,2018-01-20,1410,019321,NA,6,2,4,3640,0,1,1,NA,2,106,I-10 E/B,YUCAIPA BLVD.,3168,W,N,A,-,Y,NA,NA,NA,NA,NA,NA,NA,NA,NA,Y,4,0,2,1,C,-,18,NA,NA,N,E,I,A,A,H,-,A,D,0,NA,NA,NA,NA,Y,NA,-,-,0,0,2,0,0,0,0,0,0,-,-,34.02898025512695,-117.12921142578124,SAN BERNARDINO,YUCAIPA,-117.12933349609376,34.029048919677734
90649869,2018,2018-01-29,9835,2018-01-22,0245,019992,NA,1,3,9,3600,0,1,1,NA,2,047,I-40 W/B,CRUCERO RD,37646,E,N,B,-,Y,NA,NA,40,NA,NA,NA,NA,NA,W,Y,3,0,1,1,A,-,08,22107,NA,N,E,I,A,A,H,-,D,D,0,NA,NA,NA,Y,Y,NA,G,25,0,1,0,0,0,0,0,0,0,-,-,34.716590881347656,-116.03972625732422,SAN BERNARDINO,UNINCORPORATED,-116.03972625732422,34.71656799316406
90651610,2018,2018-01-30,9855,2018-01-24,1724,018727,NA,3,2,6,3607,0,1,1,NA,2,103,I-10 E/B (SAN BERNARDINO FWY),FOURTH ST.,528,E,N,A,-,Y,NA,NA,10,NA,NA,NA,NA,NA,E,Y,3,0,1,2,A,-,03,22350,NA,N,C,C,A,A,H,-,B,D,0,NA,NA,Y,NA,Y,NA,C,02,0,1,0,0,0,0,0,0,1,-,-,34.07659912109375,-117.62161254882813,SAN BERNARDINO,ONTARIO,-117.62165069580078,34.07652282714844
90652368,2018,2018-01-31,9855,2018-01-19,2000,020659,NA,5,2,6,3607,0,1,3,NA,2,603,SR-60 E/B (POMONA FWY),MOUNTAIN AVE.,1100,E,N,A,-,Y,NA,NA,60,NA,NA,NA,NA,NA,E,Y,4,0,1,2,A,-,07,21658,A,N,B,C,A,A,H,-,C,D,0,NA,NA,NA,Y,Y,NA,-,-,0,0,1,0,0,0,0,0,0,-,-,34.030189514160156,-117.66519165039063,SAN BERNARDINO,ONTARIO,-117.66519165039063,34.0302734375
90652378,2018,2018-01-31,9860,2018-01-25,1715,016821,NA,4,2,4,3603,0,1,1,NA,2,214,I-215 N/B,SANTA ANA RIVER BRIDGE,300,S,N,B,-,Y,NA,NA,215,NA,NA,NA,NA,NA,N,Y,4,0,2,3,A,-,03,22350,NA,N,C,C,A,A,H,-,B,D,0,NA,NA,NA,NA,Y,NA,A,01,0,0,2,0,0,0,0,0,0,-,-,34.0654182434082,-117.29596710205078,SAN BERNARDINO,COLTON,-117.29602813720705,34.065433502197266
90654304,2018,2018-02-05,9860,2018-02-01,0650,019419,NA,4,1,9,3600,0,1,1,NA,2,152,I-15 S/B,SR-138,300,N,N,A,-,Y,NA,NA,15,NA,NA,NA,NA,NA,S,N,4,0,1,2,A,-,03,22350,NA,N,C,C,A,A,H,-,A,D,0,NA,NA,NA,NA,Y,NA,A,07,0,0,1,0,0,0,0,0,0,-,-,34.31251907348633,-117.47593688964844,SAN BERNARDINO,UNINCORPORATED,-117.47592926025392,34.31253433227539
90655201,2018,2018-02-05,9834,2018-02-01,1608,021525,NA,4,2,9,3600,0,1,1,NA,2,048,I-40 E/B,FIVE MILE RD,5808,W,N,A,-,Y,NA,NA,40,NA,NA,NA,NA,NA,E,Y,3,0,1,1,A,-,08,22107,NA,N,F,A,A,A,H,-,A,D,0,NA,NA,NA,NA,Y,NA,A,01,0,1,0,0,0,0,0,0,0,-,-,34.77080154418945,-114.5802993774414,SAN BERNARDINO,UNINCORPORATED,-114.58007049560548,34.770904541015625
9065697,2020,2020-10-30,3600,2020-05-18,1923,C9499,YC404,1,5,4,3640,0,0,0,NA,0,YC3,YUCAIPA BL,11TH ST,511,W,N,C,-,N,NA,NA,NA,NA,NA,NA,NA,NA,NA,Y,3,0,1,2,A,-,11,21954,A,N,G,B,E,A,H,-,B,A,0,Y,NA,NA,NA,Y,NA,N,60,0,1,0,0,1,0,0,0,0,-,-,NA,NA,SAN BERNARDINO,YUCAIPA,-117.08403778076172,34.033939361572266
90657086,2018,2018-02-07,9865,2018-01-30,1629,016179,NA,2,2,9,3600,0,1,3,NA,1,039,SR-38 (GREENSPOT BLVD.),MANN DR,367,E,N,B,-,Y,NA,NA,38,NA,NA,NA,NA,NA,NA,Y,4,0,2,2,A,-,08,22107,NA,N,E,I,A,A,H,-,A,D,0,NA,NA,NA,NA,Y,NA,A,01,0,0,2,0,0,0,0,0,0,-,-,34.26021957397461,-116.81999969482422,SAN BERNARDINO,UNINCORPORATED,-116.82003784179688,34.26017761230469
90657808,2018,2018-02-08,9860,2018-02-06,0750,017098,NA,2,1,5,3609,0,1,1,NA,2,201,SR-210 E/B,AYALA DR,1000,E,N,A,-,Y,NA,NA,210,NA,NA,NA,NA,NA,E,Y,4,0,1,2,A,-,03,22350,NA,N,C,C,A,A,H,-,A,D,0,NA,NA,NA,NA,Y,NA,A,01,0,0,1,0,0,0,0,0,0,-,-,34.135658264160156,-117.38861083984376,SAN BERNARDINO,RIALTO,-117.38861083984376,34.13571548461914
90658742,2018,2018-02-12,9860,2018-02-09,1000,019321,NA,5,1,4,3640,0,1,1,NA,2,106,I-10 W/B,16TH ST,500,E,N,A,-,Y,NA,NA,10,NA,NA,NA,NA,NA,W,Y,4,0,4,2,A,-,07,21658,A,N,B,C,A,A,H,-,A,D,0,NA,NA,NA,NA,Y,NA,A,07,0,0,4,0,0,0,0,0,0,-,-,34.02170181274414,-117.10350799560548,SAN BERNARDINO,YUCAIPA,-117.1035614013672,34.0216178894043
90658746,2018,2018-02-12,9850,2018-02-02,0025,022015,NA,5,3,9,3600,0,3,5,NA,2,003,STANDING ROCK AVE,JOSHUA RD,3600,E,N,A,-,N,NA,NA,NA,NA,NA,NA,NA,NA,NA,Y,3,0,1,1,A,-,01,23152,G,N,F,A,A,A,H,-,D,D,0,NA,NA,NA,NA,Y,Y,A,01,0,1,0,0,0,0,0,0,0,-,-,34.522640228271484,-117.1443328857422,SAN BERNARDINO,UNINCORPORATED,-117.14349365234376,34.522674560546875
90660342,2018,2018-02-13,9850,2018-02-05,1650,022028,NA,1,2,9,3600,0,2,4,NA,2,066,PHELAN RD,CENTOLA RD,300,E,N,A,-,N,NA,NA,NA,NA,NA,NA,NA,NA,NA,N,4,0,1,2,A,-,03,22350,NA,N,C,C,A,A,H,-,A,D,0,NA,NA,NA,NA,Y,NA,A,01,0,0,1,0,0,0,0,0,0,-,-,34.42647171020508,-117.54389190673828,SAN BERNARDINO,UNINCORPORATED,-117.54390716552734,34.42646789550781
90663138,2018,2018-02-16,9860,2018-02-14,0725,018262,NA,3,1,6,3610,0,1,1,NA,2,214,I-215 S/B,MILL ST,408,S,N,B,-,Y,NA,NA,215,NA,NA,NA,NA,NA,S,Y,3,0,1,2,A,-,07,21658,A,N,B,C,A,A,H,-,A,D,0,NA,NA,Y,NA,Y,NA,A,01,0,1,0,0,0,0,0,0,1,-,-,34.09088897705078,-117.30196380615234,SAN BERNARDINO,SAN BERNARDINO,-117.30200958251952,34.09089279174805
90663892,2018,2018-05-15,9865,2018-02-10,1340,020872,NA,6,1,9,3600,0,3,5,NA,2,001,MOJAVE RIVER ROAD,BIG OAK ROAD,3696,N,N,A,-,N,NA,NA,NA,NA,NA,NA,NA,NA,NA,N,4,0,1,2,A,-,05,21650,NA,N,A,C,A,A,H,-,A,A,0,NA,NA,NA,NA,Y,NA,-,-,0,0,1,0,0,0,0,0,0,-,-,34.25537872314453,-117.31265258789063,SAN BERNARDINO,UNINCORPORATED,-117.31265258789063,34.25537872314453
90666099,2018,2018-05-03,9835,2018-02-16,1745,21176,NA,5,2,9,3600,0,1,1,NA,2,047,I-40 W/B,CRUCERO RD,17582,E,N,A,-,Y,NA,NA,40,NA,NA,NA,NA,NA,W,Y,3,0,1,1,A,-,08,22107,NA,N,F,A,A,A,H,-,B,D,0,NA,NA,NA,Y,Y,NA,G,25,0,1,0,0,0,0,0,0,0,-,-,34.72718048095703,-116.11319732666016,SAN BERNARDINO,UNINCORPORATED,-116.11319732666016,34.72719955444336
90668219,2018,2018-02-23,9860,2018-02-16,1330,014777,NA,5,1,5,3608,0,1,1,NA,2,203,SR-210 W/B,SAN BERNARDINO AVENUE,633,E,N,A,-,Y,NA,NA,210,NA,NA,NA,NA,NA,W,Y,3,0,1,2,A,-,03,22350,NA,N,C,C,A,A,H,-,A,D,0,NA,NA,NA,NA,Y,NA,A,01,0,1,0,0,0,0,0,0,0,-,-,34.07548904418945,-117.2006378173828,SAN BERNARDINO,REDLANDS,-117.20053863525392,34.07548904418945
90668953,2018,2018-02-26,9860,2018-02-18,2315,021169,NA,7,3,6,3610,0,1,3,NA,2,259,SR-259 S/B,SR-210,65,S,N,B,-,Y,NA,NA,259,NA,NA,NA,NA,NA,S,Y,3,0,1,1,A,-,01,23152,A,N,E,I,A,A,H,-,C,D,0,NA,NA,NA,NA,Y,Y,A,01,0,1,0,0,0,0,0,0,0,-,-,34.14533996582031,-117.29872131347656,SAN BERNARDINO,SAN BERNARDINO,-117.29874420166016,34.14537811279297
9066995,2020,2020-05-22,3600,2020-02-18,1843,D4320,RC073,2,5,6,3616,0,0,0,NA,0,RC5,MILLIKEN AV,6TH ST,0,NA,Y,A,-,N,NA,NA,NA,NA,NA,NA,NA,NA,NA,Y,4,0,2,2,A,-,12,21453,A,N,D,C,A,A,H,-,C,A,0,NA,NA,NA,NA,Y,NA,A,01,0,0,2,0,0,0,0,0,0,-,-,NA,NA,SAN BERNARDINO,RANCHO CUCAMONGA,-117.55844116210938,34.084720611572266
90670145,2018,2018-05-11,9860,2018-02-14,1855,021138,NA,3,2,4,3603,0,1,1,NA,2,214,I-215 N/B,IOWA AVE,840,N,N,B,-,Y,NA,NA,215,NA,NA,NA,NA,NA,N,Y,4,0,2,4,A,-,08,22107,NA,N,B,C,A,A,H,-,D,D,0,NA,NA,NA,Y,Y,NA,-,-,0,0,2,0,0,0,0,0,0,-,-,34.02582931518555,-117.33364868164063,SAN BERNARDINO,COLTON,-117.33364868164063,34.02582931518555
90671140,2018,2018-02-27,9855,2018-01-31,0805,015919,NA,3,1,6,3607,0,1,1,NA,2,103,I-10 W/B (SAN BERNARDINO FWY),FOURTH ST.,586,W,N,A,-,Y,NA,NA,10,NA,NA,NA,NA,NA,W,Y,3,0,1,2,A,-,03,22350,NA,N,B,C,A,A,H,-,A,D,0,NA,NA,NA,NA,Y,NA,J,49,0,1,0,0,0,0,0,0,0,-,-,34.077728271484375,-117.62344360351563,SAN BERNARDINO,ONTARIO,-117.62339019775392,34.07781219482422
90673251,2018,2018-03-01,9850,2018-02-16,1530,017730,NA,5,2,9,3600,0,2,4,NA,2,066,PHELAN RD,MIDDLETON RD,150,W,N,A,-,N,NA,NA,NA,NA,NA,NA,NA,NA,NA,Y,3,0,2,1,A,-,08,22107,NA,N,F,A,A,A,H,-,A,D,0,NA,NA,NA,NA,Y,NA,A,01,0,2,0,0,0,0,0,0,0,-,-,34.42641830444336,-117.49530029296876,SAN BERNARDINO,UNINCORPORATED,-117.4952392578125,34.426578521728516
90673508,2018,2018-03-02,9855,2018-02-20,1535,020110,NA,2,2,6,3607,0,1,1,NA,2,152,I-15 N/B (ONTARIO FWY),PHILADELPHIA ST.,100,N,N,A,-,Y,NA,NA,15,NA,NA,NA,NA,NA,N,N,4,0,1,2,A,-,03,22350,NA,F,C,C,A,A,H,-,A,D,0,NA,NA,NA,Y,Y,NA,F,25,0,0,1,0,0,0,0,0,0,-,-,34.03371810913086,-117.54997253417967,SAN BERNARDINO,ONTARIO,-117.54998779296876,34.03371810913086
90674138,2018,2018-03-05,9860,2018-03-02,1013,019419,NA,5,1,9,3600,0,1,1,NA,2,152,I-15 S/B,SR-138,5280,N,N,B,C,Y,NA,NA,15,NA,NA,NA,NA,NA,S,Y,4,0,1,1,A,-,08,22107,NA,N,E,I,A,B,H,-,A,D,0,NA,NA,NA,NA,Y,NA,A,01,0,0,1,0,0,0,0,0,0,-,-,34.326541900634766,-117.48230743408205,SAN BERNARDINO,UNINCORPORATED,-117.4823989868164,34.3265380859375
90675819,2018,2018-03-06,9835,2018-02-26,0035,21981,NA,1,3,9,3600,0,1,1,NA,2,073,I-15 S/B,FIELD RD,4224,S,N,A,-,Y,NA,NA,15,NA,NA,NA,NA,NA,S,Y,4,0,2,1,A,-,08,22107,NA,N,E,I,A,A,H,-,D,D,0,NA,NA,NA,NA,Y,NA,A,01,0,0,2,0,0,0,0,0,0,-,-,35.00667953491211,-116.54395294189452,SAN BERNARDINO,UNINCORPORATED,-116.5439453125,35.00667190551758
90675846,2018,2018-03-06,9860,2018-02-16,2355,013945,NA,5,3,6,3604,0,1,1,NA,2,102,I-10 E/B (SAN BERNARDINO FWY),SIERRA AVE.,1584,E,N,A,-,Y,NA,NA,10,NA,NA,NA,NA,NA,E,N,4,0,1,2,A,-,08,22107,NA,N,F,A,A,A,H,-,D,D,0,NA,NA,Y,NA,Y,NA,C,02,0,0,1,0,0,0,0,0,1,-,-,34.06731033325195,-117.4268798828125,SAN BERNARDINO,FONTANA,-117.4268798828125,34.067195892333984
90676911,2018,2018-03-07,9855,2018-02-26,1210,015337,NA,1,1,9,3600,0,3,5,NA,2,001,CHERRY AVE.,RANDALL AVE.,10,N,N,A,-,N,NA,NA,NA,NA,NA,NA,NA,NA,NA,N,4,0,1,2,A,-,03,22350,NA,N,C,C,A,A,H,-,A,B,0,NA,NA,NA,Y,Y,NA,F,27,0,0,1,0,0,0,0,0,0,-,-,34.084320068359375,-117.04898834228516,SAN BERNARDINO,UNINCORPORATED,-117.4888916015625,34.08469772338867
90679082,2018,2018-03-12,9860,2018-03-03,0515,019429,NA,6,3,4,3603,0,1,1,NA,2,214,I-215 S/B,IOWA AVE,528,N,N,B,C,Y,NA,NA,215,NA,NA,NA,NA,NA,S,Y,2,0,2,3,A,-,08,22107,NA,F,B,C,A,B,H,-,D,D,0,NA,NA,NA,NA,Y,NA,D,22,1,0,1,0,0,0,0,0,0,-,-,34.02566909790039,-117.33405303955078,SAN BERNARDINO,COLTON,-117.33405303955078,34.02567672729492
90679135,2018,2018-03-12,9855,2018-03-02,1710,020564,NA,5,2,6,3607,0,1,1,NA,2,103,I-10 W/B (SAN BERNARDINO FWY),ARCHIBALD AVE.,1100,E,N,B,C,Y,NA,NA,10,NA,NA,NA,NA,NA,W,N,3,0,3,3,A,-,03,22350,NA,N,C,C,A,B,H,-,A,D,0,NA,NA,NA,NA,Y,NA,A,01,0,1,2,0,0,0,0,0,0,-,-,34.06772994995117,-117.58914947509766,SAN BERNARDINO,ONTARIO,-117.58914947509766,34.06772994995117
90620577,2017,2017-12-19,9855,2017-12-14,1910,020659,NA,4,2,6,3607,0,1,1,NA,2,103,I-10 E/B (SAN BERNARDINO FWY),HAVEN AVE.,1000,W,N,A,-,Y,NA,NA,10,NA,NA,NA,NA,NA,E,Y,4,0,1,2,A,-,07,21658,A,N,C,C,A,A,H,-,B,D,0,NA,NA,NA,NA,Y,NA,A,01,0,0,1,0,0,0,0,0,0,-,-,34.06732,-117.58214,SAN BERNARDINO,ONTARIO,-117.58213884,34.06747739
90644908,2018,2018-01-22,9830,2018-01-08,2248,020866,NA,1,3,9,3600,0,3,5,NA,2,005,SR-178,SAN BERNARDINO BLVD,528,E,N,A,-,Y,NA,NA,178,NA,NA,NA,NA,NA,NA,Y,3,0,2,1,A,-,08,22107,NA,N,E,J,A,B,H,-,D,D,0,NA,NA,NA,NA,Y,NA,A,07,0,2,0,0,0,0,0,0,0,-,-,35.622520446777344,-117.63126373291016,SAN BERNARDINO,UNINCORPORATED,-117.63126373291016,35.62251663208008
90682393,2018,2018-03-21,9860,2018-02-19,0500,012530,NA,1,3,3,3690,0,1,1,NA,2,214,I-215 S/B,NEWPORT AVENUE O/C.,2068,N,N,B,-,Y,NA,NA,215,NA,NA,NA,NA,NA,S,Y,4,0,1,2,A,-,03,22350,NA,F,C,C,A,A,D,H,C,D,0,NA,NA,NA,NA,Y,NA,A,01,0,0,1,0,0,0,0,0,0,-,-,34.04296112060547,-117.31452178955078,SAN BERNARDINO,GRAND TERRACE,-117.3144760131836,34.04290008544922
90682446,2018,2018-03-15,9860,2018-03-06,1733,013945,NA,2,2,3,3615,0,1,1,NA,2,104,I-10 E/B,MOUTAIN VIEW,1621,E,N,A,-,Y,NA,NA,10,NA,NA,NA,NA,NA,E,N,4,0,1,3,A,-,03,22350,NA,N,C,C,A,A,H,-,A,D,0,NA,NA,NA,NA,Y,NA,A,01,0,0,1,0,0,0,0,0,0,-,-,34.066490173339844,-117.23821258544922,SAN BERNARDINO,LOMA LINDA,-117.23821258544922,34.066505432128906