CASE_ID,ACCIDENT_YEAR,PROC_DATE,JURIS,COLLISION_DATE,COLLISION_TIME,OFFICER_ID,REPORTING_DISTRICT,DAY_OF_WEEK,CHP_SHIFT,POPULATION,CNTY_CITY_LOC,SPECIAL_COND,BEAT_TYPE,CHP_BEAT_TYPE,CITY_DIVISION_LAPD,CHP_BEAT_CLASS,BEAT_NUMBER,PRIMARY_RD,SECONDARY_RD,DISTANCE,DIRECTION,INTERSECTION,WEATHER_1,WEATHER_2,STATE_HWY_IND,CALTRANS_COUNTY,CALTRANS_DISTRICT,STATE_ROUTE,ROUTE_SUFFIX,POSTMILE_PREFIX,POSTMILE,LOCATION_TYPE,RAMP_INTERSECTION,SIDE_OF_HWY,TOW_AWAY,COLLISION_SEVERITY,NUMBER_KILLED,NUMBER_INJURED,PARTY_COUNT,PRIMARY_COLL_FACTOR,PCF_CODE_OF_VIOL,PCF_VIOL_CATEGORY,PCF_VIOLATION,PCF_VIOL_SUBSECTION,HIT_AND_RUN,TYPE_OF_COLLISION,MVIW,PED_ACTION,ROAD_SURFACE,ROAD_COND_1,ROAD_COND_2,LIGHTING,CONTROL_DEVICE,CHP_ROAD_TYPE,PEDESTRIAN_ACCIDENT,BICYCLE_ACCIDENT,MOTORCYCLE_ACCIDENT,TRUCK_ACCIDENT,NOT_PRIVATE_PROPERTY,ALCOHOL_INVOLVED,STWD_VEHTYPE_AT_FAULT,CHP_VEHTYPE_AT_FAULT,COUNT_SEVERE_INJ,COUNT_VISIBLE_INJ,COUNT_COMPLAINT_PAIN,COUNT_PED_KILLED,COUNT_PED_INJURED,COUNT_BICYCLIST_KILLED,COUNT_BICYCLIST_INJURED,COUNT_MC_KILLED,COUNT_MC_INJURED,PRIMARY_RAMP,SECONDARY_RAMP,LATITUDE,LONGITUDE,COUNTY,CITY,POINT_X,POINT_Y
9068300,2020,2020-11-09,3603,2020-04-22,1117,4012,CPD,3,5,4,3603,0,0,0,NA,0,004,E  STEEL RD,HUNTS LN,2640,W,N,A,-,N,NA,NA,NA,NA,NA,NA,NA,NA,NA,N,4,0,1,2,A,-,05,21650,NA,N,B,C,A,A,H,-,A,D,0,NA,NA,NA,NA,Y,NA,A,01,0,0,1,0,0,0,0,0,0,-,-,34.06304931640625,-117.28743743896484,SAN BERNARDINO,COLTON,-117.29551696777344,34.0610237121582
90684090,2018,2018-03-19,9835,2018-03-10,0001,021256,NA,6,3,9,3600,0,1,1,NA,2,074,I-15 S/B,RASOR RD,1637,S,N,A,-,Y,NA,NA,NA,NA,NA,NA,NA,NA,NA,Y,4,0,1,1,A,-,01,23152,A,N,E,A,A,A,H,-,D,D,0,NA,NA,NA,NA,Y,Y,A,01,0,0,1,0,0,0,0,0,0,-,-,35.75164031982422,-116.12528228759766,SAN BERNARDINO,UNINCORPORATED,NA,NA
90687696,2018,2018-03-22,9855,2018-03-19,1020,15763,NA,1,1,5,3602,0,1,3,NA,2,603,SR-60 W/B (POMONA FWY),RESERVOIR STREET,2112,E,N,A,-,Y,NA,NA,60,NA,NA,NA,NA,NA,W,Y,4,0,1,2,A,-,03,22350,NA,N,C,C,A,A,H,-,A,D,0,NA,NA,NA,NA,Y,NA,A,08,0,0,1,0,0,0,0,0,0,-,-,34.02667999267578,-117.72187042236328,SAN BERNARDINO,CHINO,-117.72184753417967,34.026634216308594
90688615,2018,2018-03-23,9855,2018-03-16,1545,020151,NA,5,2,6,3607,0,1,1,NA,2,101,I-10 E/B TO I-15 N/B,I-15,1000,W,N,B,-,Y,NA,NA,10,NA,NA,NA,R,NA,E,Y,4,0,1,2,A,-,03,22350,NA,N,C,C,A,A,H,-,A,D,0,NA,NA,NA,NA,Y,NA,A,01,0,0,1,0,0,0,0,0,0,-,-,34.06718826293945,-117.55258178710938,SAN BERNARDINO,ONTARIO,-117.55258178710938,34.06718826293945
90689026,2018,2018-03-26,9855,2018-03-05,1555,018335,NA,1,2,5,3611,0,1,1,NA,2,103,I-10 W/B (SAN BERNARDINO FWY),EUCLID AVE.,1000,W,N,A,-,Y,NA,NA,10,NA,NA,NA,NA,NA,W,Y,3,0,6,4,A,-,07,21658,A,N,B,C,A,A,H,-,A,D,0,NA,NA,NA,Y,Y,NA,A,08,0,1,5,0,0,0,0,0,0,-,-,34.087440490722656,-117.65544891357422,SAN BERNARDINO,UPLAND,-117.65544891357422,34.08742141723633
90689100,2018,2018-03-26,9855,2018-03-16,1805,017903,NA,5,2,5,3611,0,1,1,NA,2,203,SR-210 E/B (FOOTHILL FWY),MOUNTAIN AVE.,1056,E,N,B,-,Y,NA,NA,NA,NA,NA,NA,NA,NA,NA,Y,4,0,1,2,A,-,08,22107,NA,N,C,C,A,B,H,-,A,D,0,NA,NA,NA,NA,Y,NA,A,01,0,0,1,0,0,0,0,0,0,-,-,33.13447189331055,-117.66639709472656,SAN BERNARDINO,UPLAND,-117.66696166992188,34.13450241088867
90689110,2018,2018-03-26,9855,2018-03-16,2310,019303,NA,5,3,6,3616,0,1,1,NA,2,203,SR-210 E/B (FOOTHILL FWY),ARCHIBALD AVE.,60,E,N,B,C,Y,NA,NA,210,NA,NA,NA,NA,NA,E,Y,4,0,1,2,A,-,03,22350,NA,N,B,C,A,B,H,-,C,D,0,NA,NA,NA,NA,Y,NA,A,01,0,0,1,0,0,0,0,0,0,-,-,34.13502883911133,-117.59236907958984,SAN BERNARDINO,RANCHO CUCAMONGA,-117.59236907958984,34.13502883911133
90689925,2018,2018-03-26,9860,2018-03-17,1618,016646,NA,6,2,4,3603,0,1,1,NA,2,214,I-215 S/B,WASHINGTON STREET,364,N,N,A,-,Y,NA,NA,215,NA,NA,NA,NA,NA,S,Y,2,0,2,2,A,-,03,22350,NA,N,C,C,A,A,H,-,A,D,0,NA,NA,NA,NA,Y,NA,A,01,2,0,0,0,0,0,0,0,0,-,-,34.04835891723633,-117.30670166015624,SAN BERNARDINO,COLTON,-117.30669403076172,34.04834747314453
90692330,2018,2018-03-29,9860,2018-03-21,1436,016651,NA,3,2,4,3603,0,1,1,NA,2,214,I-215 S/B,WASHINGTON ST,1400,N,N,B,-,Y,NA,NA,215,NA,NA,NA,NA,NA,S,Y,4,0,3,3,A,-,07,21658,A,N,B,C,A,B,H,-,A,D,0,NA,NA,NA,NA,Y,NA,D,22,0,0,3,0,0,0,0,0,0,-,-,34.05018997192383,-117.30387878417967,SAN BERNARDINO,COLTON,-117.30394744873048,34.05027770996094
90695679,2018,2018-03-30,9835,2018-03-26,1429,021534,NA,1,2,9,3600,0,1,1,NA,2,070,I-15 S/B,OUTLET CENTER DR,2640,S,N,A,-,Y,NA,NA,15,NA,NA,NA,NA,NA,S,Y,4,0,2,1,A,-,08,22107,NA,N,E,I,A,A,H,-,A,D,0,NA,NA,NA,NA,Y,NA,D,22,0,0,2,0,0,0,0,0,0,-,-,34.79497146606445,-117.11495971679688,SAN BERNARDINO,UNINCORPORATED,-117.11499786376952,34.79501724243164
90696119,2018,2018-04-02,9860,2018-03-31,2010,020051,NA,6,2,9,3600,0,3,5,NA,2,002,CAJON BLVD.,KERN ST,174,N,N,A,-,N,NA,NA,NA,NA,NA,NA,NA,NA,NA,N,2,0,1,2,A,-,11,21954,A,N,G,B,D,A,H,-,D,D,0,Y,NA,NA,NA,Y,Y,N,60,1,0,0,0,1,0,0,0,0,-,-,34.15766143798828,-117.33566284179688,SAN BERNARDINO,UNINCORPORATED,-117.33563232421876,34.157596588134766
90696148,2018,2018-04-02,9860,2018-03-29,0933,020426,NA,4,1,4,3603,0,1,1,NA,2,214,I-215 S/B,SANTA FE RAILROAD OC,600,N,N,A,-,Y,NA,NA,215,NA,NA,NA,NA,NA,S,Y,4,0,1,3,A,-,03,22350,NA,F,B,C,A,A,H,-,A,D,0,NA,NA,NA,NA,Y,NA,A,01,0,0,1,0,0,0,0,0,0,-,-,34.02777862548828,-117.33204650878906,SAN BERNARDINO,COLTON,-117.33202362060548,34.02775573730469
90697545,2018,2018-04-03,9855,2018-03-24,0130,019303,NA,6,3,6,3604,0,1,1,NA,2,201,SR-210 E/B (FOOTHILL FWY),I-15,330,W,N,A,-,Y,NA,NA,NA,NA,NA,NA,NA,NA,NA,Y,4,0,1,2,A,-,05,21651,C,F,A,C,A,A,H,-,C,D,0,NA,NA,NA,NA,Y,NA,A,01,0,0,1,0,0,0,0,0,0,-,-,34.136268615722656,-117.5004425048828,SAN BERNARDINO,FONTANA,-117.4974365234375,34.13620376586914
90697733,2018,2018-07-13,9834,2018-03-31,1058,016922,NA,6,1,9,3600,0,1,2,NA,1,093,US-95,COMPRESSOR PLANT ROAD,17952,S,N,A,-,Y,NA,NA,95,NA,NA,NA,NA,NA,NA,Y,1,1,0,1,A,-,01,23152,A,N,E,I,A,A,H,-,A,D,0,NA,NA,NA,NA,Y,Y,A,01,0,0,0,0,0,0,0,0,0,-,-,34.64894104003906,-114.62727355957033,SAN BERNARDINO,UNINCORPORATED,-114.62729644775392,34.64894104003906
90698188,2018,2018-04-04,9860,2018-03-25,1604,021392,NA,7,2,6,3610,0,1,1,NA,2,216,I-215 N/B TO SR-210 W/B,STATE ST.,5280,E,N,B,-,Y,NA,NA,215,NA,NA,NA,R,NA,N,Y,3,0,1,1,A,-,01,23152,A,N,E,I,A,A,H,-,A,D,0,NA,NA,NA,NA,Y,Y,A,01,0,1,0,0,0,0,0,0,0,-,-,34.14421081542969,-117.32038879394533,SAN BERNARDINO,SAN BERNARDINO,-117.32038879394533,34.14421081542969
90701145,2018,2018-05-09,9855,2018-03-28,0705,012923,NA,3,1,6,3616,0,1,1,NA,2,201,SR-210 W/B (FOOTHILL FWY),DAY CREEK BLVD.,25,E,N,A,-,Y,NA,NA,210,NA,NA,NA,NA,NA,W,N,4,0,1,3,A,-,03,22350,NA,N,C,C,A,A,H,-,A,D,0,NA,NA,NA,NA,Y,NA,A,01,0,0,1,0,0,0,0,0,0,-,-,34.13665008544922,-117.53643035888672,SAN BERNARDINO,RANCHO CUCAMONGA,-117.53643035888672,34.13662338256836
90701206,2018,2018-04-09,9835,2018-03-30,0508,21482,NA,5,3,9,3600,0,1,1,NA,2,047,I-40 E/B,LUDLOW RD,71280,E,N,A,-,Y,NA,NA,40,NA,NA,NA,NA,NA,E,Y,2,0,2,1,A,-,08,22107,NA,N,E,I,A,A,H,-,D,D,0,NA,NA,NA,Y,Y,NA,G,25,1,0,1,0,0,0,0,0,0,-,-,34.72420120239258,-115.93437957763672,SAN BERNARDINO,UNINCORPORATED,-115.93437957763672,34.72403335571289
90702054,2018,2018-04-10,9860,2018-04-02,2245,020346,NA,1,3,9,3600,0,1,1,NA,2,151,I-15 S/B,CLEGHORN RD,1000,S,N,A,-,Y,NA,NA,15,NA,NA,NA,NA,NA,S,Y,3,0,1,2,A,-,03,22350,NA,F,C,C,A,A,H,-,D,D,0,NA,NA,NA,NA,Y,NA,A,01,0,1,0,0,0,0,0,0,0,-,-,34.29541015625,-117.45500946044922,SAN BERNARDINO,UNINCORPORATED,-117.45509338378906,34.29533767700195
90702281,2018,2018-04-10,9860,2018-04-05,1225,016651,NA,4,1,3,3615,0,1,1,NA,2,104,I-10 W/B,TIPPECANOE AVE,750,E,N,A,-,Y,NA,NA,10,NA,NA,NA,NA,NA,W,Y,4,0,1,2,A,-,03,22350,NA,N,C,C,A,A,H,-,A,D,0,NA,NA,NA,NA,Y,NA,A,08,0,0,1,0,0,0,0,0,0,-,-,34.065059661865234,-117.25862884521484,SAN BERNARDINO,LOMA LINDA,-117.25865173339844,34.06515121459961
90705551,2018,2018-04-16,9835,2018-04-13,2340,021205,NA,5,3,9,3600,0,1,1,NA,2,073,I-15 S/B,ALVORD MOUNTAIN RD,7392,N,N,A,-,Y,NA,NA,15,NA,NA,NA,NA,NA,S,Y,3,0,3,1,A,-,01,23152,A,N,F,A,A,A,H,-,D,D,0,NA,NA,NA,NA,Y,Y,A,01,0,3,0,0,0,0,0,0,0,-,-,34.99420166015625,-116.57479858398438,SAN BERNARDINO,UNINCORPORATED,-116.57487487792967,34.9943733215332
90705692,2018,2018-04-16,9860,2018-04-15,0250,020596,NA,7,3,4,3603,0,1,1,NA,2,214,I-215 S/B TO WASHINGTON ST.,WASHINGTON ST,370,S,N,A,-,Y,NA,NA,215,NA,NA,NA,R,NA,S,Y,3,0,2,1,A,-,01,23152,A,F,E,I,A,A,H,-,C,D,0,NA,NA,NA,NA,Y,Y,A,01,0,2,0,0,0,0,0,0,0,-,-,34.04703903198242,-117.30889129638672,SAN BERNARDINO,COLTON,-117.30889129638672,34.04703903198242
90707797,2018,2018-04-18,9860,2018-04-12,0051,021138,NA,4,3,9,3600,0,1,3,NA,1,010,SR-138 W/B,SUMMIT VALLEY RD,10560,W,N,A,-,Y,NA,NA,138,NA,NA,NA,NA,NA,W,Y,2,0,2,1,A,-,03,22350,NA,N,F,A,A,A,H,-,D,D,0,NA,NA,NA,NA,Y,NA,A,07,1,1,0,0,0,0,0,0,0,-,-,34.32508087158203,-117.4318389892578,SAN BERNARDINO,UNINCORPORATED,-117.43173217773438,34.32499313354492
90707947,2018,2018-04-18,9855,2018-04-10,0630,017570,NA,2,1,4,3605,0,1,1,NA,2,103,I-10 W/B (SAN BERNARDINO FWY),CENTRAL AVE.,300,E,N,A,-,Y,NA,NA,10,NA,NA,NA,NA,NA,W,N,3,0,1,2,A,-,03,22350,NA,N,C,C,A,A,H,-,A,D,0,NA,NA,NA,NA,Y,NA,A,01,0,1,0,0,0,0,0,0,0,-,-,34.086158752441406,-117.68836975097656,SAN BERNARDINO,MONTCLAIR,-117.68836212158205,34.08613967895508
90709501,2018,2018-04-20,9860,2018-04-11,0215,021392,NA,3,3,4,3603,0,1,1,NA,2,214,I-215 N/B,WASHINGTON ST.,1500,S,N,A,-,Y,NA,NA,215,NA,NA,NA,NA,NA,N,Y,3,0,1,2,A,-,01,23152,A,N,B,C,A,A,H,-,D,D,0,NA,NA,NA,Y,Y,NA,A,01,0,1,0,0,0,0,0,0,0,-,-,34.04233169555664,-117.31478118896484,SAN BERNARDINO,COLTON,-117.31484985351563,34.04243087768555
90711860,2018,2018-04-24,9855,2018-04-18,1640,019303,NA,3,2,6,3604,0,1,1,NA,2,101,I-10 E/B (SAN BERNARDINO FWY),ETIWANDA AVE.,900,E,N,A,-,Y,NA,NA,10,NA,NA,NA,NA,NA,E,N,4,0,1,3,A,-,03,22350,NA,N,C,C,A,A,H,-,A,D,0,NA,NA,NA,NA,Y,NA,D,22,0,0,1,0,0,0,0,0,0,-,-,34.06563186645508,-117.5063705444336,SAN BERNARDINO,FONTANA,-117.50636291503906,34.06565856933594
90720381,2018,2018-05-04,9860,2018-04-26,0655,019429,NA,4,1,9,3600,0,1,1,NA,2,152,I-15 S/B,SR-138,4752,N,N,A,-,Y,NA,NA,15,NA,NA,NA,NA,NA,S,Y,2,0,1,2,D,-,00,NA,NA,N,B,C,A,A,H,-,A,D,0,NA,NA,Y,NA,Y,NA,-,-,1,0,0,0,0,0,0,0,1,-,-,34.32381820678711,-117.48230743408205,SAN BERNARDINO,UNINCORPORATED,-117.4822998046875,34.323822021484375
90720834,2018,2018-05-07,9860,2018-04-26,0430,020856,NA,4,3,9,3600,0,1,1,NA,2,152,I-15 S/B,SR-138,1500,N,N,A,-,Y,NA,NA,15,NA,NA,NA,NA,NA,S,Y,3,0,1,2,A,-,08,22107,NA,N,C,C,A,A,H,-,D,D,0,NA,NA,NA,Y,Y,NA,A,01,0,1,0,0,0,0,0,0,0,-,-,34.32688903808594,-117.4824676513672,SAN BERNARDINO,UNINCORPORATED,-117.4823989868164,34.32688903808594
90721152,2018,2018-05-07,9865,2018-04-29,1725,019929,NA,7,2,9,3600,0,1,3,NA,1,022,SR-18`,GREEN VALLEY LAKE RD.,5280,N,N,A,-,Y,NA,NA,18,NA,NA,NA,NA,NA,NA,Y,3,0,1,1,A,-,03,22350,NA,N,F,I,A,A,H,-,A,D,0,NA,NA,NA,NA,Y,NA,A,01,0,1,0,0,0,0,0,0,0,-,-,34.224891662597656,-117.05934143066406,SAN BERNARDINO,UNINCORPORATED,-117.05939483642578,34.22495651245117
90721591,2018,2018-05-07,9835,2018-05-02,0630,14807,NA,3,1,9,3600,0,1,1,NA,2,076,I-15 S/B,BAILEY RD,528,S,N,B,C,Y,NA,NA,15,NA,NA,NA,NA,NA,S,Y,4,0,1,1,A,-,03,22350,NA,N,E,I,A,B,H,-,A,D,0,NA,NA,NA,NA,Y,NA,A,07,0,0,1,0,0,0,0,0,0,-,-,35.47454833984375,-115.44789886474608,SAN BERNARDINO,UNINCORPORATED,-115.44827270507813,35.47472381591797
90721946,2018,2018-05-08,9860,2018-05-05,2030,020387,NA,6,2,9,3600,0,3,5,NA,2,002,DEL ROSA DR.,FISHER ST.,30,S,N,A,-,N,NA,NA,NA,NA,NA,NA,NA,NA,NA,Y,2,0,6,5,A,-,01,23152,A,N,D,E,E,A,H,-,D,D,0,Y,NA,NA,NA,Y,Y,A,01,3,2,1,0,1,0,0,0,0,-,-,34.12602996826172,-117.2526397705078,SAN BERNARDINO,UNINCORPORATED,-117.25253295898438,34.12603759765625
90722142,2018,2018-05-08,9855,2018-05-07,1525,016889,NA,1,2,6,3607,0,1,3,NA,2,601,SR-60 E/B (POMONA FWY),MILLIKEN AVE.,300,W,N,A,-,Y,NA,NA,60,NA,NA,NA,NA,NA,E,Y,4,0,1,2,A,-,03,22350,NA,N,C,C,A,A,H,-,A,D,0,NA,NA,NA,NA,Y,NA,A,01,0,0,1,0,0,0,0,0,0,-,-,34.024261474609375,-117.55944061279295,SAN BERNARDINO,ONTARIO,-117.55944061279295,34.02425003051758
9072238,2020,2020-05-20,3604,2020-02-21,0557,925,NA,5,5,6,3604,0,0,0,NA,0,NA,JURUPA AV,LIVE OAK,0,NA,Y,A,-,N,NA,NA,NA,NA,NA,NA,NA,NA,NA,Y,4,0,1,2,A,-,12,22450,A,N,D,C,A,A,H,-,B,A,0,NA,NA,NA,NA,Y,NA,A,07,0,0,1,0,0,0,0,0,0,-,-,NA,NA,SAN BERNARDINO,FONTANA,-117.48036193847656,34.04798889160156
9072239,2020,2020-05-20,3604,2020-02-18,1739,473,NA,2,5,6,3604,0,0,0,NA,0,NA,MANGO AV,SAN BERNARDINO AV,0,NA,Y,A,-,N,NA,NA,NA,NA,NA,NA,NA,NA,NA,Y,4,0,1,3,A,-,12,22450,A,N,D,C,A,A,H,-,C,A,0,NA,NA,NA,NA,Y,NA,A,07,0,0,1,0,0,0,0,0,0,-,-,NA,NA,SAN BERNARDINO,FONTANA,-117.43132781982422,34.077579498291016
90724217,2018,2018-05-11,9870,2018-04-30,1635,021924,NA,1,2,9,3600,0,3,5,NA,2,002,RECHE ROAD,YUCCA MESA ROAD,0,NA,Y,A,-,Y,NA,NA,NA,NA,NA,NA,NA,NA,NA,Y,4,0,1,2,A,-,05,21752,D,N,B,C,A,A,H,-,A,D,0,NA,NA,NA,NA,Y,NA,D,22,0,0,1,0,0,0,0,0,0,-,-,34.266231536865234,-116.36901092529295,SAN BERNARDINO,UNINCORPORATED,-116.36898803710938,34.266239166259766
9072481,2020,2020-06-11,3600,2020-02-21,1901,F7805,HI002,5,5,4,3618,0,0,0,NA,0,002,9TH ST,PALM AV,0,NA,-,A,-,N,NA,NA,NA,NA,NA,NA,NA,NA,NA,N,4,0,1,2,A,-,12,22450,A,F,G,B,C,A,H,-,C,D,0,Y,NA,NA,NA,Y,Y,-,NA,0,0,1,0,1,0,0,0,0,-,-,34.15570068359375,-117.20899963378906,SAN BERNARDINO,HIGHLAND,-117.20877075195313,34.11561965942383
90725403,2018,2018-05-14,9835,2018-05-10,2255,21160,NA,4,3,9,3600,0,1,1,NA,2,070,INTERSTATE 15 NORTHBOUND,OUTLET CENTER DR,6336,S,N,A,G,Y,NA,NA,15,NA,NA,NA,NA,NA,N,Y,3,0,1,2,A,-,01,23152,A,N,C,C,A,A,H,-,D,D,0,NA,NA,NA,Y,Y,Y,A,01,0,1,0,0,0,0,0,0,0,-,-,34.798500061035156,-117.11009979248048,SAN BERNARDINO,UNINCORPORATED,-117.1101303100586,34.79853820800781
90726847,2018,2018-05-15,9855,2018-05-15,0654,15763,NA,2,1,5,3602,0,1,3,NA,2,603,SR-60 W/B (POMONA FWY),EUCLID AVENUE,2640,W,N,A,-,Y,NA,NA,60,NA,NA,NA,NA,NA,W,Y,4,0,1,2,A,-,03,22350,NA,N,C,C,A,A,H,-,A,D,0,NA,NA,NA,Y,Y,NA,G,25,0,0,1,0,0,0,0,0,0,-,-,34.03047180175781,-117.65883636474608,SAN BERNARDINO,CHINO,-117.65883636474608,34.0305061340332
90726885,2018,2018-05-15,9865,2018-05-12,1240,018392,NA,6,1,9,3600,0,1,3,NA,2,021,SR-330,LIVE OAK DR,21120,S,N,E,-,Y,NA,NA,330,NA,NA,NA,NA,NA,NA,Y,2,0,1,1,A,-,03,22350,NA,N,E,I,A,B,H,-,A,D,0,NA,NA,NA,NA,Y,NA,A,07,1,0,0,0,0,0,0,0,0,-,-,34.18737030029297,-117.14875793457033,SAN BERNARDINO,UNINCORPORATED,-117.14874267578124,34.187400817871094
90728044,2018,2018-05-16,9870,2018-05-05,1815,021782,NA,6,2,9,3600,0,1,3,NA,1,031,STATE ROUTE 62 (29 PALMS HIGHWAY),SHERWOOD ROAD,120,W,N,A,-,Y,NA,NA,NA,NA,NA,NA,NA,NA,NA,N,3,0,1,1,A,-,08,22107,NA,N,E,J,A,A,H,-,A,D,0,NA,Y,NA,NA,Y,NA,L,04,0,1,0,0,0,0,1,0,0,-,-,34.134830474853516,-116.3441162109375,SAN BERNARDINO,UNINCORPORATED,NA,NA
90730071,2018,2018-05-21,9855,2018-05-04,1530,018313,NA,5,2,6,3616,0,1,1,NA,2,201,SR-210 E/B (FOOTHILL FWY),MILLIKEN AVE.,1500,E,N,A,-,Y,NA,NA,210,NA,NA,NA,NA,NA,E,N,4,0,1,2,A,-,07,21658,A,N,B,C,A,A,H,-,A,D,0,NA,NA,Y,NA,Y,NA,A,01,0,0,1,0,0,0,0,0,1,-,-,34.136451721191406,-117.55133056640624,SAN BERNARDINO,RANCHO CUCAMONGA,-117.55133056640624,34.136478424072266
90730075,2018,2018-05-21,9855,2018-04-30,1820,013591,NA,1,2,6,3604,0,1,1,NA,2,201,SR-20 E/B FROM SIERRA AVENUE,SR-210 E/B,100,S,N,B,-,Y,NA,NA,NA,NA,NA,NA,NA,NA,NA,Y,3,0,1,1,A,-,08,22107,NA,N,F,A,A,A,H,-,A,D,0,NA,NA,Y,NA,Y,NA,C,02,0,1,0,0,0,0,0,0,1,-,-,34.13603973388672,-117.43627166748048,SAN BERNARDINO,FONTANA,NA,NA
90730897,2018,2018-05-22,9860,2018-05-10,0710,017919,NA,4,1,4,3640,0,1,1,NA,2,106,I-10 W/B,YUCAIPA BLVD,2090,W,N,A,-,Y,NA,NA,10,NA,NA,NA,NA,NA,W,N,4,0,1,2,A,-,03,22350,NA,N,C,C,A,A,H,-,A,D,0,NA,NA,NA,NA,Y,NA,A,01,0,0,1,0,0,0,0,0,0,-,-,34.02819061279297,-117.12612915039063,SAN BERNARDINO,YUCAIPA,-117.12613677978516,34.02813720703125
9073091,2020,2020-05-19,3610,2020-01-31,1943,51104,NA,5,5,6,3610,0,0,0,NA,0,DAVID,MILL ST,ARROWHEAD AV,0,NA,Y,A,-,N,NA,NA,NA,NA,NA,NA,NA,NA,NA,Y,4,0,1,2,A,-,09,21801,A,F,D,C,A,A,H,-,C,A,0,NA,NA,Y,NA,Y,Y,A,01,0,0,1,0,0,0,0,0,1,-,-,34.09220886230469,-117.28961181640624,SAN BERNARDINO,SAN BERNARDINO,-117.28965759277344,34.0921516418457
90731421,2018,2018-05-22,9855,2018-05-16,1700,016889,NA,3,2,6,3607,0,1,1,NA,2,101,I-10 E/B (SAN BERNARDINO FWY),HAVEN AVE.,2000,E,N,A,-,Y,NA,NA,10,NA,NA,NA,NA,NA,E,Y,3,0,3,5,A,-,03,22350,NA,N,C,C,A,A,H,-,A,D,0,NA,NA,NA,NA,Y,NA,D,22,0,1,2,0,0,0,0,0,0,-,-,34.06732177734375,-117.56894683837892,SAN BERNARDINO,ONTARIO,-117.56894683837892,34.06741714477539
90731764,2018,2018-05-31,9835,2018-05-10,0005,20150,NA,4,3,9,3600,0,1,1,NA,2,070,I-15 N/B,LENWOOD ROAD,5808,S,N,A,-,Y,NA,NA,NA,NA,NA,NA,NA,NA,NA,Y,3,0,1,2,A,-,07,21658,A,M,C,C,A,A,H,-,D,D,0,NA,NA,NA,NA,Y,NA,D,22,0,1,0,0,0,0,0,0,0,-,-,34.337608337402344,-117.08943176269533,SAN BERNARDINO,UNINCORPORATED,-117.08930206298828,34.83799743652344
9073199,2020,2020-05-20,3604,2020-02-22,1717,958,NA,6,5,6,3604,0,0,0,NA,0,NA,CITRUS AV,VALLEY BL,361,S,N,B,-,N,NA,NA,NA,NA,NA,NA,NA,NA,NA,Y,3,0,1,3,A,-,03,22350,NA,N,C,C,A,A,G,-,A,A,0,NA,NA,NA,NA,Y,NA,A,01,0,1,0,0,0,0,0,0,0,-,-,NA,NA,SAN BERNARDINO,FONTANA,-117.45381927490234,34.06935501098633
90732307,2018,2018-05-23,9860,2018-05-14,1558,012988,NA,1,2,6,3610,0,1,1,NA,2,104,I-10 WESTBOUND,TIPPECANOE AVE,2640,W,N,A,-,Y,NA,NA,10,NA,NA,NA,NA,NA,W,N,3,0,1,2,A,-,03,22350,NA,N,C,C,A,A,H,-,A,D,0,NA,NA,NA,NA,Y,NA,A,07,0,1,0,0,0,0,0,0,0,-,-,34.06399154663086,-117.26923370361328,SAN BERNARDINO,SAN BERNARDINO,-117.26922607421876,34.063941955566406
90732362,2018,2018-05-23,9850,2018-05-13,1527,021422,NA,7,2,5,3612,0,1,1,NA,2,082,I-15 SB,BEAR VALLEY RD,2056,S,N,A,-,Y,NA,NA,15,NA,NA,NA,NA,NA,S,Y,3,0,2,1,A,-,08,22107,NA,N,F,A,A,A,H,-,A,D,0,NA,NA,NA,NA,Y,NA,A,07,0,1,1,0,0,0,0,0,0,-,-,34.46554946899414,-117.35022735595705,SAN BERNARDINO,VICTORVILLE,-117.35019683837892,34.46552658081055
90732864,2018,2018-05-24,9835,2018-05-17,1650,21176,NA,4,2,9,3600,0,3,5,NA,2,032,OPEN DESERT,NATIONAL TRAILS HWY,532,S,N,A,-,N,NA,NA,NA,NA,NA,NA,NA,NA,NA,N,3,0,1,1,A,-,03,38305,NA,N,E,I,A,A,H,-,A,D,0,NA,NA,Y,NA,Y,NA,C,02,0,1,0,0,0,0,0,0,1,-,-,34.8798713684082,-117.09658050537108,SAN BERNARDINO,UNINCORPORATED,-117.09658050537108,34.8798713684082
90732891,2018,2018-05-24,9865,2018-05-19,1230,020725,NA,6,1,9,3600,0,1,3,NA,1,022,SR-18,COUGAR LN,38,S,N,A,-,Y,NA,NA,18,NA,NA,NA,NA,NA,NA,Y,3,0,1,2,A,-,09,21804,A,N,A,C,A,A,H,-,A,D,0,NA,NA,NA,NA,Y,NA,D,22,0,1,0,0,0,0,0,0,0,-,-,34.21078872680664,-117.08541107177734,SAN BERNARDINO,UNINCORPORATED,-117.08541107177734,34.21079635620117