CASE_ID,ACCIDENT_YEAR,PROC_DATE,JURIS,COLLISION_DATE,COLLISION_TIME,OFFICER_ID,REPORTING_DISTRICT,DAY_OF_WEEK,CHP_SHIFT,POPULATION,CNTY_CITY_LOC,SPECIAL_COND,BEAT_TYPE,CHP_BEAT_TYPE,CITY_DIVISION_LAPD,CHP_BEAT_CLASS,BEAT_NUMBER,PRIMARY_RD,SECONDARY_RD,DISTANCE,DIRECTION,INTERSECTION,WEATHER_1,WEATHER_2,STATE_HWY_IND,CALTRANS_COUNTY,CALTRANS_DISTRICT,STATE_ROUTE,ROUTE_SUFFIX,POSTMILE_PREFIX,POSTMILE,LOCATION_TYPE,RAMP_INTERSECTION,SIDE_OF_HWY,TOW_AWAY,COLLISION_SEVERITY,NUMBER_KILLED,NUMBER_INJURED,PARTY_COUNT,PRIMARY_COLL_FACTOR,PCF_CODE_OF_VIOL,PCF_VIOL_CATEGORY,PCF_VIOLATION,PCF_VIOL_SUBSECTION,HIT_AND_RUN,TYPE_OF_COLLISION,MVIW,PED_ACTION,ROAD_SURFACE,ROAD_COND_1,ROAD_COND_2,LIGHTING,CONTROL_DEVICE,CHP_ROAD_TYPE,PEDESTRIAN_ACCIDENT,BICYCLE_ACCIDENT,MOTORCYCLE_ACCIDENT,TRUCK_ACCIDENT,NOT_PRIVATE_PROPERTY,ALCOHOL_INVOLVED,STWD_VEHTYPE_AT_FAULT,CHP_VEHTYPE_AT_FAULT,COUNT_SEVERE_INJ,COUNT_VISIBLE_INJ,COUNT_COMPLAINT_PAIN,COUNT_PED_KILLED,COUNT_PED_INJURED,COUNT_BICYCLIST_KILLED,COUNT_BICYCLIST_INJURED,COUNT_MC_KILLED,COUNT_MC_INJURED,PRIMARY_RAMP,SECONDARY_RAMP,LATITUDE,LONGITUDE,COUNTY,CITY,POINT_X,POINT_Y
90819738,2018,2018-09-24,9855,2018-09-14,1310,019303,NA,5,1,6,3607,0,1,1,NA,2,101,I-10 W/B (SAN BERNARDINO FWY),HAVEN AVE.,500,E,N,A,-,Y,NA,NA,10,NA,NA,NA,NA,NA,W,N,4,0,1,3,A,-,03,22350,NA,N,C,C,A,A,H,-,A,D,0,NA,NA,NA,NA,Y,NA,A,01,0,0,1,0,0,0,0,0,0,-,-,34.06761932373047,-117.56967926025392,SAN BERNARDINO,ONTARIO,-117.56967926025392,34.067630767822266
90821791,2018,2018-09-26,9860,2018-06-05,0420,020346,NA,2,3,5,3608,0,1,1,NA,2,104,INTERSTATE 10 EASTBOUND,ALABAMA STREET,1032,W,N,A,-,Y,NA,NA,10,NA,NA,NA,NA,NA,E,Y,1,1,1,2,A,-,11,21954,A,N,G,B,E,A,H,-,D,D,0,Y,NA,NA,NA,Y,NA,N,60,0,1,0,1,0,0,0,0,0,-,-,34.06650924682617,-117.21228790283205,SAN BERNARDINO,REDLANDS,-117.21228790283205,34.06648254394531
90825276,2018,2018-10-01,9855,2018-09-19,0555,016375,NA,3,3,6,3616,0,1,1,NA,2,152,I-15 S/B (ONTARIO FWY),ETIWANDA AVE.,200,N,N,A,-,Y,NA,NA,15,NA,NA,NA,NA,NA,S,Y,4,0,2,3,A,-,03,22350,NA,N,C,C,A,A,H,-,B,D,0,NA,NA,NA,NA,Y,NA,D,22,0,0,2,0,0,0,0,0,0,-,-,34.11370086669922,-117.52339935302734,SAN BERNARDINO,RANCHO CUCAMONGA,-117.52346801757813,34.1137809753418
90825997,2018,2018-10-01,9834,2018-09-29,1028,019916,NA,6,1,9,3600,0,1,3,NA,1,064,SR-62,MIDLAND RD,17424,E,N,A,-,Y,NA,NA,62,NA,NA,NA,NA,NA,NA,Y,2,0,1,1,A,-,08,22107,NA,N,E,I,A,A,H,-,A,D,0,NA,NA,Y,NA,Y,NA,C,02,1,0,0,0,0,0,0,0,1,-,-,34.07978820800781,-114.79232025146484,SAN BERNARDINO,UNINCORPORATED,-114.79232788085938,34.07984924316406
90827267,2018,2020-04-27,9855,2018-08-22,1735,018212,NA,3,2,6,3604,0,1,1,NA,2,201,SR-210 W/B (FOOTHILL FWY),CITRUS AVE.,1056,W,N,A,-,Y,NA,NA,210,NA,NA,NA,NA,NA,W,Y,3,0,3,2,A,-,03,22350,NA,N,C,C,A,A,D,-,A,A,0,NA,NA,NA,NA,Y,NA,A,01,0,1,2,0,0,0,0,0,0,-,-,34.13692092895508,-117.45700073242188,SAN BERNARDINO,FONTANA,-117.4570083618164,34.13655471801758
90828442,2018,2018-10-04,9860,2018-09-24,0848,012530,NA,1,1,6,3610,0,1,1,NA,2,216,I-215 N/B,SR-210 O/C.,4027,N,N,A,-,Y,NA,NA,215,NA,NA,NA,NA,NA,N,Y,4,0,1,4,A,-,08,22107,NA,N,C,C,A,A,H,-,A,D,0,NA,NA,NA,NA,Y,NA,A,01,0,0,1,0,0,0,0,0,0,-,-,34.15475845336914,-117.32575988769533,SAN BERNARDINO,SAN BERNARDINO,-117.32537841796876,34.154991149902344
90828667,2018,2018-10-04,9860,2018-09-27,1449,019251,NA,4,2,6,3610,0,1,1,NA,2,103,I-10 W/B TO I-215 S/B,COOLEY DR.,344,N,N,A,-,Y,NA,NA,NA,NA,NA,NA,NA,NA,NA,N,4,0,2,2,A,-,03,22350,NA,N,C,C,A,A,H,-,A,D,0,NA,NA,NA,NA,Y,NA,A,08,0,0,2,0,0,0,0,0,0,-,-,34.060890197753906,-117.29815673828124,SAN BERNARDINO,SAN BERNARDINO,-117.2126235961914,34.11677169799805
90830338,2018,2018-10-08,9860,2018-10-02,0450,020626,NA,2,3,6,3610,0,1,1,NA,2,202,SR-210 E/B,WATERMAN AVE,60,W,N,A,-,Y,NA,NA,210,NA,NA,NA,NA,NA,E,Y,4,0,1,1,A,-,08,22107,NA,N,E,I,A,A,H,-,D,D,0,NA,NA,NA,NA,Y,NA,A,01,0,0,1,0,0,0,0,0,0,-,-,34.144901275634766,-117.27832794189452,SAN BERNARDINO,SAN BERNARDINO,-117.27832794189452,34.14501953125
90831316,2018,2018-10-08,9870,2018-09-27,0450,020570,NA,4,3,9,3600,0,1,3,NA,1,011,SR-62 (TWENTYNINE PALMS HWY),DESERT WILLOW TRAIL,596,E,N,A,-,Y,NA,NA,62,NA,NA,NA,NA,NA,NA,Y,3,0,1,1,A,-,08,22107,NA,N,E,I,A,A,H,-,D,D,0,NA,NA,NA,NA,Y,Y,A,01,0,1,0,0,0,0,0,0,0,-,-,34.085201263427734,-116.5269012451172,SAN BERNARDINO,UNINCORPORATED,-116.52693939208984,34.085269927978516
90831418,2018,2018-10-09,9860,2018-09-27,1610,016646,NA,4,2,6,3610,0,1,1,NA,2,103,I-10 W/B,WATERMAN AVENUE,1056,W,N,A,-,Y,NA,NA,10,NA,NA,NA,NA,NA,W,Y,4,0,2,2,A,-,03,22350,NA,N,C,C,A,A,H,-,A,D,0,NA,NA,NA,NA,Y,NA,A,01,0,0,2,0,0,0,0,0,0,-,-,34.064170837402344,-117.28285217285156,SAN BERNARDINO,SAN BERNARDINO,-117.28284454345705,34.06412887573242
90832381,2018,2018-10-09,9855,2018-10-03,1644,018212,NA,3,2,6,3604,0,1,1,NA,2,201,SR-210 E/B (FOOTHILL FWY),BEECH AVE.,100,E,N,B,-,Y,NA,NA,210,NA,NA,NA,NA,NA,E,Y,4,0,1,2,A,-,03,22350,NA,N,C,C,A,A,H,-,A,D,0,NA,NA,NA,NA,Y,NA,A,01,0,0,1,0,0,0,0,0,0,-,-,34.136348724365234,-117.47003173828124,SAN BERNARDINO,FONTANA,-117.47003173828124,34.13627243041992
90832732,2018,2018-10-10,9855,2018-09-26,2042,017808,NA,3,2,5,3602,0,1,3,NA,2,603,SR-60 EB TO RAMONA AVENUE,RAMONA AVE.,25,W,N,A,-,Y,NA,NA,60,NA,NA,NA,R,NA,E,N,4,0,2,2,A,-,03,22350,NA,F,C,C,A,A,H,-,C,D,0,NA,NA,NA,NA,Y,NA,A,01,0,0,2,0,0,0,0,0,0,-,-,34.0293083190918,-117.70706939697266,SAN BERNARDINO,CHINO,-117.70706939697266,34.0293083190918
90833619,2018,2018-10-11,9860,2018-10-05,0810,017018,NA,5,1,3,3690,0,1,1,NA,2,214,I-215 SOUTHBOUND,BARTON RD,528,S,N,A,-,Y,NA,NA,215,NA,NA,NA,NA,NA,S,Y,3,0,1,3,A,-,03,22350,NA,N,C,C,A,A,D,E,A,D,0,NA,NA,NA,NA,Y,NA,A,07,0,1,0,0,0,0,0,0,0,-,-,34.0323486328125,-117.32666778564452,SAN BERNARDINO,GRAND TERRACE,-117.32673645019533,34.03242874145508
90836245,2018,2018-10-15,9855,2018-09-30,0305,020664,NA,7,3,6,3607,0,1,1,NA,2,101,I-10 E/B (SAN BERNARDINO FWY),HAVEN AVE.,1200,E,N,A,-,Y,NA,NA,10,NA,NA,NA,NA,NA,E,N,4,0,5,2,A,-,01,23152,A,N,B,C,A,A,H,-,C,D,0,NA,NA,NA,NA,Y,Y,A,07,0,0,5,0,0,0,0,0,0,-,-,34.06742858886719,-117.57163238525392,SAN BERNARDINO,ONTARIO,-117.57163238525392,34.06743240356445
90836980,2018,2018-10-16,9855,2018-10-03,1720,018335,NA,3,2,9,3600,0,3,5,NA,2,001,MERRILL AVE.,ALMERIA AVE.,400,W,N,B,-,N,NA,NA,NA,NA,NA,NA,NA,NA,NA,Y,3,0,1,3,A,-,08,22107,NA,N,C,E,A,A,H,-,A,D,0,NA,NA,NA,NA,Y,NA,A,01,0,1,0,0,0,0,0,0,0,-,-,34.09210968017578,-117.46016693115234,SAN BERNARDINO,UNINCORPORATED,-117.4614486694336,34.092044830322266
90839493,2018,2018-10-19,9860,2018-10-07,0110,020387,NA,7,3,6,3610,0,1,1,NA,2,214,I-215 SOUTHBOUND,INLAND CENTER DR.,400,N,N,A,-,Y,NA,NA,215,NA,NA,NA,NA,NA,S,Y,2,0,1,1,A,-,01,23152,A,N,E,I,A,A,H,-,D,D,0,NA,NA,NA,NA,Y,Y,A,01,1,0,0,0,0,0,0,0,0,-,-,34.08618927001953,-117.30194091796876,SAN BERNARDINO,SAN BERNARDINO,-117.30166625976563,34.08629608154297
90840625,2018,2018-10-22,9850,2018-10-06,0014,021562,NA,6,3,5,3619,0,1,1,NA,2,082,I-15 S/B,MAIN ST,700,N,N,A,-,Y,NA,NA,15,NA,NA,NA,NA,NA,S,Y,3,0,1,3,A,-,01,23152,A,N,C,C,A,A,H,-,C,D,0,NA,NA,NA,NA,Y,Y,D,22,0,1,0,0,0,0,0,0,0,-,-,34.43022155761719,-117.37782287597656,SAN BERNARDINO,HESPERIA,-117.37781524658205,34.430213928222656
9084087,2020,2020-06-29,3600,2020-03-13,0626,3910,LL1,5,5,3,3615,0,0,0,NA,0,LL1,BARTON RD,MOUNTAIN VIEW AV,0,NA,Y,C,-,N,NA,NA,NA,NA,NA,NA,NA,NA,NA,Y,4,0,1,2,A,-,12,21453,A,N,D,C,A,B,H,-,B,A,0,NA,NA,NA,NA,Y,NA,A,01,0,0,1,0,0,0,0,0,0,-,-,34.048240661621094,-117.24356842041016,SAN BERNARDINO,LOMA LINDA,-117.24362182617188,34.04846954345703
90840997,2018,2018-10-22,9855,2018-10-11,0510,016889,NA,4,3,6,3607,0,1,3,NA,2,601,SR-60 W/B (POMONA FWY),ARCHIBALD AVE.,2000,E,N,B,-,Y,NA,NA,60,NA,NA,NA,NA,NA,W,Y,3,0,1,2,A,-,03,22350,NA,N,C,C,A,A,H,-,A,D,0,NA,NA,NA,NA,Y,NA,D,22,0,1,0,0,0,0,0,0,0,-,-,34.03068923950195,-117.5864028930664,SAN BERNARDINO,ONTARIO,-117.5864028930664,34.030731201171875
90842629,2018,2018-10-23,9860,2018-10-18,0650,012530,NA,4,1,6,3610,0,1,1,NA,2,216,I-215 S/B,"UNIVERSITY PARKWAY U/C,",916,N,N,A,-,Y,NA,NA,215,NA,NA,NA,NA,NA,S,N,4,0,4,2,A,-,03,22350,NA,N,C,C,A,A,H,-,A,D,0,NA,NA,NA,NA,Y,NA,A,01,0,0,4,0,0,0,0,0,0,-,-,34.1663703918457,-117.33518981933594,SAN BERNARDINO,SAN BERNARDINO,-117.33514404296876,34.16641616821289
90843457,2018,2018-10-24,9855,2018-10-08,1751,018727,NA,1,2,6,3607,0,1,1,NA,2,103,I-10 E/B (SAN BERNARDINO FWY),VINEYARD AVE.,900,W,N,A,-,Y,NA,NA,NA,NA,NA,NA,NA,NA,NA,N,4,0,1,4,A,-,03,22350,NA,N,C,C,A,A,H,-,B,D,0,NA,NA,NA,NA,Y,NA,A,01,0,0,1,0,0,0,0,0,0,-,-,34.043941497802734,-117.36955261230467,SAN BERNARDINO,ONTARIO,-117.61367034912108,34.07192611694336
90846242,2018,2018-10-26,9855,2018-10-16,1527,018212,NA,2,2,6,3607,0,1,1,NA,2,103,I-10 W/B (SAN BERNARDINO FWY),HAVEN AVE.,1056,W,N,A,-,Y,NA,NA,10,NA,NA,NA,NA,NA,W,Y,4,0,1,4,A,-,03,22350,NA,N,C,C,A,A,H,-,A,D,0,NA,NA,NA,NA,Y,NA,A,01,0,0,1,0,0,0,0,0,0,-,-,34.06792068481445,-117.58557891845705,SAN BERNARDINO,ONTARIO,-117.58557891845705,34.06769561767578
90846851,2018,2018-10-26,9835,2018-10-25,0245,017111,NA,4,3,9,3600,0,1,1,NA,2,047,W/B I-40,CRUCERO RD.,35006,E,N,A,-,Y,NA,NA,40,NA,NA,NA,NA,NA,NA,Y,2,0,4,1,A,-,08,22107,NA,N,F,A,A,A,H,-,D,D,0,NA,NA,NA,NA,Y,NA,A,01,1,1,2,0,0,0,0,0,0,-,-,34.71659851074219,-116.0500030517578,SAN BERNARDINO,UNINCORPORATED,-116.04998779296876,34.71664810180664
90847167,2018,2018-10-29,9860,2018-10-27,1825,020426,NA,6,2,4,3603,0,1,1,NA,2,214,I-215 SB,SANTA FE RAILROAD OC,400,N,N,A,-,Y,NA,NA,215,NA,NA,NA,NA,NA,S,Y,4,0,3,2,A,-,08,22107,NA,N,A,A,A,A,H,-,D,D,0,NA,NA,NA,Y,Y,NA,A,07,0,0,3,0,0,0,0,0,0,-,-,34.02772903442383,-117.33213043212892,SAN BERNARDINO,COLTON,-117.33209228515624,34.02769088745117
90849013,2018,2018-10-30,9850,2018-10-19,1323,022148,NA,5,1,5,3612,0,1,1,NA,2,083,I-15 N/B,D ST,500,S,N,A,-,Y,NA,NA,15,NA,NA,NA,NA,NA,N,Y,4,0,2,2,A,-,08,22107,NA,N,D,E,A,A,D,-,A,D,0,NA,NA,NA,Y,Y,NA,G,25,0,0,2,0,0,0,0,0,0,-,-,34.54439926147461,-117.30198669433594,SAN BERNARDINO,VICTORVILLE,-117.30204010009766,34.54448318481445
90849397,2018,2018-10-31,9870,2018-10-20,1600,021650,NA,6,2,9,3600,0,3,5,NA,2,003,SUNFAIR ROAD,BROADWAY STREET,0,NA,Y,A,-,N,NA,NA,NA,NA,NA,NA,NA,NA,NA,Y,2,0,1,2,A,-,05,21460,A,N,D,C,A,A,H,-,A,D,0,NA,NA,Y,NA,Y,NA,C,02,1,0,0,0,0,0,0,0,1,-,-,34.16415023803711,-116.24727630615234,SAN BERNARDINO,UNINCORPORATED,-116.24725341796876,34.16419982910156
90851706,2018,2018-11-02,9855,2018-10-30,1120,014980,NA,2,1,5,3602,0,1,3,NA,2,603,SR-60 W/B (POMONA FWY),RAMONA AVE.,2000,W,N,A,-,Y,NA,NA,60,NA,NA,NA,NA,NA,W,N,4,0,1,2,A,-,03,22350,NA,N,C,C,A,A,H,-,A,D,0,NA,NA,NA,NA,Y,NA,A,01,0,0,1,0,0,0,0,0,0,-,-,34.02983093261719,-117.71344757080078,SAN BERNARDINO,CHINO,-117.71343994140624,34.02980041503906
90852460,2018,2018-11-05,9860,2018-10-28,0620,019251,NA,7,1,5,3609,0,1,1,NA,2,201,SR-210 E/B,ALDER AVE,1056,W,N,A,-,Y,NA,NA,210,NA,NA,NA,NA,NA,E,Y,4,0,2,3,A,-,03,22350,NA,N,C,C,A,A,H,-,C,D,0,NA,NA,NA,NA,Y,NA,A,01,0,0,2,0,0,0,0,0,0,-,-,34.13621139526367,-117.42179870605467,SAN BERNARDINO,RIALTO,-117.42179870605467,34.13630676269531
90852924,2018,2018-11-05,9855,2018-10-25,1730,017808,NA,4,2,6,3607,0,1,3,NA,2,601,SR-60 W/B (POMONA FWY),GROVE AVE.,1056,W,N,A,-,Y,NA,NA,60,NA,NA,NA,NA,NA,W,Y,4,0,1,2,A,-,03,22350,NA,N,C,C,A,A,H,-,A,D,0,NA,NA,NA,Y,Y,NA,A,07,0,0,1,0,0,0,0,0,0,-,-,34.0306510925293,-117.63191986083984,SAN BERNARDINO,ONTARIO,-117.63191986083984,34.030582427978516
90852984,2018,2018-11-05,9860,2018-10-11,2120,020282,NA,4,2,9,3600,0,2,4,NA,2,411,CEDAR AVE,SANTA ANA AVE,0,NA,Y,A,-,N,NA,NA,NA,NA,NA,NA,NA,NA,NA,Y,4,0,1,2,A,-,12,21453,A,N,D,C,A,A,H,-,C,A,0,NA,NA,NA,NA,Y,Y,-,-,0,0,1,0,0,0,0,0,0,-,-,34.05596923828125,-117.39631652832033,SAN BERNARDINO,UNINCORPORATED,-117.39640808105467,34.055870056152344
90853252,2018,2018-11-05,9855,2018-10-20,2050,020533,NA,6,2,5,3602,0,1,3,NA,2,603,SR-60 E/B (POMONA FWY),RESERVOIR ST.,550,E,N,A,-,Y,NA,NA,60,NA,NA,NA,NA,NA,E,Y,4,0,2,3,A,-,03,22350,NA,N,C,C,A,A,H,-,C,D,0,NA,NA,NA,NA,Y,NA,A,01,0,0,2,0,0,0,0,0,0,-,-,34.02511978149414,-117.72615814208984,SAN BERNARDINO,CHINO,-117.72618103027344,34.02527618408203
90855386,2018,2018-11-07,9860,2018-10-27,1404,016646,NA,6,2,4,3603,0,1,1,NA,2,214,I-215 N/B,IOWA AVE,1848,S,N,A,-,Y,NA,NA,NA,NA,NA,NA,NA,NA,NA,Y,4,0,1,2,A,-,03,22350,NA,N,C,C,A,A,H,-,A,D,0,NA,NA,NA,NA,Y,NA,A,07,0,0,1,0,0,0,0,0,0,-,-,34.015480041503906,-117.34236907958984,SAN BERNARDINO,COLTON,NA,NA
90856549,2018,2018-11-08,9870,2018-11-01,1850,016935,NA,4,2,9,3600,0,3,5,NA,2,002,YUCCA MESA ROAD,CAMPANULA STREET (WEST),85,N,N,A,-,N,NA,NA,NA,NA,NA,NA,NA,NA,NA,Y,4,0,1,2,A,-,21,22106,NA,F,C,C,A,A,H,-,D,D,0,NA,NA,NA,NA,Y,Y,E,22,0,0,1,0,0,0,0,0,0,-,-,34.18690872192383,-116.36953735351563,SAN BERNARDINO,UNINCORPORATED,-116.36948394775392,34.18692398071289
90859672,2018,2018-11-14,9850,2018-11-01,0205,021516,NA,4,3,9,3600,0,3,5,NA,2,001,SPRING VALLEY PARKWAY,SANTA ANITA TRL,160,N,N,A,-,N,NA,NA,NA,NA,NA,NA,NA,NA,NA,Y,3,0,1,2,A,-,01,23152,A,N,C,E,A,A,H,-,D,D,0,NA,NA,NA,NA,Y,Y,D,22,0,1,0,0,0,0,0,0,0,-,-,34.48297882080078,-117.26898193359376,SAN BERNARDINO,UNINCORPORATED,-117.26896667480467,34.48292922973633
90859938,2018,2018-11-14,9850,2018-11-06,1925,021758,NA,2,2,9,3600,0,3,5,NA,2,001,RIDGECREST RD,VISTA POINT DR,0,NA,Y,A,-,N,NA,NA,NA,NA,NA,NA,NA,NA,NA,N,4,0,1,2,A,-,09,21802,A,N,D,C,A,A,H,-,C,A,0,NA,NA,NA,NA,Y,NA,D,22,0,0,1,0,0,0,0,0,0,-,-,34.49327850341797,-117.2773666381836,SAN BERNARDINO,UNINCORPORATED,-117.27735137939452,34.493289947509766
90860001,2018,2018-11-14,9865,2018-11-06,0935,015271,NA,2,1,9,3600,0,3,5,NA,2,002,GREEN VALLEY LAKE RD.,ROBIN DR.,256,N,N,A,-,N,NA,NA,NA,NA,NA,NA,NA,NA,NA,Y,3,0,1,2,A,-,05,21460,A,N,B,C,A,A,H,-,A,D,0,NA,NA,NA,NA,Y,NA,A,01,0,1,0,0,0,0,0,0,0,-,-,34.23847961425781,-117.07630920410156,SAN BERNARDINO,UNINCORPORATED,-117.07626342773438,34.238548278808594
90860490,2018,2018-11-15,9855,2018-11-06,1715,019303,NA,2,2,6,3607,0,1,1,NA,2,101,I-10 E/B (SBF) FROM HAVEN AVE,HAVEN AVE.,300,W,N,A,-,Y,NA,NA,10,NA,NA,NA,R,NA,E,Y,4,0,1,3,A,-,07,21658,A,N,B,C,A,A,H,-,C,A,0,NA,NA,NA,NA,Y,NA,A,01,0,0,1,0,0,0,0,0,0,-,-,34.0666389465332,-117.57689666748048,SAN BERNARDINO,ONTARIO,-117.57689666748048,34.0666389465332
90860764,2018,2018-11-15,9855,2018-11-08,0641,015626,NA,4,1,5,3602,0,1,3,NA,2,603,SR-60 E/B (POMONA FWY),PIPELINE AVE.,550,W,N,B,-,Y,NA,NA,60,NA,NA,NA,NA,NA,E,Y,4,0,1,3,A,-,03,22350,NA,N,C,C,A,B,H,-,A,D,0,NA,NA,NA,NA,Y,NA,A,01,0,0,1,0,0,0,0,0,0,-,-,34.028141021728516,-117.71785736083984,SAN BERNARDINO,CHINO,-117.71785736083984,34.02812576293945
90861736,2018,2018-11-16,9855,2018-11-06,0920,15763,NA,2,1,5,3602,0,1,3,NA,2,603,SR-60 W/B (POMONA FWY),MOUNTAIN AVENUE,814,E,N,A,-,Y,NA,NA,60,NA,NA,NA,NA,NA,W,Y,4,0,1,3,A,-,03,22350,NA,N,C,C,A,A,H,-,A,D,0,NA,NA,NA,Y,Y,NA,F,26,0,0,1,0,0,0,0,0,0,-,-,34.03049850463867,-117.66448211669922,SAN BERNARDINO,CHINO,-117.66448211669922,34.03047561645508
90861836,2018,2018-11-16,9865,2018-11-13,0815,015271,NA,2,1,9,3600,0,3,5,NA,2,003,LAKEWOOD DR,3RD LN,0,NA,Y,A,-,N,NA,NA,NA,NA,NA,NA,NA,NA,NA,Y,4,0,1,2,A,-,09,21800,B,N,D,C,A,A,H,-,A,D,0,NA,NA,NA,NA,Y,NA,A,07,0,0,1,0,0,0,0,0,0,-,-,34.244468688964844,-116.80506134033205,SAN BERNARDINO,UNINCORPORATED,-116.80509948730467,34.2445182800293
90861973,2018,2018-11-16,9835,2018-11-01,1635,022078,NA,4,2,9,3600,0,1,3,NA,1,013,SR-58,BORON AVE,7181,E,N,A,-,Y,NA,NA,58,NA,NA,NA,NA,NA,NA,Y,3,0,1,1,A,-,06,21750,A,N,E,J,A,A,H,-,A,D,0,NA,NA,NA,NA,Y,NA,A,01,0,1,0,0,0,0,0,0,0,-,-,35.009700775146484,-117.62590026855467,SAN BERNARDINO,UNINCORPORATED,-117.62586975097656,35.00992965698242
90865740,2018,2018-11-23,9860,2018-11-09,1215,014777,NA,5,1,5,3609,0,1,1,NA,2,201,SR-210 W/B,ALDER AVENUE,1835,E,N,A,G,Y,NA,NA,210,NA,NA,NA,NA,NA,W,N,4,0,1,1,C,-,18,NA,NA,N,E,J,A,A,H,-,A,D,0,NA,NA,NA,NA,Y,NA,-,-,0,0,1,0,0,0,0,0,0,-,-,34.13650131225586,-117.41226959228516,SAN BERNARDINO,RIALTO,-117.41226959228516,34.136505126953125
90866350,2018,2018-11-26,9860,2018-11-13,0950,019269,NA,2,1,4,3640,0,1,1,NA,2,106,I-10 W/B,COUNTY LINE RD,5280,W,N,A,-,Y,NA,NA,10,NA,NA,NA,NA,NA,W,Y,3,0,1,2,A,-,08,22107,NA,F,D,C,A,A,H,-,A,D,0,NA,NA,NA,NA,Y,NA,D,22,0,1,0,0,0,0,0,0,0,-,-,34.013248443603516,-117.07698059082033,SAN BERNARDINO,YUCAIPA,-117.07697296142578,34.01327133178711
90870710,2018,2018-11-29,9835,2018-11-19,0825,22049,NA,1,1,9,3600,0,1,1,NA,2,072,I-15 S/B,E YERMO RD,1689,N,N,A,-,Y,NA,NA,15,NA,NA,NA,NA,NA,S,Y,2,0,3,1,A,-,08,22107,NA,N,E,I,A,A,H,-,A,D,0,NA,NA,NA,NA,Y,NA,A,01,1,2,0,0,0,0,0,0,0,-,-,34.911109924316406,-116.80645751953124,SAN BERNARDINO,UNINCORPORATED,-116.80644989013672,34.911075592041016
90872452,2018,2018-11-30,9860,2018-11-14,1245,017919,NA,3,1,9,3600,0,3,5,NA,2,004,CYPRESS AVE,C ST,0,NA,Y,A,-,N,NA,NA,NA,NA,NA,NA,NA,NA,NA,Y,3,0,3,2,A,-,12,22450,A,N,D,C,A,A,H,-,A,A,0,NA,NA,NA,NA,Y,NA,A,01,0,1,2,0,0,0,0,0,0,-,-,34.07427978515625,-117.3415298461914,SAN BERNARDINO,UNINCORPORATED,-117.34156799316406,34.07429122924805
90872499,2018,2018-11-30,9855,2018-11-16,1730,017506,NA,5,2,6,3616,0,1,1,NA,2,203,SR-210 E/B (FOOTHILL FWY),HAVEN AVE.,100,E,N,A,-,Y,NA,NA,210,NA,NA,NA,NA,NA,E,Y,4,0,1,1,A,-,03,22350,NA,N,F,A,A,A,H,-,C,D,0,NA,NA,Y,NA,Y,NA,C,02,0,0,1,0,0,0,0,0,1,-,-,34.13600158691406,-117.5731964111328,SAN BERNARDINO,RANCHO CUCAMONGA,-117.57321166992188,34.136112213134766
90872716,2018,2018-11-30,9835,2018-11-21,1645,22143,NA,3,2,3,3601,0,1,1,NA,2,073,I-15 S/B,ALVORD MOUNTAIN RD,2640,N,N,A,-,Y,NA,NA,NA,NA,NA,NA,NA,NA,NA,Y,4,0,3,2,A,-,03,22350,NA,N,C,C,A,A,H,-,B,D,0,NA,NA,NA,NA,Y,NA,A,07,0,0,3,0,0,0,0,0,0,-,-,34.98780059814453,-116.5898895263672,SAN BERNARDINO,BARSTOW,NA,NA
90873561,2018,2018-12-03,9855,2018-11-20,1811,017808,NA,2,2,6,3607,0,1,1,NA,2,152,I-15 S/B (ONTARIO FWY),JURUPA ST.,4224,N,N,A,-,Y,NA,NA,15,NA,NA,NA,NA,NA,S,Y,4,0,1,3,A,-,03,22350,NA,N,C,C,A,A,H,-,C,D,0,NA,NA,NA,NA,Y,NA,A,01,0,0,1,0,0,0,0,0,0,-,-,34.05854034423828,-117.54550170898438,SAN BERNARDINO,ONTARIO,-117.54560089111328,34.058570861816406