CASE_ID,ACCIDENT_YEAR,PROC_DATE,JURIS,COLLISION_DATE,COLLISION_TIME,OFFICER_ID,REPORTING_DISTRICT,DAY_OF_WEEK,CHP_SHIFT,POPULATION,CNTY_CITY_LOC,SPECIAL_COND,BEAT_TYPE,CHP_BEAT_TYPE,CITY_DIVISION_LAPD,CHP_BEAT_CLASS,BEAT_NUMBER,PRIMARY_RD,SECONDARY_RD,DISTANCE,DIRECTION,INTERSECTION,WEATHER_1,WEATHER_2,STATE_HWY_IND,CALTRANS_COUNTY,CALTRANS_DISTRICT,STATE_ROUTE,ROUTE_SUFFIX,POSTMILE_PREFIX,POSTMILE,LOCATION_TYPE,RAMP_INTERSECTION,SIDE_OF_HWY,TOW_AWAY,COLLISION_SEVERITY,NUMBER_KILLED,NUMBER_INJURED,PARTY_COUNT,PRIMARY_COLL_FACTOR,PCF_CODE_OF_VIOL,PCF_VIOL_CATEGORY,PCF_VIOLATION,PCF_VIOL_SUBSECTION,HIT_AND_RUN,TYPE_OF_COLLISION,MVIW,PED_ACTION,ROAD_SURFACE,ROAD_COND_1,ROAD_COND_2,LIGHTING,CONTROL_DEVICE,CHP_ROAD_TYPE,PEDESTRIAN_ACCIDENT,BICYCLE_ACCIDENT,MOTORCYCLE_ACCIDENT,TRUCK_ACCIDENT,NOT_PRIVATE_PROPERTY,ALCOHOL_INVOLVED,STWD_VEHTYPE_AT_FAULT,CHP_VEHTYPE_AT_FAULT,COUNT_SEVERE_INJ,COUNT_VISIBLE_INJ,COUNT_COMPLAINT_PAIN,COUNT_PED_KILLED,COUNT_PED_INJURED,COUNT_BICYCLIST_KILLED,COUNT_BICYCLIST_INJURED,COUNT_MC_KILLED,COUNT_MC_INJURED,PRIMARY_RAMP,SECONDARY_RAMP,LATITUDE,LONGITUDE,COUNTY,CITY,POINT_X,POINT_Y
90874019,2018,2018-12-03,9860,2018-10-25,0515,019674,NA,4,3,9,3600,0,3,5,NA,2,004,GRACE ST,MARYGOLD AVE,37,S,N,A,-,N,NA,NA,NA,NA,NA,NA,NA,NA,NA,Y,2,0,1,11,A,-,01,23152,A,N,E,I,A,A,H,-,D,D,0,NA,NA,NA,NA,Y,Y,D,22,1,0,0,0,0,0,0,0,0,-,-,34.07387924194336,-117.41223907470705,SAN BERNARDINO,UNINCORPORATED,-117.41224670410156,34.07394027709961
90874721,2018,2018-12-04,9855,2018-11-04,1142,017704,NA,7,1,5,3630,0,1,3,NA,2,071,SR-71 S/B (CHINO FWY),CHINO HILLS PKWY.,2500,N,N,A,-,Y,NA,NA,NA,NA,NA,NA,NA,NA,NA,Y,3,0,5,2,A,-,03,22350,NA,N,C,C,A,A,H,-,A,D,0,NA,NA,NA,NA,Y,NA,A,01,0,2,3,0,0,0,0,0,0,-,-,34.9882698059082,-117.71443939208984,SAN BERNARDINO,CHINO HILLS,-117.71434783935548,33.988037109375
90875273,2018,2018-12-04,9855,2018-11-23,1920,020151,NA,5,2,6,3607,0,1,1,NA,2,152,I-15 S/B FROM 4TH ST.,4TH ST.,45,N,N,A,B,Y,NA,NA,15,NA,NA,NA,R,NA,S,Y,4,0,2,2,A,-,03,22350,NA,N,C,C,A,A,H,-,C,D,0,NA,NA,NA,NA,Y,NA,A,01,0,0,2,0,0,0,0,0,0,-,-,34.077491760253906,-117.5451202392578,SAN BERNARDINO,ONTARIO,-117.5451202392578,34.077491760253906
90876240,2018,2018-12-05,9855,2018-11-24,0605,016375,NA,6,1,6,3607,0,1,1,NA,2,152,I-15 S/B (ONTARIO FWY),RIVERSIDE COUNTY LINE,15,N,N,A,-,Y,NA,NA,NA,NA,NA,NA,NA,NA,NA,Y,4,0,2,1,A,-,08,22107,NA,N,E,I,A,A,H,-,B,D,0,NA,NA,NA,NA,Y,NA,A,01,0,0,2,0,0,0,0,0,0,-,-,34.154998779296875,-117.33200073242188,SAN BERNARDINO,ONTARIO,NA,NA
90876360,2018,2018-12-05,9855,2018-11-24,1853,019732,NA,6,2,6,3607,0,1,1,NA,2,152,I-15 S/B (ONTARIO FWY),JURUPA ST.,1200,N,N,B,-,Y,NA,NA,NA,NA,NA,NA,NA,NA,NA,Y,4,0,3,3,A,-,03,22350,NA,N,C,C,A,A,H,-,C,D,0,NA,NA,NA,NA,Y,NA,A,01,0,0,3,0,0,0,0,0,0,-,-,34.05590057373047,-117.59681701660156,SAN BERNARDINO,ONTARIO,-117.55014038085938,34.048160552978516
90878371,2018,2018-12-07,9860,2018-11-29,1830,021169,NA,4,2,5,3608,0,1,1,NA,2,105,I-10 W/B,UNIVERSITY ST,450,W,N,B,C,Y,NA,NA,10,NA,NA,NA,NA,NA,W,Y,4,0,1,2,A,-,03,22350,NA,N,D,C,A,B,D,-,D,D,0,NA,NA,NA,NA,Y,NA,A,07,0,0,1,0,0,0,0,0,0,-,-,34.05936813354492,-117.17243957519533,SAN BERNARDINO,REDLANDS,-117.17239379882813,34.05946731567383
90878465,2018,2018-12-07,9835,2018-11-29,2315,21448,NA,4,3,9,3600,0,1,1,NA,2,047,I-40 W/B,KELBAKER RD,25872,W,N,A,G,Y,NA,NA,NA,NA,NA,NA,NA,NA,NA,Y,2,0,2,1,A,-,08,22107,NA,N,F,A,A,A,H,-,D,D,0,NA,NA,NA,Y,Y,NA,G,25,1,1,0,0,0,0,0,0,0,-,-,34.435001373291016,-115.42549896240234,SAN BERNARDINO,UNINCORPORATED,-115.7638702392578,34.71714401245117
9087906,2020,2020-10-28,3600,2020-05-08,1742,F8945,VC014,5,5,5,3612,0,0,0,NA,0,VC2,LA PAZ DR,VALLEY CENTER DR,309,W,N,A,-,N,NA,NA,NA,NA,NA,NA,NA,NA,NA,Y,4,0,1,2,A,-,09,21801,A,N,D,C,A,A,H,-,A,D,0,NA,NA,NA,NA,Y,NA,A,07,0,0,1,0,0,0,0,0,0,-,-,NA,NA,SAN BERNARDINO,VICTORVILLE,-117.31663513183594,34.5193977355957
90880434,2018,2018-12-11,9860,2018-12-08,0025,020595,NA,6,3,9,3600,0,1,1,NA,2,151,I-15 N/B,MATTHEWS RANCH RD.,3696,N,N,B,-,Y,NA,NA,15,NA,NA,NA,NA,NA,N,Y,4,0,2,2,A,-,08,22107,NA,N,B,C,A,A,H,-,D,D,0,NA,NA,NA,NA,Y,NA,A,07,0,0,2,0,0,0,0,0,0,-,-,34.25238037109375,-117.44696044921876,SAN BERNARDINO,UNINCORPORATED,-117.44708251953124,34.25221252441406
90880974,2018,2018-12-12,9860,2018-12-06,1240,019321,NA,4,1,9,3600,0,1,1,NA,2,152,I-15 S/B,SR-138,7392,N,N,B,C,Y,NA,NA,15,NA,NA,NA,NA,NA,S,Y,4,0,1,1,A,-,03,22350,NA,N,E,I,A,B,H,-,A,D,0,NA,NA,NA,NA,Y,NA,A,01,0,0,1,0,0,0,0,0,0,-,-,34.331199645996094,-117.48252868652344,SAN BERNARDINO,UNINCORPORATED,-117.48247528076172,34.331199645996094
90882526,2018,2018-12-13,9860,2018-12-03,1818,016646,NA,1,2,6,3610,0,1,1,NA,2,214,I-215 N/B,INLAND CENTER DRIVE,80,S,N,A,-,Y,NA,NA,215,NA,NA,NA,NA,NA,N,Y,4,0,1,2,A,-,03,22350,NA,N,C,C,A,A,H,-,C,D,0,NA,NA,NA,NA,Y,NA,D,22,0,0,1,0,0,0,0,0,0,-,-,34.085140228271484,-117.30084991455078,SAN BERNARDINO,SAN BERNARDINO,-117.30088043212892,34.085121154785156
90883676,2018,2018-12-17,9860,2018-12-05,2205,020856,NA,3,3,9,3600,0,1,1,NA,2,152,I-15 S/B,SR-138,3500,N,N,B,C,Y,NA,NA,15,NA,NA,NA,NA,NA,S,Y,4,0,3,3,A,-,03,22350,NA,N,B,C,A,B,H,-,D,D,0,NA,NA,NA,Y,Y,NA,A,01,0,0,3,0,0,0,0,0,0,-,-,34.31999969482422,-117.48126983642578,SAN BERNARDINO,UNINCORPORATED,-117.48139190673828,34.3199577331543
90885590,2018,2018-12-18,9855,2018-11-29,0944,014980,NA,4,1,6,3607,0,1,1,NA,2,152,I-15 N/B (ONTARIO FWY),JURUPA ST.,3578,N,N,B,C,Y,NA,NA,15,NA,NA,NA,NA,NA,N,Y,3,0,8,9,A,-,08,22107,NA,N,B,C,E,B,H,-,A,D,0,Y,NA,NA,NA,Y,NA,A,01,0,2,6,0,5,0,0,0,0,-,-,34.057281494140625,-117.54566192626952,SAN BERNARDINO,ONTARIO,-117.54568481445313,34.057289123535156
90888211,2018,2018-12-21,9855,2018-12-15,1231,016220,NA,6,1,9,3600,0,2,4,NA,1,012,ARROW ROUTE E/B,SULTANA AVE.,65,W,N,A,-,N,NA,NA,NA,NA,NA,NA,NA,NA,NA,N,4,0,4,2,A,-,03,22350,NA,N,C,C,A,A,H,-,A,D,0,NA,NA,NA,NA,Y,NA,A,01,0,0,4,0,0,0,0,0,0,-,-,34.09925079345703,-117.46933746337892,SAN BERNARDINO,UNINCORPORATED,-117.4692153930664,34.09928894042969
90888383,2018,2018-12-24,9860,2018-12-15,1727,016646,NA,6,2,5,3608,0,1,1,NA,2,104,I-10 W/B,CALIFORNIA AVENUE,40,W,N,A,-,Y,NA,NA,10,NA,NA,NA,NA,NA,W,N,4,0,1,2,A,-,03,22350,NA,N,C,C,A,A,H,-,C,D,0,NA,NA,NA,NA,Y,NA,A,01,0,0,1,0,0,0,0,0,0,-,-,34.0667610168457,-117.22633361816406,SAN BERNARDINO,REDLANDS,-117.22633361816406,34.06673049926758
90892889,2018,2018-12-28,9850,2018-12-15,0000,021405,NA,6,3,9,3600,0,2,4,NA,2,057,SHEEP CREEK RD,HARDING RD,350,S,N,A,-,N,NA,NA,NA,NA,NA,NA,NA,NA,NA,Y,3,0,1,2,A,-,08,22107,NA,N,B,C,A,A,H,-,D,D,0,NA,NA,NA,NA,Y,NA,D,22,0,1,0,0,0,0,0,0,0,-,-,34.444339752197266,-117.57273864746094,SAN BERNARDINO,UNINCORPORATED,-117.57272338867188,34.44444274902344
90893419,2018,2018-12-28,9860,2018-12-23,0515,019429,NA,7,3,9,3600,0,3,5,NA,2,003,GARNET AVE,NEWPORT AVE,1056,S,N,A,-,N,NA,NA,NA,NA,NA,NA,NA,NA,NA,Y,3,0,1,1,A,-,08,22107,NA,N,E,I,A,A,H,-,D,D,0,NA,NA,NA,NA,Y,NA,A,01,0,1,0,0,0,0,0,0,0,-,-,34.07843017578125,-117.0993194580078,SAN BERNARDINO,UNINCORPORATED,-117.09932708740234,34.078426361083984
90893908,2018,2018-12-31,9860,2018-12-25,0216,017949,NA,2,3,6,3610,0,1,1,NA,2,202,SR-210 W/B,DEL ROSA AVENUE,36,W,N,B,C,Y,NA,NA,210,NA,NA,NA,NA,NA,W,Y,4,0,1,1,A,-,03,22350,NA,N,E,I,A,B,H,-,D,D,0,NA,NA,NA,NA,Y,NA,D,22,0,0,1,0,0,0,0,0,0,-,-,34.142738342285156,-117.25241088867188,SAN BERNARDINO,SAN BERNARDINO,-117.25242614746094,34.142677307128906
90895377,2018,2019-01-02,9835,2018-10-30,0035,021113,NA,2,3,3,3601,0,1,1,NA,2,071,I-15 S/B,E MAIN ST,422,N,N,A,-,Y,NA,NA,15,NA,NA,NA,NA,NA,S,Y,3,0,1,1,A,-,07,21658,A,M,E,I,A,A,H,-,C,D,0,NA,NA,NA,NA,Y,NA,A,07,0,1,0,0,0,0,0,0,0,-,-,34.89292907714844,-116.99928283691406,SAN BERNARDINO,BARSTOW,-116.99925231933594,34.89289474487305
90897428,2018,2019-01-03,9860,2018-12-20,1455,016646,NA,4,2,4,3603,0,1,1,NA,2,214,I-215 S/B,WASHINGTON STREET,1056,N,N,A,-,Y,NA,NA,215,NA,NA,NA,NA,NA,S,Y,4,0,1,3,A,-,03,22350,NA,N,C,C,A,A,H,-,A,D,0,NA,NA,NA,NA,Y,NA,D,22,0,0,1,0,0,0,0,0,0,-,-,34.04764938354492,-117.30760192871094,SAN BERNARDINO,COLTON,-117.30763244628906,34.047698974609375
90897746,2018,2019-01-04,9860,2018-12-25,0631,019429,NA,2,1,9,3600,0,1,1,NA,2,152,I-15 N/B,OAK HILL RD,2640,S,N,C,D,Y,NA,NA,15,NA,NA,NA,NA,NA,N,Y,3,0,1,2,A,-,03,22350,NA,N,B,C,A,C,H,-,B,D,0,NA,NA,NA,NA,Y,NA,A,01,0,1,0,0,0,0,0,0,0,-,-,34.355960845947266,-117.43755340576172,SAN BERNARDINO,UNINCORPORATED,-117.43751525878906,34.35594940185547
9089883,2020,2020-06-10,3600,2020-02-21,1231,F5129,HI001,5,5,4,3618,0,0,0,NA,0,HLN1,STERLING AV,9TH ST,19,S,N,A,-,N,NA,NA,NA,NA,NA,NA,NA,NA,NA,N,2,0,1,2,A,-,05,21650,1,N,-,G,A,A,H,-,A,A,0,NA,Y,NA,NA,Y,NA,L,04,1,0,0,0,0,0,1,0,0,-,-,34.01150131225586,-117.02436065673828,SAN BERNARDINO,HIGHLAND,-117.24365997314452,34.11566925048828
90898848,2019,2019-01-07,9860,2019-01-06,1500,020426,NA,7,2,4,3603,0,1,1,NA,2,103,I-10 E/B,RANCHO AVE,200,W,N,A,-,Y,NA,NA,10,NA,NA,NA,NA,NA,E,N,4,0,1,2,A,-,03,22350,NA,N,C,C,A,A,H,-,A,D,0,NA,NA,NA,NA,Y,NA,A,01,0,0,1,0,0,0,0,0,0,-,-,34.06584930419922,-117.325439453125,SAN BERNARDINO,COLTON,-117.32540893554688,34.066078186035156
90899078,2019,2019-01-07,9860,2019-01-03,1658,020654,NA,4,2,5,3608,0,1,1,NA,2,105,I-10 E/B,6TH ST,1056,E,N,A,-,Y,NA,NA,10,NA,NA,NA,NA,NA,E,Y,4,0,1,2,A,-,03,22350,NA,N,C,C,A,A,H,-,D,D,0,NA,NA,NA,NA,Y,NA,A,07,0,0,1,0,0,0,0,0,0,-,-,34.061241149902344,-117.17710876464844,SAN BERNARDINO,REDLANDS,-117.17713928222656,34.06114959716797
90899822,2018,2019-01-08,9855,2018-12-30,0705,15763,NA,7,1,6,3607,0,1,1,NA,2,103,I-10 E/B (SAN BERNARDINO FWY),VINEYARD AVENUE,1584,E,N,A,-,Y,NA,NA,10,NA,NA,NA,NA,NA,E,Y,4,0,2,2,A,-,08,22107,NA,N,C,C,A,A,H,-,A,D,0,NA,NA,NA,NA,Y,NA,A,01,0,0,2,0,0,0,0,0,0,-,-,34.06819152832031,-117.60501861572266,SAN BERNARDINO,ONTARIO,-117.60498809814452,34.06832504272461
90901241,2019,2019-01-28,9860,2019-01-04,2142,020135,NA,5,2,3,3690,0,1,1,NA,2,214,I-215 N/B,SANTA FE RAILROAD,528,N,N,A,-,Y,NA,NA,215,NA,NA,NA,NA,NA,N,N,4,0,1,2,A,-,21,22106,NA,N,C,C,A,A,D,-,C,D,0,NA,NA,NA,NA,Y,NA,A,01,0,0,1,0,0,0,0,0,0,-,-,34.02775955200195,-117.33177947998048,SAN BERNARDINO,GRAND TERRACE,-117.3317642211914,34.027740478515625
90901419,2019,2019-01-10,9835,2019-01-01,0326,022166,NA,2,3,3,3601,0,1,1,NA,2,072,I-15 S/B,OLD HWY 58,2112,N,N,A,-,Y,NA,NA,NA,NA,NA,NA,NA,NA,NA,N,3,0,1,1,A,-,08,22107,NA,M,E,I,A,A,H,-,D,D,0,NA,NA,NA,NA,Y,NA,A,01,0,1,0,0,0,0,0,0,0,-,-,34.967628479003906,-116.96276092529295,SAN BERNARDINO,BARSTOW,NA,NA
90901513,2018,2019-01-10,9865,2018-12-31,1800,017407,NA,1,2,9,3600,0,3,5,NA,2,003,MAPLE LANE,STATE ROUTE 38,2640,S,N,B,-,N,NA,NA,NA,NA,NA,NA,NA,NA,NA,Y,4,0,1,1,A,-,03,22350,NA,N,E,I,A,C,H,-,C,D,0,NA,NA,NA,NA,Y,NA,D,22,0,0,1,0,0,0,0,0,0,-,-,34.25440979003906,-116.82398986816406,SAN BERNARDINO,UNINCORPORATED,-116.82411956787108,34.25441360473633
90903136,2019,2019-01-14,9860,2019-01-07,2000,021363,NA,1,2,6,3610,0,1,1,NA,2,216,I-215 N/B,BASELINE ST,1500,S,N,A,-,Y,NA,NA,215,NA,NA,NA,NA,NA,N,N,4,0,1,2,A,-,07,21658,A,N,B,C,A,A,H,-,D,D,0,NA,NA,NA,NA,Y,NA,A,01,0,0,1,0,0,0,0,0,0,-,-,34.11732864379883,-117.30236053466795,SAN BERNARDINO,SAN BERNARDINO,-117.302734375,34.11735153198242
90903636,2019,2019-01-14,9855,2019-01-05,2218,020046,NA,6,3,9,3600,0,3,5,NA,2,001,VALLEY BLVD. (13300 BLOCK),COMMERCE DR. (9700 BLOCK),20,E,N,B,C,N,NA,NA,NA,NA,NA,NA,NA,NA,NA,Y,3,0,1,1,A,-,08,22107,NA,N,E,I,A,B,H,-,C,D,0,NA,NA,NA,NA,Y,NA,A,01,0,1,0,0,0,0,0,0,0,-,-,34.071048736572266,-117.51528167724608,SAN BERNARDINO,UNINCORPORATED,-117.51547241210938,34.071067810058594
90904232,2019,2019-01-15,9860,2019-01-05,2005,021502,NA,6,2,9,3600,0,1,1,NA,2,152,I-15 S/B,SR-138,2150,N,N,C,-,Y,NA,NA,15,NA,NA,NA,NA,NA,S,Y,4,0,1,2,A,-,08,22107,NA,N,B,C,A,B,H,-,D,D,0,NA,NA,NA,NA,Y,NA,A,01,0,0,1,0,0,0,0,0,0,-,-,34.31658172607422,-117.47966003417967,SAN BERNARDINO,UNINCORPORATED,-117.47965240478516,34.316585540771484
90905069,2019,2019-02-13,9835,2019-01-04,0608,021751,NA,5,1,9,3600,0,1,1,NA,2,074,INTERSTATE 15,RASOR ROAD,15576,N,N,A,-,Y,NA,NA,15,NA,NA,NA,NA,NA,NA,Y,3,0,1,2,A,-,03,22350,NA,N,C,C,A,A,H,-,D,D,0,NA,NA,NA,Y,Y,NA,A,01,0,1,0,0,0,0,0,0,0,-,-,35.16347122192383,-116.18398284912108,SAN BERNARDINO,UNINCORPORATED,-116.18392181396484,35.163414001464844
90905144,2019,2019-01-15,9855,2019-01-09,0500,016829,NA,3,3,6,3616,0,1,1,NA,2,152,I-15 S/B (ONTARIO FWY),BASE LINE RD.,1000,S,N,A,-,Y,NA,NA,NA,NA,NA,NA,NA,NA,NA,Y,2,0,1,2,A,-,03,22350,NA,N,C,C,A,A,H,-,D,D,0,NA,NA,NA,NA,Y,NA,A,01,1,0,0,0,0,0,0,0,0,-,-,34.1179084777832,-117.58161926269533,SAN BERNARDINO,RANCHO CUCAMONGA,NA,NA
90906273,2019,2019-01-17,9835,2019-01-07,1755,021399,NA,1,2,9,3600,0,2,4,NA,2,016,SR-58 E/B,HINKLEY RD,4752,E,N,A,-,Y,NA,NA,NA,NA,NA,NA,NA,NA,NA,Y,2,0,1,2,A,-,02,22400,A,N,C,C,A,A,H,-,D,D,0,NA,NA,NA,Y,Y,NA,A,07,1,0,0,0,0,0,0,0,0,-,-,34.917301177978516,-117.1719970703125,SAN BERNARDINO,UNINCORPORATED,-117.17321014404295,34.92195129394531
90907263,2019,2019-01-18,9860,2019-01-16,1205,019321,NA,3,1,9,3600,0,1,1,NA,2,151,I-15 S/B,KENWOOD AVE.,2640,N,N,B,C,Y,NA,NA,15,NA,NA,NA,NA,NA,S,Y,3,0,1,1,A,-,03,22350,NA,N,E,I,A,B,H,-,A,D,0,NA,NA,NA,NA,Y,NA,A,01,0,1,0,0,0,0,0,0,0,-,-,34.24074935913086,-117.43080902099608,SAN BERNARDINO,UNINCORPORATED,-117.43079376220705,34.24077224731445
90907677,2019,2019-01-21,9860,2019-01-16,2035,020654,NA,3,2,4,3603,0,1,1,NA,2,103,I-10 E/B,I-215,2112,W,N,B,C,Y,NA,NA,10,NA,NA,NA,NA,NA,E,Y,3,0,1,2,A,-,08,22107,NA,F,D,C,A,B,H,-,D,D,0,NA,NA,NA,NA,Y,NA,-,99,0,1,0,0,0,0,0,0,0,-,-,34.0649299621582,-117.3041763305664,SAN BERNARDINO,COLTON,-117.3041763305664,34.0650520324707
90908505,2019,2019-01-22,9855,2019-01-10,2328,016215,NA,4,3,6,3607,0,1,1,NA,2,101,I-10 E/B (SAN BERNARDINO FWY),I-15,320,W,N,A,-,Y,NA,NA,10,NA,NA,NA,NA,NA,E,Y,3,0,2,1,A,-,08,22107,NA,N,E,I,A,A,H,-,D,D,0,NA,NA,NA,NA,Y,NA,A,01,0,2,0,0,0,0,0,0,0,-,-,34.067298889160156,-117.54627990722656,SAN BERNARDINO,ONTARIO,-117.54627990722656,34.067352294921875
90909673,2019,2019-02-25,9865,2019-01-10,1230,015271,NA,4,1,9,3600,0,3,5,NA,2,001,CREST FOREST DR.,WOODLAND DR.,0,NA,Y,A,-,N,NA,NA,NA,NA,NA,NA,NA,NA,NA,N,2,0,2,3,A,-,11,21954,A,N,G,B,D,A,H,-,A,D,0,Y,NA,NA,NA,Y,NA,N,60,1,1,0,0,2,0,0,0,0,-,-,34.238670349121094,-117.2919464111328,SAN BERNARDINO,UNINCORPORATED,-117.29199981689452,34.23857879638672
90910481,2019,2019-02-13,9860,2019-01-15,2304,019674,NA,2,3,4,3603,0,1,1,NA,2,103,INTERSTATE 10 WESTBOUND,HUNTS LANE,335,W,N,B,C,Y,NA,NA,10,NA,NA,NA,NA,NA,W,Y,3,0,1,5,A,-,03,22350,NA,F,C,C,E,B,H,-,D,D,0,Y,NA,NA,Y,Y,Y,A,01,0,1,0,0,1,0,0,0,0,-,-,34.063758850097656,-117.2887725830078,SAN BERNARDINO,COLTON,-117.28876495361328,34.06367492675781
90914476,2019,2019-01-29,9860,2019-01-24,0735,015495,NA,4,1,6,3610,0,1,1,NA,2,214,I-215 S/B,2ND ST,200,N,N,A,-,Y,NA,NA,215,NA,NA,NA,NA,NA,S,Y,4,0,1,2,A,-,03,22350,NA,N,C,C,A,A,H,-,A,D,0,NA,NA,NA,NA,Y,NA,A,01,0,0,1,0,0,0,0,0,0,-,-,34.103458404541016,-117.3022003173828,SAN BERNARDINO,SAN BERNARDINO,-117.30207061767578,34.103477478027344
90915510,2019,2019-01-30,9855,2019-01-20,1400,020533,NA,7,2,5,3602,0,1,3,NA,2,603,SR-60 E/B TO RAMONA AVE.,RAMONA AVE.,70,W,N,A,-,Y,NA,NA,60,NA,NA,NA,R,NA,E,N,4,0,1,2,A,-,03,22350,NA,F,C,C,A,A,H,-,A,D,0,NA,NA,NA,NA,Y,NA,-,99,0,0,1,0,0,0,0,0,0,-,-,34.02928924560547,-117.70716094970705,SAN BERNARDINO,CHINO,-117.70716094970705,34.02928924560547
90915775,2019,2019-01-30,9855,2019-01-21,0025,020664,NA,1,3,6,3607,0,1,3,NA,2,601,SR-60 E/B TO ARCHIBALD AVE.,ARCHIBALD AVE.,15,W,N,B,-,Y,NA,NA,60,NA,NA,NA,R,NA,E,Y,3,0,2,1,A,-,01,23152,A,N,E,I,A,A,H,-,C,A,0,NA,NA,NA,NA,Y,Y,A,01,0,1,1,0,0,0,0,0,0,-,-,34.02996826171875,-117.5934600830078,SAN BERNARDINO,ONTARIO,-117.5934600830078,34.02996826171875
90917001,2018,2019-02-01,9835,2018-10-21,0413,022143,NA,7,3,9,3600,0,1,2,NA,1,014,US-395,FARMINGTON RD,600,S,N,A,-,Y,NA,NA,395,NA,NA,NA,NA,NA,NA,Y,1,1,2,2,A,-,01,23152,A,N,A,C,A,A,H,-,D,D,0,NA,NA,NA,Y,Y,Y,D,22,1,1,0,0,0,0,0,0,0,-,-,35.03268814086914,-117.55280303955078,SAN BERNARDINO,UNINCORPORATED,-117.55281066894533,35.03268814086914
90918478,2019,2019-02-04,9860,2019-01-29,1022,019251,NA,2,1,9,3600,0,1,1,NA,2,102,I-10 W/B,RIVERSIDE AVE,1584,W,N,A,-,Y,NA,NA,NA,NA,NA,NA,NA,NA,NA,N,4,0,1,2,A,-,07,21658,A,N,B,C,A,A,H,-,A,D,0,NA,NA,NA,Y,Y,NA,G,25,0,0,1,0,0,0,0,0,0,-,-,34.06867980957031,-117.37657928466795,SAN BERNARDINO,UNINCORPORATED,-117.3754653930664,34.06864547729492
90919753,2019,2019-02-05,9860,2019-01-29,1625,021363,NA,2,2,6,3610,0,1,1,NA,2,214,I-215 S/B,MILL ST,200,S,N,B,-,Y,NA,NA,215,NA,NA,NA,NA,NA,S,N,4,0,1,4,A,-,03,22350,NA,N,C,C,A,A,H,-,A,D,0,NA,NA,NA,NA,Y,NA,A,08,0,0,1,0,0,0,0,0,0,-,-,34.09143829345703,-117.3019790649414,SAN BERNARDINO,SAN BERNARDINO,-117.302001953125,34.0914421081543
90921149,2019,2019-02-07,9860,2019-02-03,2320,020595,NA,7,3,5,3608,0,1,1,NA,2,203,SR-210 W/B,SAN BERNARDINO AVE,400,E,N,B,-,Y,NA,NA,210,NA,NA,NA,NA,NA,W,Y,3,0,1,1,A,-,01,23152,A,N,E,I,A,B,H,-,C,D,0,NA,NA,NA,NA,Y,Y,A,01,0,1,0,0,0,0,0,0,0,-,-,34.07619857788086,-117.20043182373048,SAN BERNARDINO,REDLANDS,-117.20053100585938,34.076202392578125
90921639,2019,2019-02-07,9850,2019-02-02,1130,019278,NA,6,1,5,3619,0,1,1,NA,2,081,I-15 N/B,OAK HILL RD,5280,N,N,C,G,Y,NA,NA,15,NA,NA,NA,NA,NA,N,Y,4,0,1,1,A,-,08,22107,NA,N,E,I,A,B,H,-,A,D,0,NA,NA,NA,NA,Y,NA,A,01,0,0,1,0,0,0,0,0,0,-,-,34.37369918823242,-117.42250061035156,SAN BERNARDINO,HESPERIA,-117.42259216308594,34.373783111572266
90921686,2019,2019-02-07,9860,2019-02-01,1710,021169,NA,5,2,6,3610,0,1,1,NA,2,202,SR-210 E/B,MOUNTAIN VIEW AVE,225,W,N,B,-,Y,NA,NA,210,NA,NA,NA,NA,NA,E,Y,4,0,1,2,A,-,03,22350,NA,N,C,C,A,A,H,-,A,D,0,NA,NA,NA,NA,Y,NA,A,01,0,0,1,0,0,0,0,0,0,-,-,34.14527893066406,-117.2882080078125,SAN BERNARDINO,SAN BERNARDINO,-117.2882080078125,34.145347595214844
90922282,2019,2019-02-08,9855,2019-01-31,1430,017597,NA,4,2,6,3607,0,1,1,NA,2,152,I-15 N/B (ONTARIO FWY),AIRPORT DR.,1000,S,N,B,C,Y,NA,NA,15,NA,NA,NA,NA,NA,N,Y,4,0,1,1,A,-,03,22350,NA,N,E,I,A,B,H,-,A,D,0,NA,NA,NA,NA,Y,NA,A,01,0,0,1,0,0,0,0,0,0,-,-,34.05371856689453,-117.54744720458984,SAN BERNARDINO,ONTARIO,-117.54740142822266,34.05369567871094
90924385,2019,2019-02-12,9860,2019-02-03,2250,021392,NA,7,3,9,3600,0,1,3,NA,1,380,BRYANT ST,SR-38,0,NA,Y,B,C,Y,NA,NA,NA,NA,NA,NA,NA,NA,NA,Y,3,0,1,1,A,-,12,22450,A,N,F,A,A,B,H,-,D,A,0,NA,NA,NA,NA,Y,NA,A,07,0,1,0,0,0,0,0,0,0,-,-,34.07844161987305,-117.04905700683594,SAN BERNARDINO,UNINCORPORATED,-117.0487823486328,34.078330993652344