CASE_ID,ACCIDENT_YEAR,PROC_DATE,JURIS,COLLISION_DATE,COLLISION_TIME,OFFICER_ID,REPORTING_DISTRICT,DAY_OF_WEEK,CHP_SHIFT,POPULATION,CNTY_CITY_LOC,SPECIAL_COND,BEAT_TYPE,CHP_BEAT_TYPE,CITY_DIVISION_LAPD,CHP_BEAT_CLASS,BEAT_NUMBER,PRIMARY_RD,SECONDARY_RD,DISTANCE,DIRECTION,INTERSECTION,WEATHER_1,WEATHER_2,STATE_HWY_IND,CALTRANS_COUNTY,CALTRANS_DISTRICT,STATE_ROUTE,ROUTE_SUFFIX,POSTMILE_PREFIX,POSTMILE,LOCATION_TYPE,RAMP_INTERSECTION,SIDE_OF_HWY,TOW_AWAY,COLLISION_SEVERITY,NUMBER_KILLED,NUMBER_INJURED,PARTY_COUNT,PRIMARY_COLL_FACTOR,PCF_CODE_OF_VIOL,PCF_VIOL_CATEGORY,PCF_VIOLATION,PCF_VIOL_SUBSECTION,HIT_AND_RUN,TYPE_OF_COLLISION,MVIW,PED_ACTION,ROAD_SURFACE,ROAD_COND_1,ROAD_COND_2,LIGHTING,CONTROL_DEVICE,CHP_ROAD_TYPE,PEDESTRIAN_ACCIDENT,BICYCLE_ACCIDENT,MOTORCYCLE_ACCIDENT,TRUCK_ACCIDENT,NOT_PRIVATE_PROPERTY,ALCOHOL_INVOLVED,STWD_VEHTYPE_AT_FAULT,CHP_VEHTYPE_AT_FAULT,COUNT_SEVERE_INJ,COUNT_VISIBLE_INJ,COUNT_COMPLAINT_PAIN,COUNT_PED_KILLED,COUNT_PED_INJURED,COUNT_BICYCLIST_KILLED,COUNT_BICYCLIST_INJURED,COUNT_MC_KILLED,COUNT_MC_INJURED,PRIMARY_RAMP,SECONDARY_RAMP,LATITUDE,LONGITUDE,COUNTY,CITY,POINT_X,POINT_Y
91012286,2019,2019-06-18,9865,2019-06-17,0610,016459,NA,1,1,9,3600,0,1,3,NA,2,031,SR-38,PINE HILL DR,485,W,N,A,-,Y,NA,NA,38,NA,NA,NA,NA,NA,NA,Y,3,0,1,1,A,-,08,22107,NA,N,E,I,A,A,H,-,A,D,0,NA,NA,NA,NA,Y,NA,A,01,0,1,0,0,0,0,0,0,0,-,-,34.25830841064453,-116.94574737548828,SAN BERNARDINO,UNINCORPORATED,-116.94574737548828,34.25830841064453
91012771,2019,2019-06-18,9855,2019-06-13,1555,020151,NA,4,2,6,3616,0,1,1,NA,2,201,SR-210 E/B (FOOTHILL FWY),HAVEN AVE.,1500,E,N,A,-,Y,NA,NA,210,NA,NA,NA,NA,NA,E,N,4,0,1,2,A,-,03,22350,NA,N,C,C,A,A,H,-,A,D,0,NA,NA,NA,NA,Y,NA,A,01,0,0,1,0,0,0,0,0,0,-,-,34.136329650878906,-117.57077026367188,SAN BERNARDINO,RANCHO CUCAMONGA,-117.57077026367188,34.13629150390625
91013212,2019,2019-06-19,9855,2019-06-14,1450,019303,NA,5,2,6,3607,0,1,1,NA,2,103,I-10 E/B (SAN BERNARDINO FWY),HAVEN AVE.,300,W,N,A,-,Y,NA,NA,10,NA,NA,NA,NA,NA,E,N,4,0,1,2,A,-,03,22350,NA,N,C,C,A,A,H,-,A,D,0,NA,NA,NA,NA,Y,NA,A,07,0,0,1,0,0,0,0,0,0,-,-,34.06739044189453,-117.5767822265625,SAN BERNARDINO,ONTARIO,-117.5767822265625,34.06746292114258
91013672,2019,2019-06-19,9855,2019-06-15,1440,020151,NA,6,2,5,3630,0,1,3,NA,2,071,SR-71 S/B (CHINO FWY),BUTTERFIELD RANCH RD.,2000,S,N,A,-,Y,NA,NA,71,NA,NA,NA,NA,NA,S,N,4,0,1,3,A,-,03,22350,NA,N,C,C,A,A,H,-,A,D,0,NA,NA,NA,NA,Y,NA,D,22,0,0,1,0,0,0,0,0,0,-,-,33.9257698059082,-117.65619659423828,SAN BERNARDINO,CHINO HILLS,-117.65626525878906,33.92573165893555
91014375,2019,2019-06-20,9860,2019-06-10,0617,012988,NA,1,1,9,3600,0,1,3,NA,1,010,SR-138,SUMMIT VALLEY RD,28,W,N,A,-,Y,NA,NA,138,NA,NA,NA,NA,NA,NA,Y,3,0,2,2,A,-,09,21802,A,N,D,C,A,A,H,-,A,A,0,NA,NA,NA,NA,Y,NA,D,22,0,1,1,0,0,0,0,0,0,-,-,34.322669982910156,-117.39833831787108,SAN BERNARDINO,UNINCORPORATED,-117.39832305908205,34.322750091552734
91015194,2019,2019-06-21,9835,2019-05-31,2215,021751,NA,5,3,9,3600,0,3,5,NA,2,032,OLD STATE ROUTE 58,SKYPARK DR,1814,W,N,A,-,N,NA,NA,NA,NA,NA,NA,NA,NA,NA,Y,1,2,2,3,A,-,01,23152,A,N,A,C,A,A,H,-,D,D,0,NA,NA,NA,NA,Y,Y,D,22,1,1,0,0,0,0,0,0,0,-,-,34.90930938720703,-117.04228973388672,SAN BERNARDINO,UNINCORPORATED,-117.04222869873048,34.9093017578125
91015537,2019,2019-06-24,9860,2019-06-13,1440,020051,NA,4,2,9,3600,0,1,1,NA,2,216,I-215 N/B,DEVORE RD,428,N,N,A,-,Y,NA,NA,215,NA,NA,NA,NA,NA,N,Y,4,0,1,1,A,-,08,22107,NA,N,E,I,A,A,H,-,A,D,0,NA,NA,NA,NA,Y,NA,D,22,0,0,1,0,0,0,0,0,0,-,-,34.22306823730469,-117.4040985107422,SAN BERNARDINO,UNINCORPORATED,-117.40410614013672,34.223045349121094
91016555,2019,2019-06-24,9850,2019-06-17,1210,019278,NA,1,1,9,3600,0,3,5,NA,2,002,SUMMIT VALLEY RD,SR-138,5280,N,N,A,-,N,NA,NA,NA,NA,NA,NA,NA,NA,NA,N,4,0,1,1,A,-,08,22107,NA,N,E,I,A,A,H,-,A,D,0,NA,NA,NA,NA,Y,NA,A,01,0,0,1,0,0,0,0,0,0,-,-,34.338600158691406,-117.39910125732422,SAN BERNARDINO,UNINCORPORATED,-117.39861297607422,34.336753845214844
91018816,2019,2019-06-27,9865,2019-06-23,1245,020363,NA,7,1,9,3600,0,1,3,NA,2,021,SR-330,OLD CITY CREEK RD,6336,S,N,A,-,Y,NA,NA,330,NA,NA,NA,NA,NA,NA,N,4,0,1,2,A,-,03,22350,NA,N,C,C,A,A,H,-,A,D,0,NA,NA,NA,NA,Y,NA,D,22,0,0,1,0,0,0,0,0,0,-,-,34.18199157714844,-117.17147064208984,SAN BERNARDINO,UNINCORPORATED,-117.17146301269533,34.182003021240234
91020546,2019,2019-06-28,9835,2019-06-21,1555,016971,NA,5,2,9,3600,0,1,1,NA,2,074,I-15 N/B,BASIN RD,5808,S,N,A,-,Y,NA,NA,NA,NA,NA,NA,NA,NA,NA,Y,4,0,1,2,A,-,03,22350,NA,N,C,C,A,A,H,-,A,D,0,NA,NA,NA,NA,Y,NA,A,01,0,0,1,0,0,0,0,0,0,-,-,35.099430084228516,-116.1781768798828,SAN BERNARDINO,UNINCORPORATED,-116.28372955322266,35.09897232055664
91021321,2019,2019-07-01,9860,2019-06-21,1855,016651,NA,5,2,9,3600,0,3,5,NA,2,001,CAJON BLVD,KENWOOD AVE,2112,S,N,B,-,Y,NA,NA,NA,NA,NA,NA,NA,NA,NA,N,4,0,1,2,A,-,03,22350,NA,N,C,C,A,A,H,-,A,D,0,NA,NA,NA,NA,Y,NA,D,22,0,0,1,0,0,0,0,0,0,-,-,34.23154067993164,-117.42086791992188,SAN BERNARDINO,UNINCORPORATED,-117.4206085205078,34.231285095214844
91021439,2019,2019-07-01,9860,2019-06-24,0430,021169,NA,1,3,9,3600,0,1,1,NA,2,216,I-215 S/B,DEVORE RD,3168,N,N,B,-,Y,NA,NA,NA,NA,NA,NA,NA,NA,NA,Y,4,0,1,2,A,-,03,22350,NA,N,C,C,A,A,H,-,D,D,0,NA,NA,NA,NA,Y,NA,A,01,0,0,1,0,0,0,0,0,0,-,-,34.226749420166016,-117.412353515625,SAN BERNARDINO,UNINCORPORATED,NA,NA
91022342,2019,2019-07-01,9860,2019-06-24,1440,020346,NA,1,2,4,3603,0,1,1,NA,2,103,I-10 W/B,MT VERNON AVE,100,E,N,A,-,Y,NA,NA,10,NA,NA,NA,NA,NA,W,Y,4,0,1,1,A,-,08,22107,NA,N,E,I,A,A,H,-,A,D,0,NA,NA,NA,NA,Y,NA,A,07,0,0,1,0,0,0,0,0,0,-,-,34.06496810913086,-117.313232421875,SAN BERNARDINO,COLTON,-117.313232421875,34.065059661865234
91022362,2019,2019-07-01,9855,2019-07-01,0835,013860,NA,1,1,6,3616,0,1,1,NA,2,203,SR-210 W/B (FOOTHILL FWY),HAVEN AVE.,532,W,N,A,-,Y,NA,NA,210,NA,NA,NA,NA,NA,W,Y,4,0,1,2,A,-,03,22350,NA,N,C,C,A,A,H,-,A,D,0,NA,NA,NA,NA,Y,NA,A,01,0,0,1,0,0,0,0,0,0,-,-,34.13600158691406,-117.57769775390624,SAN BERNARDINO,RANCHO CUCAMONGA,-117.57770538330078,34.13603973388672
91024534,2019,2019-07-04,9835,2019-06-26,1537,020743,NA,3,2,3,3601,0,1,1,NA,2,071,I-15 SB,LENWOOD RD,4963,N,N,A,-,Y,NA,NA,15,NA,NA,NA,NA,NA,S,Y,4,0,1,1,C,-,18,NA,NA,N,E,I,A,A,H,-,A,D,0,NA,NA,NA,NA,Y,NA,-,-,0,0,1,0,0,0,0,0,0,-,-,34.866058349609375,-117.08101654052734,SAN BERNARDINO,BARSTOW,-117.08109283447266,34.86610412597656
91024793,2019,2019-07-05,9860,2019-06-27,1401,020626,NA,4,2,3,3690,0,1,1,NA,2,214,I-215 S/B,BARTON RD,310,S,N,A,-,Y,NA,NA,215,NA,NA,NA,NA,NA,S,Y,4,0,2,4,A,-,03,22350,NA,N,C,C,A,A,D,E,A,D,0,NA,NA,NA,NA,Y,NA,A,01,0,0,2,0,0,0,0,0,0,-,-,34.033111572265625,-117.3258819580078,SAN BERNARDINO,GRAND TERRACE,-117.32592010498048,34.03315353393555
91025318,2019,2019-07-05,9855,2019-07-04,1125,016220,NA,4,1,6,3604,0,1,1,NA,2,101,I-10 E/B (SAN BERNARDINO FWY),CITRUS AVE.,1373,E,N,A,-,Y,NA,NA,10,NA,NA,NA,NA,NA,E,Y,4,0,1,1,A,-,08,22107,NA,N,E,I,A,A,H,-,A,D,0,NA,NA,NA,NA,Y,NA,A,01,0,0,1,0,0,0,0,0,0,-,-,34.066810607910156,-117.4487762451172,SAN BERNARDINO,FONTANA,-117.4487762451172,34.06672286987305
91026968,2019,2019-07-09,9865,2019-07-02,1845,020388,NA,2,2,9,3600,0,1,3,NA,1,022,SR-18,ARROW BEAR DR,0,NA,N,A,-,Y,NA,NA,18,NA,NA,NA,NA,NA,NA,Y,4,0,1,1,A,-,08,22107,NA,N,E,I,A,A,H,-,A,D,0,NA,NA,NA,NA,Y,NA,A,07,0,0,1,0,0,0,0,0,0,-,-,34.2158203125,-117.07633972167967,SAN BERNARDINO,UNINCORPORATED,-117.07637786865234,34.21588134765625
91028984,2019,2019-07-11,9865,2019-07-03,1920,018749,NA,3,2,9,3600,0,1,3,NA,2,017,SR-173,HEMLOCK DRIVE,0,NA,Y,A,-,Y,NA,NA,173,NA,NA,NA,NA,NA,NA,Y,4,0,1,2,A,-,01,23152,A,N,D,C,A,A,H,-,A,A,0,NA,NA,NA,NA,Y,Y,A,07,0,0,1,0,0,0,0,0,0,-,-,34.25236129760742,-117.1752700805664,SAN BERNARDINO,UNINCORPORATED,-117.17528533935548,34.25237274169922
91030114,2019,2019-07-12,9855,2019-07-09,0741,017704,NA,2,1,6,3607,0,1,1,NA,2,152,I-15 S/B (ONTARIO FWY),AIRPORT DR,600,N,N,A,-,Y,NA,NA,15,NA,NA,NA,NA,NA,S,N,4,0,1,2,A,-,08,22107,NA,N,B,C,A,A,H,-,A,D,0,NA,NA,NA,Y,Y,NA,G,27,0,0,1,0,0,0,0,0,0,-,-,34.064361572265625,-117.54515075683594,SAN BERNARDINO,ONTARIO,-117.54507446289063,34.06435775756836
91030162,2019,2019-07-15,9860,2019-06-29,0413,021675,NA,6,3,6,3610,0,1,1,NA,2,216,I-215 S/B,UNIVERSITY PKY,1584,N,N,A,-,Y,NA,NA,215,NA,NA,NA,NA,NA,S,Y,3,0,2,2,D,-,00,NA,NA,F,B,C,A,A,H,-,C,D,0,NA,NA,NA,Y,Y,Y,-,-,0,2,0,0,0,0,0,0,0,-,-,34.16780090332031,-117.33631134033205,SAN BERNARDINO,SAN BERNARDINO,-117.33632659912108,34.167789459228516
91031316,2019,2019-07-16,9835,2019-07-08,0308,022308,NA,1,3,9,3600,0,1,1,NA,2,045,I-40 W/B,LAVIC RD,10454,E,N,A,-,Y,NA,NA,40,NA,NA,NA,NA,NA,W,Y,3,0,1,1,A,-,08,22107,NA,N,E,I,A,A,H,-,D,D,0,NA,NA,NA,NA,Y,NA,A,01,0,1,0,0,0,0,0,0,0,-,-,34.7298583984375,-116.26972198486328,SAN BERNARDINO,UNINCORPORATED,-116.26972198486328,34.729835510253906
91032356,2019,2019-07-17,9855,2019-07-13,1325,016220,NA,6,1,6,3607,0,1,1,NA,2,101,I-10 W/B (SAN BERNARDINO FWY),MILLIKEN AVE.,1190,E,N,A,-,Y,NA,NA,10,NA,NA,NA,NA,NA,W,Y,4,0,2,3,A,-,08,22107,NA,N,E,I,A,A,H,-,A,D,0,NA,NA,NA,NA,Y,NA,A,08,0,0,2,0,0,0,0,0,0,-,-,34.06742858886719,-117.55402374267578,SAN BERNARDINO,ONTARIO,-117.55402374267578,34.06754684448242
91033457,2019,2019-07-18,9860,2019-07-07,2300,021229,NA,7,3,6,3610,0,1,1,NA,2,216,I-215 S/B,PALM AVE,528,N,N,B,-,Y,NA,NA,215,NA,NA,NA,NA,NA,S,Y,4,0,1,2,A,-,08,22107,NA,N,C,C,A,A,H,-,D,D,0,NA,NA,NA,NA,Y,NA,A,01,0,0,1,0,0,0,0,0,0,-,-,34.192039489746094,-117.36296844482422,SAN BERNARDINO,SAN BERNARDINO,-117.36297607421876,34.19203567504883
91037041,2019,2019-07-24,9855,2019-07-18,1715,018313,NA,4,2,6,3607,0,1,1,NA,2,101,I-10 E/B (SAN BERNARDINO FWY),ETIWANDA AVE.,800,W,N,A,-,Y,NA,NA,10,NA,NA,NA,NA,NA,E,N,3,0,1,2,A,-,03,22350,NA,N,C,C,A,A,H,-,A,D,0,NA,NA,Y,NA,Y,NA,C,02,0,1,0,0,0,0,0,0,1,-,-,34.06766128540039,-117.52704620361328,SAN BERNARDINO,ONTARIO,-117.52704620361328,34.06734848022461
91037248,2019,2019-07-24,9860,2019-07-16,1455,020051,NA,2,2,9,3600,0,3,5,NA,2,004,SANTA ANA AVE,LOCUST AVE,0,NA,Y,A,-,N,NA,NA,NA,NA,NA,NA,NA,NA,NA,Y,4,0,1,2,A,-,12,22450,A,N,D,C,A,A,H,-,A,A,0,NA,NA,NA,NA,Y,NA,D,22,0,0,1,0,0,0,0,0,0,-,-,34.05588912963867,-117.4094467163086,SAN BERNARDINO,UNINCORPORATED,-117.4094696044922,34.05583953857422
91037270,2019,2019-07-24,9860,2019-07-17,1515,020533,NA,3,2,5,3608,0,1,1,NA,2,105,I-10 W/B,NEW YORK ST,300,E,N,A,-,Y,NA,NA,10,NA,NA,NA,NA,NA,W,Y,4,0,1,2,A,-,08,22107,NA,N,D,C,A,A,H,-,A,D,0,NA,NA,NA,NA,Y,NA,A,01,0,0,1,0,0,0,0,0,0,-,-,34.062740325927734,-117.19479370117188,SAN BERNARDINO,REDLANDS,-117.19483947753906,34.062599182128906
91037675,2019,2019-07-25,9860,2019-07-17,0720,016658,NA,3,1,5,3608,0,1,1,NA,2,105,I-10 W/B,EUREKA ST U/C,200,W,N,A,-,Y,NA,NA,10,NA,NA,NA,NA,NA,W,Y,3,0,1,2,A,-,07,21658,A,N,B,C,A,A,H,-,A,D,0,NA,NA,Y,NA,Y,NA,A,08,0,1,0,0,0,0,0,0,1,-,-,34.06203842163086,-117.18862915039063,SAN BERNARDINO,REDLANDS,-117.18862915039063,34.061927795410156
91038008,2019,2019-07-25,9855,2019-07-21,0240,020046,NA,7,3,5,3611,0,1,1,NA,2,203,SR-210 W/B (FOOTHILL FWY),EUCLID AVE.,50,E,N,A,-,Y,NA,NA,210,NA,NA,NA,NA,NA,W,N,4,0,2,2,A,-,03,22350,NA,N,C,C,A,A,H,-,C,D,0,NA,NA,NA,NA,Y,NA,A,01,0,0,2,0,0,0,0,0,0,-,-,34.134830474853516,-117.65093231201172,SAN BERNARDINO,UPLAND,-117.65093231201172,34.13485336303711
91038036,2019,2019-07-25,9855,2019-07-21,0455,020367,NA,7,3,6,3607,0,1,1,NA,2,152,I-15 N/B (ONTARIO FWY),JURUPA ST.,1500,N,N,A,-,Y,NA,NA,15,NA,NA,NA,NA,NA,N,Y,4,0,1,2,A,-,07,21658,A,N,B,C,A,A,H,-,C,D,0,NA,NA,NA,NA,Y,NA,A,01,0,0,1,0,0,0,0,0,0,-,-,34.056549072265625,-117.54583740234376,SAN BERNARDINO,ONTARIO,-117.54596710205078,34.056602478027344
91039575,2019,2019-07-26,9855,2019-07-19,1627,018335,NA,5,2,6,3616,0,1,1,NA,2,201,SR-210 W/B (FOOTHILL FWY),DAY CREEK BLVD.,2640,W,N,A,-,Y,NA,NA,210,NA,NA,NA,NA,NA,W,N,4,0,1,2,A,-,03,22350,NA,N,B,C,A,A,H,-,A,D,0,NA,NA,Y,NA,Y,NA,C,02,0,0,1,0,0,0,0,0,1,-,-,34.136688232421875,-117.54768371582033,SAN BERNARDINO,RANCHO CUCAMONGA,-117.54768371582033,34.13670349121094
91041422,2019,2019-07-30,9834,2019-07-19,0400,020488,NA,5,3,9,3600,0,1,2,NA,1,093,US 95 N,COMPRESSOR PLANT RD.,2640,S,N,A,-,N,NA,NA,NA,NA,NA,NA,NA,NA,NA,Y,3,0,1,1,C,-,18,NA,NA,N,H,H,A,A,H,-,D,D,0,NA,NA,NA,Y,Y,NA,-,-,0,1,0,0,0,0,0,0,0,-,-,34.69231033325195,-114.61427307128906,SAN BERNARDINO,UNINCORPORATED,-114.6142578125,34.69231033325195
91041569,2019,2019-07-30,9860,2019-07-20,0940,016800,NA,6,1,9,3600,0,3,5,NA,2,002,CAJON BLVD,3RD AVE,180,N,N,A,-,N,NA,NA,NA,NA,NA,NA,NA,NA,NA,Y,3,0,3,2,A,-,03,22350,NA,N,C,C,A,A,H,-,A,D,0,NA,NA,NA,NA,Y,NA,D,22,0,3,0,0,0,0,0,0,0,-,-,34.16604995727539,-117.3437728881836,SAN BERNARDINO,UNINCORPORATED,-117.34368896484376,34.166015625
91041860,2019,2019-07-30,9835,2019-07-22,0500,021399,NA,1,3,9,3600,0,1,1,NA,2,074,I-15 S/B,ZZYZX RD,11510,N,N,A,-,Y,NA,NA,15,NA,NA,NA,NA,NA,S,Y,2,0,1,1,A,-,08,22107,NA,N,F,A,A,A,H,-,D,D,0,NA,NA,NA,NA,Y,NA,A,01,1,0,0,0,0,0,0,0,0,-,-,35.21269989013672,-116.11370086669922,SAN BERNARDINO,UNINCORPORATED,-116.1137466430664,35.21272659301758
91042556,2019,2019-07-31,9855,2019-07-26,2054,019675,NA,5,2,6,3607,0,1,1,NA,2,152,I-15 N/B (ONTARIO FWY),4TH STREET,100,S,N,A,-,Y,NA,NA,15,NA,NA,NA,NA,NA,N,Y,4,0,1,2,A,-,07,21658,A,N,B,C,A,A,H,-,D,D,0,NA,NA,Y,NA,Y,NA,A,01,0,0,1,0,0,0,0,0,1,-,-,34.07707977294922,-117.54477691650392,SAN BERNARDINO,ONTARIO,-117.54464721679688,34.077083587646484
9104427,2020,2020-06-29,3607,2020-01-31,2000,19940,112,5,5,6,3607,0,0,0,NA,0,032,GROVE AV,G ST,0,NA,Y,A,-,N,NA,NA,NA,NA,NA,NA,NA,NA,NA,Y,4,0,2,2,A,-,09,21801,A,N,D,C,A,A,H,-,C,A,0,NA,NA,NA,NA,Y,NA,A,08,0,0,2,0,0,0,0,0,0,-,-,NA,NA,SAN BERNARDINO,ONTARIO,-117.62925720214844,34.0706901550293
9104527,2020,2020-06-29,3607,2020-01-20,1913,20341,338,1,5,6,3607,0,0,0,NA,0,041,4TH ST,BARRINGTON AV,70,W,N,A,-,N,NA,NA,NA,NA,NA,NA,NA,NA,NA,N,4,0,1,2,A,-,03,22350,NA,N,C,C,A,A,H,-,C,A,0,NA,NA,NA,NA,Y,NA,A,08,0,0,1,0,0,0,0,0,0,-,-,NA,NA,SAN BERNARDINO,ONTARIO,-117.53134918212892,34.07720184326172
91045747,2019,2019-08-05,9850,2019-07-28,2232,022148,NA,7,3,9,3600,0,1,3,NA,2,052,SR-18,WINTERGREEN RD,5,E,N,A,-,Y,NA,NA,18,NA,NA,NA,NA,NA,NA,Y,2,0,1,1,A,-,01,23152,A,N,F,A,A,A,H,-,D,D,0,NA,NA,NA,NA,Y,Y,A,07,1,0,0,0,0,0,0,0,0,-,-,34.502891540527344,-117.62557983398438,SAN BERNARDINO,UNINCORPORATED,-117.62558746337892,34.50291061401367
91046256,2019,2019-08-06,9860,2019-07-25,0553,012988,NA,4,3,9,3600,0,1,1,NA,2,152,I-15 SOUTHBOUND,SANTA FE RD,2532,N,N,B,-,Y,NA,NA,15,NA,NA,NA,NA,NA,S,Y,4,0,1,2,A,-,08,22107,NA,N,C,C,A,A,H,-,B,D,0,NA,NA,NA,NA,Y,NA,A,07,0,0,1,0,0,0,0,0,0,-,-,34.34772872924805,-117.46871948242188,SAN BERNARDINO,UNINCORPORATED,-117.46889495849608,34.347198486328125
91046911,2019,2019-08-07,9860,2019-07-26,1130,016590,NA,5,1,4,3603,0,1,1,NA,2,214,I-215 S/B,SANTA FE RAILROAD OVERCROSSING,200,N,N,A,-,Y,NA,NA,215,NA,NA,NA,NA,NA,S,Y,4,0,1,2,A,-,07,21658,A,F,B,C,A,A,D,-,A,D,0,NA,NA,NA,NA,Y,NA,A,07,0,0,1,0,0,0,0,0,0,-,-,34.02608108520508,-117.33358001708984,SAN BERNARDINO,COLTON,-117.33363342285156,34.02613067626953
91047292,2019,2019-08-07,9855,2019-08-03,1150,016375,NA,6,1,9,3600,0,3,5,NA,2,001,ARROW RTE.,HEMLOCK AVE.,0,NA,Y,A,-,N,NA,NA,NA,NA,NA,NA,NA,NA,NA,Y,4,0,3,3,A,-,09,21802,A,N,D,C,A,A,H,-,A,A,0,NA,NA,NA,NA,Y,NA,D,22,0,0,3,0,0,0,0,0,0,-,-,34.09925842285156,-117.47572326660156,SAN BERNARDINO,UNINCORPORATED,-117.47573089599608,34.099281311035156
91047312,2019,2019-08-07,9860,2019-07-26,1705,019706,NA,5,2,9,3600,0,1,3,NA,1,012,SR-138,LONE PINE CANYON RD,1200,E,N,A,-,Y,NA,NA,138,NA,NA,NA,NA,NA,NA,N,4,0,1,2,A,-,03,22350,NA,N,C,C,A,A,H,-,A,D,0,NA,NA,NA,NA,Y,NA,A,01,0,0,1,0,0,0,0,0,0,-,-,34.314720153808594,-117.49170684814452,SAN BERNARDINO,UNINCORPORATED,-117.49169921875,34.31476593017578
91047859,2019,2019-08-08,9860,2019-07-28,1753,016646,NA,7,2,6,3610,0,1,1,NA,2,216,I-215 N/B,SR-210,1584,N,N,A,-,Y,NA,NA,215,NA,NA,NA,NA,NA,N,Y,3,0,1,1,A,-,01,23152,A,N,E,J,A,A,H,-,A,D,0,NA,NA,NA,NA,Y,Y,D,22,0,1,0,0,0,0,0,0,0,-,-,34.148841857910156,-117.32160949707033,SAN BERNARDINO,SAN BERNARDINO,-117.32170104980467,34.14878845214844
91049181,2019,2020-09-02,9835,2019-07-29,2035,021959,NA,1,2,9,3600,0,1,1,NA,2,074,I-15 N/B,BASIN RD,19483,S,N,A,-,Y,NA,NA,15,NA,NA,NA,NA,NA,N,Y,3,0,7,2,A,-,08,22107,NA,N,E,I,A,A,H,-,D,D,0,NA,NA,NA,NA,Y,NA,A,01,0,1,6,0,0,0,0,0,0,-,-,35.086830139160156,-116.32649993896484,SAN BERNARDINO,UNINCORPORATED,-116.32649993896484,35.08686065673828
9105042,2020,2020-07-17,3607,2020-03-13,1825,20153,154,5,5,6,3607,0,0,0,NA,0,051,STATE ST,MAGNOLIA AV,300,W,N,C,-,N,NA,NA,NA,NA,NA,NA,NA,NA,NA,Y,4,0,2,2,A,-,06,21751,NA,N,B,C,A,B,H,-,B,A,0,NA,NA,NA,NA,Y,Y,A,01,0,0,2,0,0,0,0,0,0,-,-,NA,NA,SAN BERNARDINO,ONTARIO,-117.67306518554688,34.05989074707031
9105043,2020,2020-07-17,3607,2020-03-19,0948,20211,59,4,5,6,3607,0,0,0,NA,0,011,BOULDER AV,J ST,0,NA,Y,A,-,N,NA,NA,NA,NA,NA,NA,NA,NA,NA,Y,4,0,2,2,A,-,09,21800,A,N,D,C,A,A,H,-,A,A,0,NA,NA,NA,NA,Y,NA,A,01,0,0,2,0,0,0,0,0,0,-,-,NA,NA,SAN BERNARDINO,ONTARIO,-117.66536712646484,34.0760383605957
91050692,2019,2019-08-13,9865,2019-08-11,1120,016459,NA,7,1,9,3600,0,1,3,NA,2,012,SR-18,DALEY CANYON ACCESS RD,0,NA,Y,A,-,Y,NA,NA,18,NA,NA,NA,NA,NA,NA,N,3,0,1,2,A,-,09,21802,A,N,D,C,A,A,H,-,A,A,0,NA,NA,NA,NA,Y,NA,A,07,0,1,0,0,0,0,0,0,0,-,-,34.23073959350586,-117.2148208618164,SAN BERNARDINO,UNINCORPORATED,-117.21485137939452,34.230709075927734
91050800,2019,2019-08-13,9855,2019-08-06,1710,017506,NA,2,2,9,3600,0,3,5,NA,2,004,RAMONA AVE.,FRANCIS AVE.,0,NA,Y,A,-,N,NA,NA,NA,NA,NA,NA,NA,NA,NA,N,3,0,1,2,A,-,12,21453,A,N,D,G,A,A,H,-,A,A,0,NA,Y,NA,NA,Y,NA,L,04,0,1,0,0,0,0,1,0,0,-,-,34.04069900512695,-117.70690155029295,SAN BERNARDINO,UNINCORPORATED,-117.70694732666016,34.04072189331055
91052058,2019,2019-08-14,9835,2019-08-11,0440,021090,NA,7,3,9,3600,0,1,1,NA,2,072,I-15 S/B,MINNEOLA RD,439,S,N,A,-,Y,NA,NA,15,NA,NA,NA,NA,NA,S,Y,3,0,2,1,A,-,08,22107,NA,N,F,A,A,A,H,-,D,D,0,NA,NA,NA,NA,Y,NA,A,07,0,1,1,0,0,0,0,0,0,-,-,34.91825866699219,-116.77316284179688,SAN BERNARDINO,UNINCORPORATED,-116.77309417724608,34.91791915893555