CASE_ID,ACCIDENT_YEAR,PROC_DATE,JURIS,COLLISION_DATE,COLLISION_TIME,OFFICER_ID,REPORTING_DISTRICT,DAY_OF_WEEK,CHP_SHIFT,POPULATION,CNTY_CITY_LOC,SPECIAL_COND,BEAT_TYPE,CHP_BEAT_TYPE,CITY_DIVISION_LAPD,CHP_BEAT_CLASS,BEAT_NUMBER,PRIMARY_RD,SECONDARY_RD,DISTANCE,DIRECTION,INTERSECTION,WEATHER_1,WEATHER_2,STATE_HWY_IND,CALTRANS_COUNTY,CALTRANS_DISTRICT,STATE_ROUTE,ROUTE_SUFFIX,POSTMILE_PREFIX,POSTMILE,LOCATION_TYPE,RAMP_INTERSECTION,SIDE_OF_HWY,TOW_AWAY,COLLISION_SEVERITY,NUMBER_KILLED,NUMBER_INJURED,PARTY_COUNT,PRIMARY_COLL_FACTOR,PCF_CODE_OF_VIOL,PCF_VIOL_CATEGORY,PCF_VIOLATION,PCF_VIOL_SUBSECTION,HIT_AND_RUN,TYPE_OF_COLLISION,MVIW,PED_ACTION,ROAD_SURFACE,ROAD_COND_1,ROAD_COND_2,LIGHTING,CONTROL_DEVICE,CHP_ROAD_TYPE,PEDESTRIAN_ACCIDENT,BICYCLE_ACCIDENT,MOTORCYCLE_ACCIDENT,TRUCK_ACCIDENT,NOT_PRIVATE_PROPERTY,ALCOHOL_INVOLVED,STWD_VEHTYPE_AT_FAULT,CHP_VEHTYPE_AT_FAULT,COUNT_SEVERE_INJ,COUNT_VISIBLE_INJ,COUNT_COMPLAINT_PAIN,COUNT_PED_KILLED,COUNT_PED_INJURED,COUNT_BICYCLIST_KILLED,COUNT_BICYCLIST_INJURED,COUNT_MC_KILLED,COUNT_MC_INJURED,PRIMARY_RAMP,SECONDARY_RAMP,LATITUDE,LONGITUDE,COUNTY,CITY,POINT_X,POINT_Y
91266929,2020,2020-07-10,9865,2020-07-05,0901,017808,NA,7,1,9,3600,0,3,5,NA,2,001,CREST FOREST DR,VALLEY VIEW WAY,0,NA,Y,A,-,N,NA,NA,NA,NA,NA,NA,NA,NA,NA,N,3,0,1,2,A,-,09,21800,A,N,F,A,A,A,H,-,A,A,0,NA,NA,Y,NA,Y,NA,D,22,0,1,0,0,0,0,0,0,1,-,-,34.22779083251953,-117.25518035888672,SAN BERNARDINO,UNINCORPORATED,-117.25499725341795,34.2277717590332
91267741,2020,2020-07-13,9860,2020-07-06,2103,021375,NA,1,2,6,3610,0,1,1,NA,2,102,I-10 E/B,CEDAR AVE.,4400,E,N,A,-,Y,NA,NA,NA,NA,NA,NA,NA,NA,NA,Y,2,0,3,2,A,-,08,22107,NA,F,B,C,A,A,H,-,C,D,0,NA,NA,NA,NA,Y,NA,D,22,1,0,2,0,0,0,0,0,0,-,-,34.068328857421875,-117.38150024414063,SAN BERNARDINO,SAN BERNARDINO,-117.38162231445313,34.068275451660156
9126813,2020,2020-10-05,3608,2020-07-02,0641,3821,NA,4,5,5,3608,0,0,0,NA,0,NA,SAN TIMOTEO CANYON RD,ALESSANDRO RD,2112,E,N,A,-,N,NA,NA,NA,NA,NA,NA,NA,NA,NA,Y,3,0,2,2,A,-,08,22107,NA,N,D,C,A,A,H,-,A,D,0,NA,NA,NA,NA,Y,NA,A,01,0,1,1,0,0,0,0,0,0,-,-,NA,NA,SAN BERNARDINO,REDLANDS,-117.1765365600586,34.00867462158203
91268213,2020,2020-07-14,9865,2020-07-09,1139,014729,NA,4,1,9,3600,0,1,3,NA,1,022,SR-18,FOREST ROAD 2N97,1584,N,N,A,-,Y,NA,NA,NA,NA,NA,NA,NA,NA,NA,N,3,0,1,1,A,-,08,22107,NA,N,F,A,A,A,H,-,A,D,0,NA,NA,NA,NA,Y,NA,A,01,0,1,0,0,0,0,0,0,0,-,-,34.22555923461914,-117.02687072753906,SAN BERNARDINO,UNINCORPORATED,NA,NA
91268389,2020,2020-07-14,9835,2020-06-10,0540,020883,NA,3,3,9,3600,0,1,1,NA,2,075,I-15 S/B,KELBAKER RD,3326,N,N,A,-,Y,NA,NA,15,NA,NA,NA,NA,NA,S,Y,1,1,0,1,A,-,08,22107,NA,N,E,I,A,A,H,-,B,D,0,NA,NA,NA,NA,Y,NA,A,01,0,0,0,0,0,0,0,0,0,-,-,35.26905822753906,-116.06472778320313,SAN BERNARDINO,UNINCORPORATED,-116.06470489501952,35.26901626586914
91268767,2020,2020-07-15,9855,2020-07-08,0301,020664,NA,3,3,6,3607,0,1,1,NA,2,103,I-10 E/B (SAN BERNARDINO FWY),ARCHIBALD AVE.,1520,E,N,A,-,Y,NA,NA,10,NA,NA,NA,NA,NA,E,Y,3,0,2,2,A,-,08,22107,NA,N,C,E,A,A,H,-,C,D,0,NA,NA,NA,NA,Y,NA,A,01,0,2,0,0,0,0,0,0,0,-,-,34.06731033325195,-117.58808135986328,SAN BERNARDINO,ONTARIO,-117.58808135986328,34.06752014160156
91268781,2020,2020-07-21,9850,2020-07-06,2006,022073,NA,1,2,9,3600,0,3,5,NA,2,001,RIDGECREST RD,CHINQUAPIN DR,640,N,N,A,-,N,NA,NA,NA,NA,NA,NA,NA,NA,NA,Y,4,0,1,1,A,-,01,23152,G,N,E,I,A,A,H,-,C,D,0,NA,NA,NA,NA,Y,Y,A,01,0,0,1,0,0,0,0,0,0,-,-,34.5024299621582,-117.27732849121094,SAN BERNARDINO,UNINCORPORATED,-117.27739715576172,34.50239944458008
91269806,2020,2020-07-16,9855,2020-07-08,1920,020564,NA,3,2,9,3600,0,3,5,NA,2,004,RIVERSIDE DR.,TOWNE AVE.,0,NA,Y,A,-,N,NA,NA,NA,NA,NA,NA,NA,NA,NA,Y,3,0,2,3,A,-,09,21801,A,N,D,C,A,A,H,-,A,A,0,NA,NA,NA,NA,Y,NA,A,01,0,1,1,0,0,0,0,0,0,-,-,34.01905059814453,-117.73999786376952,SAN BERNARDINO,UNINCORPORATED,-117.74009704589844,34.0190315246582
91270164,2020,2020-07-17,9860,2020-07-16,1515,020426,NA,4,2,3,3690,0,1,1,NA,2,214,I-215 S/B,IOWA AVENUE,400,S,N,A,-,Y,NA,NA,215,NA,NA,NA,NA,NA,S,Y,3,0,1,2,A,-,03,22350,NA,N,F,A,A,A,H,-,A,D,0,NA,NA,Y,NA,Y,NA,C,02,0,1,0,0,0,0,0,0,1,-,-,34.02326965332031,-117.33615112304688,SAN BERNARDINO,GRAND TERRACE,-117.3362045288086,34.023319244384766
91270375,2020,2020-07-17,9850,2020-07-03,0640,018211,NA,5,1,9,3600,0,1,3,NA,2,040,STATE ROUTE 18,CUSTER AVENUE,1401,N,N,A,-,Y,NA,NA,18,NA,NA,NA,NA,NA,NA,Y,1,2,4,2,A,-,05,21650,NA,N,A,C,A,A,H,-,A,D,0,NA,NA,NA,NA,Y,NA,A,01,1,3,0,0,0,0,0,0,0,-,-,34.444271087646484,-116.98574066162108,SAN BERNARDINO,UNINCORPORATED,-116.98574066162108,34.44423294067383
91275727,2020,2020-07-28,9860,2020-07-24,1000,016536,NA,5,1,9,3600,0,1,3,NA,1,382,SR-38,OLD MILL CREEK RD,1584,E,N,A,-,Y,NA,NA,38,NA,NA,NA,NA,NA,NA,Y,4,0,1,2,A,-,08,22107,NA,N,D,C,A,A,H,-,A,D,0,NA,NA,NA,Y,Y,NA,A,01,0,0,1,0,0,0,0,0,0,-,-,34.104148864746094,-117.01261138916016,SAN BERNARDINO,UNINCORPORATED,-117.01259613037108,34.10439682006836
91276295,2020,2020-07-29,9855,2020-07-22,1400,015919,NA,3,2,9,3600,0,1,1,NA,2,101,I-10 E/B (SAN BERNARDINO FWY),KAISER SPUR U/C,975,E,N,A,-,Y,NA,NA,10,NA,NA,NA,NA,NA,E,Y,3,0,2,3,A,-,03,22350,NA,N,C,C,A,A,H,-,A,D,0,NA,NA,NA,NA,Y,NA,A,01,0,2,0,0,0,0,0,0,0,-,-,34.066280364990234,-117.50940704345705,SAN BERNARDINO,UNINCORPORATED,-117.50942993164063,34.066200256347656
9127790,2020,2020-11-04,3610,2020-06-29,2134,51042,NA,1,5,6,3610,0,0,0,NA,0,POLICE,WEST HIGHLAND AV,MUSCUPIABE,9,S,N,A,-,N,NA,NA,NA,NA,NA,NA,NA,NA,NA,Y,4,0,1,2,A,-,09,21801,B,N,D,C,A,A,H,-,C,A,0,NA,NA,NA,NA,Y,NA,A,01,0,0,1,0,0,0,0,0,0,-,-,34.136390686035156,-117.30825805664063,SAN BERNARDINO,SAN BERNARDINO,-117.30769348144533,34.13602828979492
91278497,2020,2020-07-31,9860,2020-07-23,0455,021451,NA,4,3,9,3600,0,1,1,NA,2,151,I-15 S/B,CLEGHORN RD,5280,S,N,A,-,Y,NA,NA,15,NA,NA,NA,NA,NA,S,Y,4,0,1,3,A,-,07,21658,A,N,B,C,A,A,H,-,B,D,0,NA,NA,NA,NA,Y,NA,A,01,0,0,1,0,0,0,0,0,0,-,-,34.285648345947266,-117.45198059082033,SAN BERNARDINO,UNINCORPORATED,-117.45207214355467,34.28565979003906
91278509,2020,2020-07-31,9860,2020-07-25,1115,020426,NA,6,1,9,3600,0,1,3,NA,1,380,SR-38,SAPPHIRE ROAD,0,NA,Y,A,-,N,NA,NA,38,NA,NA,NA,NA,NA,NA,Y,2,0,1,2,A,-,06,21755,NA,N,A,C,A,A,H,-,A,D,0,NA,NA,Y,NA,Y,NA,C,02,1,0,0,0,0,0,0,0,1,-,-,34.06972122192383,-117.11264801025392,SAN BERNARDINO,UNINCORPORATED,-117.11264801025392,34.069732666015625
91279255,2020,2020-08-03,9855,2020-07-26,0200,021855,NA,7,3,4,3605,0,1,1,NA,2,103,I-10 W/B (SAN BERNARDINO FWY),CENTRAL AVE.,193,E,N,A,-,Y,NA,NA,10,NA,NA,NA,NA,NA,W,Y,2,0,1,2,A,-,08,22107,NA,N,E,I,A,A,H,-,C,D,0,NA,NA,NA,NA,Y,NA,A,07,1,0,0,0,0,0,0,0,0,-,-,34.086151123046875,-117.6887435913086,SAN BERNARDINO,MONTCLAIR,-117.68868255615234,34.08600616455078
91281707,2020,2020-08-06,9860,2020-08-04,1655,021371,NA,2,2,4,3603,0,1,1,NA,2,214,I-215 S/B,NEWPORT AVE,150,S,N,A,-,Y,NA,NA,NA,NA,NA,NA,NA,NA,NA,N,4,0,1,2,A,-,03,22350,NA,N,C,C,A,A,H,-,A,D,0,NA,NA,NA,NA,Y,NA,A,01,0,0,1,0,0,0,0,0,0,-,-,34.038490295410156,-117.31979370117188,SAN BERNARDINO,COLTON,NA,NA
91281932,2020,2020-08-06,9865,2020-07-29,1230,020872,NA,3,1,9,3600,0,3,5,NA,2,002,OLD CITY CREEK ROAD,RIM OF THE WORLD DRIVE,445,N,N,A,-,N,NA,NA,NA,NA,NA,NA,NA,NA,NA,Y,4,0,1,1,A,-,03,22350,NA,N,E,I,A,A,H,-,A,A,0,NA,NA,NA,NA,Y,NA,D,22,0,0,1,0,0,0,0,0,0,-,-,34.20682144165039,-117.12291717529295,SAN BERNARDINO,UNINCORPORATED,-117.12148284912108,34.20650100708008
91282282,2020,2020-08-07,9855,2020-07-28,0450,018000,NA,2,3,5,3630,0,1,3,NA,2,071,SR-71 S/B (CHINO FWY),PINE AVE.,1745,N,N,A,-,Y,NA,NA,71,NA,NA,NA,NA,NA,S,Y,3,0,1,2,A,-,03,22350,NA,N,C,C,A,A,H,-,A,D,0,NA,NA,NA,Y,Y,NA,A,01,0,1,0,0,0,0,0,0,0,-,-,33.952091217041016,-117.67755126953124,SAN BERNARDINO,CHINO HILLS,-117.67752075195313,33.95211410522461
91282626,2020,2020-08-07,9855,2020-08-04,1919,016051,NA,2,2,5,3602,0,1,3,NA,2,603,SR-60 W/B (POMONA FWY),EUCLID AVE.,690,W,N,A,-,Y,NA,NA,60,NA,NA,NA,NA,NA,W,Y,4,0,1,2,A,-,07,21658,A,N,B,C,A,A,H,-,A,D,0,NA,NA,NA,Y,Y,NA,-,-,0,0,1,0,0,0,0,0,0,-,-,34.0305290222168,-117.65338897705078,SAN BERNARDINO,CHINO,-117.65338897705078,34.03049850463867
9128395,2020,2020-09-23,3608,2020-07-14,1404,3675,NA,2,5,5,3608,0,0,0,NA,0,NA,UNIVERSITY ST,RT 10,0,NA,Y,A,-,Y,SBD,8,10,-,-,31.756,R,4,W,Y,4,0,1,2,A,-,08,22107,NA,N,D,C,A,A,H,-,A,D,0,NA,NA,NA,NA,Y,NA,A,01,0,0,1,0,0,0,0,0,0,-,-,NA,NA,SAN BERNARDINO,REDLANDS,-117.1691436767578,34.05781936645508
91284080,2020,2020-08-11,9860,2020-07-31,1500,020533,NA,5,2,9,3600,0,2,4,NA,1,410,VALLEY BLVD,CEDAR AVE,0,NA,Y,A,-,N,NA,NA,NA,NA,NA,NA,NA,NA,NA,Y,3,0,4,2,A,-,12,21453,A,N,D,C,A,A,H,-,A,A,0,NA,NA,NA,NA,Y,NA,A,01,0,1,3,0,0,0,0,0,0,-,-,34.07044982910156,-117.39604949951172,SAN BERNARDINO,UNINCORPORATED,-117.39610290527344,34.07048034667969
91284727,2020,2020-08-12,9855,2020-08-01,2010,021941,NA,6,2,6,3616,0,1,1,NA,2,153,I-15 N/B (ONTARIO FWY),BASE LINE RD.,5000,N,N,A,-,Y,NA,NA,15,NA,NA,NA,NA,NA,N,N,3,0,1,2,A,-,03,22350,NA,F,C,C,A,A,H,-,A,D,0,NA,NA,NA,NA,Y,NA,-,99,0,1,0,0,0,0,0,0,0,-,-,34.13153839111328,-117.50147247314452,SAN BERNARDINO,RANCHO CUCAMONGA,-117.50144958496094,34.13151550292969
91286919,2020,2020-08-17,9860,2020-08-07,0915,016575,NA,5,1,9,3600,0,2,4,NA,2,411,SANTA ANA AVE.,CEDAR AVE.,0,NA,Y,A,-,N,NA,NA,NA,NA,NA,NA,NA,NA,NA,Y,4,0,3,2,A,-,12,21453,A,N,D,C,A,A,H,-,A,A,0,NA,NA,NA,NA,Y,NA,A,01,0,0,3,0,0,0,0,0,0,-,-,34.055908203125,-117.39633178710938,SAN BERNARDINO,UNINCORPORATED,-117.39640808105467,34.055870056152344
91288268,2020,2020-08-18,9835,2020-08-15,0646,021160,NA,6,1,9,3600,0,1,3,NA,1,012,WESTBOUND SR-58,LENWOOD RD,2640,W,N,A,-,Y,NA,NA,NA,NA,NA,NA,NA,NA,NA,Y,4,0,1,1,A,-,08,22107,NA,N,F,I,A,A,H,-,A,D,0,NA,NA,NA,NA,Y,NA,A,01,0,0,1,0,0,0,0,0,0,-,-,34.91529846191406,-117.12709808349608,SAN BERNARDINO,UNINCORPORATED,-117.1268310546875,34.91864013671875
91288452,2020,2020-08-18,9835,2020-08-15,1720,021765,NA,6,2,3,3601,0,1,3,NA,1,012,SR-58 E/B,WEST MAIN STREET,8976,E,N,A,-,Y,NA,NA,NA,NA,NA,NA,NA,NA,NA,Y,2,0,1,1,A,-,08,22107,NA,M,F,A,A,A,H,-,A,D,0,NA,NA,Y,NA,Y,NA,C,02,1,0,0,0,0,0,0,0,1,-,-,34.873931884765625,-117.07029724121094,SAN BERNARDINO,BARSTOW,-117.08009338378906,34.87393569946289
91288810,2020,2020-08-19,9860,2020-08-10,1230,019429,NA,1,1,6,3610,0,1,1,NA,2,202,SR-210 W/B,WATERMAN AVE,100,E,N,A,-,Y,NA,NA,210,NA,NA,NA,NA,NA,W,Y,3,0,2,2,A,-,03,22350,NA,N,E,J,A,A,H,-,A,D,0,NA,NA,NA,NA,Y,NA,A,01,0,1,1,0,0,0,0,0,0,-,-,34.14527130126953,-117.27819061279295,SAN BERNARDINO,SAN BERNARDINO,-117.27819061279295,34.145259857177734
91289328,2020,2020-09-18,9860,2020-08-08,1715,021375,NA,6,2,6,3610,0,1,1,NA,2,151,I-15 S/B,KENWOOD AVE,500,N,N,A,-,Y,NA,NA,NA,NA,NA,NA,NA,NA,NA,N,4,0,1,3,A,-,03,22350,NA,F,C,C,A,A,D,E,A,D,0,NA,NA,NA,NA,Y,NA,A,07,0,0,1,0,0,0,0,0,0,-,-,34.23651123046875,-117.42532348632813,SAN BERNARDINO,SAN BERNARDINO,NA,NA
91290000,2020,2020-08-21,9860,2020-08-12,1055,016658,NA,3,1,6,3610,0,1,1,NA,2,103,I-10 W/B TO I-215 N/B,HUNTS LANE U/C,2059,W,N,A,-,Y,NA,NA,10,NA,NA,NA,R,NA,W,Y,4,0,1,2,A,-,08,22107,NA,N,E,I,A,A,H,-,A,D,0,NA,NA,NA,NA,Y,NA,A,01,0,0,1,0,0,0,0,0,0,-,-,34.0653190612793,-117.29444885253906,SAN BERNARDINO,SAN BERNARDINO,-117.29444885253906,34.0653190612793
91290295,2020,2020-08-21,9860,2020-08-15,2110,020282,NA,6,2,9,3600,0,1,1,NA,2,151,I-15 S/B,GLEN HELEN PKY,1584,N,N,A,-,Y,NA,NA,15,NA,NA,NA,NA,NA,S,Y,4,0,4,2,A,-,03,22350,NA,N,C,C,A,A,H,-,D,D,0,NA,NA,NA,NA,Y,NA,A,01,0,0,4,0,0,0,0,0,0,-,-,34.20676040649414,-117.4136962890625,SAN BERNARDINO,UNINCORPORATED,-117.41381072998048,34.206790924072266
91290738,2020,2020-08-24,9860,2020-08-16,0005,020135,NA,7,3,9,3600,0,1,1,NA,2,151,I-15 S/B,GLEN HELEN PARKWAY,100,N,N,A,-,Y,NA,NA,15,NA,NA,NA,NA,NA,S,Y,4,0,2,5,A,-,01,23152,A,N,C,C,A,A,D,E,D,D,0,NA,NA,NA,NA,Y,Y,A,01,0,0,2,0,0,0,0,0,0,-,-,34.20304870605469,-117.41531372070313,SAN BERNARDINO,UNINCORPORATED,-117.41542816162108,34.2031135559082
91290936,2020,2020-08-24,9850,2020-08-16,1940,022256,NA,7,2,9,3600,0,3,5,NA,2,002,SUMMIT VALLEY ROAD (4000 BLOCK),SR-138,2112,N,N,A,-,N,NA,NA,NA,NA,NA,NA,NA,NA,NA,Y,4,0,2,2,A,-,03,22350,NA,N,C,C,A,A,H,-,D,D,0,NA,NA,NA,NA,Y,NA,A,01,0,0,2,0,0,0,0,0,0,-,-,34.32994842529297,-117.39785003662108,SAN BERNARDINO,UNINCORPORATED,-117.39847564697266,34.32853317260742
91291758,2020,2020-08-25,9860,2020-07-28,1730,019674,NA,2,2,3,3615,0,1,1,NA,2,104,I-10 W/B TO MT. VIEW AVE.,MT. VIEW AVE.,50,E,N,A,-,Y,NA,NA,10,NA,NA,NA,R,NA,W,Y,4,0,1,2,A,-,01,23152,A,F,C,C,A,A,H,-,A,D,0,NA,NA,NA,NA,Y,Y,A,01,0,0,1,0,0,0,0,0,0,-,-,34.06703186035156,-117.24337768554688,SAN BERNARDINO,LOMA LINDA,-117.24337768554688,34.06703186035156
91291997,2020,2020-11-23,9855,2020-08-01,1715,021941,NA,6,2,9,3600,0,3,5,NA,2,001,LYTLE CREEK RD.,SIERRA AVE.,1200,S,N,A,-,N,NA,NA,NA,NA,NA,NA,NA,NA,NA,N,4,0,1,2,A,-,03,22350,NA,F,C,C,A,A,H,-,A,D,0,NA,NA,NA,NA,Y,NA,A,01,0,0,1,0,0,0,0,0,0,-,-,34.18315887451172,-117.441162109375,SAN BERNARDINO,UNINCORPORATED,-117.44117736816406,34.18313980102539
91292475,2020,2020-08-25,9855,2020-08-16,0241,021233,NA,7,3,5,3602,0,1,3,NA,2,603,SR-60 W/B (POMONA FWY),PIPELINE AVE.,300,E,N,A,-,Y,NA,NA,60,NA,NA,NA,NA,NA,W,Y,4,0,1,1,A,-,08,22107,NA,N,E,J,A,A,H,-,D,A,0,NA,NA,NA,NA,Y,NA,A,01,0,0,1,0,0,0,0,0,0,-,-,34.0296516418457,-117.71449279785156,SAN BERNARDINO,CHINO,-117.71446228027344,34.0295524597168
91293653,2020,2020-10-13,9860,2020-08-26,1246,016575,NA,3,1,9,3600,0,2,4,NA,2,411,CEDAR AVE.,JURUPA AVE,896,N,N,A,-,N,NA,NA,NA,NA,NA,NA,NA,NA,NA,Y,4,0,1,1,A,-,08,22107,NA,N,E,I,A,A,H,-,A,D,0,NA,NA,NA,NA,Y,NA,A,07,0,0,1,0,0,0,0,0,0,-,-,34.05113983154297,-117.39643096923828,SAN BERNARDINO,UNINCORPORATED,-117.39640045166016,34.05097579956055
91295644,2020,2020-08-31,9860,2020-08-21,1720,021375,NA,5,2,6,3610,0,1,1,NA,2,151,I-15 N/B,KENWOOD AVE,1000,N,N,A,-,Y,NA,NA,NA,NA,NA,NA,NA,NA,NA,Y,3,0,1,3,A,-,07,21658,A,N,B,C,A,A,H,-,A,D,0,NA,NA,Y,NA,Y,NA,A,01,0,1,0,0,0,0,0,0,1,-,-,34.238739013671875,-117.42767333984376,SAN BERNARDINO,SAN BERNARDINO,-117.42747497558594,34.238685607910156
91295750,2020,2020-08-31,9860,2020-08-23,1000,016800,NA,7,1,5,3609,0,1,1,NA,2,201,SR-210 E/B,PEPPER AVE,19,E,N,A,-,Y,NA,NA,210,NA,NA,NA,NA,NA,E,Y,3,0,1,2,A,-,07,21658,A,N,B,C,A,A,H,-,A,D,0,NA,NA,NA,NA,Y,NA,A,01,0,1,0,0,0,0,0,0,0,-,-,34.134281158447266,-117.3533172607422,SAN BERNARDINO,RIALTO,-117.3533172607422,34.13430404663086
91295909,2020,2020-08-31,9855,2020-08-20,1455,017506,NA,4,2,6,3604,0,1,1,NA,2,153,I-15 S/B ON-RAMP FROM SUMMIT AVE.,SUMMIT AVE.,500,N,N,A,-,Y,NA,NA,15,NA,NA,NA,R,NA,S,Y,4,0,2,3,A,-,03,22350,NA,N,C,C,A,A,H,-,A,A,0,NA,NA,NA,NA,Y,NA,A,01,0,0,2,0,0,0,0,0,0,-,-,34.15156936645508,-117.4785614013672,SAN BERNARDINO,FONTANA,-117.4785614013672,34.15156936645508
91296305,2020,2020-08-31,9835,2020-08-14,1455,021765,NA,5,2,9,3600,0,1,1,NA,2,075,I-15 S/B,HALLORAN SUMMIT RD,5280,S,N,A,-,Y,NA,NA,15,NA,NA,NA,NA,NA,S,Y,3,0,4,4,A,-,07,21658,A,N,B,C,A,A,H,-,A,D,0,NA,NA,NA,Y,Y,NA,A,07,0,1,3,0,0,0,0,0,0,-,-,35.39731979370117,-115.81243133544922,SAN BERNARDINO,UNINCORPORATED,-115.81243896484376,35.397369384765625
91297688,2020,2020-09-02,9860,2020-08-23,2300,021638,NA,7,3,9,3600,0,3,5,NA,2,002,PUMALO ST,CHIQUITA LN,0,NA,Y,A,-,N,NA,NA,NA,NA,NA,NA,NA,NA,NA,N,3,0,1,2,A,-,09,21801,A,N,D,J,A,A,H,-,D,A,0,NA,Y,NA,NA,Y,NA,A,01,0,1,0,0,0,0,1,0,0,-,-,34.13861846923828,-117.24941253662108,SAN BERNARDINO,UNINCORPORATED,-117.24939727783205,34.1385612487793
91297950,2020,2020-09-02,9855,2020-08-25,1731,018212,NA,2,2,6,3607,0,1,1,NA,2,103,I-10 E/B (SAN BERNARDINO FWY),6TH STREET,528,E,N,A,-,Y,NA,NA,10,NA,NA,NA,NA,NA,E,Y,4,0,1,3,A,-,03,22350,NA,N,C,C,A,A,D,-,A,D,0,NA,NA,NA,NA,Y,NA,A,01,0,0,1,0,0,0,0,0,0,-,-,34.08319091796875,-117.6331024169922,SAN BERNARDINO,ONTARIO,-117.63313293457033,34.083126068115234
91298364,2020,2020-09-03,9835,2020-08-25,1510,020109,NA,2,2,9,3600,0,1,1,NA,2,072,I-15 N/B,OLD HWY 58,5280,N,N,A,-,Y,NA,NA,15,NA,NA,NA,NA,NA,N,Y,4,0,1,2,A,-,07,21658,A,N,B,C,A,A,H,-,A,D,0,NA,NA,NA,NA,Y,NA,A,08,0,0,1,0,0,0,0,0,0,-,-,34.906341552734375,-116.9565887451172,SAN BERNARDINO,UNINCORPORATED,-116.9565887451172,34.90633010864258
91299654,2020,2020-09-07,9860,2020-08-30,1430,021375,NA,7,2,5,3609,0,1,1,NA,2,102,I-10 E/B,PEPPER AVE,2000,W,N,A,-,Y,NA,NA,NA,NA,NA,NA,NA,NA,NA,Y,4,0,1,2,A,-,08,22107,NA,N,C,C,A,A,H,-,A,D,0,NA,NA,NA,NA,Y,NA,A,01,0,0,1,0,0,0,0,0,0,-,-,34.068809509277344,-117.35980224609376,SAN BERNARDINO,RIALTO,-117.35956573486328,34.068756103515625
91300590,2020,2020-09-08,9850,2020-09-02,0905,017730,NA,3,1,9,3600,0,2,4,NA,2,053,EL MIRAGE ROAD,PALMER ROAD,100,E,N,A,-,N,NA,NA,NA,NA,NA,NA,NA,NA,NA,Y,4,0,2,2,A,-,03,22350,NA,N,C,C,A,A,H,-,A,D,0,NA,NA,NA,NA,Y,NA,A,01,0,0,2,0,0,0,0,0,0,-,-,34.6020393371582,-117.61344909667967,SAN BERNARDINO,UNINCORPORATED,-117.6134796142578,34.60206985473633
91301906,2020,2020-09-10,9855,2020-09-02,2210,018000,NA,3,3,4,3605,0,1,1,NA,2,103,I-10 W/B (SAN BERNARDINO FWY),MONTE VISTA AVE.,1295,W,N,A,-,Y,NA,NA,10,NA,NA,NA,NA,NA,W,Y,2,0,1,1,A,-,01,23152,A,N,E,I,A,A,H,-,C,D,0,NA,NA,NA,NA,Y,Y,A,01,1,0,0,0,0,0,0,0,0,-,-,34.08176040649414,-117.70262145996094,SAN BERNARDINO,MONTCLAIR,-117.70262145996094,34.08189392089844
91301979,2020,2020-09-10,9865,2020-09-04,1100,018392,NA,5,1,9,3600,0,1,3,NA,2,045,SR-38,JENKS LAKE RD. EAST,528,E,N,A,-,Y,NA,NA,38,NA,NA,NA,NA,NA,NA,Y,4,0,1,1,A,-,03,22350,NA,N,F,A,A,A,H,-,A,D,0,NA,NA,Y,NA,Y,NA,C,02,0,0,1,0,0,0,0,0,1,-,-,34.173789978027344,-116.84642028808594,SAN BERNARDINO,UNINCORPORATED,-116.84642791748048,34.17383575439453
91302148,2020,2020-09-10,9835,2020-08-31,0705,022379,NA,1,1,9,3600,0,1,1,NA,2,074,I-15 N/B,ZZYZX RD,2165,N,N,A,-,Y,NA,NA,15,NA,NA,NA,NA,NA,N,Y,3,0,1,1,A,-,08,22107,NA,N,E,I,A,A,H,-,A,D,0,NA,NA,NA,Y,Y,NA,G,21,0,1,0,0,0,0,0,0,0,-,-,35.1961784362793,-116.13468933105467,SAN BERNARDINO,UNINCORPORATED,-116.13469696044922,35.19623947143555
91302763,2020,2020-09-11,9860,2020-09-03,2133,021363,NA,4,2,6,3610,0,1,1,NA,2,103,I-10 E/B TO WATERMAN AVE.,REDLANDS BLVD.,120,E,N,A,-,Y,NA,NA,10,NA,NA,NA,R,NA,E,Y,2,0,1,1,A,-,08,22107,NA,F,E,I,A,A,H,-,C,D,0,NA,NA,NA,NA,Y,NA,A,01,1,0,0,0,0,0,0,0,0,-,-,34.063499450683594,-117.28175354003906,SAN BERNARDINO,SAN BERNARDINO,-117.28175354003906,34.063499450683594