CASE_ID,ACCIDENT_YEAR,PROC_DATE,JURIS,COLLISION_DATE,COLLISION_TIME,OFFICER_ID,REPORTING_DISTRICT,DAY_OF_WEEK,CHP_SHIFT,POPULATION,CNTY_CITY_LOC,SPECIAL_COND,BEAT_TYPE,CHP_BEAT_TYPE,CITY_DIVISION_LAPD,CHP_BEAT_CLASS,BEAT_NUMBER,PRIMARY_RD,SECONDARY_RD,DISTANCE,DIRECTION,INTERSECTION,WEATHER_1,WEATHER_2,STATE_HWY_IND,CALTRANS_COUNTY,CALTRANS_DISTRICT,STATE_ROUTE,ROUTE_SUFFIX,POSTMILE_PREFIX,POSTMILE,LOCATION_TYPE,RAMP_INTERSECTION,SIDE_OF_HWY,TOW_AWAY,COLLISION_SEVERITY,NUMBER_KILLED,NUMBER_INJURED,PARTY_COUNT,PRIMARY_COLL_FACTOR,PCF_CODE_OF_VIOL,PCF_VIOL_CATEGORY,PCF_VIOLATION,PCF_VIOL_SUBSECTION,HIT_AND_RUN,TYPE_OF_COLLISION,MVIW,PED_ACTION,ROAD_SURFACE,ROAD_COND_1,ROAD_COND_2,LIGHTING,CONTROL_DEVICE,CHP_ROAD_TYPE,PEDESTRIAN_ACCIDENT,BICYCLE_ACCIDENT,MOTORCYCLE_ACCIDENT,TRUCK_ACCIDENT,NOT_PRIVATE_PROPERTY,ALCOHOL_INVOLVED,STWD_VEHTYPE_AT_FAULT,CHP_VEHTYPE_AT_FAULT,COUNT_SEVERE_INJ,COUNT_VISIBLE_INJ,COUNT_COMPLAINT_PAIN,COUNT_PED_KILLED,COUNT_PED_INJURED,COUNT_BICYCLIST_KILLED,COUNT_BICYCLIST_INJURED,COUNT_MC_KILLED,COUNT_MC_INJURED,PRIMARY_RAMP,SECONDARY_RAMP,LATITUDE,LONGITUDE,COUNTY,CITY,POINT_X,POINT_Y
91362984,2020,2020-12-10,9860,2020-12-07,0547,022583,NA,1,3,5,3609,0,1,1,NA,2,201,SR-210 W/B,AYALA DR,124,E,N,B,-,Y,NA,NA,210,NA,NA,NA,NA,NA,W,N,4,0,1,2,A,-,03,22350,NA,N,C,C,A,A,H,-,B,D,0,NA,NA,NA,NA,Y,NA,D,22,0,0,1,0,0,0,0,0,0,-,-,34.13595962524414,-117.39170074462892,SAN BERNARDINO,RIALTO,-117.39170074462892,34.1359977722168
91363055,2020,2020-12-10,9855,2020-11-30,0855,018335,NA,1,1,9,3600,0,3,5,NA,2,001,VALLEY BLVD.,LOGISTICS WAY,300,W,N,A,-,N,NA,NA,NA,NA,NA,NA,NA,NA,NA,Y,2,0,1,1,A,-,08,22107,NA,N,E,I,A,A,H,-,A,D,0,NA,NA,NA,NA,Y,NA,A,01,1,0,0,0,0,0,0,0,0,-,-,34.071041107177734,-117.51973724365234,SAN BERNARDINO,UNINCORPORATED,-117.5198211669922,34.07111358642578
91364565,2020,2020-12-11,9860,2020-12-09,1420,020426,NA,3,2,4,3603,0,1,1,NA,2,103,I-10 W/B TO I-215 S/B,EAST COOLEY DRIVE,100,N,N,B,-,Y,NA,NA,NA,NA,NA,NA,NA,NA,NA,N,3,0,1,1,A,-,03,22350,NA,N,E,I,A,A,H,-,A,D,0,NA,NA,NA,NA,Y,NA,A,01,0,1,0,0,0,0,0,0,0,-,-,34.0606689453125,-117.29814910888672,SAN BERNARDINO,COLTON,NA,NA
91366248,2020,2020-12-14,9860,2020-12-08,1704,019467,NA,2,2,6,3610,0,1,1,NA,2,202,SR-210 E/B,VALENCIA AVE,870,E,N,A,-,Y,NA,NA,210,NA,NA,NA,NA,NA,E,Y,4,0,2,3,A,-,03,22350,NA,N,C,C,A,A,H,-,D,D,0,NA,NA,NA,NA,Y,NA,A,01,0,0,2,0,0,0,0,0,0,-,-,34.144561767578125,-117.26956939697266,SAN BERNARDINO,SAN BERNARDINO,-117.26956939697266,34.144615173339844
91367668,2020,2020-12-15,9850,2020-12-14,2238,020648,NA,1,3,5,3619,0,1,1,NA,2,081,I-15 N/B,RANCHERO ROAD,827,N,N,A,-,Y,NA,NA,15,NA,NA,NA,NA,NA,N,Y,3,0,1,2,A,-,08,22107,NA,N,C,C,A,A,H,-,D,D,0,NA,NA,NA,Y,Y,NA,D,22,0,1,0,0,0,0,0,0,0,-,-,34.38505172729492,-117.41336822509766,SAN BERNARDINO,HESPERIA,-117.41344451904295,34.385108947753906
91368369,2020,2020-12-16,9855,2020-12-06,1535,020002,NA,7,2,9,3600,0,3,5,NA,2,001,LIVE OAK AVE.,MANZANITA DR.,475,N,N,A,-,N,NA,NA,NA,NA,NA,NA,NA,NA,NA,Y,4,0,1,1,A,-,01,23152,A,N,E,I,A,A,H,-,A,D,0,NA,NA,NA,NA,Y,Y,A,07,0,0,1,0,0,0,0,0,0,-,-,34.08108901977539,-117.47985076904295,SAN BERNARDINO,UNINCORPORATED,-117.47991180419922,34.08101272583008
91368451,2020,2020-12-16,9855,2020-08-11,2348,016215,NA,2,3,5,3602,0,1,3,NA,2,603,SR-60 W/B (POMONA FWY),EUCLID AVE.,1779,W,N,A,-,Y,NA,NA,60,NA,NA,NA,NA,NA,W,N,1,1,0,2,A,-,11,21954,A,N,G,B,E,A,H,-,C,D,0,Y,NA,NA,Y,Y,NA,N,60,0,0,0,1,0,0,0,0,0,-,-,34.03050994873047,-117.6569595336914,SAN BERNARDINO,CHINO,-117.6569595336914,34.03049087524414
9136922,2020,2020-10-14,3600,2020-08-01,1048,F9084,HE102,6,5,5,3619,0,0,0,NA,0,HE1,EUCALYPTUS,SHANGRILA AV,0,NA,Y,A,-,N,NA,NA,NA,NA,NA,NA,NA,NA,NA,N,4,0,2,2,A,-,09,21801,A,N,D,C,A,A,A,-,A,A,0,NA,NA,NA,NA,Y,NA,D,22,0,0,2,0,0,0,0,0,0,-,-,NA,NA,SAN BERNARDINO,HESPERIA,-117.34793090820313,34.45589828491211
91369456,2020,2020-12-17,9865,2020-12-13,1420,020725,NA,7,2,9,3600,0,1,3,NA,2,045,SR-38,JENKS LAKE RD  E,315,E,N,A,-,Y,NA,NA,38,NA,NA,NA,NA,NA,NA,Y,2,0,2,1,A,-,03,22350,NA,N,F,A,A,A,H,-,A,A,0,NA,NA,NA,NA,Y,NA,D,22,1,1,0,0,0,0,0,0,0,-,-,34.172698974609375,-116.84780120849608,SAN BERNARDINO,UNINCORPORATED,-116.84782409667967,34.172752380371094
91371025,2020,2020-12-18,9860,2020-12-17,1220,016590,NA,4,1,4,3603,0,1,1,NA,2,103,I-10 W/B,I-215,737,E,N,B,-,Y,NA,NA,10,NA,NA,NA,NA,NA,W,Y,2,0,2,2,A,-,03,22350,NA,N,C,C,A,A,H,-,A,D,0,NA,NA,NA,Y,Y,NA,F,26,1,0,1,0,0,0,0,0,0,-,-,34.06415939331055,-117.29435729980467,SAN BERNARDINO,COLTON,-117.29437255859376,34.064090728759766
9137124,2020,2020-09-24,3600,2020-07-29,1818,G8537,HE103,3,5,5,3619,0,0,0,NA,0,HE1,BEAR VALLEY RD,BALSAM AV,0,NA,Y,A,-,N,NA,NA,NA,NA,NA,NA,NA,NA,NA,N,4,0,3,3,A,-,03,22350,A,N,C,C,A,A,H,-,A,A,0,NA,NA,NA,NA,Y,NA,-,NA,0,0,3,0,0,0,0,0,0,-,-,NA,NA,SAN BERNARDINO,HESPERIA,-117.32994842529295,34.4705696105957
91372070,2020,2020-12-21,9855,2020-12-13,2330,021483,NA,7,3,5,3602,0,1,3,NA,2,603,SR-60 W/B (POMONA FWY),RAMONA AVE.,500,W,N,A,-,Y,NA,NA,60,NA,NA,NA,NA,NA,W,Y,3,0,1,2,A,-,08,22107,NA,N,E,I,A,A,H,-,C,D,0,NA,NA,NA,Y,Y,NA,A,01,0,1,0,0,0,0,0,0,0,-,-,34.030128479003906,-117.70897674560548,SAN BERNARDINO,CHINO,-117.708984375,34.030208587646484
9137217,2020,2020-09-29,3610,2020-07-13,0124,51171,NA,1,5,6,3610,0,0,0,NA,0,POLICE,N OHIO ST,W CATLIN ST,0,NA,Y,A,-,N,NA,NA,NA,NA,NA,NA,NA,NA,NA,Y,4,0,1,1,A,-,08,22107,NA,N,E,I,A,A,H,-,C,D,0,NA,NA,NA,NA,Y,NA,A,01,0,0,1,0,0,0,0,0,0,-,-,34.20481872558594,-117.3601303100586,SAN BERNARDINO,SAN BERNARDINO,-117.35977172851563,34.20513916015625
91374602,2020,2020-12-24,9855,2020-12-14,1345,018989,NA,1,1,9,3600,0,3,5,NA,2,004,PHILLIPS BLVD.,PIPELINE AVE.,0,NA,Y,A,-,N,NA,NA,NA,NA,NA,NA,NA,NA,NA,Y,4,0,1,2,A,-,09,21802,B,N,D,C,A,A,H,-,A,A,0,NA,NA,NA,NA,Y,NA,-,-,0,0,1,0,0,0,0,0,0,-,-,34.04610061645508,-117.71543884277344,SAN BERNARDINO,UNINCORPORATED,-117.71544647216795,34.04607009887695
91375101,2020,2020-12-24,9855,2020-12-18,1735,020046,NA,5,2,6,3607,0,1,1,NA,2,103,I-10 E/B (SBF) FROM VINEYARD AVE.,VINEYARD AVE.,700,E,N,A,-,Y,NA,NA,10,NA,NA,NA,R,NA,E,N,4,0,2,2,A,-,03,22350,NA,N,C,C,A,A,D,-,C,D,0,NA,NA,NA,NA,Y,NA,A,01,0,0,2,0,0,0,0,0,0,-,-,34.068668365478516,-117.60716247558594,SAN BERNARDINO,ONTARIO,-117.60716247558594,34.068668365478516
91375269,2020,2020-12-28,9860,2020-12-22,1045,020533,NA,2,1,6,3610,0,1,1,NA,2,214,I-215 S/B,INLAND CENTER DR,750,N,N,A,-,Y,NA,NA,215,NA,NA,NA,NA,NA,S,N,4,0,1,2,A,-,03,22350,NA,N,C,C,A,A,H,-,A,D,0,NA,NA,NA,NA,Y,NA,A,01,0,0,1,0,0,0,0,0,0,-,-,34.08736038208008,-117.30191802978516,SAN BERNARDINO,SAN BERNARDINO,-117.30194091796876,34.08735656738281
91377164,2020,2020-12-29,9850,2020-12-26,1520,022256,NA,6,2,9,3600,0,3,5,NA,2,005,HELENDALE RD,SUNSHINE LN,130,S,N,A,-,N,NA,NA,NA,NA,NA,NA,NA,NA,NA,Y,4,0,1,1,A,-,08,22107,NA,N,E,I,A,A,H,-,A,D,0,NA,NA,NA,NA,Y,NA,A,01,0,0,1,0,0,0,0,0,0,-,-,34.74795150756836,-117.33390808105467,SAN BERNARDINO,UNINCORPORATED,-117.33295440673828,34.749053955078125
91379502,2020,2021-01-04,9860,2020-12-30,1545,019599,NA,3,2,6,3610,0,1,1,NA,2,103,I-10 E/B,HUNTS LN.,300,E,N,A,-,Y,NA,NA,10,NA,NA,NA,NA,NA,E,N,4,0,1,3,A,-,03,22350,NA,N,C,C,A,A,H,-,A,D,0,NA,NA,NA,NA,Y,NA,D,22,0,0,1,0,0,0,0,0,0,-,-,34.06357955932617,-117.28634643554688,SAN BERNARDINO,SAN BERNARDINO,-117.28634643554688,34.063568115234375
91380272,2020,2021-01-04,9850,2020-12-28,0830,019278,NA,1,1,9,3600,0,3,5,NA,2,002,SUMMIT VALLEY ROAD,TELEPHONE CANYON RD,5280,E,N,A,-,N,NA,NA,NA,NA,NA,NA,NA,NA,NA,N,4,0,1,2,A,-,05,21460,A,M,E,I,A,A,H,-,A,D,0,NA,NA,NA,NA,Y,NA,A,01,0,0,1,0,0,0,0,0,0,-,-,34.368858337402344,-117.33554840087892,SAN BERNARDINO,UNINCORPORATED,-117.33778381347656,34.36834716796875
91381644,2020,2021-01-06,9855,2020-12-24,1240,014980,NA,4,1,6,3607,0,1,3,NA,2,601,SR-60 E/B (POMONA FWY),VINEYARD AVE.,1500,W,N,A,-,Y,NA,NA,60,NA,NA,NA,NA,NA,E,Y,4,0,2,5,A,-,08,22107,NA,F,B,C,A,A,D,-,A,D,0,NA,NA,NA,Y,Y,NA,-,99,0,0,2,0,0,0,0,0,0,-,-,34.03047180175781,-117.61537933349608,SAN BERNARDINO,ONTARIO,-117.61537933349608,34.03044509887695
91383331,2021,2021-01-07,9835,2021-01-01,1329,022303,NA,5,1,9,3600,0,3,5,NA,2,034,YERMO RD,DAGGETT-YERMO RD,1531,E,N,A,-,N,NA,NA,NA,NA,NA,NA,NA,NA,NA,Y,3,0,2,1,A,-,08,22107,NA,N,E,I,A,A,H,-,A,D,0,NA,NA,NA,NA,Y,NA,A,01,0,2,0,0,0,0,0,0,0,-,-,34.901100158691406,-116.87999725341795,SAN BERNARDINO,UNINCORPORATED,-116.88152313232422,34.90108871459961
91385712,2020,2021-01-12,9860,2020-12-31,1435,020282,NA,4,2,9,3600,0,3,5,NA,2,001,GLEN HELEN PKY,I-15 NB TO GLEN HELEN PKWY,0,NA,Y,A,-,N,NA,NA,NA,NA,NA,NA,NA,NA,NA,Y,4,0,1,2,A,-,12,21453,A,N,D,C,A,A,H,-,A,A,0,NA,NA,NA,NA,Y,NA,A,01,0,0,1,0,0,0,0,0,0,-,-,34.202430725097656,-117.41409301757813,SAN BERNARDINO,UNINCORPORATED,-117.414182,34.202361
91386132,2021,2021-01-12,9835,2021-01-09,1344,021035,NA,6,1,9,3600,0,3,5,NA,2,032,NATIONAL TRAILS HIGHWAY,HINKLEY RD.,4541,W,N,A,-,N,NA,NA,NA,NA,NA,NA,NA,NA,NA,Y,4,0,1,1,A,-,08,22107,NA,N,E,I,A,A,H,-,A,D,0,NA,NA,NA,NA,Y,NA,A,01,0,0,1,0,0,0,0,0,0,-,-,34.82027053833008,-117.18892669677734,SAN BERNARDINO,UNINCORPORATED,-117.18881225585938,34.820281982421875
91386810,2020,2022-02-07,9855,2020-12-04,1930,017597,NA,5,2,6,3616,0,1,1,NA,2,203,SR-210 E/B (FOOTHILL FWY),CARNELIAN ST.,10,E,N,A,-,Y,NA,NA,210,NA,NA,NA,NA,NA,E,N,4,0,1,2,A,-,03,22350,NA,F,B,C,A,A,H,-,C,D,0,NA,NA,NA,NA,Y,NA,-,99,0,0,1,0,0,0,0,0,0,-,-,34.134769439697266,-117.61593627929688,SAN BERNARDINO,RANCHO CUCAMONGA,-117.6159439086914,34.134803771972656
91387067,2021,2021-01-13,9855,2021-01-09,1533,021156,NA,6,2,6,3607,0,1,3,NA,2,601,SR-60 E/B (POMONA FWY),VINEYARD AVE.,300,W,N,A,-,Y,NA,NA,60,NA,NA,NA,NA,NA,E,Y,4,0,2,2,A,-,03,22350,NA,N,A,C,A,A,D,-,A,D,0,NA,NA,NA,NA,Y,NA,A,07,0,0,2,0,0,0,0,0,0,-,-,34.03042984008789,-117.61322021484376,SAN BERNARDINO,ONTARIO,-117.61322021484376,34.030452728271484
9138731,2020,2020-09-25,3605,2020-07-22,1951,411,3605,3,5,4,3605,0,0,0,NA,0,NA,CENTRAL AV,MORENO ST,0,NA,Y,A,-,N,NA,NA,NA,NA,NA,NA,NA,NA,NA,N,4,0,1,2,A,-,05,21650,1,F,G,B,A,A,H,-,B,A,0,NA,Y,NA,NA,Y,Y,L,04,0,0,1,0,0,0,1,0,0,-,-,NA,NA,SAN BERNARDINO,MONTCLAIR,-117.68971252441406,34.08877182006836
91389141,2021,2021-01-18,9860,2021-01-07,2325,020135,NA,4,3,6,3610,0,1,1,NA,2,216,I-215 N/B,PALM AVE,2536,S,N,A,-,Y,NA,NA,215,NA,NA,NA,NA,NA,N,Y,4,0,2,2,A,-,03,22350,NA,N,C,C,A,A,H,-,D,D,0,NA,NA,Y,NA,Y,NA,C,02,0,0,2,0,0,0,0,0,1,-,-,34.18663024902344,-117.35488891601563,SAN BERNARDINO,SAN BERNARDINO,-117.35486602783205,34.18666458129883
91391819,2021,2021-01-21,9855,2021-01-15,0026,021732,NA,5,3,6,3604,0,1,1,NA,2,153,I-15 N/B (ONTARIO FWY),SIERRA AVE.,2112,S,N,G,-,Y,NA,NA,15,NA,NA,NA,NA,NA,N,Y,3,0,1,2,A,-,08,22107,NA,N,C,C,A,A,H,-,D,D,0,NA,NA,NA,Y,Y,NA,A,01,0,1,0,0,0,0,0,0,0,-,-,34.17721176147461,-117.44236755371094,SAN BERNARDINO,FONTANA,-117.44239044189452,34.177249908447266
91393043,2021,2021-01-25,9860,2021-01-22,1300,019321,NA,5,1,4,3603,0,1,1,NA,2,103,I-10 W/B TO MT. VERNON AVE.,SPERRY DR.,10,E,N,B,-,Y,NA,NA,10,NA,NA,NA,R,NA,W,Y,4,0,2,2,A,-,03,22350,NA,N,C,C,A,A,H,-,A,A,0,NA,NA,NA,NA,Y,NA,A,01,0,0,2,0,0,0,0,0,0,-,-,34.0659294128418,-117.3097915649414,SAN BERNARDINO,COLTON,-117.3097915649414,34.0659294128418
91401646,2021,2021-02-03,9865,2021-01-24,1520,020725,NA,7,2,9,3600,0,1,3,NA,2,045,SR-38,BARTON FLATS RD,528,W,N,D,E,Y,NA,NA,38,NA,NA,NA,NA,NA,NA,Y,4,0,1,2,A,-,03,22350,NA,N,A,C,A,C,H,-,A,A,0,NA,NA,NA,NA,Y,NA,A,07,0,0,1,0,0,0,0,0,0,-,-,34.17070007324219,-116.88580322265624,SAN BERNARDINO,UNINCORPORATED,-116.88578033447266,34.17082214355469
91402416,2021,2021-02-05,9870,2021-01-28,1550,019709,NA,4,2,9,3600,0,1,3,NA,1,031,SR-62 (TWENTYNINE PALMS HWY.),VALLEY VIEW ST.,10,W,N,A,-,Y,NA,NA,62,NA,NA,NA,NA,NA,NA,Y,3,0,1,3,A,-,07,21658,A,N,C,C,A,A,H,-,A,D,0,NA,NA,NA,Y,Y,NA,A,07,0,1,0,0,0,0,0,0,0,-,-,34.134979248046875,-116.31082153320313,SAN BERNARDINO,UNINCORPORATED,-116.31082153320313,34.13499069213867
91403866,2021,2021-02-08,9860,2021-01-30,1550,020282,NA,6,2,9,3600,0,1,1,NA,2,202,SR-210 E/B,DEL ROSA AVE,1584,W,N,A,-,Y,NA,NA,NA,NA,NA,NA,NA,NA,NA,Y,3,0,2,2,A,-,03,22350,NA,N,C,C,A,A,H,-,A,D,0,NA,NA,NA,NA,Y,NA,A,01,0,1,1,0,0,0,0,0,0,-,-,34.14345169067383,-117.25840759277344,SAN BERNARDINO,UNINCORPORATED,-117.25267791748048,34.142478942871094
91404382,2021,2021-02-08,9860,2021-02-08,0550,016575,NA,1,3,9,3600,0,1,1,NA,2,102,I-10 W/B,CEDAR AVE.,4000,W,N,A,-,Y,NA,NA,10,NA,NA,NA,NA,NA,W,Y,3,0,1,1,C,-,18,NA,NA,N,E,J,A,A,H,-,D,D,0,NA,NA,NA,NA,Y,NA,-,-,0,1,0,0,0,0,0,0,0,-,-,34.06787872314453,-117.40950012207033,SAN BERNARDINO,UNINCORPORATED,-117.40950012207033,34.067848205566406
91406009,2021,2021-02-10,9860,2021-02-06,0648,016800,NA,6,1,4,3618,0,1,1,NA,2,203,SR-210 E/B,5TH ST,2982,E,N,A,-,N,NA,NA,210,NA,NA,NA,NA,NA,E,Y,4,0,3,2,A,-,03,22350,NA,N,C,C,A,A,D,-,A,D,0,NA,NA,NA,NA,Y,NA,A,01,0,0,3,0,0,0,0,0,0,-,-,34.09968185424805,-117.20005035400392,SAN BERNARDINO,HIGHLAND,-117.20004272460938,34.09967803955078
91406363,2021,2021-02-10,9855,2021-02-01,1850,018212,NA,1,2,6,3607,0,1,1,NA,2,152,I-15 N/B (ONTARIO FWY),JURUPA ST.,2640,N,N,A,-,Y,NA,NA,15,NA,NA,NA,NA,NA,N,N,3,0,1,2,A,-,07,21658,A,N,B,C,A,A,H,-,D,D,0,NA,NA,Y,NA,Y,NA,A,07,0,1,0,0,0,0,0,0,1,-,-,34.05434036254883,-117.54718017578124,SAN BERNARDINO,ONTARIO,-117.54710388183594,34.05430221557617
91408125,2021,2021-02-15,9860,2021-02-11,0420,014777,NA,4,3,9,3600,0,1,1,NA,2,151,I-15 N/B,SYCAMORE CREEK DRIVE,2996,N,N,A,-,Y,NA,NA,15,NA,NA,NA,NA,NA,N,Y,3,0,1,1,A,-,01,23152,A,N,F,A,A,A,H,-,D,D,0,NA,NA,NA,NA,Y,Y,A,07,0,1,0,0,0,0,0,0,0,-,-,34.192691802978516,-117.42166900634766,SAN BERNARDINO,UNINCORPORATED,-117.42181396484376,34.192893981933594
91408201,2021,2021-02-15,9860,2021-02-12,0900,018275,NA,5,1,5,3609,0,1,1,NA,2,201,SR-210 E/B,PEPPER AVE,1056,E,N,C,-,Y,NA,NA,210,NA,NA,NA,NA,NA,E,Y,4,0,1,1,A,-,03,22350,NA,N,E,I,A,B,H,-,A,D,0,NA,NA,NA,NA,Y,NA,D,22,0,0,1,0,0,0,0,0,0,-,-,34.135440826416016,-117.35803985595705,SAN BERNARDINO,RIALTO,-117.35807037353516,34.13534164428711
91411179,2021,2021-02-18,9850,2021-02-12,0313,022073,NA,5,3,9,3600,0,1,3,NA,2,042,SR-18 N/B,ROSEWOOD ST,314,N,N,B,-,Y,NA,NA,18,NA,NA,NA,NA,NA,N,Y,4,0,1,1,A,-,08,22107,NA,N,F,A,A,A,H,-,D,D,0,NA,NA,NA,NA,Y,NA,A,07,0,0,1,0,0,0,0,0,0,-,-,34.40114974975586,-116.89057159423828,SAN BERNARDINO,UNINCORPORATED,-116.89054107666016,34.40117645263672
91411286,2021,2021-02-19,9860,2021-02-11,1635,020533,NA,4,2,6,3610,0,1,1,NA,2,103,I-10 W/B TO I -215,HUNTS LN,300,W,N,A,-,Y,NA,NA,10,NA,NA,NA,R,NA,W,Y,3,0,5,2,A,-,03,22350,NA,N,C,C,A,A,H,-,A,D,0,NA,NA,NA,NA,Y,NA,A,07,0,3,2,0,0,0,0,0,0,-,-,34.06394958496094,-117.28862762451172,SAN BERNARDINO,SAN BERNARDINO,-117.28862762451172,34.06394958496094
91412172,2021,2021-02-22,9860,2021-02-19,1703,021371,NA,5,2,6,3610,0,1,1,NA,2,202,SR-210 E/B,HIGHLAND AVE,900,W,N,A,-,Y,NA,NA,210,NA,NA,NA,NA,NA,E,N,4,0,1,3,A,-,03,22350,NA,N,B,C,A,A,D,E,B,D,0,NA,NA,Y,NA,Y,NA,C,02,0,0,1,0,0,0,0,0,1,-,-,34.13713073730469,-117.23944091796876,SAN BERNARDINO,SAN BERNARDINO,-117.23944091796876,34.13712692260742
91412177,2021,2021-02-22,9860,2021-02-20,1204,019269,NA,6,1,6,3610,0,1,1,NA,2,201,SR-210 W/B,HIGHLAND AVE,650,E,N,A,-,Y,NA,NA,210,NA,NA,NA,NA,NA,W,Y,3,0,1,2,A,-,08,22107,NA,F,B,C,A,A,C,-,A,D,0,NA,NA,NA,NA,Y,NA,A,01,0,1,0,0,0,0,0,0,0,-,-,34.1374397277832,-117.32730865478516,SAN BERNARDINO,SAN BERNARDINO,-117.32731628417967,34.137447357177734
91412727,2021,2021-02-22,9865,2021-02-15,1205,018392,NA,1,1,9,3600,0,1,3,NA,2,012,SR-18,SR-173,500,S,N,B,-,Y,NA,NA,18,NA,NA,NA,NA,NA,NA,Y,4,0,2,3,A,-,03,22350,NA,N,C,C,A,A,H,-,A,D,0,NA,NA,NA,NA,Y,NA,D,22,0,0,2,0,0,0,0,0,0,-,-,34.23244094848633,-117.19799041748048,SAN BERNARDINO,UNINCORPORATED,-117.19798278808594,34.23243713378906
91413092,2021,2021-02-23,9860,2021-02-19,1440,019599,NA,5,2,6,3610,0,1,1,NA,2,214,I-215 S/B,MILL ST.,2112,N,N,A,-,Y,NA,NA,215,NA,NA,NA,NA,NA,S,Y,4,0,1,2,A,-,03,22350,NA,N,C,C,A,A,H,-,A,D,0,NA,NA,NA,NA,Y,NA,A,01,0,0,1,0,0,0,0,0,0,-,-,34.09809875488281,-117.30201721191406,SAN BERNARDINO,SAN BERNARDINO,-117.30204010009766,34.09809875488281
91413781,2021,2021-02-23,9855,2021-02-12,2350,020664,NA,5,3,6,3616,0,1,1,NA,2,201,SR-210 E/B (FOOTHILL FWY),MILLIKEN AVE.,600,E,N,B,-,Y,NA,NA,210,NA,NA,NA,NA,NA,E,Y,4,0,2,3,A,-,01,23152,A,N,C,C,A,A,H,-,C,D,0,NA,NA,NA,NA,Y,Y,A,01,0,0,2,0,0,0,0,0,0,-,-,34.136470794677734,-117.55584716796876,SAN BERNARDINO,RANCHO CUCAMONGA,-117.55584716796876,34.136436462402344
91414416,2021,2021-02-24,9850,2021-02-21,2016,022361,NA,7,2,9,3600,0,1,1,NA,2,081,I-15 S/B,RANCHERO ROAD,1320,N,N,A,-,Y,NA,NA,NA,NA,NA,NA,NA,NA,NA,N,4,0,3,2,A,-,03,22350,NA,N,C,C,A,A,H,-,D,D,0,NA,NA,NA,NA,Y,NA,A,01,0,0,3,0,0,0,0,0,0,-,-,34.3862190246582,-117.412841796875,SAN BERNARDINO,UNINCORPORATED,-117.41389465332033,34.38499450683594
91414467,2021,2021-02-24,9855,2021-02-12,1243,020002,NA,5,1,6,3616,0,2,S,NA,2,901,MILLIKEN AVENUE,SR-210 E/B,130,S,N,A,-,N,NA,NA,NA,NA,NA,NA,NA,NA,NA,Y,4,0,1,2,A,-,12,21453,A,N,D,C,A,A,H,-,A,A,0,NA,NA,Y,NA,Y,NA,C,02,0,0,1,0,0,0,0,0,1,-,-,34.13602066040039,-117.55847930908205,SAN BERNARDINO,RANCHO CUCAMONGA,-117.55846405029295,34.136009216308594
9141750,2020,2020-10-01,3602,2020-08-08,0428,3986,NA,6,5,5,3602,0,0,0,NA,0,NA,CENTRAL AV,COLUMBUS AV,436,N,N,A,-,N,NA,NA,60,NA,NA,NA,NA,NA,NA,Y,4,0,2,2,A,-,12,21453,A,N,A,C,A,A,H,-,C,A,0,NA,NA,NA,NA,Y,NA,A,01,0,0,2,0,0,0,0,0,0,-,-,34.029380798339844,-117.68952941894533,SAN BERNARDINO,CHINO,-117.68954467773438,34.03019714355469
91418832,2021,2021-03-02,9855,2021-02-19,1815,020002,NA,5,2,6,3607,0,1,1,NA,2,152,I-15 N/B (ONTARIO FWY),PHILADELPHIA ST.,1000,N,N,A,-,Y,NA,NA,15,NA,NA,NA,NA,NA,N,Y,4,0,1,3,A,-,03,22350,NA,N,C,C,A,A,H,-,C,D,0,NA,NA,NA,NA,Y,NA,A,01,0,0,1,0,0,0,0,0,0,-,-,34.03847885131836,-117.54998016357422,SAN BERNARDINO,ONTARIO,-117.55001068115234,34.03847885131836
91418943,2021,2021-03-02,9855,2021-02-21,1225,018335,NA,7,1,6,3607,0,1,1,NA,2,152,I-15 S/B (ONTARIO FWY),I-10,1200,N,N,A,-,Y,NA,NA,15,NA,NA,NA,NA,NA,S,Y,4,0,2,2,A,-,03,22350,NA,N,C,C,A,A,H,-,A,D,0,NA,NA,NA,NA,Y,NA,A,01,0,0,2,0,0,0,0,0,0,-,-,34.0738410949707,-117.54502868652344,SAN BERNARDINO,ONTARIO,-117.5450439453125,34.0738410949707