CASE_ID,ACCIDENT_YEAR,PROC_DATE,JURIS,COLLISION_DATE,COLLISION_TIME,OFFICER_ID,REPORTING_DISTRICT,DAY_OF_WEEK,CHP_SHIFT,POPULATION,CNTY_CITY_LOC,SPECIAL_COND,BEAT_TYPE,CHP_BEAT_TYPE,CITY_DIVISION_LAPD,CHP_BEAT_CLASS,BEAT_NUMBER,PRIMARY_RD,SECONDARY_RD,DISTANCE,DIRECTION,INTERSECTION,WEATHER_1,WEATHER_2,STATE_HWY_IND,CALTRANS_COUNTY,CALTRANS_DISTRICT,STATE_ROUTE,ROUTE_SUFFIX,POSTMILE_PREFIX,POSTMILE,LOCATION_TYPE,RAMP_INTERSECTION,SIDE_OF_HWY,TOW_AWAY,COLLISION_SEVERITY,NUMBER_KILLED,NUMBER_INJURED,PARTY_COUNT,PRIMARY_COLL_FACTOR,PCF_CODE_OF_VIOL,PCF_VIOL_CATEGORY,PCF_VIOLATION,PCF_VIOL_SUBSECTION,HIT_AND_RUN,TYPE_OF_COLLISION,MVIW,PED_ACTION,ROAD_SURFACE,ROAD_COND_1,ROAD_COND_2,LIGHTING,CONTROL_DEVICE,CHP_ROAD_TYPE,PEDESTRIAN_ACCIDENT,BICYCLE_ACCIDENT,MOTORCYCLE_ACCIDENT,TRUCK_ACCIDENT,NOT_PRIVATE_PROPERTY,ALCOHOL_INVOLVED,STWD_VEHTYPE_AT_FAULT,CHP_VEHTYPE_AT_FAULT,COUNT_SEVERE_INJ,COUNT_VISIBLE_INJ,COUNT_COMPLAINT_PAIN,COUNT_PED_KILLED,COUNT_PED_INJURED,COUNT_BICYCLIST_KILLED,COUNT_BICYCLIST_INJURED,COUNT_MC_KILLED,COUNT_MC_INJURED,PRIMARY_RAMP,SECONDARY_RAMP,LATITUDE,LONGITUDE,COUNTY,CITY,POINT_X,POINT_Y
91461511,2021,2021-04-29,9860,2021-04-15,1320,016575,NA,4,1,4,3603,0,1,1,NA,2,214,I-215 S/B,IOWA AVE. O/C,2500,N,N,A,-,Y,NA,NA,215,NA,NA,NA,NA,NA,S,N,4,0,1,2,A,-,03,22350,NA,N,C,C,A,A,H,-,A,D,0,NA,NA,NA,NA,Y,NA,A,01,0,0,1,0,0,0,0,0,0,-,-,34.0294303894043,-117.33003997802734,SAN BERNARDINO,COLTON,-117.330078125,34.02947235107422
91463079,2021,2021-04-30,9855,2021-04-22,0422,016215,NA,4,3,6,3607,0,1,3,NA,2,601,SR-60 W/B (POMONA FWY),HAVEN AVE.,2957,E,N,A,-,Y,NA,NA,60,NA,NA,NA,NA,NA,W,Y,3,0,1,2,A,-,08,22107,NA,N,B,C,A,A,H,-,B,D,0,NA,NA,NA,NA,Y,NA,A,01,0,1,0,0,0,0,0,0,0,-,-,34.02655029296875,-117.5663604736328,SAN BERNARDINO,ONTARIO,-117.56639099121094,34.026432037353516
91464903,2021,2021-05-04,9860,2021-04-22,1553,019467,NA,4,2,6,3610,0,1,1,NA,2,104,I-10 W/B,TIPPECANOE AVE,528,W,N,A,-,Y,NA,NA,10,NA,NA,NA,NA,NA,W,Y,4,0,2,3,A,-,03,22350,NA,N,C,C,A,A,H,-,A,D,0,NA,NA,NA,NA,Y,NA,D,22,0,0,2,0,0,0,0,0,0,-,-,34.0643310546875,-117.26322174072266,SAN BERNARDINO,SAN BERNARDINO,-117.2632064819336,34.064266204833984
91466002,2021,2021-05-05,9835,2021-04-29,1915,020109,NA,4,2,9,3600,0,3,5,NA,2,034,SANTA FE ST,SIERRA WAY,171,E,N,A,-,N,NA,NA,NA,NA,NA,NA,NA,NA,NA,N,4,0,1,2,A,-,11,21954,A,N,G,B,E,A,H,-,B,D,0,Y,NA,NA,NA,Y,NA,N,60,0,0,1,0,1,0,0,0,0,-,-,34.86418914794922,-116.89002227783205,SAN BERNARDINO,UNINCORPORATED,-116.89002227783205,34.864219665527344
91466014,2021,2021-05-05,9855,2021-04-27,0830,016375,NA,2,1,6,3616,0,1,1,NA,2,153,I-15 S/B (ONTARIO FWY),VICTORIA AVE.,1056,N,N,B,-,Y,NA,NA,15,NA,NA,NA,NA,NA,S,N,4,0,1,2,A,-,03,22350,NA,N,C,C,A,A,H,-,A,D,0,NA,NA,NA,NA,Y,NA,A,01,0,0,1,0,0,0,0,0,0,-,-,34.13059997558594,-117.50327301025392,SAN BERNARDINO,RANCHO CUCAMONGA,-117.50325012207033,34.13057327270508
91466930,2021,2021-05-06,9850,2021-05-01,1330,019278,NA,6,1,5,3619,0,1,1,NA,2,081,I-15 S/B,US-395,1000,S,N,A,-,Y,NA,NA,15,NA,NA,NA,NA,NA,S,Y,4,0,1,2,A,-,07,21658,A,N,B,C,A,A,H,-,A,D,0,NA,NA,NA,NA,Y,NA,A,01,0,0,1,0,0,0,0,0,0,-,-,34.39500045776367,-117.40531158447266,SAN BERNARDINO,HESPERIA,-117.4054718017578,34.395137786865234
91467810,2021,2021-05-07,9835,2021-04-26,0015,020389,NA,1,3,3,3601,0,1,1,NA,2,070,I-15 S/B,OUTLET CENTER DRIVE,5808,S,N,A,-,Y,NA,NA,NA,NA,NA,NA,NA,NA,NA,Y,3,0,1,2,A,-,07,21658,A,N,B,C,A,A,H,-,D,D,0,NA,NA,NA,Y,Y,NA,A,01,0,1,0,0,0,0,0,0,0,-,-,34.79854965209961,-117.11068725585938,SAN BERNARDINO,BARSTOW,-117.09796905517578,34.80995178222656
9146877,2020,2020-09-14,3611,2020-06-03,1735,3088,3611,3,5,5,3611,0,0,0,NA,0,004,ARROW HWY,2ND AV,0,NA,Y,A,-,N,NA,NA,NA,NA,NA,NA,NA,NA,NA,Y,4,0,2,3,A,-,03,22350,NA,N,C,C,A,A,H,-,A,A,0,NA,NA,NA,NA,Y,NA,A,01,0,0,2,0,0,0,0,0,0,-,-,NA,NA,SAN BERNARDINO,UPLAND,-117.64840698242188,34.0997314453125
9146887,2020,2020-10-20,3611,2020-06-21,2500,3088,3611,7,5,5,3611,0,0,0,NA,0,004,EUCLID AV,8TH ST,672,N,N,A,-,N,NA,NA,NA,NA,NA,NA,NA,NA,NA,NA,4,0,1,2,A,-,03,22350,NA,N,C,C,A,A,H,-,A,A,0,NA,NA,NA,NA,Y,NA,A,07,0,0,1,0,0,0,0,0,0,-,-,NA,NA,SAN BERNARDINO,UPLAND,-117.65131378173828,34.094303131103516
9146906,2020,2020-09-10,3600,2020-06-20,2013,H5860,AD315,6,5,3,3613,0,0,0,NA,0,AD2,BELLFLOWER ST,SENECA RD,0,NA,N,A,-,N,NA,NA,NA,NA,NA,NA,NA,NA,NA,Y,3,0,1,2,A,-,12,22450,A,N,D,C,A,A,H,-,C,A,0,NA,NA,NA,NA,Y,NA,A,01,0,1,0,0,0,0,0,0,0,-,-,34.51396179199219,-117.4169921875,SAN BERNARDINO,ADELANTO,-117.41697692871094,34.51396942138672
9146931,2020,2020-09-15,3600,2020-06-15,1859,A8310,RC040,1,5,6,3616,0,0,0,NA,0,RC1,BERYL ST,BASELINE RD,0,NA,Y,A,-,N,NA,NA,NA,NA,NA,NA,NA,NA,NA,Y,4,0,1,1,A,-,01,23152,A,N,E,I,A,A,H,-,A,A,0,NA,NA,NA,NA,Y,Y,A,07,0,0,1,0,0,0,0,0,0,-,-,NA,NA,SAN BERNARDINO,RANCHO CUCAMONGA,-117.60717010498048,34.12154006958008
91470597,2021,2021-05-11,9850,2021-05-03,0100,022073,NA,1,3,9,3600,0,1,3,NA,2,052,SR-18,SHEEP CREEK RD,0,NA,Y,A,-,Y,NA,NA,18,NA,NA,NA,NA,NA,NA,Y,3,0,3,2,A,-,12,21453,A,N,D,C,A,A,H,-,A,D,0,NA,NA,NA,NA,Y,NA,-,-,0,2,1,0,0,0,0,0,0,-,-,34.50630187988281,-117.5727996826172,SAN BERNARDINO,UNINCORPORATED,-117.5727996826172,34.50630187988281
91470786,2021,2021-05-12,9860,2021-04-30,0715,019419,NA,5,1,5,3609,0,1,1,NA,2,201,SR-210 E/B,AYALA DR,1056,E,N,A,-,Y,NA,NA,210,NA,NA,NA,NA,NA,E,Y,3,0,1,3,A,-,08,22107,NA,N,B,C,A,A,H,-,A,D,0,NA,NA,NA,Y,Y,NA,G,27,0,1,0,0,0,0,0,0,0,-,-,34.13566970825195,-117.38950347900392,SAN BERNARDINO,RIALTO,-117.38949584960938,34.13572311401367
91472886,2021,2021-08-25,9855,2021-05-05,2215,021855,NA,3,3,6,3607,0,1,1,NA,2,101,I-10 W/B (SAN BERNARDINO FWY),ETIWANDA AVE.,1840,W,N,A,-,Y,NA,NA,10,NA,NA,NA,NA,NA,W,Y,3,0,1,3,A,-,07,21658,A,F,B,C,A,A,D,-,C,D,0,NA,NA,NA,NA,Y,NA,-,99,0,1,0,0,0,0,0,0,0,-,-,34.067501068115234,-117.5302963256836,SAN BERNARDINO,ONTARIO,-117.5302963256836,34.06745910644531
91473816,2021,2021-05-14,9835,2021-05-07,2021,020109,NA,5,2,9,3600,0,3,5,NA,2,034,NATIONAL TRAILS HWY,HIDDEN SPRINGS RD,3168,E,N,A,-,N,NA,NA,NA,NA,NA,NA,NA,NA,NA,Y,2,0,1,1,A,-,08,22107,NA,N,F,A,A,A,H,-,D,D,0,NA,NA,NA,NA,Y,NA,D,22,1,0,0,0,0,0,0,0,0,-,-,34.8477897644043,-116.7920379638672,SAN BERNARDINO,UNINCORPORATED,-116.79293060302734,34.84782791137695
91474133,2021,2021-05-17,9855,2021-05-06,1615,020913,NA,4,2,4,3605,0,1,1,NA,2,103,I-10 W/B (SAN BERNARDINO FWY),MONTE VISTA AVE.,1645,E,N,A,-,Y,NA,NA,10,NA,NA,NA,NA,NA,W,N,4,0,1,2,A,-,03,22350,NA,N,C,C,A,A,D,-,A,D,0,NA,NA,NA,Y,Y,NA,A,01,0,0,1,0,0,0,0,0,0,-,-,34.084041595458984,-117.69322204589844,SAN BERNARDINO,MONTCLAIR,-117.69322204589844,34.084041595458984
91474153,2021,2021-05-17,9855,2021-05-07,1555,015371,NA,5,2,9,3600,0,3,5,NA,2,004,VERNON AVENUE,STATE STREET,0,NA,Y,A,-,N,NA,NA,NA,NA,NA,NA,NA,NA,NA,N,4,0,1,2,A,-,09,21801,A,N,D,C,A,A,H,-,A,A,0,NA,NA,NA,NA,Y,NA,A,01,0,0,1,0,0,0,0,0,0,-,-,34.05978012084961,-117.68521881103516,SAN BERNARDINO,UNINCORPORATED,-117.68515777587892,34.059814453125
91475058,2021,2021-05-17,9855,2021-05-07,1510,018989,NA,5,2,6,3607,0,1,3,NA,2,601,SR-60 W/B (POMONA FWY),HAVEN AVE.,1200,E,N,A,-,Y,NA,NA,60,NA,NA,NA,NA,NA,W,Y,4,0,1,4,A,-,03,22350,NA,N,C,C,A,A,H,-,A,D,0,NA,NA,NA,NA,Y,NA,A,07,0,0,1,0,0,0,0,0,0,-,-,34.027069091796875,-117.56846618652344,SAN BERNARDINO,ONTARIO,-117.56848907470705,34.02700424194336
91475380,2021,2021-05-18,9855,2021-05-09,0845,018313,NA,7,1,6,3607,0,1,1,NA,2,101,I-10 E/B TO I-15 N/B,I-15,200,W,N,A,-,Y,NA,NA,10,NA,NA,NA,R,NA,E,Y,4,0,1,1,A,-,08,22107,NA,N,E,I,A,A,H,-,A,D,0,NA,NA,NA,NA,Y,NA,A,01,0,0,1,0,0,0,0,0,0,-,-,34.067081451416016,-117.5465087890625,SAN BERNARDINO,ONTARIO,-117.5465087890625,34.067081451416016
91475642,2021,2021-05-27,9865,2021-05-15,1147,017808,NA,6,1,9,3600,0,1,3,NA,1,010,SR-18,2N40,1800,N,N,B,-,Y,NA,NA,18,NA,NA,NA,NA,NA,NA,Y,3,0,2,1,A,-,08,22107,NA,N,E,I,A,A,H,-,A,D,0,NA,NA,Y,NA,Y,NA,C,02,0,2,0,0,0,0,0,0,2,-,-,34.22602844238281,-117.30570220947266,SAN BERNARDINO,UNINCORPORATED,-117.30571746826172,34.225990295410156
91475884,2021,2021-05-18,9855,2021-05-07,1308,013860,NA,5,1,4,3605,0,1,1,NA,2,103,I-10 E/B (SAN BERNARDINO FWY),CENTRAL AVE.,395,W,N,A,-,Y,NA,NA,10,NA,NA,NA,NA,NA,E,Y,4,0,1,2,A,-,07,21658,A,N,B,C,A,A,D,-,A,D,0,NA,NA,NA,NA,Y,NA,A,01,0,0,1,0,0,0,0,0,0,-,-,34.084808349609375,-117.69103240966795,SAN BERNARDINO,MONTCLAIR,-117.69102478027344,34.08479690551758
91476055,2021,2021-05-18,9835,2021-05-03,0033,015354,NA,1,3,9,3600,0,1,1,NA,2,077,INTERSTATE 15 NORTHBOUND,BAILEY RD.,6864,N,N,A,-,Y,NA,NA,15,NA,NA,NA,NA,NA,N,Y,2,0,3,2,A,-,01,23153,A,N,E,I,A,A,H,-,D,D,0,NA,NA,NA,NA,Y,Y,A,01,2,1,0,0,0,0,0,0,0,-,-,35.470130920410156,-115.5050811767578,SAN BERNARDINO,UNINCORPORATED,-115.5050811767578,35.47019958496094
9147786,2020,2020-10-15,3602,2020-08-24,0848,3299,NA,1,5,5,3602,0,0,0,NA,0,001,NORTON AV,CHINO AV,230,N,N,A,-,N,NA,NA,NA,NA,NA,NA,NA,NA,NA,N,2,0,1,2,A,-,03,22350,NA,N,C,G,A,A,H,-,A,D,0,NA,Y,NA,NA,Y,NA,L,04,1,0,0,0,0,0,1,0,0,-,-,34.01250076293945,-117.71099853515624,SAN BERNARDINO,CHINO,-117.71102142333984,34.012298583984375
91477938,2021,2021-07-09,9860,2021-04-19,1442,019599,NA,1,2,4,3603,0,1,1,NA,2,103,I-10 E/B TO PEPPER AVE.,PEPPER AVE.,20,W,N,A,-,Y,NA,NA,10,NA,NA,NA,R,NA,E,N,4,0,1,2,A,-,03,22350,NA,F,C,C,A,A,H,-,A,A,0,NA,NA,Y,NA,Y,NA,A,01,0,0,1,0,0,0,0,0,1,-,-,34.068111419677734,-117.35327911376952,SAN BERNARDINO,COLTON,-117.35327911376952,34.068111419677734
91478867,2021,2021-05-21,9860,2021-04-19,2150,022539,NA,1,2,5,3608,0,1,1,NA,2,104,I-10 E/B,CALIFORNIA ST,1492,W,N,A,-,Y,NA,NA,10,NA,NA,NA,NA,NA,E,Y,3,0,1,1,A,-,08,22107,NA,N,E,I,A,A,H,-,C,D,0,NA,NA,NA,NA,Y,NA,A,07,0,1,0,0,0,0,0,0,0,-,-,34.06639099121094,-117.23123168945313,SAN BERNARDINO,REDLANDS,-117.23123168945313,34.06650924682617
9147899,2020,2020-10-20,3610,2020-08-10,1332,51233,NA,1,5,6,3610,0,0,0,NA,0,DAVID,E BENEDICT RD,TIPPECANOE AV,472,W,N,A,-,N,NA,NA,NA,NA,NA,NA,NA,NA,NA,Y,3,0,1,2,A,-,01,23152,A,N,C,C,A,A,H,-,A,D,0,NA,NA,NA,Y,Y,Y,F,26,0,1,0,0,0,0,0,0,0,-,-,34.083309173583984,-117.26380157470705,SAN BERNARDINO,SAN BERNARDINO,-117.26114654541016,34.083980560302734
91479340,2021,2021-05-24,9860,2021-05-16,0245,020572,NA,7,3,6,3610,0,1,1,NA,2,214,I-215 N/B TO 2ND ST,2ND STREET,1900,S,N,A,-,Y,NA,NA,215,NA,NA,NA,R,NA,N,Y,4,0,1,1,A,-,08,22107,NA,M,E,J,A,A,H,-,C,D,0,NA,NA,NA,NA,Y,NA,A,01,0,0,1,0,0,0,0,0,0,-,-,34.09920883178711,-117.30152130126952,SAN BERNARDINO,SAN BERNARDINO,-117.30152130126952,34.09920883178711
91482008,2021,2021-05-26,9855,2021-05-16,1554,020913,NA,7,2,6,3607,0,1,1,NA,2,101,I-10 E/B (SAN BERNARDINO FWY),I-15,2000,W,N,B,-,Y,NA,NA,10,NA,NA,NA,NA,NA,E,Y,2,0,1,4,C,-,18,NA,NA,N,E,J,A,A,D,-,A,D,0,NA,NA,NA,NA,Y,NA,-,-,1,0,0,0,0,0,0,0,0,-,-,34.06724166870117,-117.55181884765624,SAN BERNARDINO,ONTARIO,-117.55181884765624,34.06733703613281
91482407,2021,2021-05-26,9834,2021-05-16,1605,018755,NA,7,2,9,3600,0,1,1,NA,2,042,I-40 W/B,WATER RD,12672,W,N,A,-,Y,NA,NA,40,NA,NA,NA,NA,NA,W,Y,2,0,2,1,A,-,08,22107,NA,N,F,A,A,A,H,-,A,D,0,NA,NA,NA,NA,Y,NA,A,01,2,0,0,0,0,0,0,0,0,-,-,34.83443069458008,-115.0098114013672,SAN BERNARDINO,UNINCORPORATED,-115.00979614257813,34.834381103515625
91483366,2021,2021-05-27,9834,2021-04-20,1805,016267,NA,2,2,9,3600,0,1,1,NA,2,040,INTERSTATE 40 (WESTBOUND),VAN WINKLE WASH,16210,E,N,A,-,Y,NA,NA,40,NA,NA,NA,NA,NA,NA,Y,1,1,1,2,A,-,05,21651,B,N,A,C,A,A,H,-,A,D,0,NA,NA,NA,NA,Y,NA,A,08,1,0,0,0,0,0,0,0,0,-,-,34.75271987915039,-115.50701141357422,SAN BERNARDINO,UNINCORPORATED,-115.50702667236328,34.75276565551758
91484994,2021,2021-05-28,9850,2021-05-24,1733,021643,NA,1,2,9,3600,0,1,1,NA,2,083,I-15 N/B (BARSTOW FREEWAY),BEAR VALLEY ROAD,500,N,N,A,-,Y,NA,NA,NA,NA,NA,NA,NA,NA,NA,Y,4,0,1,1,A,-,01,23152,A,N,F,A,A,A,H,-,A,D,0,NA,NA,NA,NA,Y,Y,A,01,0,0,1,0,0,0,0,0,0,-,-,34.47172927856445,-117.34481048583984,SAN BERNARDINO,UNINCORPORATED,-117.34510040283205,34.47157287597656
91486470,2021,2021-06-01,9860,2021-05-22,1530,019725,NA,6,2,9,3600,0,1,1,NA,2,151,I-15 S/B,CLEGHORN RD,600,S,N,A,-,Y,NA,NA,15,NA,NA,NA,NA,NA,S,N,4,0,2,2,A,-,03,22350,NA,N,C,C,A,A,H,-,A,D,0,NA,NA,NA,NA,Y,NA,A,07,0,0,2,0,0,0,0,0,0,-,-,34.29737854003906,-117.45671844482422,SAN BERNARDINO,UNINCORPORATED,-117.45671844482422,34.29737854003906
91486664,2021,2021-06-01,9860,2021-05-14,2235,022539,NA,5,3,9,3600,0,3,5,NA,2,002,ARDEN AVE,MARSHALL BLVD,282,N,N,A,-,N,NA,NA,NA,NA,NA,NA,NA,NA,NA,N,3,0,2,2,A,-,05,21460,A,F,B,C,A,A,H,-,D,D,0,NA,NA,NA,NA,Y,NA,A,07,0,1,1,0,0,0,0,0,0,-,-,34.150299072265625,-117.23500061035156,SAN BERNARDINO,UNINCORPORATED,-117.23496246337892,34.15019226074219
91488911,2021,2021-06-03,9855,2021-05-24,1205,018313,NA,1,1,6,3616,0,1,1,NA,2,152,I-15 N/B (ONTARIO FREEWAY),SR-66 (FOOTHILL BLVD),1500,N,N,A,-,Y,NA,NA,15,NA,NA,NA,NA,NA,N,Y,3,0,4,3,A,-,03,22350,NA,N,C,C,A,A,H,-,A,D,0,NA,NA,NA,Y,Y,NA,F,27,0,1,3,0,0,0,0,0,0,-,-,34.11204147338867,-117.52493286132813,SAN BERNARDINO,RANCHO CUCAMONGA,-117.52496337890624,34.112083435058594
9148926,2020,2020-09-23,3600,2020-07-24,0934,F4772,024,5,5,5,3612,0,0,0,NA,0,003,2ND AV,TALPA ST,0,NA,Y,A,-,N,NA,NA,NA,NA,NA,NA,NA,NA,NA,Y,2,0,1,2,A,-,12,22450,A,N,D,C,A,-,H,-,A,A,0,NA,NA,NA,NA,Y,NA,A,07,1,0,0,0,0,0,0,0,0,-,-,NA,NA,SAN BERNARDINO,VICTORVILLE,-117.30123901367188,34.49708938598633
91489498,2021,2021-06-04,9855,2021-05-20,1645,015371,NA,4,2,6,3616,0,1,1,NA,2,201,SR-210 WESTBOUND (FOOTHILL FREEWAY),DAY CREEK BLVD.,50,W,N,B,-,Y,NA,NA,210,NA,NA,NA,NA,NA,W,Y,3,0,1,3,A,-,03,22350,NA,N,C,C,A,A,H,-,A,D,0,NA,NA,NA,NA,Y,NA,A,07,0,1,0,0,0,0,0,0,0,-,-,34.13666915893555,-117.53672027587892,SAN BERNARDINO,RANCHO CUCAMONGA,-117.53672027587892,34.13662338256836
91489600,2021,2021-06-04,9850,2021-05-24,0945,017730,NA,1,1,9,3600,0,1,3,NA,2,060,STATE ROUTE 138,EVERGREEN ROAD,0,NA,Y,A,-,Y,NA,NA,138,NA,NA,NA,NA,NA,NA,Y,4,0,1,2,A,-,09,21804,A,N,D,C,A,A,H,-,A,A,0,NA,NA,NA,NA,Y,NA,A,01,0,0,1,0,0,0,0,0,0,-,-,34.42692184448242,-117.62064361572266,SAN BERNARDINO,UNINCORPORATED,-117.62063598632813,34.42692565917969
9149039,2020,2020-10-28,3609,2020-08-16,2126,4369,RI091,7,5,5,3609,0,0,0,NA,0,003,S CACTUS AV,W RANDALL AV,0,NA,Y,A,-,N,NA,NA,NA,NA,NA,NA,NA,NA,NA,Y,4,0,1,2,A,-,09,21801,A,N,D,C,A,A,H,-,C,A,0,NA,NA,NA,NA,Y,NA,A,01,0,0,1,0,0,0,0,0,0,-,-,NA,NA,SAN BERNARDINO,RIALTO,-117.38343048095705,34.084991455078125
91491116,2021,2021-06-07,9860,2021-05-24,0538,019419,NA,1,3,3,3690,0,1,1,NA,2,214,I-215 N/B,NEWPORT AVE,50,S,N,A,-,Y,NA,NA,215,NA,NA,NA,NA,NA,N,Y,3,0,2,2,A,-,08,22107,NA,N,B,C,A,A,H,-,A,D,0,NA,NA,NA,Y,Y,NA,D,22,0,1,1,0,0,0,0,0,0,-,-,34.03919982910156,-117.31884765625,SAN BERNARDINO,GRAND TERRACE,-117.31884002685548,34.03919219970703
91491392,2021,2021-06-08,9860,2021-05-28,1555,019725,NA,5,2,9,3600,0,1,1,NA,2,152,I-15 S/B,OAK HILL RD,6864,S,N,A,-,Y,NA,NA,15,NA,NA,NA,NA,NA,S,N,4,0,1,2,A,-,03,22350,NA,N,C,C,A,A,H,-,A,D,0,NA,NA,NA,Y,Y,NA,A,01,0,0,1,0,0,0,0,0,0,-,-,34.348880767822266,-117.44732666015624,SAN BERNARDINO,UNINCORPORATED,-117.4472885131836,34.34884262084961
91493436,2021,2021-06-09,9835,2021-06-06,0355,022379,NA,7,3,9,3600,0,1,1,NA,2,075,NB I-15,HALLORAN SPRINGS ROAD,13728,N,N,A,-,Y,NA,NA,15,NA,NA,NA,NA,NA,NA,Y,4,0,1,2,A,-,03,22350,NA,M,C,C,A,A,H,-,D,D,0,NA,NA,NA,NA,Y,NA,A,01,0,0,1,0,0,0,0,0,0,-,-,35.38788986206055,-115.8468017578125,SAN BERNARDINO,UNINCORPORATED,-115.84682464599608,35.387962341308594
91494547,2021,2021-06-11,9860,2021-05-19,2105,020533,NA,3,2,9,3600,0,3,5,NA,2,004,7TH ST,OAK ST,65,E,N,A,-,N,NA,NA,NA,NA,NA,NA,NA,NA,NA,Y,3,0,1,2,A,-,01,23152,A,N,B,E,A,A,H,-,C,D,0,NA,NA,NA,NA,Y,Y,A,01,0,1,0,0,0,0,0,0,0,-,-,34.04029083251953,-117.39826202392578,SAN BERNARDINO,UNINCORPORATED,-117.39828491210938,34.04030990600586
91497208,2021,2021-06-15,9860,2021-06-09,0725,015495,NA,3,1,5,3608,0,1,1,NA,2,203,SR-210 E/B,SAN BERNARDINO AVE,5280,W,N,A,-,Y,NA,NA,210,NA,NA,NA,NA,NA,E,Y,4,0,1,2,A,-,03,22350,NA,N,C,C,A,A,H,-,A,D,0,NA,NA,NA,NA,Y,NA,A,01,0,0,1,0,0,0,0,0,0,-,-,34.095211029052734,-117.20053863525392,SAN BERNARDINO,REDLANDS,-117.20053863525392,34.095211029052734
91499271,2021,2021-06-17,9835,2021-01-03,1930,020053,NA,7,2,9,3600,0,1,3,NA,1,013,SR-58 W/B,US-395,509,W,N,A,-,Y,NA,NA,NA,NA,NA,NA,NA,NA,NA,N,1,1,0,2,A,-,11,21954,A,F,G,B,E,A,H,-,C,D,0,Y,NA,NA,NA,Y,NA,N,60,0,0,0,1,0,0,0,0,0,-,-,34.996150970458984,-117.54440307617188,SAN BERNARDINO,UNINCORPORATED,-117.54410552978516,34.99617385864258
91501067,2021,2021-06-21,9860,2021-06-13,1813,022103,NA,7,2,9,3600,0,1,1,NA,2,152,I-15 S/B,SR-138,8976,N,N,A,-,Y,NA,NA,15,NA,NA,NA,NA,NA,S,N,4,0,1,2,A,-,03,22350,NA,N,C,C,A,A,H,-,A,D,0,NA,NA,NA,NA,Y,NA,A,01,0,0,1,0,0,0,0,0,0,-,-,34.33702850341797,-117.48259735107422,SAN BERNARDINO,UNINCORPORATED,-117.48252868652344,34.337032318115234
91501645,2021,2022-03-15,9860,2021-04-03,2310,021149,NA,6,3,6,3604,0,1,1,NA,2,102,INTERSTATE 10 EASTBOUND,SIERRA AVENUE,4013,E,N,A,-,Y,NA,NA,10,NA,NA,NA,NA,NA,E,Y,1,1,0,2,A,-,03,22350,NA,N,C,C,A,A,H,-,D,D,0,NA,NA,NA,NA,Y,Y,A,01,0,0,0,0,0,0,0,0,0,-,-,34.06734085083008,-117.42256927490234,SAN BERNARDINO,FONTANA,-117.42256927490234,34.06730270385742
91502012,2021,2021-06-21,9834,2021-06-16,1211,017540,NA,3,1,9,3600,0,1,1,NA,2,042,INTERSTATE 40 W/B,ESSEX RD,528,E,N,A,-,Y,NA,NA,40,NA,NA,NA,NA,NA,W,Y,3,0,4,2,A,-,08,22107,NA,N,C,C,A,A,H,-,A,D,0,NA,NA,NA,NA,Y,NA,A,07,0,2,2,0,0,0,0,0,0,-,-,34.801300048828125,-115.32005310058594,SAN BERNARDINO,UNINCORPORATED,-115.3200454711914,34.80137634277344
91502715,2021,2021-06-22,9865,2021-06-05,1945,021502,NA,6,2,9,3600,0,1,3,NA,2,017,STATE ROUTE 173,PALISADES ROAD,22,E,N,A,-,Y,NA,NA,173,NA,NA,NA,NA,NA,NA,Y,3,0,1,1,A,-,01,23152,A,N,E,I,A,A,H,-,A,D,0,NA,NA,NA,NA,Y,Y,A,01,0,1,0,0,0,0,0,0,0,-,-,34.25564956665039,-117.17252349853516,SAN BERNARDINO,UNINCORPORATED,-117.17247009277344,34.25560760498047
91503194,2021,2021-06-22,9855,2021-06-11,1625,015763,NA,5,2,6,3607,0,1,1,NA,2,103,I-10 E/B FROM MOUNTAIN AVENUE,MOUNTAIN AVENUE,528,E,N,A,-,Y,NA,NA,10,NA,NA,NA,R,NA,E,N,4,0,1,2,A,-,03,22350,NA,N,C,C,A,A,D,-,A,D,0,NA,NA,NA,NA,Y,NA,A,01,0,0,1,0,0,0,0,0,0,-,-,34.08707809448242,-117.66722106933594,SAN BERNARDINO,ONTARIO,-117.66722106933594,34.08707809448242