CASE_ID,ACCIDENT_YEAR,PROC_DATE,JURIS,COLLISION_DATE,COLLISION_TIME,OFFICER_ID,REPORTING_DISTRICT,DAY_OF_WEEK,CHP_SHIFT,POPULATION,CNTY_CITY_LOC,SPECIAL_COND,BEAT_TYPE,CHP_BEAT_TYPE,CITY_DIVISION_LAPD,CHP_BEAT_CLASS,BEAT_NUMBER,PRIMARY_RD,SECONDARY_RD,DISTANCE,DIRECTION,INTERSECTION,WEATHER_1,WEATHER_2,STATE_HWY_IND,CALTRANS_COUNTY,CALTRANS_DISTRICT,STATE_ROUTE,ROUTE_SUFFIX,POSTMILE_PREFIX,POSTMILE,LOCATION_TYPE,RAMP_INTERSECTION,SIDE_OF_HWY,TOW_AWAY,COLLISION_SEVERITY,NUMBER_KILLED,NUMBER_INJURED,PARTY_COUNT,PRIMARY_COLL_FACTOR,PCF_CODE_OF_VIOL,PCF_VIOL_CATEGORY,PCF_VIOLATION,PCF_VIOL_SUBSECTION,HIT_AND_RUN,TYPE_OF_COLLISION,MVIW,PED_ACTION,ROAD_SURFACE,ROAD_COND_1,ROAD_COND_2,LIGHTING,CONTROL_DEVICE,CHP_ROAD_TYPE,PEDESTRIAN_ACCIDENT,BICYCLE_ACCIDENT,MOTORCYCLE_ACCIDENT,TRUCK_ACCIDENT,NOT_PRIVATE_PROPERTY,ALCOHOL_INVOLVED,STWD_VEHTYPE_AT_FAULT,CHP_VEHTYPE_AT_FAULT,COUNT_SEVERE_INJ,COUNT_VISIBLE_INJ,COUNT_COMPLAINT_PAIN,COUNT_PED_KILLED,COUNT_PED_INJURED,COUNT_BICYCLIST_KILLED,COUNT_BICYCLIST_INJURED,COUNT_MC_KILLED,COUNT_MC_INJURED,PRIMARY_RAMP,SECONDARY_RAMP,LATITUDE,LONGITUDE,COUNTY,CITY,POINT_X,POINT_Y
91549990,2021,2021-08-20,9860,2021-08-11,0805,014963,NA,3,1,6,3610,0,1,1,NA,2,214,I-215 S/B,5TH ST,1531,S,N,A,-,Y,NA,NA,215,NA,NA,NA,NA,NA,S,Y,2,0,1,3,A,-,07,21658,A,N,B,C,A,A,H,-,A,D,0,NA,NA,NA,NA,Y,NA,A,01,1,0,0,0,0,0,0,0,0,-,-,34.104129791259766,-117.30214691162108,SAN BERNARDINO,SAN BERNARDINO,-117.30217742919922,34.1041259765625
91550066,2021,2021-08-20,9860,2021-08-16,0325,021587,NA,1,3,9,3600,0,3,5,NA,2,002,HIGHLAND AVE,STATE ST,46,E,N,A,-,N,NA,NA,NA,NA,NA,NA,NA,NA,NA,Y,3,0,1,2,A,-,01,23152,A,N,C,C,A,A,H,-,C,A,0,NA,NA,NA,Y,Y,Y,A,01,0,1,0,0,0,0,0,0,0,-,-,34.136131286621094,-117.33513641357422,SAN BERNARDINO,UNINCORPORATED,-117.33531188964844,34.13610076904297
91550305,2021,2021-08-20,9860,2021-08-17,1825,019599,NA,2,2,4,3603,0,1,1,NA,2,103,I-10 W/B,MT. VERNON AVE.,2640,E,N,A,-,Y,NA,NA,10,NA,NA,NA,NA,NA,W,Y,4,0,2,2,A,-,08,22107,NA,N,B,C,A,A,H,-,A,D,0,NA,NA,NA,Y,Y,NA,A,01,0,0,2,0,0,0,0,0,0,-,-,34.06536865234375,-117.3054428100586,SAN BERNARDINO,COLTON,-117.3054428100586,34.06535720825195
91550375,2021,2021-08-20,9835,2021-08-16,0225,022571,NA,1,3,9,3600,0,1,1,NA,2,075,I-15 S/B,HALLORAN SPRINGS ROAD,2851,S,N,A,-,Y,NA,NA,15,NA,NA,NA,NA,NA,S,Y,3,0,1,1,A,-,08,22107,NA,N,F,A,A,A,H,-,D,D,0,NA,NA,NA,NA,Y,NA,A,01,0,1,0,0,0,0,0,0,0,-,-,35.371578216552734,-115.90119934082033,SAN BERNARDINO,UNINCORPORATED,-115.90119934082033,35.37156677246094
91552439,2021,2021-08-24,9835,2021-07-24,1545,021765,NA,6,2,9,3600,0,1,3,NA,1,013,STATE ROUTE 58,KERN COUNTY LINE,13200,E,N,A,-,Y,NA,NA,58,NA,NA,NA,NA,NA,NA,Y,3,0,1,2,A,-,07,21658,A,N,B,C,A,A,H,-,A,D,0,NA,NA,NA,Y,Y,NA,-,29,0,1,0,0,0,0,0,0,0,-,-,34.99639129638672,-117.59178924560548,SAN BERNARDINO,UNINCORPORATED,-117.59178924560548,34.99640655517578
91552565,2021,2021-08-24,9835,2021-07-29,0255,022379,NA,4,3,9,3600,0,1,1,NA,2,074,I-15,AFTON CANYON RD,10032,N,N,A,-,Y,NA,NA,15,NA,NA,NA,NA,NA,NA,Y,1,1,0,1,A,-,08,22107,NA,N,E,I,A,A,H,-,D,D,0,NA,NA,NA,NA,Y,NA,A,01,0,0,0,0,0,0,0,0,0,-,-,35.08251953125,-116.38075256347656,SAN BERNARDINO,UNINCORPORATED,-116.38074493408205,35.08250427246094
91552743,2021,2021-08-24,9860,2021-08-14,1637,020282,NA,6,2,6,3610,0,1,1,NA,2,202,SR-210 E/B,E ST,23,W,N,A,-,Y,NA,NA,210,NA,NA,NA,NA,NA,E,Y,3,0,3,2,A,-,03,22350,NA,N,C,2,A,A,H,-,A,D,0,NA,NA,NA,NA,Y,NA,A,07,0,1,2,0,0,0,0,0,0,-,-,34.14548873901367,-117.29431915283205,SAN BERNARDINO,SAN BERNARDINO,-117.29431915283205,34.145469665527344
91555480,2021,2021-08-26,9860,2021-08-15,0120,021451,NA,7,3,6,3610,0,1,1,NA,2,214,I-215 N/B,FAIRWAY DR,60,S,N,A,-,Y,NA,NA,215,NA,NA,NA,NA,NA,N,Y,2,0,1,3,A,-,01,23152,A,N,C,E,A,A,H,-,D,D,0,NA,NA,NA,NA,Y,Y,D,22,1,0,0,0,0,0,0,0,0,-,-,34.06719970703125,-117.29589080810548,SAN BERNARDINO,SAN BERNARDINO,-117.29581451416016,34.067195892333984
91557364,2021,2021-08-27,9835,2021-08-19,1122,022649,NA,4,1,9,3600,0,1,1,NA,2,072,I-15 N/B,GHOST TOWN ROAD,1795,S,N,A,-,Y,NA,NA,15,NA,NA,NA,NA,NA,N,Y,3,0,4,2,A,-,21,22106,NA,N,C,C,A,A,H,-,A,D,0,NA,NA,NA,NA,Y,NA,A,01,0,4,0,0,0,0,0,0,0,-,-,34.901668548583984,-116.89272308349608,SAN BERNARDINO,UNINCORPORATED,-116.89272308349608,34.901676177978516
91558259,2021,2021-08-30,9835,2021-08-19,0256,016683,NA,4,3,9,3600,0,1,1,NA,2,074,I-15 N/B,CIMA ROAD,13358,S,N,A,-,Y,NA,NA,NA,NA,NA,NA,NA,NA,NA,Y,4,0,1,1,A,-,08,22107,NA,N,F,A,A,A,H,-,D,D,0,NA,NA,NA,NA,Y,NA,A,08,0,0,1,0,0,0,0,0,0,-,-,34.43096923828125,-115.7104263305664,SAN BERNARDINO,UNINCORPORATED,-115.71298980712892,35.430213928222656
91558267,2021,2021-08-30,9855,2021-06-28,1445,018212,NA,1,2,9,3600,0,3,5,NA,2,001,ARROW ROUTE,BEECH AVENUE,0,NA,Y,A,-,N,NA,NA,NA,NA,NA,NA,NA,NA,NA,N,3,0,1,2,A,-,01,23152,A,N,D,C,A,A,H,-,A,A,0,NA,NA,NA,NA,Y,Y,A,01,0,1,0,0,0,0,0,0,0,-,-,34.099281311035156,-117.47116088867188,SAN BERNARDINO,UNINCORPORATED,-117.47122192382813,34.099281311035156
91559873,2021,2021-09-03,9870,2021-08-30,1105,016935,NA,1,1,9,3600,0,2,4,NA,2,042,AMBOY ROAD,BELL-KING ROAD,42240,N,N,A,-,N,NA,NA,NA,NA,NA,NA,NA,NA,NA,Y,3,0,2,2,A,-,01,23152,F,N,A,C,A,A,H,-,A,D,0,NA,NA,NA,NA,Y,NA,A,01,0,2,0,0,0,0,0,0,0,-,-,34.311031341552734,-115.70024871826172,SAN BERNARDINO,UNINCORPORATED,-115.7072982788086,34.300899505615234
91560433,2021,2021-09-03,9860,2021-08-20,2248,021941,NA,5,3,5,3609,0,1,1,NA,2,201,SR-210 W/B (FOOTHILL FWY),AYALA DR.,2000,W,N,A,-,Y,NA,NA,210,NA,NA,NA,NA,NA,W,Y,3,0,1,1,A,-,01,23152,A,N,E,I,A,A,H,-,C,D,0,NA,NA,NA,NA,Y,Y,A,01,0,1,0,0,0,0,0,0,0,-,-,34.1361083984375,-117.39888763427734,SAN BERNARDINO,RIALTO,-117.39888763427734,34.13618469238281
91561253,2021,2021-09-02,9870,2021-08-26,2115,019709,NA,4,2,9,3600,0,3,5,NA,2,003,COMMERCIAL STREET,EL REPOSO STREET,50,W,N,A,-,N,NA,NA,NA,NA,NA,NA,NA,NA,NA,N,3,0,1,2,A,-,11,21954,A,N,G,B,E,A,H,-,C,D,0,Y,NA,Y,NA,Y,Y,N,60,0,1,0,0,1,0,0,0,0,-,-,34.13581848144531,-116.3134765625,SAN BERNARDINO,UNINCORPORATED,-116.31311798095705,34.13578414916992
91561350,2021,2021-09-02,9860,2021-08-22,0650,016590,NA,7,1,4,3603,0,1,1,NA,2,214,I-215 N/B,I-10,528,S,N,B,-,Y,NA,NA,NA,NA,NA,NA,NA,NA,NA,Y,3,0,2,2,A,-,08,22107,NA,N,B,C,A,A,H,-,A,D,0,NA,NA,NA,NA,Y,NA,A,01,0,2,0,0,0,0,0,0,0,-,-,34.05820846557617,-117.27660369873048,SAN BERNARDINO,COLTON,-117.29655456542967,34.06287384033203
91562088,2021,2021-09-03,9860,2021-08-23,1332,019599,NA,1,1,6,3610,0,1,1,NA,2,216,I-215 N/B,DEVORE RD.,6500,S,N,A,-,Y,NA,NA,215,NA,NA,NA,NA,NA,N,Y,4,0,1,2,A,-,03,22350,NA,N,C,C,A,A,H,-,A,D,0,NA,NA,NA,Y,Y,NA,G,25,0,0,1,0,0,0,0,0,0,-,-,34.20357894897461,-117.3775634765625,SAN BERNARDINO,SAN BERNARDINO,-117.3775634765625,34.20357131958008
91564207,2021,2021-09-07,9860,2021-07-06,1420,021229,NA,2,2,9,3600,0,1,1,NA,2,152,I-15 S/B,OAK HILL RD,7920,S,N,A,-,Y,NA,NA,15,NA,NA,NA,NA,NA,S,N,4,0,1,2,A,-,03,22350,NA,N,C,C,A,A,H,-,A,D,0,NA,NA,NA,NA,Y,NA,D,22,0,0,1,0,0,0,0,0,0,-,-,34.345008850097656,-117.45352935791016,SAN BERNARDINO,UNINCORPORATED,-117.45346832275392,34.34479904174805
91567276,2021,2021-09-10,9834,2021-09-04,1110,017038,NA,6,1,9,3600,0,1,1,NA,2,044,GOFFS ROAD,MOUNTAIN SPRINGS ROADS,5280,E,N,A,-,N,NA,NA,NA,NA,NA,NA,NA,NA,NA,Y,3,0,1,1,A,-,08,22107,NA,M,E,I,A,A,H,-,A,D,0,NA,NA,NA,NA,Y,NA,A,07,0,1,0,0,0,0,0,0,0,-,-,34.9157600402832,-115.0469207763672,SAN BERNARDINO,UNINCORPORATED,-115.04575347900392,34.9158821105957
91567294,2021,2021-09-10,9865,2021-09-03,0745,018392,NA,5,1,9,3600,0,1,3,NA,2,021,SR-330,LIVE OAK DR.,1463,S,N,A,-,Y,NA,NA,330,NA,NA,NA,NA,NA,NA,Y,4,0,2,2,A,-,05,21651,A,N,B,C,A,A,H,-,A,D,0,NA,NA,NA,NA,Y,NA,A,07,0,0,2,0,0,0,0,0,0,-,-,34.203758239746094,-117.1469268798828,SAN BERNARDINO,UNINCORPORATED,-117.14690399169922,34.20364761352539
91567573,2021,2021-09-10,9855,2021-08-30,1233,020904,NA,1,1,5,3602,0,1,S,NA,2,822,SR-60 WESTBOUND (POMONA FREEWAY),CENTRAL AVENUE,2740,E,N,A,-,Y,NA,NA,60,NA,NA,NA,NA,NA,W,N,4,0,1,2,A,-,03,22350,NA,N,C,C,A,A,D,-,A,D,0,NA,NA,NA,NA,Y,NA,A,07,0,0,1,0,0,0,0,0,0,-,-,34.030418395996094,-117.68025207519533,SAN BERNARDINO,CHINO,-117.68025207519533,34.030452728271484
91567841,2021,2021-09-13,9855,2021-07-19,2213,021233,NA,1,3,6,3604,0,1,1,NA,2,101,I-10 E/B,CITRUS AVE.,230,E,N,A,-,Y,NA,NA,10,NA,NA,NA,NA,NA,E,Y,2,0,3,2,A,-,08,22107,NA,F,B,2,A,A,H,-,C,D,0,NA,NA,NA,NA,Y,Y,-,99,1,1,1,0,0,0,0,0,0,-,-,34.06692886352539,-117.4526824951172,SAN BERNARDINO,FONTANA,-117.4526824951172,34.06685256958008
9156805,2020,2021-02-20,3600,2020-12-15,1339,G6641,AP010,2,5,5,3621,0,0,0,NA,0,AP3,TUSSING RANCH RD,OVERLAND RD,0,NA,Y,A,-,N,NA,NA,NA,NA,NA,NA,NA,NA,NA,Y,4,0,1,1,A,-,03,22350,NA,N,F,-,A,A,H,-,A,D,0,NA,NA,Y,NA,Y,NA,C,03,0,0,1,0,0,0,0,0,1,-,-,NA,NA,SAN BERNARDINO,APPLE VALLEY,-117.218488,34.442446
9156821,2020,2021-02-26,3600,2020-12-16,1326,F4772,VC013,3,5,5,3612,0,0,0,NA,0,VC4,BEAR VALLEY RD,AMARGOSA RD,0,NA,Y,A,-,N,NA,NA,NA,NA,NA,NA,NA,NA,NA,N,3,0,1,3,A,-,12,21453,A,N,D,C,A,A,H,-,A,A,0,NA,NA,NA,NA,Y,NA,-,-,0,1,0,0,0,0,0,0,0,-,-,NA,NA,SAN BERNARDINO,VICTORVILLE,-117.34842681884766,34.47040939331055
91568524,2021,2021-09-13,9855,2021-08-17,1845,015919,NA,2,2,9,3600,0,1,1,NA,2,101,I-10 W/B (SAN BERNARDINO FWY),VALLEY BOULEVARD,3000,E,N,A,-,Y,NA,NA,10,NA,NA,NA,NA,NA,W,Y,3,0,2,2,A,-,03,22350,NA,F,C,C,A,A,H,-,A,D,0,NA,NA,NA,NA,Y,NA,A,07,0,2,0,0,0,0,0,0,0,-,-,34.06571960449219,-117.5061264038086,SAN BERNARDINO,UNINCORPORATED,-117.50611877441406,34.06584930419922
91568822,2021,2021-09-13,9865,2021-09-11,1400,014696,NA,6,2,9,3600,0,1,3,NA,2,020,SR-330,HIGHLAND AVENUE,5808,N,N,B,-,Y,NA,NA,330,NA,NA,NA,NA,NA,NA,Y,3,0,2,2,A,-,08,22105,NA,N,B,C,A,A,H,-,A,D,0,NA,NA,NA,NA,Y,NA,A,01,0,1,1,0,0,0,0,0,0,-,-,34.15171813964844,-117.1884994506836,SAN BERNARDINO,UNINCORPORATED,-117.18877410888672,34.15195846557617
91569258,2021,2021-11-02,9850,2021-09-12,0535,022073,NA,7,3,9,3600,0,1,1,NA,2,083,I-15 N/B,D STREET,1800,S,N,A,-,Y,NA,NA,NA,NA,NA,NA,NA,NA,NA,Y,3,0,3,2,A,-,01,23152,A,N,D,C,A,A,H,-,D,D,0,NA,NA,NA,NA,Y,Y,-,-,0,2,1,0,0,0,0,0,0,-,-,34.54248809814453,-117.3052978515625,SAN BERNARDINO,UNINCORPORATED,-117.30538177490234,34.542423248291016
9157100,2020,2020-12-08,3600,2020-09-11,1856,G5408,AP012,5,5,5,3621,0,0,0,NA,0,AP2,NAVAJO RD,WIDGEON RD,0,NA,N,A,-,N,NA,NA,NA,NA,NA,NA,NA,NA,NA,Y,4,0,1,1,C,-,18,NA,NA,N,E,I,A,A,H,-,B,D,0,NA,NA,NA,NA,Y,NA,-,-,0,0,1,0,0,0,0,0,0,-,-,NA,NA,SAN BERNARDINO,APPLE VALLEY,-117.19052124023438,34.53314971923828
91572110,2021,2021-09-16,9850,2021-09-09,0052,020648,NA,4,3,9,3600,0,2,4,NA,2,057,SHEEP CREEK ROAD,YUCCA TERRACE DRIVE,330,S,N,A,-,N,NA,NA,NA,NA,NA,NA,NA,NA,NA,N,2,0,1,2,A,-,03,22350,NA,F,C,G,A,A,H,-,D,D,0,NA,Y,NA,NA,Y,NA,-,99,1,0,0,0,0,0,1,0,0,-,-,34.43265151977539,-117.57260131835938,SAN BERNARDINO,UNINCORPORATED,-117.57263946533205,34.432674407958984
91574029,2021,2021-09-20,9860,2021-09-03,2150,020135,NA,5,2,6,3610,0,1,3,NA,2,259,SR-259 S/B,E ST,78,S,N,A,-,Y,NA,NA,259,NA,NA,NA,NA,NA,S,Y,3,0,1,3,A,-,07,21658,A,N,B,C,A,A,H,-,D,D,0,NA,NA,NA,NA,Y,NA,A,01,0,1,0,0,0,0,0,0,0,-,-,34.14590835571289,-117.29450988769533,SAN BERNARDINO,SAN BERNARDINO,-117.29450988769533,34.14593505859375
91574302,2021,2021-09-20,9860,2021-09-12,0420,020856,NA,7,3,4,3603,0,1,1,NA,2,214,I-215 NORTHBOUND,WASHINGTON STREET,2800,N,N,A,-,Y,NA,NA,215,NA,NA,NA,NA,NA,N,N,3,0,1,2,A,-,03,22350,NA,F,C,C,A,A,H,-,D,D,0,NA,NA,NA,NA,Y,NA,-,99,0,1,0,0,0,0,0,0,0,-,-,34.052650451660156,-117.30039978027344,SAN BERNARDINO,COLTON,-117.30050659179688,34.05275344848633
9157609,2020,2020-12-01,3604,2020-09-04,1931,1265,NA,5,5,6,3604,0,0,0,NA,0,NA,SIERRA AVE,SUMMIT AVE,1400,N,N,A,-,N,NA,NA,NA,NA,NA,NA,NA,NA,NA,Y,4,0,1,2,A,-,08,22102,NA,N,D,C,A,A,H,-,C,D,0,NA,NA,NA,NA,Y,NA,A,01,0,0,1,0,0,0,0,0,0,-,-,NA,NA,SAN BERNARDINO,FONTANA,-117.43614196777344,34.15427780151367
9157687,2020,2020-12-01,3600,2020-09-11,1631,F8556,RC055,5,5,6,3616,0,0,0,NA,0,004,VINEYARD AV,HEMLOCK ST,0,NA,Y,A,-,N,NA,NA,NA,NA,NA,NA,NA,NA,NA,N,3,0,2,2,A,-,09,21801,A,N,D,C,A,A,H,-,A,A,0,NA,NA,NA,NA,Y,NA,A,01,0,1,1,0,0,0,0,0,0,-,-,NA,NA,SAN BERNARDINO,RANCHO CUCAMONGA,-117.61148834228516,34.109710693359375
91578025,2021,2021-09-23,9855,2021-09-13,0440,022021,NA,1,3,6,3604,0,3,5,NA,2,001,LEXUS LN,TAURUS AVE,135,E,N,A,-,N,NA,NA,NA,NA,NA,NA,NA,NA,NA,Y,3,0,2,2,A,-,08,22107,NA,N,A,E,A,A,H,-,C,D,0,NA,NA,NA,NA,Y,NA,A,01,0,2,0,0,0,0,0,0,0,-,-,34.101959228515625,-117.50305938720705,SAN BERNARDINO,FONTANA,-117.50310516357422,34.101993560791016
91578350,2021,2021-09-23,9865,2021-09-13,1915,021841,NA,1,2,9,3600,0,1,3,NA,2,032,SR-18,PINE VIEW DR,200,S,N,A,G,Y,NA,NA,18,NA,NA,NA,NA,NA,NA,N,3,0,1,2,A,-,05,21460,A,N,B,C,A,A,H,-,B,A,0,NA,NA,NA,NA,Y,NA,A,08,0,1,0,0,0,0,0,0,0,-,-,34.26042175292969,-116.86003875732422,SAN BERNARDINO,UNINCORPORATED,-116.86003875732422,34.26046371459961
91580097,2021,2021-09-27,9860,2021-09-20,0640,016536,NA,1,1,4,3640,0,1,1,NA,2,106,I-10 W/B,YUCAIPA BLVD,100,E,N,A,-,Y,NA,NA,10,NA,NA,NA,NA,NA,W,Y,4,0,1,4,A,-,03,22350,NA,N,C,C,A,A,H,-,A,D,0,NA,NA,NA,NA,Y,NA,A,07,0,0,1,0,0,0,0,0,0,-,-,34.02671813964844,-117.11892700195313,SAN BERNARDINO,YUCAIPA,-117.1189193725586,34.02674102783203
91580503,2021,2021-09-27,9855,2021-09-15,0050,021959,NA,3,3,6,3616,0,1,1,NA,2,101,I-10 W/B (SAN BERNARDINO FWY),MILLIKEN AVE.,528,W,N,A,-,Y,NA,NA,NA,NA,NA,NA,NA,NA,NA,Y,3,0,1,1,A,-,01,23152,A,N,E,I,A,A,D,-,C,A,0,NA,NA,NA,NA,Y,Y,A,01,0,1,0,0,0,0,0,0,0,-,-,34.067291259765625,-117.56056213378906,SAN BERNARDINO,RANCHO CUCAMONGA,-117.55848693847656,34.06755828857422
9158278,2020,2020-10-19,3609,2020-08-05,1503,0244,RI142,3,5,5,3609,0,0,0,NA,0,004,PEPPER AV,2ND ST,0,NA,Y,A,-,NA,NA,NA,NA,NA,NA,NA,NA,NA,NA,Y,4,0,1,2,A,-,12,22450,NA,F,D,C,A,A,-,-,A,A,0,NA,NA,NA,NA,Y,Y,D,22,0,0,1,0,0,0,0,0,0,-,-,34.6114387512207,-117.21106719970705,SAN BERNARDINO,RIALTO,-117.39417266845705,34.03514862060547
91583531,2021,2021-09-30,9855,2021-09-18,0205,021483,NA,6,3,6,3604,0,1,1,NA,2,201,SR-210 E/B (FOOTHILL FWY),CHERRY AVENUE,470,E,N,A,-,Y,NA,NA,210,NA,NA,NA,NA,NA,E,Y,3,0,1,1,A,-,01,23152,A,N,E,J,A,A,H,-,C,D,0,NA,NA,NA,NA,Y,Y,A,01,0,1,0,0,0,0,0,0,0,-,-,34.13608169555664,-117.49031066894533,SAN BERNARDINO,FONTANA,-117.49031066894533,34.13624954223633
9158364,2020,2020-11-20,3600,2020-09-27,1012,D3384,YC209,7,5,4,3640,0,0,0,NA,0,YC1,DATE AV,CALVIN ST,80,W,N,A,-,N,NA,NA,NA,NA,NA,NA,NA,NA,NA,Y,4,0,1,2,A,-,09,21802,A,N,D,C,A,A,H,-,A,D,0,NA,NA,NA,NA,Y,NA,-,NA,0,0,1,0,0,0,0,0,0,-,-,NA,NA,SAN BERNARDINO,YUCAIPA,-117.0299835205078,34.041141510009766
91583768,2021,2021-09-30,9855,2021-09-19,1100,017781,NA,7,1,5,3611,0,1,1,NA,2,203,SR-210 W/B (FOOTHILL FWY),MOUNTAIN AVE.,2260,W,N,A,-,Y,NA,NA,NA,NA,NA,NA,NA,NA,NA,Y,4,0,1,3,A,-,07,21658,A,N,B,2,A,A,H,-,A,D,0,NA,NA,NA,NA,Y,NA,A,01,0,0,1,0,0,0,0,0,0,-,-,34.080101013183594,-117.40399932861328,SAN BERNARDINO,UPLAND,-117.6776123046875,34.133934020996094
91585759,2021,2021-10-01,9855,2021-09-21,1550,015919,NA,2,2,6,3607,0,1,1,NA,2,103,I-10 W/B FROM ARCHIBALD AVENUE,ARCHIBALD AVENUE,25,W,N,A,-,Y,NA,NA,10,NA,NA,NA,R,NA,W,N,4,0,1,3,A,-,03,22350,NA,N,C,C,A,A,H,-,A,A,0,NA,NA,NA,NA,Y,NA,D,22,0,0,1,0,0,0,0,0,0,-,-,34.06882095336914,-117.59368133544922,SAN BERNARDINO,ONTARIO,-117.59368133544922,34.06882095336914
91586538,2021,2021-10-04,9855,2021-08-30,0435,020664,NA,1,3,6,3607,0,1,1,NA,2,152,I-15 N/B (ONTARIO FWY),FOURTH ST.,1900,S,N,A,-,Y,NA,NA,15,NA,NA,NA,NA,NA,N,N,3,0,1,1,A,-,03,22350,NA,N,A,I,A,A,H,-,C,D,0,NA,NA,NA,Y,Y,NA,G,25,0,1,0,0,0,0,0,0,0,-,-,34.071651458740234,-117.54463958740234,SAN BERNARDINO,ONTARIO,-117.54471588134766,34.071651458740234
91586682,2021,2021-10-04,9860,2021-09-28,0455,021149,NA,2,3,9,3600,0,2,4,NA,1,131,LYTLE CREEK RD,MEYERS CANYON RD,5280,N,N,A,-,N,NA,NA,NA,NA,NA,NA,NA,NA,NA,Y,4,0,1,1,A,-,08,22107,NA,N,E,I,A,A,H,-,D,D,0,NA,NA,NA,NA,Y,NA,A,01,0,0,1,0,0,0,0,0,0,-,-,34.214599609375,-117.45800018310548,SAN BERNARDINO,UNINCORPORATED,-117.45761108398438,34.21210479736328
91587602,2021,2021-10-04,9860,2021-09-28,0128,022539,NA,2,3,9,3600,0,1,1,NA,2,152,I-15 N/B,SR-138,5280,S,N,A,-,Y,NA,NA,15,NA,NA,NA,NA,NA,N,Y,4,0,1,2,A,-,01,23152,A,N,B,C,A,A,H,-,D,D,0,NA,NA,NA,NA,Y,Y,A,01,0,0,1,0,0,0,0,0,0,-,-,34.30326843261719,-117.46138763427734,SAN BERNARDINO,UNINCORPORATED,-117.4614028930664,34.30324935913086
91588674,2021,2021-10-05,9835,2021-07-10,0755,019992,NA,6,1,9,3600,0,1,3,NA,1,013,SR-58 W/B,US-395,90,E,N,A,-,Y,NA,NA,NA,NA,NA,NA,NA,NA,NA,Y,1,1,1,1,A,-,08,22107,NA,N,E,I,A,A,H,-,A,D,0,NA,NA,NA,NA,Y,NA,M,47,1,0,0,0,0,0,0,0,0,-,-,34.99618911743164,-117.54241180419922,SAN BERNARDINO,UNINCORPORATED,-117.54241180419922,34.99617004394531
91590241,2021,2021-10-07,9860,2021-10-03,1538,020654,NA,7,2,5,3608,0,1,1,NA,2,104,I-10 WESTBOUND,ALABAMA ST.,1056,E,N,A,-,Y,NA,NA,10,NA,NA,NA,NA,NA,W,Y,4,0,1,2,A,-,03,22350,NA,N,C,C,A,A,H,-,A,D,0,NA,NA,NA,NA,Y,NA,A,01,0,0,1,0,0,0,0,0,0,-,-,34.0666389465332,-117.20540618896484,SAN BERNARDINO,REDLANDS,-117.20540618896484,34.06675338745117
91590276,2021,2021-10-07,9860,2021-10-05,2027,019599,NA,2,2,6,3610,0,1,1,NA,2,214,I-215 S/B,INLAND CENTER DR.,80,S,N,B,-,Y,NA,NA,215,NA,NA,NA,NA,NA,S,Y,4,0,2,2,A,-,03,22350,NA,N,C,C,A,A,D,E,D,D,0,NA,NA,NA,NA,Y,NA,A,01,0,0,2,0,0,0,0,0,0,-,-,34.08475112915039,-117.30092620849608,SAN BERNARDINO,SAN BERNARDINO,-117.30088806152344,34.08477783203125
91591972,2021,2021-10-08,9860,2021-10-03,1225,016590,NA,7,1,6,3610,0,1,1,NA,2,214,I-215 S/B,MILL ST.,1056,N,N,A,-,Y,NA,NA,215,NA,NA,NA,NA,NA,S,Y,3,0,2,2,A,-,07,21658,A,F,C,C,A,A,H,-,A,D,0,NA,NA,Y,NA,Y,NA,A,01,0,2,0,0,0,0,0,0,2,-,-,34.09463119506836,-117.30213165283205,SAN BERNARDINO,SAN BERNARDINO,-117.30200958251952,34.09463119506836
9159331,2020,2020-12-15,3600,2020-09-07,1732,H6841,HE412,1,5,5,3619,0,0,0,NA,0,HE4,DANBURY AV,LYONS AV,35,E,N,A,-,N,NA,NA,NA,NA,NA,NA,NA,NA,NA,Y,4,0,1,2,A,-,01,23152,A,N,C,I,A,A,H,-,A,D,0,NA,NA,NA,NA,Y,Y,A,01,0,0,1,0,0,0,0,0,0,-,-,NA,NA,SAN BERNARDINO,HESPERIA,-117.28591918945313,34.39573287963867
9159450,2020,2020-12-21,3609,2020-10-04,0138,0456,R1078,7,5,5,3609,0,0,0,NA,0,002,RIVERSIDE AV,EASTON AV,180,NA,N,A,-,N,NA,NA,NA,NA,NA,NA,NA,NA,NA,Y,3,0,1,1,A,-,22,23123,NA,N,E,I,A,A,H,-,C,D,0,NA,NA,NA,NA,Y,NA,A,01,0,1,0,0,0,0,0,0,0,-,-,34.13330078125,-117.37049865722656,SAN BERNARDINO,RIALTO,-117.37043762207033,34.134029388427734