CASE_ID,ACCIDENT_YEAR,PROC_DATE,JURIS,COLLISION_DATE,COLLISION_TIME,OFFICER_ID,REPORTING_DISTRICT,DAY_OF_WEEK,CHP_SHIFT,POPULATION,CNTY_CITY_LOC,SPECIAL_COND,BEAT_TYPE,CHP_BEAT_TYPE,CITY_DIVISION_LAPD,CHP_BEAT_CLASS,BEAT_NUMBER,PRIMARY_RD,SECONDARY_RD,DISTANCE,DIRECTION,INTERSECTION,WEATHER_1,WEATHER_2,STATE_HWY_IND,CALTRANS_COUNTY,CALTRANS_DISTRICT,STATE_ROUTE,ROUTE_SUFFIX,POSTMILE_PREFIX,POSTMILE,LOCATION_TYPE,RAMP_INTERSECTION,SIDE_OF_HWY,TOW_AWAY,COLLISION_SEVERITY,NUMBER_KILLED,NUMBER_INJURED,PARTY_COUNT,PRIMARY_COLL_FACTOR,PCF_CODE_OF_VIOL,PCF_VIOL_CATEGORY,PCF_VIOLATION,PCF_VIOL_SUBSECTION,HIT_AND_RUN,TYPE_OF_COLLISION,MVIW,PED_ACTION,ROAD_SURFACE,ROAD_COND_1,ROAD_COND_2,LIGHTING,CONTROL_DEVICE,CHP_ROAD_TYPE,PEDESTRIAN_ACCIDENT,BICYCLE_ACCIDENT,MOTORCYCLE_ACCIDENT,TRUCK_ACCIDENT,NOT_PRIVATE_PROPERTY,ALCOHOL_INVOLVED,STWD_VEHTYPE_AT_FAULT,CHP_VEHTYPE_AT_FAULT,COUNT_SEVERE_INJ,COUNT_VISIBLE_INJ,COUNT_COMPLAINT_PAIN,COUNT_PED_KILLED,COUNT_PED_INJURED,COUNT_BICYCLIST_KILLED,COUNT_BICYCLIST_INJURED,COUNT_MC_KILLED,COUNT_MC_INJURED,PRIMARY_RAMP,SECONDARY_RAMP,LATITUDE,LONGITUDE,COUNTY,CITY,POINT_X,POINT_Y
9172611,2020,2020-11-03,3600,2020-09-10,1217,F1596,RC018,4,5,6,3616,0,0,0,NA,0,005,FOOTHILL BL,ASPEN AV,0,NA,Y,A,-,N,NA,NA,NA,NA,NA,NA,NA,NA,NA,Y,4,0,1,2,A,-,09,21453,C,N,D,C,A,A,H,-,A,A,0,NA,NA,NA,NA,Y,NA,A,01,0,0,1,0,0,0,0,0,0,-,-,NA,NA,SAN BERNARDINO,RANCHO CUCAMONGA,-117.5712890625,34.106571197509766
91726919,2022,2022-03-18,9855,2022-03-09,1645,019675,NA,3,2,5,3611,0,1,1,NA,2,103,I-10 W/B (SAN BERNARDINO FWY),OF EAST EDGE OF EUCLID AVENUE,60,W,N,A,-,Y,SBD,NA,10,NA,NA,3.465,H,NA,L,Y,4,0,2,4,A,-,03,22350,NA,N,C,C,A,A,D,-,A,D,0,NA,NA,NA,NA,Y,NA,A,07,0,0,2,0,0,0,0,0,0,-,-,34.08740997314453,-117.65117645263672,SAN BERNARDINO,UPLAND,-117.65117645263672,34.087425231933594
91729974,2022,2022-03-23,9850,2022-03-17,0249,017775,NA,4,3,5,3619,0,1,1,NA,2,082,I-15 N/B,MAIN STREET,2640,N,N,A,-,Y,SBD,NA,15,NA,NA,34.534,H,NA,R,Y,4,0,1,2,A,-,03,22350,NA,N,C,C,A,A,D,-,D,D,0,NA,NA,NA,Y,Y,NA,A,01,0,0,1,0,0,0,0,0,0,-,-,34.43309020996094,-117.37516784667967,SAN BERNARDINO,HESPERIA,-117.37525177001952,34.43313217163086
9173054,2020,2021-01-15,3605,2020-10-06,1110,441,NA,2,5,4,3605,0,0,0,NA,0,NA,KINGSLEY ST,MILLS AV,0,NA,Y,A,-,N,NA,NA,NA,NA,NA,NA,NA,NA,NA,Y,4,0,1,2,A,-,12,21453,A,N,D,C,A,A,H,-,A,A,0,NA,NA,NA,NA,Y,NA,A,08,0,0,1,0,0,0,0,0,0,-,-,NA,NA,SAN BERNARDINO,MONTCLAIR,-117.7165298461914,34.066871643066406
91731045,2022,2022-03-24,9850,2022-03-19,1140,019278,NA,6,1,5,3619,0,1,1,NA,2,082,I-15 N/B,MAIN ST,1320,S,N,B,G,Y,SBD,NA,15,NA,NA,33.667,H,NA,R,N,4,0,2,2,A,-,07,21658,A,N,B,C,A,A,D,-,A,D,0,NA,NA,NA,NA,Y,NA,D,22,0,0,2,0,0,0,0,0,0,-,-,34.42266082763672,-117.38339233398438,SAN BERNARDINO,HESPERIA,-117.38340759277344,34.42266845703125
91733904,2022,2022-03-25,9855,2022-02-03,0720,017781,NA,4,1,6,3607,0,1,1,NA,2,103,I-10 E/B (SAN BERNARDINO FWY),4TH ST.,1320,W,N,A,-,Y,SBD,NA,10,NA,NA,4.761,H,NA,R,N,4,0,2,2,A,-,03,22350,NA,N,C,C,A,A,D,-,A,D,0,NA,NA,NA,NA,Y,NA,A,07,0,0,2,0,0,0,0,0,0,-,-,34.081539154052734,-117.63047027587892,SAN BERNARDINO,ONTARIO,-117.63043975830078,34.081581115722656
91736095,2022,2022-03-29,9860,2022-03-24,1805,014777,NA,4,2,9,3600,0,1,1,NA,2,151,I-15 N/B,OAKIE FLAT ROAD,1584,S,N,A,-,Y,NA,NA,NA,NA,NA,NA,NA,NA,NA,Y,2,0,1,2,A,-,03,22350,NA,F,C,C,A,A,H,-,A,D,0,NA,NA,Y,NA,Y,NA,C,02,1,0,0,0,0,0,0,0,1,-,-,34.27494812011719,-117.4995574951172,SAN BERNARDINO,UNINCORPORATED,NA,NA
91737673,2022,2022-03-31,9855,2022-03-18,2223,018000,NA,5,3,9,3600,0,3,5,NA,2,004,MONTE VISTA AVENUE,PHILLIPS BLVD.,0,NA,Y,A,-,N,NA,NA,NA,NA,NA,NA,NA,NA,NA,N,3,0,1,1,A,-,01,23152,A,N,E,I,A,A,H,-,C,A,0,NA,NA,NA,NA,Y,Y,A,01,0,1,0,0,0,0,0,0,0,-,-,34.047298431396484,-117.69830322265624,SAN BERNARDINO,UNINCORPORATED,-117.69831085205078,34.04720687866211
91738248,2022,2022-03-31,9865,2022-03-21,1516,021841,NA,1,2,9,3600,0,3,5,NA,2,003,SHAY ROAD,BALDWIN LAKE ROAD,405,W,N,A,-,N,NA,NA,NA,NA,NA,NA,NA,NA,NA,N,3,0,2,1,A,-,01,23152,A,F,F,I,A,A,H,-,A,D,0,NA,NA,NA,NA,Y,Y,A,07,0,2,0,0,0,0,0,0,0,-,-,34.26084899902344,-116.79344940185548,SAN BERNARDINO,UNINCORPORATED,-116.79352569580078,34.260807037353516
91739142,2022,2022-04-01,9865,2022-03-27,1650,020725,NA,7,2,9,3600,0,1,3,NA,1,030,SR-18,GLORY RIDGE ROAD,10560,S,N,A,-,Y,SBD,NA,18,NA,NA,40.209,H,NA,R,Y,2,0,2,1,A,-,03,22350,NA,N,F,A,A,A,H,-,A,D,0,NA,NA,Y,NA,Y,NA,C,02,1,1,0,0,0,0,0,0,2,-,-,34.244930267333984,-117.02776336669922,SAN BERNARDINO,UNINCORPORATED,-117.02777099609376,34.244956970214844
91742010,2022,2022-04-06,9860,2022-03-30,1135,015495,NA,3,1,9,3600,0,3,5,NA,2,002,5TH ST.,PEDLEY RD.,0,NA,Y,B,-,N,NA,NA,NA,NA,NA,NA,NA,NA,NA,Y,4,0,1,4,A,-,09,21802,A,N,D,C,A,A,H,-,A,A,0,NA,NA,NA,NA,Y,NA,A,01,0,0,1,0,0,0,0,0,0,-,-,34.10837173461914,-117.26685333251952,SAN BERNARDINO,UNINCORPORATED,-117.26681518554688,34.10832595825195
91742380,2022,2022-04-06,9855,2022-03-28,2240,018000,NA,1,3,5,3611,0,1,1,NA,2,203,SR-210 W/B (FOOTHILL FREEWAY),BASELINE RD.,2330,E,N,B,C,Y,SBD,NA,210,NA,NA,0.226,H,NA,L,N,4,0,4,1,A,-,03,22350,NA,N,E,I,A,B,H,-,C,D,0,NA,NA,NA,NA,Y,NA,A,07,0,0,4,0,0,0,0,0,0,-,-,34.12670135498047,-117.68936920166016,SAN BERNARDINO,UPLAND,-117.68939971923828,34.12672805786133
91743090,2022,2022-04-07,9860,2022-03-31,1425,019062,NA,4,2,3,3690,0,1,1,NA,2,214,I-215 S/B,BARTON RD,1584,S,N,B,-,Y,SBD,NA,215,NA,NA,0.932,H,NA,L,N,4,0,1,3,A,-,03,22350,NA,N,C,C,A,A,H,-,A,D,0,NA,NA,NA,NA,Y,NA,A,01,0,0,1,0,0,0,0,0,0,-,-,34.02988052368164,-117.32952117919922,SAN BERNARDINO,GRAND TERRACE,-117.32957458496094,34.02992248535156
91744556,2022,2022-04-11,9860,2022-03-28,0140,022347,NA,1,3,3,3690,0,1,1,NA,2,214,I-215 S/B,BARTON ROAD,2300,N,N,A,-,Y,SBD,NA,215,NA,NA,1.748,H,NA,L,Y,3,0,1,1,A,-,08,22107,NA,N,E,I,A,A,H,-,C,D,0,NA,NA,NA,NA,Y,NA,A,01,0,1,0,0,0,0,0,0,0,-,-,34.03852081298828,-117.31979370117188,SAN BERNARDINO,GRAND TERRACE,-117.31983184814452,34.038551330566406
91744965,2022,2022-04-11,9850,2022-04-01,1850,022734,NA,5,2,5,3612,0,1,1,NA,2,082,I-15 S/B,BEAR VALLEY RD,2981,S,N,A,-,Y,SBD,NA,15,NA,NA,36.983,H,NA,L,Y,3,0,1,1,A,-,01,23152,A,M,E,I,A,A,D,-,A,D,0,NA,NA,NA,NA,Y,Y,A,08,0,1,0,0,0,0,0,0,0,-,-,34.46310043334961,-117.35227966308594,SAN BERNARDINO,VICTORVILLE,-117.35214996337892,34.46303176879883
91746084,2022,2022-04-12,9835,2022-04-06,0753,022393,NA,3,1,9,3600,0,1,1,NA,2,076,I-15 N/B,HALLORAN SUMMIT RD,4910,N,N,A,-,Y,SBD,NA,15,NA,NA,156.326,H,NA,R,Y,2,0,1,1,A,-,08,22107,NA,N,F,A,A,A,H,-,A,D,0,NA,NA,NA,NA,Y,NA,A,01,1,0,0,0,0,0,0,0,0,-,-,35.4068717956543,-115.77902221679688,SAN BERNARDINO,UNINCORPORATED,-115.77904510498048,35.40691375732422
9174857,2020,2020-12-12,3600,2020-10-22,2205,G8533,AP010,4,5,5,3621,0,0,0,NA,0,AP3,BEAR VALLEY RD,KIOWA RD,0,NA,Y,A,-,N,NA,NA,NA,NA,NA,NA,NA,NA,NA,Y,4,0,1,2,A,-,08,22107,NA,N,B,C,A,-,H,-,C,A,0,NA,NA,NA,NA,Y,Y,A,01,0,0,1,0,0,0,0,0,0,-,-,NA,NA,SAN BERNARDINO,APPLE VALLEY,-117.20773315429688,34.471439361572266
91749959,2022,2022-04-18,9860,2022-04-04,0055,022248,NA,1,3,6,3610,0,1,1,NA,2,202,SR-210 E/B,DEL ROSA AVE,900,E,N,A,-,Y,SBD,NA,210,NA,R,25.922,H,NA,R,Y,3,0,2,2,A,-,08,22107,NA,N,E,I,A,A,D,-,C,D,0,NA,NA,NA,NA,Y,NA,A,01,0,2,0,0,0,0,0,0,0,-,-,34.14120864868164,-117.24951934814452,SAN BERNARDINO,SAN BERNARDINO,-117.2494888305664,34.141258239746094
91750068,2022,2022-04-18,9850,2022-04-11,1325,019278,NA,1,1,5,3619,0,1,1,NA,2,081,I-15 S/B,RANCHERO RD,700,N,N,A,-,Y,SBD,NA,15,NA,NA,30.53,H,NA,L,N,4,0,2,3,A,-,03,22350,NA,N,C,C,A,A,D,-,A,D,0,NA,NA,NA,NA,Y,NA,A,07,0,0,2,0,0,0,0,0,0,-,-,34.384769439697266,-117.41400909423828,SAN BERNARDINO,HESPERIA,-117.4140853881836,34.38481140136719
91752689,2021,2022-04-20,9855,2021-11-05,0813,018335,NA,5,1,6,3607,0,1,1,NA,2,103,I-10 EASTBOUND (SAN BERNARDINO FWY),SIXTH STREET,453,E,N,A,-,Y,NA,NA,10,NA,NA,NA,NA,NA,E,Y,1,1,0,2,A,-,03,22350,NA,N,F,0,A,A,D,-,A,D,0,NA,NA,Y,NA,Y,NA,C,02,0,0,0,0,0,0,0,1,0,-,-,34.08449172973633,-117.63533782958984,SAN BERNARDINO,ONTARIO,-117.6353759765625,34.084434509277344
91754469,2022,2022-04-22,9860,2022-02-10,1320,019725,NA,4,1,5,3608,0,1,1,NA,2,105,I-10 E/B,FORD ST,1000,E,N,A,-,Y,SBD,NA,10,NA,NA,33.306,H,NA,R,Y,4,0,1,3,A,-,07,21658,A,N,B,2,A,A,H,-,A,D,0,NA,NA,NA,Y,Y,NA,F,27,0,0,1,0,0,0,0,0,0,-,-,34.03942108154297,-117.15402221679688,SAN BERNARDINO,REDLANDS,-117.1540069580078,34.039432525634766
91754498,2022,2022-04-22,9855,2022-04-13,0230,018000,NA,3,3,5,3602,0,1,3,NA,2,603,SR-60 E/B (POMONA FWY),CENTRAL AVE,330,W,N,A,-,Y,SBD,NA,60,NA,R,2.294,H,NA,R,Y,3,0,1,2,A,-,03,22350,NA,M,C,C,A,A,H,-,C,D,0,NA,NA,NA,NA,Y,NA,-,-,0,1,0,0,0,0,0,0,0,-,-,34.03007125854492,-117.6907196044922,SAN BERNARDINO,CHINO,-117.6907196044922,34.030181884765625
9175494,2020,2020-12-17,3600,2020-10-18,1839,H9013,HE410,7,5,5,3619,0,0,0,NA,0,HE4,ARROWHEAD LAKE RD,DANBURY AV,0,NA,Y,A,-,N,NA,NA,NA,NA,NA,NA,NA,NA,NA,Y,3,0,1,2,A,-,-,NA,A,N,F,C,A,A,H,-,C,D,0,NA,NA,NA,NA,Y,NA,-,-,0,1,0,0,0,0,0,0,0,-,-,NA,NA,SAN BERNARDINO,HESPERIA,-117.24935150146484,34.4021110534668
91755107,2022,2022-04-25,9855,2022-04-15,1940,021156,NA,5,2,6,3607,0,1,1,NA,2,103,I-10 E/B (SAN BERNARDINO FWY),SULTANA AVE.,900,E,N,A,-,Y,SBD,NA,10,NA,NA,3.882,H,NA,R,N,4,0,1,2,A,-,03,22350,NA,F,C,2,A,A,D,-,C,D,0,NA,NA,NA,NA,Y,NA,-,99,0,0,1,0,0,0,0,0,0,-,-,34.0872802734375,-117.64391326904295,SAN BERNARDINO,ONTARIO,-117.64391326904295,34.08723831176758
91756394,2022,2022-04-26,9860,2022-03-28,1442,021363,NA,1,2,4,3603,0,1,1,NA,2,214,I-215 N/B TO WASHINGTON ST,MOUNT VERNON AVE,80,W,N,B,C,Y,SBD,NA,215,NA,NA,2.608,H,NA,R,Y,4,0,2,3,A,-,03,22350,NA,N,C,C,A,B,H,-,A,A,0,NA,NA,NA,NA,Y,NA,A,01,0,0,2,0,0,0,0,0,0,-,-,34.04664993286133,-117.308349609375,SAN BERNARDINO,COLTON,-117.30853271484376,34.04683303833008
91758571,2022,2022-04-28,9855,2022-04-18,1740,017781,NA,1,2,6,3607,0,1,3,NA,2,601,SR-60 E/B (POMONA FWY),GROVE AVE.,1320,W,N,A,-,Y,SBD,NA,60,NA,R,5.428,H,NA,R,Y,4,0,1,2,A,-,03,22350,NA,N,C,C,A,A,H,-,A,D,0,NA,NA,NA,NA,Y,NA,A,07,0,0,1,0,0,0,0,0,0,-,-,34.03036117553711,-117.63609313964844,SAN BERNARDINO,ONTARIO,-117.63609313964844,34.03038024902344
91762487,2022,2022-05-02,9870,2022-04-25,0850,020280,NA,1,1,9,3600,0,1,3,NA,1,011,STATE ROUTE 62 (TWENTYNINE PALMS HWY),YUCCA PARK ROAD,993,E,N,A,-,Y,NA,NA,NA,NA,NA,NA,NA,NA,NA,N,2,0,3,4,A,-,03,22350,NA,N,C,C,A,A,D,E,A,A,0,NA,NA,NA,Y,Y,NA,F,25,1,2,0,0,0,0,0,0,0,-,-,34.10493850708008,-116.49890899658205,SAN BERNARDINO,UNINCORPORATED,-116.48984527587892,34.10486602783203
9176469,2020,2020-11-23,3611,2020-08-21,2250,3337,3611,5,5,5,3611,0,0,0,NA,0,004,FOOTHILL BL,2ND AV,0,NA,Y,A,-,N,NA,NA,NA,NA,NA,NA,NA,NA,NA,Y,3,0,1,2,A,-,09,21453,C,N,D,C,A,A,H,-,C,A,0,NA,NA,NA,NA,Y,NA,A,07,0,1,0,0,0,0,0,0,0,-,-,NA,NA,SAN BERNARDINO,UPLAND,-117.6484375,34.10708999633789
91764767,2022,2022-05-04,9865,2022-04-24,1612,021840,NA,7,2,9,3600,0,1,3,NA,2,014,SR-138,CLEGHORN RD,4488,W,N,A,-,Y,SBD,NA,138,NA,R,25.592,H,NA,R,N,2,0,1,2,A,-,09,21804,A,N,D,C,A,A,H,-,A,D,0,NA,NA,Y,NA,Y,NA,A,01,1,0,0,0,0,0,0,0,1,-,-,34.29315948486328,-117.34145355224608,SAN BERNARDINO,UNINCORPORATED,-117.34156799316406,34.293235778808594
91765037,2022,2022-05-05,9860,2022-04-23,1422,022583,NA,6,2,9,3600,0,1,1,NA,2,152,I-15 S/B,CLEGHORN RD,2112,N,N,A,-,Y,SBD,NA,15,NA,R,20.453,H,NA,L,N,4,0,1,2,A,-,03,22350,NA,N,C,C,A,A,H,-,A,D,0,NA,NA,NA,NA,Y,NA,A,07,0,0,1,0,0,0,0,0,0,-,-,34.3035888671875,-117.46253204345705,SAN BERNARDINO,UNINCORPORATED,-117.46255493164063,34.303558349609375
91766319,2022,2022-05-06,9835,2022-05-04,1454,022612,NA,3,2,3,3601,0,1,1,NA,2,071,INTERSTATE 15 NORTHBOUND,MURIEL DRIVE,872,N,N,A,-,Y,NA,NA,NA,NA,NA,NA,NA,NA,NA,Y,2,0,2,2,A,-,01,23152,A,N,C,C,A,A,H,-,A,D,0,NA,NA,NA,Y,Y,Y,A,01,1,1,0,0,0,0,0,0,0,-,-,34.531028747558594,-117.0334014892578,SAN BERNARDINO,BARSTOW,-117.00963592529295,34.88615798950195
91766661,2022,2022-05-06,9860,2022-05-01,0350,022103,NA,7,3,4,3603,0,1,1,NA,2,214,I-215 S/B,IOWA AVENUE,528,N,N,A,-,Y,SBD,NA,215,NA,NA,0.555,H,NA,L,N,3,0,1,1,C,-,18,NA,NA,N,E,J,A,A,H,-,D,D,0,NA,NA,NA,NA,Y,NA,-,-,0,1,0,0,0,0,0,0,0,-,-,34.025901794433594,-117.3338623046875,SAN BERNARDINO,COLTON,-117.33385467529295,34.02589416503906
91771288,2022,2022-05-13,9860,2022-05-08,1534,022539,NA,7,2,6,3610,0,1,1,NA,2,202,SR-210 E/B,HIGHLAND AVENUE,1584,W,N,B,-,Y,SBD,NA,210,NA,R,26.389,H,NA,R,Y,4,0,3,2,A,-,03,22350,NA,N,C,C,A,A,D,-,A,D,0,NA,NA,NA,NA,Y,NA,A,01,0,0,3,0,0,0,0,0,0,-,-,34.138221740722656,-117.2422103881836,SAN BERNARDINO,SAN BERNARDINO,-117.24219512939452,34.138248443603516
91771360,2022,2022-08-26,9855,2022-02-17,1035,017781,NA,4,1,6,3607,0,1,3,NA,2,601,SR-60 W/B (POMONA FWY),MILLIKEN AVE.,2005,W,N,A,G,Y,NA,NA,NA,NA,NA,NA,NA,NA,NA,Y,2,0,1,2,A,-,06,21755,A,N,C,C,A,A,C,-,A,D,0,NA,NA,Y,NA,Y,NA,C,02,1,0,0,0,0,0,0,0,1,-,-,34.029781341552734,-117.56493377685548,SAN BERNARDINO,ONTARIO,-117.56471252441406,34.02595138549805
91771937,2022,2022-05-16,9860,2022-01-16,0015,022248,NA,7,3,9,3600,0,2,4,NA,2,411,CEDAR AVENUE,ORANGE STREET,0,NA,Y,A,-,N,NA,NA,NA,NA,NA,NA,NA,NA,NA,Y,1,1,0,1,A,-,01,23152,A,N,E,I,A,A,H,-,C,A,0,NA,NA,NA,NA,Y,Y,A,01,0,0,0,0,0,0,0,0,0,-,-,34.06489181518555,-117.39659118652344,SAN BERNARDINO,UNINCORPORATED,-117.3964385986328,34.06499099731445
9177444,2020,2020-11-23,3600,2020-09-21,0139,D3381,VC026,1,5,5,3612,0,0,0,NA,0,VC3,MARIPOSA RD,TAMARACK RD,0,NA,Y,A,-,N,NA,NA,NA,NA,NA,NA,NA,NA,NA,Y,4,0,2,2,A,-,01,23152,A,M,A,C,A,A,H,-,C,A,0,NA,NA,NA,NA,Y,Y,D,22,0,0,2,0,0,0,0,0,0,-,-,NA,NA,SAN BERNARDINO,VICTORVILLE,-117.32505798339844,34.50120162963867
91776237,2022,2022-05-19,9860,2022-05-12,1755,021363,NA,4,2,9,3600,0,1,1,NA,2,151,I-15 N/B,MATHEWS RANCH RD,8448,N,N,A,-,Y,SBD,NA,15,NA,R,17.707,H,NA,R,N,4,0,1,2,A,-,03,22350,NA,N,C,C,A,A,H,-,A,D,0,NA,NA,NA,NA,Y,NA,D,22,0,0,1,0,0,0,0,0,0,-,-,34.267051696777344,-117.44925689697266,SAN BERNARDINO,UNINCORPORATED,-117.44933319091795,34.26704788208008
91776915,2022,2022-05-20,9855,2022-05-13,1351,015919,NA,5,1,6,3616,0,1,1,NA,2,203,SR-210 E/B (FOOTHILL FWY),SAPPHIRE STREET,90,W,N,A,-,Y,SBD,NA,210,NA,NA,4.062,H,NA,R,Y,4,0,2,2,A,-,03,22350,NA,N,C,C,A,A,H,-,A,D,0,NA,NA,NA,NA,Y,NA,A,01,0,0,2,0,0,0,0,0,0,-,-,34.13467025756836,-117.62560272216795,SAN BERNARDINO,RANCHO CUCAMONGA,-117.62560272216795,34.134769439697266
91782781,2022,2022-05-27,9860,2022-05-26,0830,016575,NA,4,1,6,3610,0,1,1,NA,2,216,I-215 S/B,PALM AVE.,1419,S,N,A,-,Y,SBD,NA,215,NA,NA,13.824,H,NA,L,Y,4,0,1,2,A,-,03,22350,NA,N,C,2,A,A,H,-,A,D,0,NA,NA,NA,NA,Y,NA,A,01,0,0,1,0,0,0,0,0,0,-,-,34.18840026855469,-117.35759735107422,SAN BERNARDINO,SAN BERNARDINO,-117.35765838623048,34.18833541870117
91783939,2022,2022-05-30,9860,2022-05-22,1140,019495,NA,7,1,9,3600,0,3,5,NA,2,002,PACIFIC ST,PERRIS HILL RD,3,E,N,A,-,N,NA,NA,NA,NA,NA,NA,NA,NA,NA,N,4,0,1,2,A,-,09,21802,A,N,H,G,A,A,H,-,A,A,0,NA,Y,NA,NA,Y,NA,A,01,0,0,1,0,0,0,1,0,0,-,-,34.12855911254883,-117.26325988769533,SAN BERNARDINO,UNINCORPORATED,-117.26331329345705,34.12860107421875
9178666,2020,2020-11-13,3600,2020-09-21,1707,C9389,RC030,1,5,6,3616,0,0,0,NA,0,RC5,TOWN CENTER DR,HAVEN AV,0,NA,Y,A,-,NA,NA,NA,NA,NA,NA,NA,NA,NA,NA,N,4,0,1,2,A,-,12,21453,A,N,D,C,A,A,H,-,A,A,0,NA,NA,NA,NA,Y,NA,-,NA,0,0,1,0,0,0,0,0,0,-,-,NA,NA,SAN BERNARDINO,RANCHO CUCAMONGA,-117.5759735107422,34.11043167114258
91786816,2022,2022-06-02,9860,2022-04-30,2116,022553,NA,6,2,9,3600,0,1,1,NA,2,201,SR-210 W/B,RIVERSIDE AVE,1056,W,N,A,-,Y,SBD,NA,210,NA,NA,18.488,H,NA,L,Y,2,0,2,3,A,-,01,23152,A,N,B,C,A,A,H,-,C,D,0,NA,NA,NA,Y,Y,Y,D,22,2,0,0,0,0,0,0,0,0,-,-,34.13589859008789,-117.37396240234376,SAN BERNARDINO,UNINCORPORATED,-117.37396240234376,34.135982513427734
91792027,2022,2022-06-09,9860,2022-06-08,1236,016575,NA,3,1,4,3603,0,1,1,NA,2,214,I-215 S/B,BARTON ROAD O/C,1950,S,N,A,-,Y,SBD,NA,215,NA,NA,0.922,H,NA,L,Y,4,0,2,3,A,-,03,22350,NA,N,C,C,A,A,H,-,A,D,0,NA,NA,NA,NA,Y,NA,A,01,0,0,2,0,0,0,0,0,0,-,-,34.029781341552734,-117.32964324951172,SAN BERNARDINO,COLTON,-117.32968902587892,34.02981948852539
91792052,2022,2022-06-09,9860,2022-06-04,1540,022439,NA,6,2,6,3610,0,1,1,NA,2,216,I-215 N/B,BASELINE ST,500,S,N,A,-,Y,SBD,NA,215,NA,NA,7.968,H,NA,R,Y,3,0,3,1,A,-,08,22107,NA,N,E,I,A,A,H,-,A,D,0,NA,NA,NA,NA,Y,NA,A,07,0,1,2,0,0,0,0,0,0,-,-,34.11975860595703,-117.30233764648438,SAN BERNARDINO,SAN BERNARDINO,-117.30239105224608,34.11975860595703
91792868,2022,2022-06-10,9835,2022-06-05,1330,022428,NA,7,1,9,3600,0,1,1,NA,2,047,I-40 W/B,CRUCERO ROAD,50160,E,N,A,-,Y,SBD,NA,40,NA,R,59.411,H,NA,L,Y,2,0,1,1,A,-,08,22107,NA,N,E,I,A,A,H,-,A,D,0,NA,NA,NA,NA,Y,NA,A,01,1,0,0,0,0,0,0,0,0,-,-,34.72332000732422,-116.00244140625,SAN BERNARDINO,UNINCORPORATED,-116.00242614746094,34.72319412231445
91794358,2022,2022-06-13,9860,2022-06-10,0217,022103,NA,5,3,5,3608,0,1,1,NA,2,105,I-10 W/B,FORD ST,1385,W,N,A,-,Y,SBD,NA,10,NA,NA,32.868,H,NA,L,Y,3,0,1,1,A,-,01,23152,A,N,E,I,A,A,H,-,D,D,0,NA,NA,NA,NA,Y,Y,A,01,0,1,0,0,0,0,0,0,0,-,-,34.04534912109375,-117.15711212158205,SAN BERNARDINO,REDLANDS,-117.156982421875,34.04539108276367
91794954,2022,2022-06-14,9835,2022-06-07,0442,022787,NA,2,3,9,3600,0,1,1,NA,2,070,I-15 N/B,OUTLET CENTER DR,9504,S,N,A,-,Y,SBD,NA,15,NA,NA,64.799,H,NA,R,Y,3,0,1,2,A,-,03,22350,NA,N,C,C,A,A,H,-,D,D,0,NA,NA,NA,Y,Y,NA,A,07,0,1,0,0,0,0,0,0,0,-,-,34.80030059814453,-117.10830688476563,SAN BERNARDINO,UNINCORPORATED,-117.1081314086914,34.800148010253906
9179761,2020,2020-12-01,3610,2020-09-30,1228,50731,NA,3,5,6,3610,0,0,0,NA,0,DAVID,E 3RD ST,N LENA RD,0,NA,Y,A,-,N,NA,NA,NA,NA,NA,NA,NA,NA,NA,Y,3,0,2,2,A,-,12,21453,A,N,D,C,A,A,H,-,A,A,0,NA,NA,NA,NA,Y,NA,J,48,0,1,1,0,0,0,0,0,0,-,-,34.10383987426758,-117.26727294921876,SAN BERNARDINO,SAN BERNARDINO,-117.26786041259766,34.10430145263672
9179781,2020,2020-12-02,3609,2020-10-17,1223,9826,RI138,6,5,5,3609,0,0,0,NA,0,004,FOOTHILL BL,ORANGE AV,42,W,N,-,-,N,NA,NA,NA,NA,NA,NA,NA,NA,NA,Y,4,0,2,3,A,-,03,22350,NA,N,C,C,A,A,H,-,A,A,0,NA,NA,NA,NA,Y,NA,A,01,0,0,2,0,0,0,0,0,0,-,-,NA,NA,SAN BERNARDINO,RIALTO,-117.37192535400392,34.10675811767578