CASE_ID,ACCIDENT_YEAR,PROC_DATE,JURIS,COLLISION_DATE,COLLISION_TIME,OFFICER_ID,REPORTING_DISTRICT,DAY_OF_WEEK,CHP_SHIFT,POPULATION,CNTY_CITY_LOC,SPECIAL_COND,BEAT_TYPE,CHP_BEAT_TYPE,CITY_DIVISION_LAPD,CHP_BEAT_CLASS,BEAT_NUMBER,PRIMARY_RD,SECONDARY_RD,DISTANCE,DIRECTION,INTERSECTION,WEATHER_1,WEATHER_2,STATE_HWY_IND,CALTRANS_COUNTY,CALTRANS_DISTRICT,STATE_ROUTE,ROUTE_SUFFIX,POSTMILE_PREFIX,POSTMILE,LOCATION_TYPE,RAMP_INTERSECTION,SIDE_OF_HWY,TOW_AWAY,COLLISION_SEVERITY,NUMBER_KILLED,NUMBER_INJURED,PARTY_COUNT,PRIMARY_COLL_FACTOR,PCF_CODE_OF_VIOL,PCF_VIOL_CATEGORY,PCF_VIOLATION,PCF_VIOL_SUBSECTION,HIT_AND_RUN,TYPE_OF_COLLISION,MVIW,PED_ACTION,ROAD_SURFACE,ROAD_COND_1,ROAD_COND_2,LIGHTING,CONTROL_DEVICE,CHP_ROAD_TYPE,PEDESTRIAN_ACCIDENT,BICYCLE_ACCIDENT,MOTORCYCLE_ACCIDENT,TRUCK_ACCIDENT,NOT_PRIVATE_PROPERTY,ALCOHOL_INVOLVED,STWD_VEHTYPE_AT_FAULT,CHP_VEHTYPE_AT_FAULT,COUNT_SEVERE_INJ,COUNT_VISIBLE_INJ,COUNT_COMPLAINT_PAIN,COUNT_PED_KILLED,COUNT_PED_INJURED,COUNT_BICYCLIST_KILLED,COUNT_BICYCLIST_INJURED,COUNT_MC_KILLED,COUNT_MC_INJURED,PRIMARY_RAMP,SECONDARY_RAMP,LATITUDE,LONGITUDE,COUNTY,CITY,POINT_X,POINT_Y
91999740,2023,2023-02-22,9855,2023-02-14,1640,021978,NA,2,2,5,3602,0,1,3,NA,2,603,SR-60 E/B (POMONA FWY),PIPELINE AVENUE,455,W,N,C,-,Y,SBD,NA,60,NA,R,0.764,H,NA,R,N,4,0,1,2,A,-,03,22350,NA,N,C,C,A,B,H,-,A,D,0,NA,NA,NA,NA,Y,NA,A,01,0,0,1,0,0,0,0,0,0,-,-,34.02846908569336,-117.71705627441406,SAN BERNARDINO,CHINO,-117.71705627441406,34.02846145629883
92000309,2023,2023-02-22,9860,2023-02-12,250,020856,NA,7,3,9,3600,0,1,1,NA,2,152,I-15 NORTHBOUND,SR-138,8765,N,N,A,-,Y,SBD,NA,15,NA,R,23.366,H,NA,R,Y,3,0,1,1,A,-,08,22107,NA,N,F,A,A,A,H,-,D,D,0,NA,NA,NA,NA,Y,NA,A,01,0,1,0,0,0,0,0,0,0,-,-,34.33808135986328,-117.47879791259766,SAN BERNARDINO,UNINCORPORATED,-117.47892761230467,34.33818435668945
92000423,2023,2023-02-22,9835,2023-02-21,1020,019189,NA,2,1,9,3600,0,2,4,NA,1,018,FORT IRWIN ROAD,IRWIN ROAD,5808,N,N,A,-,N,NA,NA,NA,NA,NA,NA,NA,NA,NA,Y,3,0,1,1,A,-,03,22350,NA,N,F,A,A,A,H,-,A,D,0,NA,NA,Y,NA,Y,NA,C,02,0,1,0,0,0,0,0,0,1,-,-,35.003631591796875,-116.90966796875,SAN BERNARDINO,UNINCORPORATED,-116.8114776611328,35.115474700927734
92001554,2023,2023-02-23,9850,2023-02-17,1125,019278,NA,5,1,5,3612,0,1,1,NA,2,083,I-15 S/B,PALMDALE ROAD,3960,S,N,A,-,Y,SBD,NA,15,NA,NA,39.912,H,NA,L,N,4,0,1,3,A,-,07,21658,A,F,C,C,A,A,H,-,A,D,0,NA,NA,Y,NA,Y,NA,-,99,0,0,1,0,0,0,0,0,1,-,-,34.49959182739258,-117.32660675048828,SAN BERNARDINO,VICTORVILLE,-117.32662200927734,34.499595642089844
92001755,2023,2023-02-24,9834,2023-02-17,1530,018163,NA,5,2,2,3606,0,1,1,NA,2,046,I-40 EASTBOUND,EAST BROADWAY STREET,5280,E,N,B,-,Y,SBD,NA,40,NA,NA,145.1,H,NA,R,Y,3,0,1,2,A,-,03,22350,NA,N,C,C,A,A,H,-,A,D,0,NA,NA,NA,Y,Y,NA,D,22,0,1,0,0,0,0,0,0,0,-,-,34.805301666259766,-114.5910873413086,SAN BERNARDINO,NEEDLES,-114.59107208251952,34.80530548095703
9200198,2020,2021-03-12,3600,2020-12-18,2312,D3381,VC042,5,5,5,3612,0,0,0,NA,0,VC1,D ST,5TH ST,0,NA,Y,A,-,N,NA,NA,NA,NA,NA,NA,NA,NA,NA,Y,3,0,2,2,A,-,05,21650,A,N,A,C,A,A,H,-,C,A,0,NA,NA,NA,NA,Y,NA,A,07,0,1,1,0,0,0,0,0,0,-,-,NA,NA,SAN BERNARDINO,VICTORVILLE,-117.29461669921876,34.537689208984375
9200276,2020,2021-01-20,3608,2020-11-22,1314,4876,3608,7,5,5,3608,0,0,0,NA,0,NA,LUGONIA AV,TENNESSEE ST,0,W,N,A,-,N,NA,NA,NA,NA,NA,NA,NA,NA,NA,N,3,0,1,2,A,-,04,21703,NA,N,C,C,A,A,H,-,A,A,0,NA,NA,Y,NA,Y,NA,C,02,0,1,0,0,0,0,0,0,1,-,-,NA,NA,SAN BERNARDINO,REDLANDS,-117.19918060302734,34.0701789855957
9200750,2020,2021-02-17,3608,2020-12-19,0634,3821,NA,6,5,5,3608,0,0,0,NA,0,NA,ALMOND AV,CALIFORNIA ST,0,NA,Y,A,-,N,NA,NA,NA,NA,NA,NA,NA,NA,NA,Y,4,0,1,2,A,-,12,21453,A,N,D,C,A,A,H,-,A,A,0,NA,NA,NA,NA,Y,NA,A,01,0,0,1,0,0,0,0,0,0,-,-,NA,NA,SAN BERNARDINO,REDLANDS,-117.22618865966795,34.073951721191406
92015822,2023,2023-03-13,9855,2023-03-01,1625,021156,NA,3,2,5,3611,0,1,1,NA,2,103,I-10 W/B (SAN BERNARDINO FWY),BENSON AVE.,900,E,N,A,-,Y,NA,NA,NA,NA,NA,NA,NA,NA,NA,N,4,0,1,3,A,-,03,22350,NA,N,C,C,A,A,D,-,A,D,0,NA,NA,NA,NA,Y,NA,A,08,0,0,1,0,0,0,0,0,0,-,-,35.08744812011719,-117.68032836914063,SAN BERNARDINO,UPLAND,-117.67790222167967,34.08737564086914
92019196,2023,2023-03-16,9855,2023-03-03,1026,019675,NA,5,1,6,3607,0,1,1,NA,2,103,I-10 W/B (SAN BERNARDINO FWY),GROVE AVENUE,1035,W,N,A,-,Y,SBD,NA,10,NA,NA,4.671,H,NA,L,N,4,0,1,1,C,-,18,NA,NA,N,E,I,A,A,D,-,A,D,0,NA,NA,NA,Y,Y,NA,-,-,0,0,1,0,0,0,0,0,0,-,-,34.08258819580078,-117.63149261474608,SAN BERNARDINO,ONTARIO,-117.63156127929688,34.0825080871582
92019219,2023,2023-03-16,9860,2023-03-06,1900,020282,NA,1,2,9,3600,0,1,3,NA,1,382,SR-38,JULIAN DR  W,229,W,N,B,-,N,NA,NA,NA,NA,NA,NA,NA,NA,NA,Y,4,0,1,2,A,-,06,21750,NA,N,D,C,A,A,H,-,D,D,0,NA,NA,NA,NA,Y,NA,A,07,0,0,1,0,0,0,0,0,0,-,-,34.07329177856445,-117.08558654785156,SAN BERNARDINO,UNINCORPORATED,-117.08558654785156,34.07328414916992
92022469,2023,2023-03-20,9855,2023-03-10,1425,023023,NA,5,2,9,3600,0,3,5,NA,2,001,COTTONWOOD AVENUE,CHESTNUT STREET,0,NA,Y,B,C,N,NA,NA,NA,NA,NA,NA,NA,NA,NA,Y,3,0,2,2,A,-,09,21802,A,N,D,C,A,B,H,-,A,A,0,NA,NA,NA,NA,Y,NA,A,07,0,2,0,0,0,0,0,0,0,-,-,34.104549407958984,-117.51062774658205,SAN BERNARDINO,UNINCORPORATED,-117.51058959960938,34.10457229614258
9202275,2020,2021-02-09,3600,2020-11-06,0158,H9747,VC069,5,5,5,3612,0,0,0,NA,0,0158,RT 395,PALMDALE RD,0,NA,Y,A,-,Y,SBD,8,18,-,-,100.956,I,5,S,Y,4,0,1,2,A,-,12,21453,A,N,D,C,A,A,H,-,C,A,0,NA,NA,NA,Y,Y,NA,D,22,0,0,1,0,0,0,0,0,0,-,-,NA,NA,SAN BERNARDINO,VICTORVILLE,-117.39955139160156,34.506683349609375
92024936,2023,2023-03-22,9860,2023-03-18,1110,016590,NA,6,1,9,3600,0,3,5,NA,2,002,MARSHALL BLVD.,MOUNTAIN AVE.,0,NA,Y,A,-,N,NA,NA,NA,NA,NA,NA,NA,NA,NA,Y,3,0,2,2,A,-,12,22450,A,N,D,2,A,A,H,-,A,A,0,NA,NA,NA,NA,Y,NA,A,01,0,2,0,0,0,0,0,0,0,-,-,34.14944076538086,-117.25675201416016,SAN BERNARDINO,UNINCORPORATED,-117.25679779052734,34.14944839477539
92027119,2023,2023-03-23,9850,2023-03-10,1805,021384,NA,5,2,9,3600,0,3,5,NA,2,004,CAMP ROCK ROAD,SR-18,2640,N,N,B,C,N,NA,NA,NA,NA,NA,NA,NA,NA,NA,Y,4,0,1,1,A,-,08,22107,NA,N,F,J,A,B,H,-,D,D,0,NA,NA,NA,NA,Y,NA,-,-,0,0,1,0,0,0,0,0,0,-,-,34.38011169433594,-116.85899353027344,SAN BERNARDINO,UNINCORPORATED,-116.85903167724608,34.37995529174805
92027374,2023,2023-03-23,9855,2023-01-26,1248,017323,NA,4,1,6,3607,0,1,3,NA,2,601,SR-60 W/B (POMONA FWY),HAVEN AVE.,1056,E,N,A,-,Y,SBD,NA,60,NA,R,9.225,H,NA,L,N,4,0,1,3,A,-,03,22350,NA,M,C,C,A,A,D,-,A,D,0,NA,NA,NA,NA,Y,NA,-,99,0,0,1,0,0,0,0,0,0,-,-,34.02766036987305,-117.57039642333984,SAN BERNARDINO,ONTARIO,-117.57044982910156,34.02753448486328
92028213,2023,2023-03-24,9855,2023-03-17,1555,021156,NA,5,2,9,3600,0,3,5,NA,2,001,CHERRY AVE.,HUNTER ST.,0,NA,Y,A,-,N,NA,NA,NA,NA,NA,NA,NA,NA,NA,N,4,0,1,2,A,-,09,21804,A,N,D,C,A,A,H,-,A,D,0,NA,NA,NA,NA,Y,NA,A,01,0,0,1,0,0,0,0,0,0,-,-,34.07155990600586,-117.4888916015625,SAN BERNARDINO,UNINCORPORATED,-117.48887634277344,34.07150650024414
92028222,2023,2023-03-24,9855,2023-03-17,1530,015919,NA,5,2,6,3604,0,1,1,NA,2,201,SR-210 E/B (FOOTHILL FWY),SAN SEVAINE ROAD,150,W,N,A,-,Y,SBD,NA,210,NA,NA,12.39,H,NA,R,N,4,0,3,3,A,-,03,22350,NA,N,C,C,A,A,H,-,A,D,0,NA,NA,NA,NA,Y,NA,A,07,0,0,3,0,0,0,0,0,0,-,-,34.1361198425293,-117.4803466796875,SAN BERNARDINO,FONTANA,-117.4803466796875,34.13627243041992
92029918,2023,2023-03-27,9835,2023-03-18,812,022612,NA,6,1,9,3600,0,1,1,NA,2,075,INTERSTATE 15 NORTHBOUND,HALLORAN SPRINGS ROAD,13306,N,N,A,-,Y,SBD,NA,15,NA,NA,152.124,H,NA,R,Y,3,0,1,2,A,-,01,23152,A,N,C,C,A,A,H,-,A,D,0,NA,NA,NA,Y,Y,Y,D,22,0,1,0,0,0,0,0,0,0,-,-,35.387168884277344,-115.84932708740234,SAN BERNARDINO,UNINCORPORATED,-115.84933471679688,35.387184143066406
92030484,2023,2023-03-28,9834,2023-03-21,855,015182,NA,2,1,9,3600,0,1,1,NA,2,042,I-40 W/B,WATER RD,4224,W,N,B,-,Y,SBD,NA,40,NA,R,119.205,H,NA,L,Y,3,0,3,1,A,-,08,22107,NA,N,F,A,A,B,H,-,A,D,0,NA,NA,NA,NA,Y,NA,D,22,0,1,2,0,0,0,0,0,0,-,-,34.84172058105469,-114.9831314086914,SAN BERNARDINO,UNINCORPORATED,-114.983154296875,34.84177780151367
92031368,2022,2023-03-29,9855,2022-11-17,2003,022865,NA,4,2,6,3616,0,1,1,NA,2,152,INTERSTATE-15 SOUTHBOUND (ONATRIO FREEWAY),FOOTHILL BOULEVARD,25,N,N,A,-,Y,SBD,NA,15,NA,NA,5.318,H,NA,L,Y,1,1,0,2,A,-,08,22107,NA,N,B,C,A,A,H,-,C,D,0,NA,NA,NA,Y,Y,NA,A,07,0,0,0,0,0,0,0,0,0,-,-,34.106468200683594,-117.53227996826172,SAN BERNARDINO,RANCHO CUCAMONGA,-117.53226470947266,34.1064567565918
9203185,2020,2021-01-06,3611,2020-07-31,1912,3194,3611,5,5,5,3611,0,0,0,NA,0,004,FOOTHILL BL,CAMPUS AV,113,E,N,A,-,NA,NA,NA,NA,NA,NA,NA,NA,NA,NA,NA,3,0,1,2,A,-,00,21650,G,N,D,G,A,A,H,-,A,D,0,NA,Y,NA,NA,Y,NA,L,04,0,1,0,0,0,0,1,0,0,-,-,NA,NA,SAN BERNARDINO,UPLAND,-117.64115142822266,34.1070442199707
92032868,2023,2023-03-30,9860,2023-03-15,1245,022694,NA,3,1,6,3610,0,1,1,NA,2,214,SR-210 E/B,HIGHLAND AVE,200,E,N,B,C,Y,SBD,NA,210,NA,NA,21.156,H,NA,R,N,4,0,2,3,A,-,08,22107,NA,F,B,2,A,B,H,-,A,D,0,NA,NA,NA,Y,Y,NA,-,99,0,0,2,0,0,0,0,0,0,-,-,34.13658905029297,-117.32804107666016,SAN BERNARDINO,SAN BERNARDINO,-117.32804107666016,34.13658905029297
92035119,2023,2023-04-03,9860,2023-03-28,150,023041,NA,2,3,9,3600,0,1,1,NA,2,152,I-15 N/B,SR-138,8448,N,N,A,-,Y,SBD,NA,15,NA,R,23.042,H,NA,R,Y,4,0,1,1,A,-,08,22107,NA,N,E,I,A,A,H,-,D,D,0,NA,NA,NA,NA,Y,NA,A,01,0,0,1,0,0,0,0,0,0,-,-,34.33443069458008,-117.48187255859376,SAN BERNARDINO,UNINCORPORATED,-117.48176574707033,34.33440399169922
9203598,2020,2021-02-19,3600,2020-12-04,1422,H5177,VC021,5,5,5,3612,0,0,0,NA,0,VC3,HESPERIA RD,NISQUALLI RD,223,S,N,A,-,N,NA,NA,NA,NA,NA,NA,NA,NA,NA,Y,4,0,2,2,A,-,05,21651,A,N,B,C,A,A,H,-,A,D,0,NA,NA,NA,NA,Y,NA,-,-,0,0,2,0,0,0,0,0,0,-,-,NA,NA,SAN BERNARDINO,VICTORVILLE,-117.29022216796876,34.484893798828125
92036246,2023,2023-04-04,9855,2023-03-21,1742,023027,NA,2,2,6,3616,0,1,1,NA,2,152,I-15 S/B (ONTARIO FWY),FOURTH ST,3000,N,N,C,-,Y,SBD,NA,15,NA,NA,3.503,H,NA,L,N,4,0,1,4,A,-,08,22107,NA,N,E,I,A,B,H,-,A,D,0,NA,NA,NA,NA,Y,NA,A,01,0,0,1,0,0,0,0,0,0,-,-,34.08351135253906,-117.5449676513672,SAN BERNARDINO,RANCHO CUCAMONGA,-117.5449447631836,34.08351135253906
92036741,2023,2023-04-04,9855,2023-03-26,1710,021978,NA,7,2,9,3600,0,3,5,NA,2,004,EAST END AVE.,RIVERSIDE DR.,0,NA,Y,A,-,N,NA,NA,NA,NA,NA,NA,NA,NA,NA,Y,4,0,1,2,A,-,09,21801,A,N,B,C,A,A,H,-,A,D,0,NA,NA,NA,NA,Y,NA,A,07,0,0,1,0,0,0,0,0,0,-,-,34.01887893676758,-117.72427368164063,SAN BERNARDINO,UNINCORPORATED,-117.72418212890624,34.018856048583984
92038030,2023,2023-04-06,9860,2023-04-02,1426,022617,NA,7,2,9,3600,0,1,3,NA,1,012,SR-138,I-15,1035,W,N,A,-,N,NA,NA,NA,NA,NA,NA,NA,NA,NA,Y,4,0,1,2,A,-,03,22350,NA,N,C,C,A,A,H,-,A,D,0,NA,NA,NA,NA,Y,NA,A,01,0,0,1,0,0,0,0,0,0,-,-,34.311519622802734,-117.47866821289063,SAN BERNARDINO,UNINCORPORATED,-117.47866821289063,34.311580657958984
92040385,2023,2023-10-06,9850,2023-01-01,1630,021384,NA,7,2,9,3600,0,3,5,NA,2,003,STANDING ROCK AVENUE W/B,JAPATUL ROAD,0,NA,Y,A,-,N,NA,NA,NA,NA,NA,NA,NA,NA,NA,Y,1,1,0,2,A,-,09,21800,A,N,D,C,A,A,H,-,A,D,0,NA,NA,Y,NA,Y,NA,C,06,0,0,0,0,0,0,0,1,0,-,-,34.52272033691406,-117.13784790039063,SAN BERNARDINO,UNINCORPORATED,-117.13796997070313,34.52271270751953
92041085,2023,2023-04-10,9860,2023-03-07,144,020387,NA,2,3,4,3618,0,1,1,NA,2,203,SR-210 WESTBOUND,PACIFIC ST. PEDESTRIAN OVER-CROSS,1000,E,N,A,-,Y,SBD,NA,210,NA,R,28.914,H,NA,L,Y,3,0,1,1,A,-,08,22107,NA,N,E,J,A,A,D,-,D,D,0,NA,NA,NA,NA,Y,NA,A,01,0,1,0,0,0,0,0,0,0,-,-,34.126949310302734,-117.20178985595705,SAN BERNARDINO,HIGHLAND,-117.20184326171876,34.126930236816406
92041103,2023,2023-04-10,9860,2023-03-31,1350,020533,NA,5,1,5,3609,0,1,1,NA,2,102,I-10 W/B,RIVERSIDE AVE,100,E,N,A,-,Y,SBD,NA,10,NA,NA,20.006,H,NA,L,N,4,0,1,2,A,-,03,22350,NA,N,C,C,A,A,H,-,A,D,0,NA,NA,NA,NA,Y,NA,A,01,0,0,1,0,0,0,0,0,0,-,-,34.06890869140625,-117.36969757080078,SAN BERNARDINO,RIALTO,-117.36969757080078,34.06896209716797
92041149,2023,2023-04-10,9855,2023-04-01,2332,021233,NA,6,3,5,3602,0,1,3,NA,2,603,SR-60 E/B (POMONA FWY),RESERVOIR STREET,2500,E,N,A,-,Y,SBD,NA,60,NA,R,0.406,H,NA,R,N,4,0,1,2,A,-,03,22350,NA,N,C,C,A,A,D,-,D,D,0,NA,NA,NA,NA,Y,NA,A,01,0,0,1,0,0,0,0,0,0,-,-,34.026100158691406,-117.72234344482422,SAN BERNARDINO,CHINO,-117.72235870361328,34.026126861572266
92041162,2023,2023-04-10,9850,2023-04-02,1335,023055,NA,7,1,3,3613,0,3,5,NA,2,002,BELLFLOWER ST,LUPIN RD,5,S,N,A,-,N,NA,NA,NA,NA,NA,NA,NA,NA,NA,Y,4,0,1,2,A,-,03,22350,NA,N,C,C,A,A,H,-,A,D,0,NA,NA,NA,NA,Y,NA,A,07,0,0,1,0,0,0,0,0,0,-,-,34.53200149536133,-117.41700744628906,SAN BERNARDINO,ADELANTO,-117.41700744628906,34.532135009765625
92041235,2023,2023-04-10,9850,2023-03-31,440,021765,NA,5,3,9,3600,0,1,3,NA,2,060,SR-138,SR-2,4224,E,N,D,E,Y,SBD,NA,138,NA,NA,7.231,H,NA,R,Y,3,0,1,5,A,-,03,22350,NA,N,C,C,A,C,H,-,D,D,0,NA,NA,NA,Y,Y,NA,G,25,0,1,0,0,0,0,0,0,0,-,-,34.38410949707031,-117.57106018066406,SAN BERNARDINO,UNINCORPORATED,-117.5710906982422,34.38406753540039
92041769,2023,2023-04-11,9855,2023-04-01,1500,023023,NA,6,2,6,3607,0,1,1,NA,2,152,I-15 S/B (ONTARIO FWY),FOOTHILL AVENUE,550,N,N,A,-,Y,SBD,NA,15,NA,NA,5.461,H,NA,L,Y,3,0,1,3,A,-,03,22350,NA,N,C,C,A,A,H,-,A,D,0,NA,NA,NA,NA,Y,NA,D,22,0,1,0,0,0,0,0,0,0,-,-,34.10797882080078,-117.53043365478516,SAN BERNARDINO,ONTARIO,-117.53043365478516,34.10798263549805
92042073,2023,2023-04-11,9855,2023-04-01,1245,017704,NA,6,1,6,3616,0,1,1,NA,2,202,SR-210 W/B (FOOTHILL FWY),MILLIKEN AVE,200,W,N,A,-,Y,SBD,NA,210,NA,NA,7.531,H,NA,L,N,4,0,1,4,A,-,03,22350,NA,N,C,C,A,A,H,-,A,D,0,NA,NA,NA,NA,Y,NA,A,01,0,0,1,0,0,0,0,0,0,-,-,34.13679885864258,-117.56510162353516,SAN BERNARDINO,RANCHO CUCAMONGA,-117.56510162353516,34.13679885864258
92042268,2023,2023-04-11,9855,2023-04-03,7,022865,NA,1,3,6,3607,0,1,1,NA,2,103,I-10 EASTBOUND,ARCHIBALD AVE.,100,W,N,B,-,Y,SBD,NA,10,NA,NA,7.071,H,NA,R,Y,4,0,1,2,A,-,03,22350,NA,N,C,C,A,A,H,-,C,D,0,NA,NA,NA,NA,Y,NA,A,01,0,0,1,0,0,0,0,0,0,-,-,34.06748962402344,-117.59494018554688,SAN BERNARDINO,ONTARIO,-117.59494018554688,34.06755065917969
92043074,2023,2023-04-12,9860,2023-04-05,2320,021451,NA,3,3,9,3600,0,1,1,NA,2,102,I-10 W/B,CEDAR AVENUE,2059,E,N,A,-,Y,SBD,NA,10,NA,R,18.849,H,NA,L,Y,3,0,3,3,A,-,08,22107,NA,N,B,2,A,A,D,-,C,D,0,NA,NA,NA,NA,Y,NA,A,01,0,1,2,0,0,0,0,0,0,-,-,34.06840133666992,-117.389892578125,SAN BERNARDINO,UNINCORPORATED,-117.389892578125,34.06840133666992
92043226,2023,2023-04-12,9850,2023-04-04,620,019278,NA,2,1,9,3600,0,1,3,NA,2,025,SR-173,LOS FLORES ROAD,13200,E,N,A,-,Y,SBD,NA,173,NA,L,3.392,H,NA,R,Y,4,0,1,1,A,-,03,22350,NA,N,E,I,A,B,H,-,B,D,0,NA,NA,NA,NA,Y,NA,A,01,0,0,1,0,0,0,0,0,0,-,-,34.307640075683594,-117.29409790039063,SAN BERNARDINO,UNINCORPORATED,-117.29409790039063,34.30759048461914
92043717,2023,2023-04-12,9855,2023-04-04,1655,021006,NA,2,2,6,3616,0,1,1,NA,2,203,SR-210 E/B (FOOTHILL FWY),ARCHIBALD AVENUE,1300,E,N,A,-,Y,SBD,NA,210,NA,NA,6.154,H,NA,R,Y,4,0,1,2,A,-,03,22350,NA,N,C,C,A,A,H,-,A,D,0,NA,NA,NA,NA,Y,NA,A,01,0,0,1,0,0,0,0,0,0,-,-,34.135189056396484,-117.58910369873048,SAN BERNARDINO,RANCHO CUCAMONGA,-117.58910369873048,34.13524627685547
92047264,2023,2023-04-18,9855,2023-04-06,1317,017704,NA,4,1,6,3604,0,1,1,NA,2,201,W/B SR-210 TO S/B I-15,INTERSTATE-15,528,E,N,A,-,Y,NA,NA,NA,NA,NA,NA,NA,NA,NA,N,4,0,2,2,A,-,07,21658,A,N,C,C,A,A,H,-,A,D,0,NA,NA,NA,NA,Y,NA,A,07,0,0,2,0,0,0,0,0,0,-,-,34.13713836669922,-117.48648834228516,SAN BERNARDINO,FONTANA,-117.48648834228516,34.13713836669922
9204744,2020,2021-02-18,3604,2020-12-17,1630,1302,FONTA,4,5,6,3604,0,0,0,NA,0,001,CHERRY AV,HILLSTONE AV,0,NA,Y,A,-,N,NA,NA,NA,NA,NA,NA,NA,NA,NA,Y,4,0,2,2,A,-,09,21804,A,N,D,C,A,A,H,-,A,D,0,NA,NA,NA,NA,Y,NA,A,01,0,0,2,0,0,0,0,0,0,-,-,NA,NA,SAN BERNARDINO,FONTANA,-117.48206329345705,34.15909957885742
9204765,2020,2021-02-24,3609,2020-12-19,1902,6421,RI181,6,5,5,3609,0,0,0,NA,0,003,SAN BERNARDINO AV,CACTUS AV,0,NA,Y,A,-,N,NA,NA,NA,NA,NA,NA,NA,NA,NA,Y,4,0,1,2,A,-,12,22450,A,N,D,C,A,A,H,-,C,A,0,NA,NA,NA,NA,Y,NA,-,-,0,0,1,0,0,0,0,0,0,-,-,34.077999114990234,-117.38330078125,SAN BERNARDINO,RIALTO,-117.38339233398438,34.077701568603516
92048511,2023,2023-04-19,9855,2023-04-12,353,021233,NA,3,3,6,3607,0,1,1,NA,2,103,I-10 W/B (SAN BERNARDINO FWY),FOURTH STREET,500,E,N,A,-,Y,SBD,NA,10,NA,NA,5.402,H,NA,L,Y,4,0,1,1,A,-,08,22107,NA,N,E,I,A,A,D,-,D,A,0,NA,NA,NA,NA,Y,NA,A,01,0,0,1,0,0,0,0,0,0,-,-,34.076358795166016,-117.62107849121094,SAN BERNARDINO,ONTARIO,-117.62101745605467,34.07643508911133
92048706,2023,2023-04-19,9860,2023-04-10,1220,020856,NA,1,1,9,3600,0,1,1,NA,2,152,I-15 SOUTHBOUND,OAK HILL ROAD,13200,S,N,A,-,Y,SBD,NA,15,NA,R,24.464,H,NA,L,Y,3,0,1,1,A,-,08,22107,NA,N,F,A,A,A,H,-,A,D,0,NA,NA,Y,NA,Y,NA,C,02,0,1,0,0,0,0,0,0,1,-,-,34.34756088256836,-117.46971893310548,SAN BERNARDINO,UNINCORPORATED,-117.4697265625,34.3475341796875
92049856,2023,2023-04-20,9855,2023-04-10,1225,015033,NA,1,1,6,3604,0,1,1,NA,2,101,I-10 W/B (SAN BERNARDINO FWY),I-15,900,E,N,A,-,Y,SBD,NA,10,NA,NA,10.195,H,NA,L,N,4,0,1,3,A,-,03,22350,NA,N,C,C,A,A,H,-,A,D,0,NA,NA,NA,NA,Y,NA,A,01,0,0,1,0,0,0,0,0,0,-,-,34.067440032958984,-117.54042816162108,SAN BERNARDINO,FONTANA,-117.54042816162108,34.067474365234375
92050997,2023,2023-04-24,9860,2023-04-13,1036,019495,NA,4,1,9,3600,0,1,3,NA,1,010,SR-138,LONE PINE CANYON RD,1003,E,N,A,-,N,NA,NA,NA,NA,NA,NA,NA,NA,NA,N,4,0,1,1,A,-,08,22107,NA,N,E,I,A,A,H,-,A,D,0,NA,NA,NA,NA,Y,NA,D,22,0,0,1,0,0,0,0,0,0,-,-,34.31507873535156,-117.4926300048828,SAN BERNARDINO,UNINCORPORATED,-117.49264526367188,34.31502914428711
92052894,2023,2023-04-25,9855,2023-04-17,713,014637,NA,1,1,6,3616,0,1,1,NA,2,201,SR-210 W/B (FOOTHILL FWY),MILLIKEN AVE.,1000,W,N,B,-,Y,SBD,NA,210,NA,NA,7.701,H,NA,L,Y,3,0,1,2,A,-,07,21658,A,N,B,C,A,A,H,-,A,D,0,NA,NA,Y,NA,Y,NA,A,01,0,1,0,0,0,0,0,0,1,-,-,34.136680603027344,-117.56214141845705,SAN BERNARDINO,RANCHO CUCAMONGA,-117.5621337890625,34.136756896972656
9205628,2020,2021-02-03,3605,2020-11-12,1011,440,NA,4,5,4,3605,0,0,0,NA,0,NA,RAMONA,HOLT BL,50,N,N,A,-,N,NA,NA,NA,NA,NA,NA,NA,NA,NA,N,3,0,1,2,A,-,09,21802,NA,N,B,G,A,A,H,-,A,A,0,NA,Y,NA,NA,Y,NA,L,04,0,1,0,0,0,0,1,0,0,-,-,NA,NA,SAN BERNARDINO,MONTCLAIR,-117.7070541381836,34.063377380371094