CASE_ID,ACCIDENT_YEAR,PROC_DATE,JURIS,COLLISION_DATE,COLLISION_TIME,OFFICER_ID,REPORTING_DISTRICT,DAY_OF_WEEK,CHP_SHIFT,POPULATION,CNTY_CITY_LOC,SPECIAL_COND,BEAT_TYPE,CHP_BEAT_TYPE,CITY_DIVISION_LAPD,CHP_BEAT_CLASS,BEAT_NUMBER,PRIMARY_RD,SECONDARY_RD,DISTANCE,DIRECTION,INTERSECTION,WEATHER_1,WEATHER_2,STATE_HWY_IND,CALTRANS_COUNTY,CALTRANS_DISTRICT,STATE_ROUTE,ROUTE_SUFFIX,POSTMILE_PREFIX,POSTMILE,LOCATION_TYPE,RAMP_INTERSECTION,SIDE_OF_HWY,TOW_AWAY,COLLISION_SEVERITY,NUMBER_KILLED,NUMBER_INJURED,PARTY_COUNT,PRIMARY_COLL_FACTOR,PCF_CODE_OF_VIOL,PCF_VIOL_CATEGORY,PCF_VIOLATION,PCF_VIOL_SUBSECTION,HIT_AND_RUN,TYPE_OF_COLLISION,MVIW,PED_ACTION,ROAD_SURFACE,ROAD_COND_1,ROAD_COND_2,LIGHTING,CONTROL_DEVICE,CHP_ROAD_TYPE,PEDESTRIAN_ACCIDENT,BICYCLE_ACCIDENT,MOTORCYCLE_ACCIDENT,TRUCK_ACCIDENT,NOT_PRIVATE_PROPERTY,ALCOHOL_INVOLVED,STWD_VEHTYPE_AT_FAULT,CHP_VEHTYPE_AT_FAULT,COUNT_SEVERE_INJ,COUNT_VISIBLE_INJ,COUNT_COMPLAINT_PAIN,COUNT_PED_KILLED,COUNT_PED_INJURED,COUNT_BICYCLIST_KILLED,COUNT_BICYCLIST_INJURED,COUNT_MC_KILLED,COUNT_MC_INJURED,PRIMARY_RAMP,SECONDARY_RAMP,LATITUDE,LONGITUDE,COUNTY,CITY,POINT_X,POINT_Y
9256506,2021,2023-07-18,3600,2021-04-03,0234,F6904,RC028,6,5,6,3616,0,0,0,NA,0,RC2,ARCHIBALD AV,19TH ST,427,N,N,A,-,N,NA,NA,NA,NA,NA,NA,NA,NA,NA,Y,1,1,0,1,A,-,01,23152,A,N,E,I,A,A,H,-,C,A,0,NA,NA,NA,NA,Y,Y,A,01,0,0,0,0,0,0,0,0,0,-,-,NA,NA,SAN BERNARDINO,RANCHO CUCAMONGA,-117.59361267089844,34.133888244628906
9257043,2021,2021-05-14,3610,2021-05-05,0224,51119,NA,3,5,6,3610,0,0,0,NA,0,BAKER,W BASELINE ST,W MOUNTAIN VIEW AV,0,NA,Y,A,-,N,NA,NA,NA,NA,NA,NA,NA,NA,NA,Y,4,0,1,1,A,-,03,22350,I,N,E,I,A,A,H,-,C,A,0,NA,NA,NA,NA,Y,NA,A,01,0,0,1,0,0,0,0,0,0,-,-,34.12133026123047,-117.28739166259766,SAN BERNARDINO,SAN BERNARDINO,-117.28740692138672,34.121341705322266
9257306,2021,2021-05-06,3600,2021-03-31,2156,G9821,HI010,3,5,4,3618,0,0,0,NA,0,HI2,HIGHLAND AV,VICTORIA AV,192,W,N,A,-,N,NA,NA,NA,NA,NA,NA,NA,NA,NA,N,3,0,1,2,A,-,11,21955,NA,N,G,B,D,A,H,-,C,D,0,Y,NA,NA,NA,Y,NA,N,60,0,1,0,0,1,0,0,0,0,-,-,34.135860443115234,-117.22698211669922,SAN BERNARDINO,HIGHLAND,-117.2268295288086,34.13583755493164
9257374,2021,2021-04-30,3600,2021-04-01,1422,G6918,VC064,4,5,5,3612,0,0,0,NA,0,VC5,AMARGOSA RD,LA MESA RD,153,S,N,A,-,N,NA,NA,NA,NA,NA,NA,NA,NA,NA,Y,3,0,1,1,A,-,03,22350,NA,N,F,C,A,A,H,-,A,A,0,NA,NA,NA,NA,Y,NA,-,NA,0,1,0,0,0,0,0,0,0,-,-,NA,NA,SAN BERNARDINO,VICTORVILLE,-117.33706665039063,34.48502731323242
92596249,2024,2024-07-24,9850,2024-07-16,413,022494,NA,2,3,5,3619,0,1,1,NA,2,082,I-15 S/B,MAIN ST,600,N,N,A,-,Y,SBD,NA,15,NA,NA,34.128,H,NA,L,N,4,0,1,2,D,-,00,NA,NA,N,C,C,A,A,D,-,D,D,0,NA,NA,NA,Y,Y,NA,-,-,0,0,1,0,0,0,0,0,0,-,-,34.42831039428711,-117.37935638427734,SAN BERNARDINO,HESPERIA,-117.37932586669922,34.42829132080078
9259645,2021,2021-06-03,3602,2021-05-06,1437,4115,NA,4,5,5,3602,0,0,0,NA,0,002,WALNUT AV,SAN ANTONIO AV,0,NA,Y,A,-,N,NA,NA,NA,NA,NA,NA,NA,NA,NA,Y,3,0,2,2,A,-,09,21801,A,N,A,C,A,A,H,-,A,A,0,NA,NA,NA,NA,Y,NA,A,01,0,2,0,0,0,0,0,0,0,-,-,34.01350021362305,-117.39309692382813,SAN BERNARDINO,CHINO,-117.65888214111328,34.02647018432617
9259928,2021,2021-05-19,3602,2021-04-30,1521,3618,NA,5,5,5,3602,0,0,0,NA,0,002,14TH ST,C ST,0,NA,Y,A,-,Y,NA,NA,NA,NA,NA,NA,NA,NA,NA,N,3,0,1,2,A,-,09,21804,A,N,D,C,A,A,H,-,A,A,0,NA,NA,NA,NA,Y,NA,A,01,0,1,0,0,0,0,0,0,0,-,-,34.01554870605469,-117.68173217773438,SAN BERNARDINO,CHINO,-117.68173980712892,34.01557159423828
9260056,2021,2021-05-20,3600,2021-05-03,0314,G9442,YC3,1,5,4,3640,0,0,0,NA,0,YC3,WILDWOOD CANYON RD,5TH ST,0,NA,Y,A,-,N,NA,NA,NA,NA,NA,NA,NA,NA,NA,Y,2,0,1,2,A,-,01,23153,A,F,F,C,A,A,H,-,C,A,0,NA,NA,NA,NA,Y,Y,A,01,1,0,0,0,0,0,0,0,0,-,-,NA,NA,SAN BERNARDINO,YUCAIPA,-117.05624389648438,34.015743255615234
9260528,2021,2021-06-21,3603,2021-05-28,0951,4902,CPD,5,5,4,3603,0,0,0,NA,0,002,N MT VERNON AV,OLIVE PL,0,NA,Y,A,-,N,NA,NA,NA,NA,NA,NA,NA,NA,NA,N,3,0,1,2,A,-,03,22350,NA,N,C,C,A,A,H,-,A,D,0,NA,NA,NA,NA,Y,NA,A,01,0,1,0,0,0,0,0,0,0,-,-,34.07633972167969,-117.31355285644533,SAN BERNARDINO,COLTON,-117.31385040283205,34.0764045715332
9260981,2021,2021-06-30,3604,2021-05-20,1756,1302,FONTA,4,5,6,3604,0,0,0,NA,0,003,RANDALL AV,ALDER AV,114,E,N,A,-,N,NA,NA,NA,NA,NA,NA,NA,NA,NA,N,3,0,1,2,A,-,08,22107,NA,F,F,A,A,A,H,-,A,D,0,NA,NA,Y,NA,Y,NA,A,01,0,1,0,0,0,0,0,0,1,-,-,NA,NA,SAN BERNARDINO,FONTANA,-117.41791534423828,34.08491134643555
9261147,2021,2021-05-06,3609,2021-04-02,1308,8444,RI129,5,5,5,3609,0,0,0,NA,0,004,FOOTHILL BL,ACACIA AV,0,NA,Y,A,-,N,NA,NA,NA,NA,NA,NA,NA,NA,NA,Y,4,0,1,2,A,-,12,21453,A,N,D,C,A,A,H,-,A,A,0,NA,NA,NA,NA,Y,NA,A,01,0,0,1,0,0,0,0,0,0,-,-,34.1067008972168,-117.36167907714844,SAN BERNARDINO,RIALTO,-117.36164093017578,34.10675811767578
9261494,2021,2021-05-04,3600,2021-02-04,0654,C8664,AP026,4,5,5,3621,0,0,0,NA,0,AP3,BEAR V ALLEY RD,REATA RD,400,W,N,A,-,N,NA,NA,NA,NA,NA,NA,NA,NA,NA,Y,4,0,1,2,A,-,08,22107,NA,N,B,C,A,A,H,-,A,D,0,NA,NA,NA,NA,Y,NA,A,01,0,0,1,0,0,0,0,0,0,-,-,NA,NA,SAN BERNARDINO,APPLE VALLEY,-117.24657440185548,34.47098922729492
9261572,2021,2021-05-07,3609,2021-03-28,0957,02334,RI129,7,5,5,3609,0,0,0,NA,0,003,FOOTHILL BL,ACACIA AV,358,W,N,A,-,N,NA,NA,NA,NA,NA,NA,NA,NA,NA,Y,4,0,1,3,A,-,07,21658,A,N,D,C,A,A,H,-,A,A,0,NA,NA,NA,NA,Y,NA,A,01,0,0,1,0,0,0,0,0,0,-,-,34.1068000793457,-117.36280059814452,SAN BERNARDINO,RIALTO,-117.3628158569336,34.10675811767578
9262225,2021,2021-05-18,3600,2021-04-14,0656,C8664,AP018,3,5,5,3621,0,0,0,NA,0,AP4,YUCCA LOMA RD,LAKOTA RD,0,NA,Y,A,-,N,NA,NA,NA,NA,NA,NA,NA,NA,NA,Y,4,0,1,2,A,-,03,22350,NA,N,B,C,A,A,H,-,B,D,0,NA,NA,NA,NA,Y,NA,A,01,0,0,1,0,0,0,0,0,0,-,-,NA,NA,SAN BERNARDINO,APPLE VALLEY,-117.20335388183594,34.500492095947266
9262259,2021,2021-05-10,3604,2021-04-01,1651,1163,NA,4,5,6,3604,0,0,0,NA,0,NA,ARROW BL,DUMOND DR,0,NA,Y,A,-,N,NA,NA,NA,NA,NA,NA,NA,NA,NA,N,3,0,1,2,A,-,06,21755,A,M,D,C,A,A,H,-,A,A,0,NA,NA,Y,NA,Y,NA,C,02,0,1,0,0,0,0,0,0,1,-,-,NA,NA,SAN BERNARDINO,FONTANA,-117.40635681152344,34.09947967529297
9263031,2021,2021-05-17,3600,2021-04-06,1934,H8973,HE3,2,5,5,3619,0,0,0,NA,0,HE117,MAIN ST,RT 15,0,NA,Y,A,-,Y,SBD,8,15,-,-,34.226,R,4,N,Y,4,0,1,2,A,-,17,21461,A,N,D,C,A,A,H,-,C,D,0,NA,NA,NA,NA,Y,NA,A,01,0,0,1,0,0,0,0,0,0,-,NO,NA,NA,SAN BERNARDINO,HESPERIA,-117.37811279296876,34.42947006225586
9264022,2021,2021-05-26,3600,2021-05-04,1356,H5174,TW004,2,5,3,3617,0,0,0,NA,0,0TW,RT 62,MARGOT AV,0,NA,-,A,-,Y,SBD,8,62,-,-,32.42,H,-,E,Y,3,0,1,2,A,-,03,22350,NA,N,C,C,A,A,C,-,A,D,0,NA,NA,NA,NA,Y,NA,A,01,0,1,0,0,0,0,0,0,0,-,-,34.13542175292969,-116.06806182861328,SAN BERNARDINO,TWENTYNINE PALMS,-116.06824493408205,34.13548278808594
9267504,2021,2021-06-09,3610,2021-04-06,1255,51041,NA,2,5,6,3610,0,0,0,NA,0,POLICE,E 21ST ST,NORTH WATERMAN AV,0,NA,Y,A,-,N,NA,NA,NA,NA,NA,NA,NA,NA,NA,Y,4,0,2,2,A,-,08,22107,NA,N,A,C,A,A,H,-,A,A,0,NA,NA,NA,NA,Y,NA,D,22,0,0,2,0,0,0,0,0,0,-,-,34.134090423583984,-117.27874755859376,SAN BERNARDINO,SAN BERNARDINO,-117.2787628173828,34.134056091308594
9267698,2021,2021-05-26,3600,2021-05-08,1334,6918,VC020,6,5,5,3612,0,0,0,NA,0,VC3,MARIPOSA RD,MONARCH BL,150,N,N,A,-,N,NA,NA,NA,NA,NA,NA,NA,NA,NA,N,4,0,1,2,A,-,09,21801,A,N,D,C,A,A,H,-,A,A,0,NA,NA,NA,NA,Y,NA,A,07,0,0,1,0,0,0,0,0,0,-,-,NA,NA,SAN BERNARDINO,VICTORVILLE,-117.34288787841795,34.47361755371094
9267966,2021,2021-05-26,3610,2021-03-19,0602,51238,NA,5,5,6,3610,0,0,0,NA,0,01TEST,E 9TH ST,DEL ROSA,500,W,N,A,-,N,NA,NA,NA,NA,NA,NA,NA,NA,NA,Y,4,0,1,1,A,-,08,22107,NA,N,A,I,A,A,H,-,E,D,0,NA,NA,NA,NA,Y,NA,A,01,0,0,1,0,0,0,0,0,0,-,-,34.11574935913086,-117.25247955322266,SAN BERNARDINO,SAN BERNARDINO,-117.2541275024414,34.11574172973633
9268020,2021,2021-05-26,3602,2021-02-18,1344,3618,NA,4,5,5,3602,0,0,0,NA,0,001,WALNUT AV,RAMONA AV,580,W,N,A,-,N,NA,NA,NA,NA,NA,NA,NA,NA,NA,Y,3,0,2,1,A,-,01,23152,B,N,E,I,A,A,H,-,A,A,0,NA,NA,NA,NA,Y,Y,A,01,0,1,1,0,0,0,0,0,0,-,-,34.026248931884766,-117.70877075195313,SAN BERNARDINO,CHINO,-117.7087173461914,34.026161193847656
9268380,2021,2021-06-09,3604,2021-05-10,1540,680,NA,1,5,6,3604,0,0,0,NA,0,NA,JUNIPER AV,SAN BERNARDINO,630,N,N,A,-,N,NA,NA,NA,NA,NA,NA,NA,NA,NA,Y,4,0,1,1,C,-,18,NA,NA,N,E,I,A,A,H,-,A,D,0,NA,NA,NA,NA,Y,NA,-,-,0,0,1,0,0,0,0,0,0,-,-,NA,NA,SAN BERNARDINO,FONTANA,-117.44004821777344,34.07927703857422
9268860,2021,2021-06-01,3604,2021-05-11,1453,1086,NA,2,5,6,3604,0,0,0,NA,0,003,JUNIPER AV,FILBERT ST,22,N,N,A,-,N,NA,NA,NA,NA,NA,NA,NA,NA,NA,Y,3,0,1,2,A,-,00,27155,A,N,B,C,A,A,H,-,A,D,0,NA,NA,Y,Y,Y,NA,C,02,0,1,0,0,0,0,0,0,1,-,-,NA,NA,SAN BERNARDINO,FONTANA,-117.44007873535156,34.08216094970703
9270052,2021,2021-06-18,3600,2021-03-05,1856,H6865,TW004,5,5,3,3617,0,0,0,NA,0,TW1,RT 62,DESERT QUEEN AV,0,NA,Y,A,-,Y,SBD,8,62,-,-,32.93,I,5,W,Y,4,0,1,2,A,-,-,NA,NA,N,C,C,A,A,H,-,C,A,0,NA,NA,NA,NA,Y,NA,A,01,0,0,1,0,0,0,0,0,0,-,-,34.13555145263672,-116.05917358398438,SAN BERNARDINO,TWENTYNINE PALMS,-116.05929565429688,34.13555908203125
9270364,2021,2021-06-09,3605,2021-05-17,0112,401,NA,1,5,4,3605,0,0,0,NA,0,NA,CENTRAL AV,PALO VERDE ST,648,S,N,C,-,N,NA,NA,NA,NA,NA,NA,NA,NA,NA,Y,3,0,2,2,A,-,01,23152,A,F,C,C,A,B,H,-,C,D,0,NA,NA,NA,NA,Y,Y,A,08,0,1,1,0,0,0,0,0,0,-,-,NA,NA,SAN BERNARDINO,MONTCLAIR,-117.68962860107422,34.07962417602539
9270414,2021,2021-06-07,3602,2021-05-12,1929,3805,NA,3,5,5,3602,0,0,0,NA,0,001,YORBA AV,CHINO AV,1042,N,N,A,-,N,NA,NA,NA,NA,NA,NA,NA,NA,NA,N,3,0,4,2,A,-,01,23152,NA,N,D,C,A,A,H,-,C,D,0,NA,NA,NA,NA,Y,Y,A,01,0,1,3,0,0,0,0,0,0,-,-,34.02899932861328,-117.68699645996094,SAN BERNARDINO,CHINO,-117.70233917236328,34.01459503173828
9270731,2021,2021-06-14,3600,2021-04-17,1700,H5132,YC001,6,5,4,3640,0,0,0,NA,0,YC01,OAK GLEN RD,YUCAIPA REGIONL PK RD,0,NA,Y,A,-,N,NA,NA,NA,NA,NA,NA,NA,NA,NA,N,4,0,1,2,A,-,09,21802,A,N,D,C,A,A,H,-,A,A,0,NA,NA,NA,NA,Y,NA,-,NA,0,0,1,0,0,0,0,0,0,-,-,NA,NA,SAN BERNARDINO,YUCAIPA,-117.07300567626952,34.033870697021484
9273399,2021,2021-06-23,3602,2021-05-20,1524,4122,NA,4,5,5,3602,0,0,0,NA,0,003,EL PRADO RD,ALTON ST,0,NA,Y,A,-,N,NA,NA,NA,NA,NA,NA,NA,NA,NA,Y,4,0,1,2,A,-,09,21801,A,N,D,C,A,A,H,-,A,A,0,NA,NA,NA,NA,Y,NA,D,22,0,0,1,0,0,0,0,0,0,-,-,33.97404861450195,-117.68557739257813,SAN BERNARDINO,CHINO,-117.68557739257813,33.97401809692383
9273468,2021,2021-06-24,3600,2021-05-30,1656,G9467,AP025,7,5,5,3621,0,0,0,NA,0,AP3,BEAR VALLEY RD,WESTMONT RD,0,NA,Y,A,-,N,NA,NA,NA,NA,NA,NA,NA,NA,NA,Y,4,0,3,2,A,-,12,21453,A,N,A,C,A,A,H,-,A,A,0,NA,NA,NA,NA,Y,NA,A,01,0,0,3,0,0,0,0,0,0,-,-,NA,NA,SAN BERNARDINO,APPLE VALLEY,-117.24237823486328,34.47105407714844
9273796,2021,2021-06-23,3610,2021-04-22,0932,NA,NA,4,5,6,3610,0,0,0,NA,0,POLICE,RT 18,CLOUDLAND TRUCK TR,471,N,N,B,-,Y,SBD,8,18,-,R,11.32,H,-,S,Y,4,0,1,1,A,-,08,22107,NA,N,F,I,A,B,G,-,A,D,0,NA,NA,NA,NA,Y,NA,A,07,0,0,1,0,0,0,0,0,0,-,-,NA,NA,SAN BERNARDINO,SAN BERNARDINO,-117.27932739257813,34.194435119628906
9274389,2021,2021-07-28,3602,2021-06-01,1352,3051,NA,2,5,5,3602,0,0,0,NA,0,003,PINE AV,HELLMAN AV,50,W,N,A,-,N,NA,NA,NA,NA,NA,NA,NA,NA,NA,N,3,0,1,2,A,-,04,21703,NA,N,C,C,A,A,H,-,A,A,0,NA,NA,NA,NA,Y,NA,D,22,0,1,0,0,0,0,0,0,0,-,-,33.959930419921875,-117.61151885986328,SAN BERNARDINO,CHINO,-117.61121368408205,33.96003723144531
9274758,2021,2021-07-14,3603,2021-06-09,0428,4991,CPD,3,5,4,3603,0,0,0,NA,0,004,RECHE CANYON RD,SHANCE DR,200,N,N,A,-,N,NA,NA,NA,NA,NA,NA,NA,NA,NA,Y,4,0,1,1,A,-,05,21651,B,N,E,I,A,A,H,-,C,A,0,NA,NA,NA,NA,Y,NA,D,22,0,0,1,0,0,0,0,0,0,-,-,34.02362823486328,-117.2751235961914,SAN BERNARDINO,COLTON,-117.27629852294922,34.02449417114258
9275199,2021,2021-07-19,3605,2021-06-10,1716,411,NA,4,5,4,3605,0,0,0,NA,0,NA,ORCHARD ST,MILLS AV,0,NA,Y,A,-,N,NA,NA,NA,NA,NA,NA,NA,NA,NA,N,3,0,1,2,A,-,05,21650,1,N,D,G,A,A,H,-,A,D,0,NA,Y,NA,NA,Y,NA,L,04,0,1,0,0,0,0,1,0,0,-,-,NA,NA,SAN BERNARDINO,MONTCLAIR,-117.71495819091795,34.07057189941406
9276206,2021,2021-08-25,3600,2021-08-11,0050,D2004,YV08,3,5,3,3631,0,0,0,NA,0,023,ABERDEEN DR,GEMINI LN,336,W,N,A,G,N,NA,NA,NA,NA,NA,NA,NA,NA,NA,Y,4,0,1,1,A,-,03,22350,NA,N,F,I,A,A,H,-,D,A,0,NA,NA,NA,NA,Y,NA,J,48,0,0,1,0,0,0,0,0,0,-,-,34.1939811706543,-116.43067169189452,SAN BERNARDINO,YUCCA VALLEY,-116.43121337890624,34.193458557128906
9277207,2021,2021-06-09,3610,2021-04-14,0725,24925,NA,3,5,6,3610,0,0,0,NA,0,ADAM,WEST HIGHLAND AV,N MEDICAL CENTER DR,0,NA,Y,A,-,N,NA,NA,NA,NA,NA,NA,NA,NA,NA,Y,4,0,2,2,D,-,00,NA,NA,N,D,C,A,A,H,-,A,A,0,NA,NA,NA,NA,Y,NA,-,-,0,0,2,0,0,0,0,0,0,-,-,34.13610076904297,-117.32250213623048,SAN BERNARDINO,SAN BERNARDINO,-117.32257080078124,34.1361083984375
9277209,2021,2021-06-09,3610,2021-04-14,2129,51104,NA,3,5,6,3610,0,0,0,NA,0,NA,E BASELINE ST,NORTH WATERMAN AV,0,NA,Y,A,-,N,NA,NA,NA,NA,NA,NA,NA,NA,NA,N,4,0,1,2,A,-,09,21800,D,N,D,C,A,A,H,-,C,B,0,NA,NA,NA,NA,Y,NA,A,01,0,0,1,0,0,0,0,0,0,-,-,34.1213493347168,-117.27806854248048,SAN BERNARDINO,SAN BERNARDINO,-117.2787857055664,34.12133026123047
9277377,2021,2021-06-10,3600,2021-05-26,1748,G7659,VC059,3,5,5,3612,0,0,0,NA,0,VC4,RUBY CIR,STONEGATE DR,10,E,N,A,-,N,NA,NA,NA,NA,NA,NA,NA,NA,NA,N,3,0,1,1,A,-,03,22350,NA,N,E,I,A,A,H,-,A,-,0,NA,NA,Y,NA,Y,NA,C,02,0,1,0,0,0,0,0,0,1,-,-,NA,NA,SAN BERNARDINO,VICTORVILLE,-117.3673095703125,34.47166061401367
9277653,2021,2021-06-16,3610,2021-04-18,2000,51268,NA,7,5,6,3610,0,0,0,NA,0,POLICE,S INLAND CENTER DR,W MILL ST,420,S,N,A,-,N,NA,NA,NA,NA,NA,NA,NA,NA,NA,Y,4,0,2,2,A,-,09,21801,A,N,D,C,A,A,H,-,C,D,0,NA,NA,Y,NA,Y,NA,C,06,0,0,2,0,0,0,0,0,2,-,-,NA,NA,SAN BERNARDINO,SAN BERNARDINO,-117.2949676513672,34.091224670410156
9277955,2021,2022-08-26,3610,2021-04-23,0703,51285,NA,5,5,6,3610,0,0,0,NA,0,POLICE,RT 18,MPM 11.30,163,S,N,B,-,Y,SBD,8,18,-,R,11.25,H,-,S,Y,4,0,1,2,A,-,03,22350,NA,N,F,-,A,D,H,-,A,D,0,NA,NA,NA,NA,Y,NA,A,07,0,0,1,0,0,0,0,0,0,-,-,NA,NA,SAN BERNARDINO,SAN BERNARDINO,-117.27846527099608,34.19369888305664
9277967,2021,2021-07-01,3610,2021-04-23,1941,51155,NA,5,5,6,3610,0,0,0,NA,0,ADAM,W RIALTO AV,N  J ST,0,NA,Y,A,-,N,NA,NA,NA,NA,NA,NA,NA,NA,NA,N,4,0,2,2,A,-,12,22450,A,N,D,C,A,A,H,-,C,D,0,NA,NA,NA,NA,Y,NA,A,07,0,0,2,0,0,0,0,0,0,-,-,34.1008415222168,-117.3053970336914,SAN BERNARDINO,SAN BERNARDINO,-117.30541229248048,34.10084533691406
9278654,2021,2021-06-21,3602,2021-05-18,1506,3573,NA,2,5,5,3602,0,0,0,NA,0,001,SCHAEFER AV,ROSWELL AV,0,NA,Y,A,-,N,NA,NA,NA,NA,NA,NA,NA,NA,NA,Y,3,0,1,2,A,-,09,21801,A,N,A,C,A,A,H,-,A,A,0,NA,NA,NA,NA,Y,NA,A,01,0,1,0,0,0,0,0,0,0,-,-,34.004329681396484,-117.72183227539063,SAN BERNARDINO,CHINO,-117.72183227539063,34.00434112548828
9279635,2021,2021-06-23,3600,2021-05-28,0917,F8172,HE202,5,5,5,3619,0,0,0,NA,0,HE2,I AV,EUCALYPTUS ST,0,NA,Y,A,-,N,NA,NA,NA,NA,NA,NA,NA,NA,NA,Y,4,0,1,2,A,-,12,22450,A,N,D,C,A,A,H,-,A,A,0,NA,NA,NA,NA,Y,NA,A,07,0,0,1,0,0,0,0,0,0,-,-,NA,NA,SAN BERNARDINO,HESPERIA,-117.27719116210938,34.45524978637695
9280056,2021,2021-07-01,3604,2021-06-01,1604,1086,NA,2,5,6,3604,0,0,0,NA,0,NA,JURUPA AV,VOLANTE DR,0,NA,Y,A,-,N,NA,NA,NA,NA,NA,NA,NA,NA,NA,Y,2,0,3,2,A,-,12,22450,A,N,D,C,A,A,H,-,A,A,0,NA,NA,NA,NA,Y,NA,A,01,1,1,1,0,0,0,0,0,0,-,-,NA,NA,SAN BERNARDINO,FONTANA,-117.42874908447266,34.04832458496094
9280057,2021,2021-07-01,3604,2021-06-01,2124,1156,NA,2,5,6,3604,0,0,0,NA,0,NA,SIERRA AV,CLUB HOUSE DR,250,N,N,A,-,N,NA,NA,NA,NA,NA,NA,NA,NA,NA,N,2,0,1,2,A,-,11,21954,A,N,G,B,E,A,H,-,C,D,0,Y,NA,NA,NA,Y,NA,N,60,1,0,0,0,1,0,0,0,0,-,-,NA,NA,SAN BERNARDINO,FONTANA,-117.43618774414063,34.1453742980957
9280169,2021,2021-06-21,3608,2021-05-23,0836,3372,NA,7,5,5,3608,0,0,0,NA,0,REDLAN,ALABAMA ST,RT 10,0,NA,Y,A,-,Y,SBD,8,10,-,-,29.687,R,4,W,Y,4,0,4,3,A,-,12,21453,A,N,D,C,A,A,H,-,A,A,0,NA,NA,NA,NA,Y,NA,A,01,0,0,4,0,0,0,0,0,0,-,-,NA,NA,SAN BERNARDINO,REDLANDS,-117.20256042480467,34.066402435302734
9280953,2021,2021-07-01,3605,2021-05-28,0744,284,NA,5,5,4,3605,0,0,0,NA,0,NA,SAN BERNARDINO ST,AMHERST AV,0,NA,Y,A,-,N,NA,NA,NA,NA,NA,NA,NA,NA,NA,N,3,0,1,1,A,-,08,22107,NA,N,E,I,A,A,H,-,A,A,0,NA,NA,NA,NA,Y,NA,A,07,0,1,0,0,0,0,0,0,0,-,-,NA,NA,SAN BERNARDINO,MONTCLAIR,-117.70980072021484,34.07738494873047
9281084,2021,2021-08-05,3602,2021-06-19,1254,3955,NA,6,5,5,3602,0,0,0,NA,0,002,WALNUT AV,SAN ANTONIO AV,0,NA,Y,A,-,N,NA,NA,NA,NA,NA,NA,NA,NA,NA,N,3,0,1,2,A,-,10,21950,A,N,G,B,B,A,H,-,A,A,0,Y,NA,NA,NA,Y,NA,D,22,0,1,0,0,1,0,0,0,0,-,-,34.026519775390625,-117.65892028808594,SAN BERNARDINO,CHINO,-117.65888214111328,34.02647018432617
9281709,2021,2021-07-12,3608,2021-04-24,1254,3675,NA,6,5,5,3608,0,0,0,NA,0,NA,COLTON AV,CHURCH ST,0,NA,Y,A,-,N,NA,NA,NA,NA,NA,NA,NA,NA,NA,Y,2,0,2,2,A,-,08,22107,NA,N,D,C,A,A,H,-,A,D,0,NA,NA,Y,NA,Y,NA,A,01,1,0,1,0,0,0,0,0,1,-,-,NA,NA,SAN BERNARDINO,REDLANDS,-117.17379760742188,34.06282043457031
9281733,2021,2021-07-01,3600,2021-04-18,0246,I1087,AP008,7,5,5,3621,0,0,0,NA,0,AP3,APPLE VALLEY RD,OTTAWA RD,340,N,N,A,-,N,NA,NA,NA,NA,NA,NA,NA,NA,NA,Y,3,0,1,1,A,-,08,22107,NA,M,E,J,A,A,H,-,D,D,0,NA,NA,NA,NA,Y,NA,A,01,0,1,0,0,0,0,0,0,0,-,-,NA,NA,SAN BERNARDINO,APPLE VALLEY,-117.24250793457033,34.49394226074219
9282516,2021,2021-07-14,3610,2021-05-02,2000,511245,NA,7,5,6,3610,0,0,0,NA,0,CHARLI,NORTH SIERRA WY,EAST HIGHLAND AV,0,NA,Y,A,-,N,NA,NA,NA,NA,NA,NA,NA,NA,NA,N,4,0,1,2,A,-,11,21956,NA,F,E,B,E,A,H,-,C,D,0,Y,NA,NA,NA,Y,NA,N,60,0,0,1,0,1,0,0,0,0,-,-,34.135948181152344,-117.28514099121094,SAN BERNARDINO,SAN BERNARDINO,-117.28514099121094,34.135955810546875
9282852,2021,2021-07-21,3603,2021-06-05,0116,4916,CPD,6,5,4,3603,0,0,0,NA,0,001,MERIDIAN AV,POEMA DR,0,NA,Y,A,-,N,NA,NA,NA,NA,NA,NA,NA,NA,NA,Y,2,0,1,3,A,-,09,21801,A,F,B,C,A,A,H,-,C,D,0,NA,NA,NA,NA,Y,Y,A,08,1,0,0,0,0,0,0,0,0,-,-,34.081790924072266,-117.3485107421875,SAN BERNARDINO,COLTON,-117.34848785400392,34.081756591796875
9283227,2021,2022-10-06,3601,2021-05-15,1455,C4,BARST,6,5,3,3601,0,0,0,NA,0,PATROL,W BUENA VISTA ST,AVE A,0,NA,Y,A,-,N,NA,NA,NA,NA,NA,NA,NA,NA,NA,N,3,0,1,2,A,-,12,22450,A,F,G,B,D,A,H,-,A,D,0,Y,NA,NA,NA,Y,NA,A,01,0,1,0,0,1,0,0,0,0,-,-,NA,NA,SAN BERNARDINO,BARSTOW,-117.03456115722656,34.895259857177734
9286119,2021,2021-07-07,3600,2021-06-12,1502,H9767,TW004,6,5,3,3617,0,0,0,NA,0,TW1,RT 62,TAMARISK AV,0,NA,Y,A,-,Y,SBD,8,62,-,-,32.987,I,5,W,Y,3,0,2,2,A,-,08,22107,NA,N,D,C,A,A,H,-,A,A,0,NA,NA,NA,NA,Y,Y,A,08,0,2,0,0,0,0,0,0,0,-,-,34.135929107666016,-116.0580596923828,SAN BERNARDINO,TWENTYNINE PALMS,-116.05829620361328,34.13557052612305