CASE_ID,ACCIDENT_YEAR,PROC_DATE,JURIS,COLLISION_DATE,COLLISION_TIME,OFFICER_ID,REPORTING_DISTRICT,DAY_OF_WEEK,CHP_SHIFT,POPULATION,CNTY_CITY_LOC,SPECIAL_COND,BEAT_TYPE,CHP_BEAT_TYPE,CITY_DIVISION_LAPD,CHP_BEAT_CLASS,BEAT_NUMBER,PRIMARY_RD,SECONDARY_RD,DISTANCE,DIRECTION,INTERSECTION,WEATHER_1,WEATHER_2,STATE_HWY_IND,CALTRANS_COUNTY,CALTRANS_DISTRICT,STATE_ROUTE,ROUTE_SUFFIX,POSTMILE_PREFIX,POSTMILE,LOCATION_TYPE,RAMP_INTERSECTION,SIDE_OF_HWY,TOW_AWAY,COLLISION_SEVERITY,NUMBER_KILLED,NUMBER_INJURED,PARTY_COUNT,PRIMARY_COLL_FACTOR,PCF_CODE_OF_VIOL,PCF_VIOL_CATEGORY,PCF_VIOLATION,PCF_VIOL_SUBSECTION,HIT_AND_RUN,TYPE_OF_COLLISION,MVIW,PED_ACTION,ROAD_SURFACE,ROAD_COND_1,ROAD_COND_2,LIGHTING,CONTROL_DEVICE,CHP_ROAD_TYPE,PEDESTRIAN_ACCIDENT,BICYCLE_ACCIDENT,MOTORCYCLE_ACCIDENT,TRUCK_ACCIDENT,NOT_PRIVATE_PROPERTY,ALCOHOL_INVOLVED,STWD_VEHTYPE_AT_FAULT,CHP_VEHTYPE_AT_FAULT,COUNT_SEVERE_INJ,COUNT_VISIBLE_INJ,COUNT_COMPLAINT_PAIN,COUNT_PED_KILLED,COUNT_PED_INJURED,COUNT_BICYCLIST_KILLED,COUNT_BICYCLIST_INJURED,COUNT_MC_KILLED,COUNT_MC_INJURED,PRIMARY_RAMP,SECONDARY_RAMP,LATITUDE,LONGITUDE,COUNTY,CITY,POINT_X,POINT_Y
92877739,2024,2024-07-29,9860,2024-07-24,815,019429,NA,3,1,4,3603,0,1,1,NA,2,218,I-215 S/B,IOWA AVE,1584,N,N,A,-,Y,SBD,NA,215,NA,NA,0.694,H,NA,L,Y,4,0,3,3,A,-,03,22350,NA,N,C,C,A,A,H,-,A,D,0,NA,NA,NA,NA,Y,NA,A,01,0,0,3,0,0,0,0,0,0,-,-,34.02738952636719,-117.33231353759766,SAN BERNARDINO,COLTON,-117.33236694335938,34.02743148803711
9289239,2021,2021-08-04,3600,2021-06-15,1606,E8923,HI013,2,5,4,3618,0,0,0,NA,0,HI2,9TH ST,VICTORIA LN,370,E,N,A,-,N,NA,NA,NA,NA,NA,NA,NA,NA,NA,N,4,0,2,2,A,-,09,21804,B,N,A,C,A,A,H,-,B,D,0,NA,NA,NA,NA,Y,NA,A,01,0,0,2,0,0,0,0,0,0,-,-,34.115638732910156,-117.22482299804688,SAN BERNARDINO,HIGHLAND,-117.22496795654295,34.115699768066406
92898345,2024,2024-07-30,9850,2024-07-19,1615,021639,NA,5,2,5,3612,0,1,1,NA,2,083,I-15 N/B,D ST,2400,S,N,A,-,Y,SBD,NA,15,NA,NA,43.027,H,NA,R,Y,3,0,1,2,A,-,08,22107,NA,N,B,C,A,A,H,-,A,D,0,NA,NA,NA,NA,Y,NA,A,01,0,1,0,0,0,0,0,0,0,-,-,34.541351318359375,-117.30709075927734,SAN BERNARDINO,VICTORVILLE,-117.30712127685548,34.5413932800293
9290140,2021,2021-07-29,3603,2021-06-09,2355,5029,CPD,3,5,4,3603,0,0,0,NA,0,003,W AGUA MANSA RD,S RANCHO AV,0,NA,Y,A,-,N,NA,NA,NA,NA,NA,NA,NA,NA,NA,Y,2,0,1,1,A,-,03,22350,NA,N,E,I,A,A,H,-,C,D,0,NA,NA,NA,NA,Y,NA,A,01,1,0,0,0,0,0,0,0,0,-,-,34.0540885925293,-117.3347396850586,SAN BERNARDINO,COLTON,-117.33477020263672,34.05409240722656
9291671,2021,2021-08-28,3603,2021-07-01,0400,4546,CPD,4,5,4,3603,0,0,0,NA,0,004,STELL RD,STEEL RD 2020,0,NA,N,A,-,N,NA,NA,NA,NA,NA,NA,NA,NA,NA,Y,3,0,1,1,A,-,03,22350,NA,N,E,I,A,A,H,-,C,A,0,NA,NA,NA,NA,Y,NA,D,22,0,1,0,0,0,0,0,0,0,-,-,34.061519622802734,-117.29273223876952,SAN BERNARDINO,COLTON,NA,NA
9291768,2021,2021-07-23,3608,2021-06-03,0632,5047,NA,4,5,5,3608,0,0,0,NA,0,NA,CHURCH ST,LUGONIA AV,0,NA,Y,A,-,N,NA,NA,NA,NA,NA,NA,NA,NA,NA,N,2,0,1,2,A,-,10,21950,A,N,G,B,B,A,H,-,A,A,0,Y,NA,NA,NA,Y,NA,-,NA,1,0,0,0,1,0,0,0,0,-,-,NA,NA,SAN BERNARDINO,REDLANDS,-117.17375183105467,34.070030212402344
9292171,2021,2022-08-23,3610,2021-05-17,1720,51041,NA,1,5,6,3610,0,0,0,NA,0,NA,N CENTRAL AV,EAST HIGHLAND AV,0,NA,Y,B,-,N,NA,NA,NA,NA,NA,NA,NA,NA,NA,Y,4,0,1,2,A,-,09,21800,A,N,D,C,A,A,H,-,A,A,0,NA,NA,NA,NA,Y,NA,A,01,0,0,1,0,0,0,0,0,0,-,-,34.13579177856445,-117.21753692626952,SAN BERNARDINO,SAN BERNARDINO,-117.21753692626952,34.13579559326172
9292362,2021,2021-08-27,3604,2021-07-01,1505,1047,3604,4,5,6,3604,0,0,0,NA,0,NA,CHERRY AV,ROANOKE RD,20,S,N,A,-,N,NA,NA,NA,NA,NA,NA,NA,NA,NA,N,4,0,1,2,A,-,03,22350,NA,N,C,C,A,A,H,-,A,A,0,NA,NA,NA,NA,Y,NA,A,01,0,0,1,0,0,0,0,0,0,-,-,NA,NA,SAN BERNARDINO,FONTANA,-117.48866271972656,34.11714553833008
9293430,2021,2021-08-24,3600,2021-07-17,1714,H6883,HE134,6,5,5,3619,0,0,0,NA,0,HE1,RT 395,EDISON POLE 4780182E,70,N,N,A,-,Y,SBD,8,395,-,-,6.37,H,-,S,Y,4,0,1,1,A,-,08,22107,NA,N,E,I,A,A,H,-,A,D,0,NA,NA,NA,NA,Y,NA,A,01,0,0,1,0,0,0,0,0,0,-,-,NA,NA,SAN BERNARDINO,HESPERIA,-117.3995361328125,34.437660217285156
9293899,2021,2021-08-10,3600,2021-06-17,1345,H5177,VC070,4,5,5,3612,0,0,0,NA,0,VC5,LA MESA RD,AMETHYST RD,0,NA,Y,A,-,N,NA,NA,NA,NA,NA,NA,NA,NA,NA,Y,4,0,1,4,A,-,12,21453,A,N,B,C,A,A,H,-,A,A,0,NA,NA,NA,NA,Y,NA,A,01,0,0,1,0,0,0,0,0,0,-,-,NA,NA,SAN BERNARDINO,VICTORVILLE,-117.36431121826172,34.48491287231445
9294114,2021,2021-08-25,3600,2021-07-02,1821,G3225,AP013,5,5,5,3621,0,0,0,NA,0,AP2,PAWNEE RD,HURONS AV,0,NA,Y,A,-,N,NA,NA,NA,NA,NA,NA,NA,NA,NA,Y,4,0,1,2,A,-,01,23152,A,N,D,C,A,A,H,-,A,A,0,NA,NA,NA,NA,Y,Y,A,01,0,0,1,0,0,0,0,0,0,-,-,NA,NA,SAN BERNARDINO,APPLE VALLEY,-117.18498229980467,34.512298583984375
9294518,2021,2021-08-05,3604,2021-06-21,2128,1154,NA,1,5,6,3604,0,0,0,NA,0,NA,PALMETTO AV,PINE AV,0,NA,Y,A,-,N,NA,NA,NA,NA,NA,NA,NA,NA,NA,N,4,0,1,2,A,-,09,21801,A,N,D,C,A,A,H,-,C,A,0,NA,NA,NA,NA,Y,NA,A,07,0,0,1,0,0,0,0,0,0,-,-,NA,NA,SAN BERNARDINO,FONTANA,-117.427001953125,34.08705139160156
9294867,2021,2021-09-10,3602,2021-07-15,1142,1256,NA,4,5,5,3602,0,0,0,NA,0,001,MONTE VISTA AV,B ST,0,NA,Y,A,-,N,NA,NA,NA,NA,NA,NA,NA,NA,NA,Y,4,0,1,2,A,-,09,21802,A,N,D,C,A,A,H,-,A,A,0,NA,NA,NA,NA,Y,NA,A,08,0,0,1,0,0,0,0,0,0,-,-,34.01020050048828,-117.41519927978516,SAN BERNARDINO,CHINO,-117.69805145263672,34.01727294921875
9294993,2021,2021-08-18,3609,2021-07-10,0325,02065,RI110,6,5,5,3609,0,0,0,NA,0,002,LILAC AV,JACKSON ST,80,N,N,A,-,N,NA,NA,NA,NA,NA,NA,NA,NA,NA,Y,3,0,1,3,A,-,01,23152,A,N,C,E,A,A,H,-,C,D,0,NA,NA,NA,NA,Y,Y,A,01,0,1,0,0,0,0,0,0,0,-,-,34.12023162841797,-117.37911224365234,SAN BERNARDINO,RIALTO,-117.379150390625,34.120147705078125
9295507,2021,2021-09-08,3608,2021-07-05,1521,4523,3608,1,5,5,3608,0,0,0,NA,0,NA,SUNSET DR,VALLE VISTA DR,256,E,N,A,-,N,NA,NA,NA,NA,NA,NA,NA,NA,NA,N,3,0,1,3,A,-,05,21651,B,N,A,C,A,A,H,-,A,D,0,NA,NA,Y,NA,Y,NA,A,08,0,1,0,0,0,0,0,0,1,-,-,NA,NA,SAN BERNARDINO,REDLANDS,-117.15447235107422,34.02098083496094
9295903,2021,2021-08-04,3600,2021-07-13,0806,H5174,TW003,2,5,3,3617,0,0,0,NA,0,0TW,RT 62,LARREA AV,100,W,N,B,-,Y,SBD,8,62,-,-,31.24,H,-,E,Y,3,0,1,2,A,-,03,22350,NA,N,C,C,A,A,H,-,A,A,0,NA,NA,NA,NA,Y,NA,A,07,0,1,0,0,0,0,0,0,0,-,-,34.13542938232422,-116.08870697021484,SAN BERNARDINO,TWENTYNINE PALMS,-116.08879089355467,34.135475158691406
9295904,2021,2021-08-04,3605,2021-06-27,2226,457,NA,7,5,4,3605,0,0,0,NA,0,NA,MONTE VISTA AV,RT 10,0,NA,Y,A,-,Y,SBD,8,10,-,-,0.578,R,4,W,Y,4,0,1,2,A,-,09,21801,A,N,A,C,A,A,D,-,C,A,0,NA,NA,NA,NA,Y,NA,A,01,0,0,1,0,0,0,0,0,0,-,WO,NA,NA,SAN BERNARDINO,MONTCLAIR,-117.70038604736328,34.08197021484375
9296128,2021,2021-10-05,3605,2021-08-01,1659,452,NA,7,5,4,3605,0,0,0,NA,0,NA,MONTE VISTA AV,HOWARD ST,0,NA,Y,A,-,N,NA,NA,NA,NA,NA,NA,NA,NA,NA,Y,4,0,2,2,A,-,12,22450,A,N,D,C,A,A,H,-,A,D,0,NA,NA,NA,NA,Y,NA,D,22,0,0,2,0,0,0,0,0,0,-,-,NA,NA,SAN BERNARDINO,MONTCLAIR,-117.6981201171875,34.05215835571289
9297756,2021,2021-09-14,3600,2021-06-30,1625,G6198,VC070,3,5,5,3612,0,0,0,NA,0,VC5,CANTINA DR,LA MESA RD,0,NA,Y,A,-,N,NA,NA,NA,NA,NA,NA,NA,NA,NA,Y,3,0,3,3,A,-,12,22450,A,N,D,C,A,A,H,-,A,A,0,NA,NA,NA,NA,Y,NA,A,01,0,1,2,0,0,0,0,0,0,-,-,NA,NA,SAN BERNARDINO,VICTORVILLE,-117.39693450927734,34.484886169433594
9299722,2021,2021-09-28,3600,2021-07-15,1939,I4721,TW003,4,5,3,3617,0,0,0,NA,0,TW1,TWENTYNINE PALMS HWY,MESQUITE SPRINGS RD,0,NA,Y,A,-,Y,SBD,8,62,-,-,32.203,I,5,W,Y,3,0,1,2,A,-,08,22107,NA,N,A,C,A,A,H,-,C,A,0,NA,NA,NA,NA,Y,Y,A,01,0,1,0,0,0,0,0,0,0,-,-,34.13542938232422,-116.07193756103516,SAN BERNARDINO,TWENTYNINE PALMS,-116.07205200195313,34.135459899902344
9299906,2021,2021-09-21,3600,2021-07-24,1438,3926,105,6,5,5,3619,0,0,0,NA,0,001,BEAR VALLEY RD,HESPERIA RD,405,W,N,A,-,N,NA,NA,NA,NA,NA,NA,NA,NA,NA,N,3,0,2,4,A,-,03,22350,NA,N,C,C,A,A,H,-,A,A,0,NA,NA,NA,NA,Y,NA,A,01,0,1,1,0,0,0,0,0,0,-,-,NA,NA,SAN BERNARDINO,HESPERIA,-117.29331207275392,34.470909118652344
9300251,2021,2021-08-16,3610,2021-05-26,0341,50600,NA,3,5,6,3610,0,0,0,NA,0,POLICE,W FOOTHILL BL,N MERIDIAN AV,108,W,N,A,-,Y,SBD,8,66,-,-,20.37,H,-,W,Y,3,0,1,2,A,-,08,22107,NA,N,C,E,A,A,H,-,C,A,0,NA,NA,NA,Y,Y,NA,A,01,0,1,0,0,0,0,0,0,0,-,-,NA,NA,SAN BERNARDINO,SAN BERNARDINO,-117.3488998413086,34.10683822631836
9301526,2021,2021-09-14,3610,2021-07-19,1747,51280,NA,1,5,6,3610,0,0,0,NA,0,ADAM,W INDUSTRIAL PKWY,LEXINGTON WY,1642,N,N,A,-,N,NA,NA,NA,NA,NA,NA,NA,NA,NA,Y,4,0,1,1,A,-,08,22107,NA,N,E,I,A,A,H,-,A,D,0,NA,NA,NA,NA,Y,NA,A,01,0,0,1,0,0,0,0,0,0,-,-,34.1792106628418,-117.3485870361328,SAN BERNARDINO,SAN BERNARDINO,-117.34982299804688,34.17943572998047
9301551,2021,2021-10-01,3604,2021-08-23,1527,1322,NA,1,5,6,3604,0,0,0,NA,0,NA,CITRUS AV,SOUTH HIGHLAND AV,0,NA,Y,A,-,N,NA,NA,NA,NA,NA,NA,NA,NA,NA,N,3,0,1,2,A,-,12,21453,A,N,D,C,A,A,H,-,A,A,0,NA,NA,Y,NA,Y,NA,C,02,0,1,0,0,0,0,0,0,1,-,-,NA,NA,SAN BERNARDINO,FONTANA,-117.45364379882813,34.13471221923828
9301606,2021,2021-09-21,3602,2021-08-31,1040,1256,NA,2,5,5,3602,0,0,0,NA,0,002,RIVERSIDE DR,BENSON AV,55,W,N,A,-,N,NA,NA,NA,NA,NA,NA,NA,NA,NA,N,3,0,1,2,A,-,03,22350,NA,N,C,C,A,A,H,-,A,A,0,NA,NA,NA,NA,Y,NA,A,01,0,1,0,0,0,0,0,0,0,-,-,34.01110076904297,-117.40450286865234,SAN BERNARDINO,CHINO,-117.68077850341795,34.01912307739258
9302403,2021,2021-08-17,3610,2021-06-06,1130,51352,NA,7,5,6,3610,0,0,0,NA,0,DAVID,W RIALTO AV,E ST,38,E,N,A,-,N,NA,NA,NA,NA,NA,NA,NA,NA,NA,N,4,0,1,2,A,-,09,21801,B,F,B,C,A,-,H,-,A,A,0,NA,NA,NA,NA,Y,NA,-,NA,0,0,1,0,0,0,0,0,0,-,-,34.10078048706055,-117.29389190673828,SAN BERNARDINO,SAN BERNARDINO,-117.29401397705078,34.10084915161133
9302424,2021,2021-08-17,3610,2021-06-03,2155,51181,NA,4,5,6,3610,0,0,0,NA,0,CHARLI,E 40TH ST,N SEPULVEDA AV,28,W,N,A,-,N,NA,NA,NA,NA,NA,NA,NA,NA,NA,N,3,0,1,2,A,-,11,21955,NA,N,G,B,D,A,H,-,C,A,0,Y,NA,NA,NA,Y,NA,N,60,0,1,0,0,1,0,0,0,0,-,-,NA,NA,SAN BERNARDINO,SAN BERNARDINO,-117.28295135498048,34.16487121582031
9302428,2021,2022-08-23,3610,2021-06-04,1958,51260,NA,5,5,6,3610,0,0,0,NA,0,NA,N BELLE ST,E 28TH ST,0,NA,Y,A,-,N,NA,NA,NA,NA,NA,NA,NA,NA,NA,Y,4,0,1,2,A,-,08,22107,NA,N,C,E,A,A,H,-,B,B,0,NA,NA,NA,NA,Y,NA,A,01,0,0,1,0,0,0,0,0,0,-,-,34.14237976074219,-117.27973175048828,SAN BERNARDINO,SAN BERNARDINO,-117.2797622680664,34.1423454284668
9302609,2021,2021-09-07,3603,2021-07-28,1840,4916,CPD,3,5,4,3603,0,0,0,NA,0,004,HUNTS LN,STEWART ST,0,NA,Y,A,-,N,NA,NA,NA,NA,NA,NA,NA,NA,NA,N,4,0,2,2,A,-,09,21802,B,N,D,C,A,A,H,-,A,A,0,NA,NA,NA,NA,Y,NA,A,01,0,0,2,0,0,0,0,0,0,-,-,34.0534782409668,-117.28740692138672,SAN BERNARDINO,COLTON,-117.2873992919922,34.053462982177734
9302978,2021,2021-08-19,3600,2021-07-12,1610,F8172,HE312,1,5,5,3619,0,0,0,NA,0,HE5,11TH AV,SULTANA ST,0,NA,Y,A,-,N,NA,NA,NA,NA,NA,NA,NA,NA,NA,Y,3,0,2,2,A,-,12,22450,A,N,D,C,A,A,H,-,A,A,0,NA,NA,NA,NA,Y,NA,A,07,0,2,0,0,0,0,0,0,0,-,-,NA,NA,SAN BERNARDINO,HESPERIA,-117.32665252685548,34.41788101196289
9308352,2021,2021-09-03,3600,2021-07-24,0155,F6917,YC401,6,5,4,3640,0,0,0,NA,0,YC3,YUCAIPA BL,HAMPTON RD,0,NA,Y,A,-,N,NA,NA,NA,NA,NA,NA,NA,NA,NA,Y,2,0,1,1,A,-,01,23152,A,N,E,I,A,A,H,-,B,A,0,NA,NA,Y,NA,Y,Y,C,02,1,0,0,0,0,0,0,0,1,-,-,NA,NA,SAN BERNARDINO,YUCAIPA,-117.11852264404295,34.02802658081055
9308587,2021,2021-08-26,3610,2021-06-26,1041,50967,NA,6,5,6,3610,0,0,0,NA,0,POLICE,W 5TH ST,NORTH ARROWHEAD AV,0,NA,Y,A,-,N,NA,NA,NA,NA,NA,NA,NA,NA,NA,Y,3,0,2,3,A,-,12,21453,A,F,D,C,A,A,H,-,A,A,0,NA,NA,NA,NA,Y,Y,A,01,0,1,1,0,0,0,0,0,0,-,-,34.10831069946289,-117.28964233398438,SAN BERNARDINO,SAN BERNARDINO,-117.28963470458984,34.108299255371094
9309735,2021,2021-08-23,3600,2021-06-14,1428,E3370,RC067,1,5,6,3616,0,0,0,NA,0,005,CHURCH ST,MAYTEN AV,149,E,N,A,-,N,NA,NA,NA,NA,NA,NA,NA,NA,NA,Y,3,0,1,1,A,-,03,22350,A,N,E,I,A,A,H,-,A,A,0,NA,NA,NA,NA,Y,NA,A,01,0,1,0,0,0,0,0,0,0,-,-,NA,NA,SAN BERNARDINO,RANCHO CUCAMONGA,-117.55297088623048,34.110069274902344
9312236,2021,2021-09-16,3609,2021-08-03,1103,01002,RI132,2,5,5,3609,0,0,0,NA,0,001,FOOTHILL BL,LINDEN AV,0,NA,Y,A,-,N,NA,NA,NA,NA,NA,NA,NA,NA,NA,Y,4,0,5,2,A,-,12,21453,A,N,D,C,A,A,H,-,A,A,0,NA,NA,NA,NA,Y,NA,A,07,0,0,5,0,0,0,0,0,0,-,-,34.11341857910156,-117.39974212646484,SAN BERNARDINO,RIALTO,-117.4009017944336,34.10673141479492
9313321,2021,2021-09-09,3600,2021-07-25,1612,G6918,VC046,7,5,5,3612,0,0,0,NA,0,VC6,D ST,RT 15,2309,W,N,A,-,N,NA,NA,NA,NA,NA,NA,NA,NA,NA,Y,4,0,1,2,A,-,05,21650,NA,N,A,C,A,A,H,-,A,A,0,NA,NA,NA,NA,Y,NA,A,01,0,0,1,0,0,0,0,0,0,-,SO,NA,NA,SAN BERNARDINO,VICTORVILLE,-117.3010025024414,34.54618835449219
9313864,2021,2021-09-24,3609,2021-08-03,0845,00829,RI144,2,5,5,3609,0,0,0,NA,0,003,CEDAR AV,MERRILL AV,73,N,N,A,-,N,NA,NA,NA,NA,NA,NA,NA,NA,NA,Y,4,0,2,5,A,-,03,22350,NA,N,C,C,A,A,H,-,A,A,0,NA,NA,NA,Y,Y,NA,A,01,0,0,2,0,0,0,0,0,0,-,-,34.091800689697266,-117.39866638183594,SAN BERNARDINO,RIALTO,-117.39652252197266,34.09244155883789
9314617,2021,2021-08-26,3600,2021-07-22,1358,B9547,HE104,4,5,5,3619,0,0,0,NA,0,HE1,SECOND AV,SEQUOIA ST,0,NA,Y,A,-,N,NA,NA,NA,NA,NA,NA,NA,NA,NA,Y,4,0,5,2,A,-,09,21802,A,N,D,C,A,A,H,-,A,A,0,NA,NA,NA,NA,Y,NA,A,07,0,0,5,0,0,0,0,0,0,-,-,NA,NA,SAN BERNARDINO,HESPERIA,-117.29920959472656,34.46903610229492
9315127,2021,2021-09-01,3600,2021-06-03,1254,E3370,RC020,4,5,6,3616,0,0,0,NA,0,005,TERRA VISTA PKWY,STAMFIELD DR,19,E,N,A,-,N,NA,NA,NA,NA,NA,NA,NA,NA,NA,Y,3,0,1,2,A,-,09,21802,A,N,D,C,A,A,H,-,A,A,0,NA,NA,NA,NA,Y,NA,A,01,0,1,0,0,0,0,0,0,0,-,-,NA,NA,SAN BERNARDINO,RANCHO CUCAMONGA,-117.56901550292967,34.11735916137695
9315135,2021,2021-09-01,3600,2021-06-17,0628,F1596,RC005,4,5,6,3616,0,0,0,NA,0,006,BASE LINE RD,ETIWANDA AV,0,NA,Y,A,-,N,NA,NA,NA,NA,NA,NA,NA,NA,NA,Y,4,0,2,2,A,-,12,21453,A,N,D,C,A,A,H,-,A,A,0,NA,NA,NA,NA,Y,NA,A,07,0,0,2,0,0,0,0,0,0,-,-,NA,NA,SAN BERNARDINO,RANCHO CUCAMONGA,-117.52354431152344,34.12095260620117
9315148,2021,2021-09-08,3610,2021-07-05,1850,51181,NA,1,5,6,3610,0,0,0,NA,0,POLICE,EAST HIGHLAND AV,N VALENCIA AV,0,NA,Y,A,-,N,NA,NA,NA,NA,NA,NA,NA,NA,NA,Y,4,0,1,2,A,-,12,21453,A,N,D,C,A,A,H,-,A,A,0,NA,NA,NA,NA,Y,NA,A,07,0,0,1,0,0,0,0,0,0,-,-,NA,NA,SAN BERNARDINO,SAN BERNARDINO,-117.27252197265624,34.135902404785156
9315387,2021,2021-09-13,3600,2021-05-04,1717,F3794,RC029,2,5,6,3616,0,0,0,NA,0,RC5,ARCHIBALD AV,CANDLEWOOD ST,57,S,N,A,-,N,NA,NA,NA,NA,NA,NA,NA,NA,NA,N,3,0,2,2,A,-,09,21801,NA,N,H,A,A,A,H,-,A,A,0,NA,NA,Y,NA,Y,NA,A,01,0,2,0,0,0,0,0,0,2,-,-,NA,NA,SAN BERNARDINO,RANCHO CUCAMONGA,-117.59349060058594,34.11611557006836
9315401,2021,2021-09-15,3610,2021-07-13,0657,50584,NA,2,5,6,3610,0,0,0,NA,0,POLICE,E ORANGE SHOW RD,S TIPPECANOE AV,0,NA,Y,A,-,N,NA,NA,NA,NA,NA,NA,NA,NA,NA,Y,4,0,4,4,A,-,12,21453,A,N,D,C,A,A,H,-,A,A,0,NA,NA,NA,NA,Y,NA,A,01,0,0,4,0,0,0,0,0,0,-,-,34.07752990722656,-117.25972747802734,SAN BERNARDINO,SAN BERNARDINO,-117.25975036621094,34.077537536621094
9316107,2021,2021-09-18,3600,2021-08-04,0942,F777,LL002,3,5,3,3615,0,0,0,NA,0,LL1,CALIFORNIA ST,ORANGE AV,0,NA,Y,A,-,N,NA,NA,NA,NA,NA,NA,NA,NA,NA,Y,4,0,1,3,A,-,09,21801,A,N,D,C,A,A,H,-,A,A,0,NA,NA,NA,NA,Y,NA,A,01,0,0,1,0,0,0,0,0,0,-,-,NA,NA,SAN BERNARDINO,LOMA LINDA,-117.22618103027344,34.05197525024414
9316303,2021,2021-09-22,3603,2021-08-17,1727,4012,CPD,2,5,4,3603,0,0,0,NA,0,001,VALLEY BL,REXFORD ST,0,NA,Y,A,-,N,NA,NA,NA,NA,NA,NA,NA,NA,NA,N,4,0,1,2,A,-,09,21802,A,N,D,C,A,A,H,-,A,A,0,NA,NA,NA,NA,Y,NA,A,01,0,0,1,0,0,0,0,0,0,-,-,34.070491790771484,-117.35563659667967,SAN BERNARDINO,COLTON,-117.35562133789063,34.070472717285156
9316304,2021,2021-09-22,3603,2021-08-20,2117,5065,CPD,5,5,4,3603,0,0,0,NA,0,004,E WASHINGTON ST,MEADOW LN,485,W,N,A,-,N,NA,NA,NA,NA,NA,NA,NA,NA,NA,Y,2,0,1,2,A,-,11,21954,A,N,G,B,D,A,H,-,C,D,0,Y,NA,NA,NA,Y,NA,N,60,1,0,0,0,1,0,0,0,0,-,-,NA,NA,SAN BERNARDINO,COLTON,-117.301025390625,34.04840850830078
9316333,2021,2021-09-23,3603,2021-08-18,1507,4012,CPD,3,5,4,3603,0,0,0,NA,0,002,VALLEY BL,LA CADENA DR,0,NA,Y,A,-,N,NA,NA,NA,NA,NA,NA,NA,NA,NA,Y,4,0,1,2,A,-,09,21801,A,M,D,C,A,A,H,-,A,A,0,NA,NA,NA,NA,Y,NA,A,01,0,0,1,0,0,0,0,0,0,-,-,34.06686019897461,-117.32433319091795,SAN BERNARDINO,COLTON,-117.32432556152344,34.066871643066406
9316341,2021,2021-10-05,3600,2021-08-07,1214,G4510,HI019,6,5,4,3618,0,0,0,NA,0,HI3,5TH ST,RT 210,0,NA,Y,A,-,Y,SBD,8,210,-,R,30.111,R,4,E,Y,3,0,2,2,A,-,12,21453,A,N,D,C,A,A,D,-,A,A,0,NA,NA,NA,NA,Y,NA,-,-,0,2,0,0,0,0,0,0,0,-,EF,34.107948303222656,-117.19969940185548,SAN BERNARDINO,HIGHLAND,-117.19927215576172,34.1099739074707
93170650,2024,2024-08-01,9834,2024-07-27,219,018163,NA,6,3,9,3600,0,1,1,NA,2,040,I-40  EASTBOUND,40 SBD 92.50,300,E,N,A,-,Y,SBD,NA,40,NA,R,92.397,H,NA,R,N,4,0,1,2,A,-,03,22350,NA,N,C,C,A,A,H,-,D,D,0,NA,NA,NA,Y,Y,NA,G,25,0,0,1,0,0,0,0,0,0,-,-,34.77936935424805,-115.4431610107422,SAN BERNARDINO,UNINCORPORATED,-115.44315338134766,34.779354095458984
9317434,2021,2021-10-05,3600,2021-08-03,0508,G6192,AP012,2,5,5,3621,0,0,0,NA,0,AP2,WAALEW RD,NAVAJO RD,0,NA,Y,A,-,N,NA,NA,NA,NA,NA,NA,NA,NA,NA,Y,4,0,1,2,A,-,12,22450,A,N,C,C,A,A,H,-,A,A,0,NA,NA,NA,NA,Y,NA,A,07,0,0,1,0,0,0,0,0,0,-,-,NA,NA,SAN BERNARDINO,APPLE VALLEY,-117.18930816650392,34.55687713623047
9317537,2021,2021-09-30,3609,2021-08-15,0653,02336,RI097,7,5,5,3609,0,0,0,NA,0,002,BASELINE RD,WILLOW AV,0,NA,Y,A,-,N,NA,NA,NA,NA,NA,NA,NA,NA,NA,Y,4,0,1,2,A,-,12,21453,A,N,D,C,A,A,H,-,A,A,0,NA,NA,NA,NA,Y,NA,A,01,0,0,1,0,0,0,0,0,0,-,-,34.12131881713867,-117.37483215332033,SAN BERNARDINO,RIALTO,-117.3748016357422,34.12135696411133
9318369,2021,2021-09-18,3600,2021-08-20,1759,H6883,H688H,5,5,5,3619,0,0,0,NA,0,HE5,MAPLE AV,WILLOW ST,840,S,N,A,-,N,NA,NA,NA,NA,NA,NA,NA,NA,NA,Y,4,0,2,2,A,-,08,22103,NA,N,D,C,A,A,H,-,A,D,0,NA,NA,NA,NA,Y,NA,A,01,0,0,2,0,0,0,0,0,0,-,-,NA,NA,SAN BERNARDINO,HESPERIA,-117.34654235839844,34.43241882324219
9319765,2021,2021-09-08,3600,2021-07-10,2313,G9821,SB037,6,5,4,3618,0,0,0,NA,0,HI1,PACIFIC ST,DEL ROSA AV,0,NA,Y,A,-,N,NA,NA,NA,NA,NA,NA,NA,NA,NA,Y,4,0,1,2,A,-,12,22450,NA,F,D,C,A,A,H,-,D,D,0,NA,NA,NA,NA,Y,NA,A,01,0,0,1,0,0,0,0,0,0,-,-,NA,NA,SAN BERNARDINO,HIGHLAND,-117.25020599365234,34.12857437133789