CASE_ID,ACCIDENT_YEAR,PROC_DATE,JURIS,COLLISION_DATE,COLLISION_TIME,OFFICER_ID,REPORTING_DISTRICT,DAY_OF_WEEK,CHP_SHIFT,POPULATION,CNTY_CITY_LOC,SPECIAL_COND,BEAT_TYPE,CHP_BEAT_TYPE,CITY_DIVISION_LAPD,CHP_BEAT_CLASS,BEAT_NUMBER,PRIMARY_RD,SECONDARY_RD,DISTANCE,DIRECTION,INTERSECTION,WEATHER_1,WEATHER_2,STATE_HWY_IND,CALTRANS_COUNTY,CALTRANS_DISTRICT,STATE_ROUTE,ROUTE_SUFFIX,POSTMILE_PREFIX,POSTMILE,LOCATION_TYPE,RAMP_INTERSECTION,SIDE_OF_HWY,TOW_AWAY,COLLISION_SEVERITY,NUMBER_KILLED,NUMBER_INJURED,PARTY_COUNT,PRIMARY_COLL_FACTOR,PCF_CODE_OF_VIOL,PCF_VIOL_CATEGORY,PCF_VIOLATION,PCF_VIOL_SUBSECTION,HIT_AND_RUN,TYPE_OF_COLLISION,MVIW,PED_ACTION,ROAD_SURFACE,ROAD_COND_1,ROAD_COND_2,LIGHTING,CONTROL_DEVICE,CHP_ROAD_TYPE,PEDESTRIAN_ACCIDENT,BICYCLE_ACCIDENT,MOTORCYCLE_ACCIDENT,TRUCK_ACCIDENT,NOT_PRIVATE_PROPERTY,ALCOHOL_INVOLVED,STWD_VEHTYPE_AT_FAULT,CHP_VEHTYPE_AT_FAULT,COUNT_SEVERE_INJ,COUNT_VISIBLE_INJ,COUNT_COMPLAINT_PAIN,COUNT_PED_KILLED,COUNT_PED_INJURED,COUNT_BICYCLIST_KILLED,COUNT_BICYCLIST_INJURED,COUNT_MC_KILLED,COUNT_MC_INJURED,PRIMARY_RAMP,SECONDARY_RAMP,LATITUDE,LONGITUDE,COUNTY,CITY,POINT_X,POINT_Y
9594026,2023,2023-08-10,3604,2023-06-17,2109,1378,NA,6,5,6,3604,0,0,0,NA,0,NA,FOOTHILL BLVD,CITRUS AVE,417,E,N,A,-,N,NA,NA,NA,NA,NA,NA,NA,NA,NA,N,4,0,1,2,A,-,08,22107,NA,N,G,B,-,A,H,-,C,D,0,Y,NA,NA,NA,Y,NA,D,22,0,0,1,0,1,0,0,0,0,-,-,NA,NA,SAN BERNARDINO,FONTANA,-117.45225524902344,34.10655975341797
9594077,2023,2023-07-26,3610,2023-05-11,1030,51439,NA,4,5,6,3610,0,0,0,NA,0,NA,N UNIVERSITY PKWY,HALLMARK PKWY,22,N,N,A,-,N,NA,NA,NA,NA,NA,NA,NA,NA,NA,N,4,0,1,2,A,-,09,21801,A,N,B,C,A,-,H,-,A,A,0,NA,NA,NA,Y,Y,NA,A,01,0,0,1,0,0,0,0,0,0,-,-,NA,NA,SAN BERNARDINO,SAN BERNARDINO,-117.33441162109376,34.162418365478516
9594087,2023,2023-07-27,3610,2023-05-09,2241,51454,NA,2,5,6,3610,0,0,0,NA,0,NA,N VALENCIA AV,EAST HIGHLAND AV,0,NA,Y,A,-,N,NA,NA,NA,NA,NA,NA,NA,NA,NA,N,4,0,1,2,A,-,10,21950,A,N,G,B,B,A,H,-,C,A,0,Y,NA,NA,NA,Y,NA,A,01,0,0,1,0,1,0,0,0,0,-,-,NA,NA,SAN BERNARDINO,SAN BERNARDINO,-117.27252197265624,34.135902404785156
9594088,2023,2023-07-24,3610,2023-05-09,1802,51428,NA,2,5,6,3610,0,0,0,NA,0,NA,W 3RD ST,NORTH ARROWHEAD AV,0,NA,Y,A,-,N,NA,NA,NA,NA,NA,NA,NA,NA,NA,N,4,0,1,2,A,-,09,21803,A,N,B,C,A,A,H,-,A,A,0,NA,NA,NA,NA,Y,NA,A,01,0,0,1,0,0,0,0,0,0,-,-,34.10457992553711,-117.28964233398438,SAN BERNARDINO,SAN BERNARDINO,-117.28964996337892,34.104583740234375
9594500,2023,2023-06-27,3603,2023-04-18,1745,4435,CPD,2,5,4,3603,0,0,0,NA,0,003,S RANCHO AV,AGUA MANSA,250,N,N,A,-,N,NA,NA,NA,NA,NA,NA,NA,NA,NA,N,4,0,1,2,A,-,06,21755,NA,M,C,C,A,A,H,-,A,D,0,NA,NA,NA,NA,Y,NA,-,NA,0,0,1,0,0,0,0,0,0,-,-,34.054969787597656,-117.33450317382813,SAN BERNARDINO,COLTON,-117.33479309082033,34.05477523803711
9594693,2023,2023-07-20,3600,2023-06-16,1408,I6865,VC507,5,5,5,3612,0,0,0,NA,0,VC05,AMARGOSA RD,ANACAPA RD,0,NA,Y,A,-,N,NA,NA,NA,NA,NA,NA,NA,NA,NA,Y,3,0,1,2,A,-,09,21801,A,N,A,C,A,A,H,-,A,D,0,NA,NA,Y,NA,Y,NA,A,01,0,1,0,0,0,0,0,0,1,-,-,34.505130767822266,-117.3310317993164,SAN BERNARDINO,VICTORVILLE,-117.33010864257813,34.504642486572266
9595135,2023,2023-07-14,3600,2023-06-03,1908,J3463,AP003,6,5,5,3621,0,0,0,NA,0,AP1,RT 18,CORWIN RD,0,NA,Y,A,-,Y,SBD,8,18,-,-,93.841,I,5,N,Y,3,0,3,2,A,-,12,21453,A,N,A,C,A,A,H,-,A,A,0,NA,NA,NA,NA,Y,NA,D,22,0,1,2,0,0,0,0,0,0,-,-,NA,NA,SAN BERNARDINO,APPLE VALLEY,-117.26283264160156,34.53994369506836
9595312,2023,2023-07-19,3604,2023-06-11,1700,1418,NA,7,5,6,3604,0,0,0,NA,0,004,JURUPA AV,SIERRA AV,200,E,N,B,-,N,NA,NA,NA,NA,NA,NA,NA,NA,NA,Y,4,0,1,3,A,-,01,23152,A,N,C,C,A,A,H,-,A,D,0,NA,NA,NA,NA,Y,Y,A,07,0,0,1,0,0,0,0,0,0,-,-,NA,NA,SAN BERNARDINO,FONTANA,-117.43486785888672,34.04839324951172
9595919,2023,2023-07-20,3600,2023-07-08,221,F7808,BL2,6,5,2,3680,0,0,0,NA,0,BL2,VILLA GROVE AV,POWER POLE  CIT60520,25,N,N,A,-,N,NA,NA,NA,NA,NA,NA,NA,NA,NA,N,3,0,1,2,A,-,01,23153,F,N,C,C,A,A,H,-,D,D,0,NA,NA,Y,NA,Y,Y,C,02,0,1,0,0,0,0,0,0,1,-,-,NA,NA,SAN BERNARDINO,BIG BEAR LAKE,NA,NA
9596327,2023,2023-07-24,3604,2023-06-11,1640,1339,NA,7,5,6,3604,0,0,0,NA,0,NA,OLEANDER AV,UPLAND AV,0,NA,Y,B,-,N,NA,NA,NA,NA,NA,NA,NA,NA,NA,Y,3,0,1,2,A,-,09,21802,A,N,D,C,A,A,H,-,A,A,0,NA,NA,NA,NA,Y,NA,D,22,0,1,0,0,0,0,0,0,0,-,-,NA,NA,SAN BERNARDINO,FONTANA,-117.44889068603516,34.10337448120117
9597184,2023,2023-08-01,3600,2023-05-21,2115,D3381,VC,7,5,5,3612,0,0,0,NA,0,VC4,LA MESA RD,EL EVADO RD,0,NA,Y,B,-,N,NA,NA,NA,NA,NA,NA,NA,NA,NA,Y,3,0,3,2,A,-,08,22107,NA,N,A,C,A,A,H,-,C,A,0,NA,NA,NA,NA,Y,NA,A,07,0,2,1,0,0,0,0,0,0,-,-,34.48495101928711,-117.34673309326172,SAN BERNARDINO,VICTORVILLE,-117.34678649902344,34.48493194580078
9597415,2023,2023-08-09,3610,2023-06-18,1053,51521,NA,7,5,6,3610,0,0,0,NA,0,NA,W RIALTO AV,N MERIDIAN AV,570,E,N,A,-,N,NA,NA,NA,NA,NA,NA,NA,NA,NA,Y,2,0,1,1,A,-,03,22350,NA,N,A,I,A,A,H,-,A,A,0,NA,NA,NA,NA,Y,NA,A,01,1,0,0,0,0,0,0,0,0,-,-,34.09952163696289,-117.34853363037108,SAN BERNARDINO,SAN BERNARDINO,-117.34667205810548,34.09954071044922
9598069,2023,2023-08-14,3600,2023-07-20,701,G4510,HI013,4,5,4,3618,0,0,0,NA,0,HI2,9TH ST,CUNNINGHAM ST,189,E,N,A,-,N,NA,NA,NA,NA,NA,NA,NA,NA,NA,Y,4,0,2,2,A,-,08,22107,NA,N,B,C,A,A,H,-,A,D,0,NA,NA,NA,NA,Y,NA,A,01,0,0,2,0,0,0,0,0,0,-,-,34.11566925048828,-117.22115325927734,SAN BERNARDINO,HIGHLAND,-117.22117614746094,34.115699768066406
9598908,2023,2024-01-26,3600,2023-12-10,1357,J2651,VC074,7,5,5,3612,0,0,0,NA,0,VC06,MOJAVE DR,JERALDO DR,0,NA,Y,A,-,N,NA,NA,NA,NA,NA,NA,NA,NA,NA,Y,4,0,1,2,A,-,09,21804,A,N,C,C,A,A,H,-,A,A,0,NA,NA,Y,NA,Y,NA,A,01,0,0,1,0,0,0,0,0,1,-,-,34.528621673583984,-117.33535003662108,SAN BERNARDINO,VICTORVILLE,-117.33537292480467,34.52862548828125
9599159,2023,2024-01-31,3610,2023-12-30,1320,51326,NA,6,5,6,3610,0,0,0,NA,0,NA,5TH ST,SIERRA WY,0,NA,Y,A,-,N,NA,NA,NA,NA,NA,NA,NA,NA,NA,Y,4,0,2,2,A,-,09,21801,A,N,D,C,A,A,H,-,A,A,0,NA,NA,NA,NA,Y,NA,A,01,0,0,2,0,0,0,0,0,0,-,-,NA,NA,SAN BERNARDINO,SAN BERNARDINO,-117.28514099121094,34.108306884765625
9599168,2023,2024-01-31,3610,2023-12-25,1532,51144,NA,1,5,6,3610,0,0,0,NA,0,NA,LUGO AV,40TH ST,300,S,N,A,-,N,NA,NA,NA,NA,NA,NA,NA,NA,NA,N,4,0,1,2,A,-,08,22107,NA,N,B,G,A,A,H,-,A,D,0,NA,Y,NA,NA,Y,NA,L,04,0,0,1,0,0,0,1,0,0,-,-,34.16489028930664,-117.28382873535156,SAN BERNARDINO,SAN BERNARDINO,-117.28385162353516,34.164058685302734
9599401,2023,2023-07-28,3608,2023-06-10,2335,3905,NA,6,5,5,3608,0,0,0,NA,0,NA,BARTON RD,BELLEVUE AV,30,E,N,A,-,N,NA,NA,NA,NA,NA,NA,NA,NA,NA,N,4,0,1,2,A,-,03,22350,NA,N,C,C,A,A,H,-,C,A,0,NA,NA,NA,NA,Y,NA,A,07,0,0,1,0,0,0,0,0,0,-,-,NA,NA,SAN BERNARDINO,REDLANDS,-117.20668029785156,34.046592712402344
9599479,2023,2023-07-31,3600,2023-06-02,1214,J2651,VC016,5,5,5,3612,0,0,0,NA,0,VC02,VALLEY CENTER DR,LORENE DR,0,S,N,-,-,N,NA,NA,NA,NA,NA,NA,NA,NA,NA,N,4,0,1,2,A,-,09,21801,A,N,D,C,A,A,H,-,A,A,0,NA,NA,NA,NA,Y,NA,A,01,0,0,1,0,0,0,0,0,0,-,-,34.51517105102539,-117.31939697265624,SAN BERNARDINO,VICTORVILLE,-117.32018280029295,34.51429748535156
9599647,2023,2023-07-27,3600,2023-07-05,2252,I1592,VC068,3,5,5,3612,0,0,0,NA,0,VC4,BEAR VALLEY RD,TOPAZ RD,0,NA,Y,A,G,N,NA,NA,NA,NA,NA,NA,NA,NA,NA,Y,4,0,1,2,A,-,01,23152,NA,N,D,C,A,A,H,-,C,A,0,NA,NA,NA,NA,Y,Y,A,01,0,0,1,0,0,0,0,0,0,-,-,34.47031021118164,-117.38188934326172,SAN BERNARDINO,VICTORVILLE,-117.38192749023438,34.470359802246094
9600245,2023,2023-10-10,3610,2023-06-24,1546,51346,NA,6,5,6,3610,0,0,0,NA,0,NA,E 17TH ST,NORTH WATERMAN AV,0,NA,Y,A,-,N,NA,NA,NA,NA,NA,NA,NA,NA,NA,Y,3,0,2,2,A,-,08,22107,1,N,D,C,A,A,H,-,A,D,0,NA,NA,NA,Y,Y,NA,F,26,0,1,1,0,0,0,0,0,0,-,-,34.130088806152344,-117.2787628173828,SAN BERNARDINO,SAN BERNARDINO,-117.27877807617188,34.130069732666016
9600873,2023,2023-08-03,3600,2023-07-04,1305,67670,NA,2,5,5,3621,0,0,0,NA,0,AP01,OTOE RD,SAGO RD,0,NA,Y,A,-,N,NA,NA,NA,NA,NA,NA,NA,NA,NA,Y,3,0,3,3,A,-,09,21802,A,N,D,C,A,A,H,-,A,A,0,NA,NA,NA,NA,Y,NA,A,07,0,3,0,0,0,0,0,0,0,-,-,NA,NA,SAN BERNARDINO,APPLE VALLEY,-117.21768951416016,34.54397964477539
9601193,2023,2023-08-11,3600,2023-03-30,1710,H7621,AP018,4,5,5,3621,0,0,0,NA,0,AP4,OUTER HWY 18 S,NAVAJO RD,338,E,N,A,-,N,NA,NA,NA,NA,NA,NA,NA,NA,NA,N,4,0,1,2,A,-,05,21650,1,N,D,G,A,A,H,-,A,D,0,NA,Y,NA,NA,Y,NA,L,04,0,0,1,0,0,0,1,0,0,-,-,NA,NA,SAN BERNARDINO,APPLE VALLEY,-117.18913269042967,34.500450134277344
9601346,2023,2023-08-21,3608,2023-07-10,1538,4202,3608,1,5,5,3608,0,0,0,NA,0,NA,E LUGONIA AV,N WABASH AV,82,W,N,A,-,Y,SBD,8,38,-,-,3.05,H,-,E,N,4,0,1,3,A,-,03,22350,NA,N,C,C,A,A,H,-,A,A,0,NA,NA,NA,NA,Y,NA,A,01,0,0,1,0,0,0,0,0,0,-,-,NA,NA,SAN BERNARDINO,REDLANDS,-117.13923645019533,34.07014083862305
9602244,2023,2023-08-11,3603,2023-06-06,1800,4902,CPD,2,5,4,3603,0,0,0,NA,0,001,W RANDALL AVE,S PEPPER AVE,0,NA,Y,A,-,N,NA,NA,NA,NA,NA,NA,NA,NA,NA,Y,3,0,1,2,A,-,09,21801,A,N,D,C,A,A,H,-,A,A,0,NA,NA,NA,NA,Y,NA,A,07,0,1,0,0,0,0,0,0,0,-,-,34.085018157958984,-117.35295867919922,SAN BERNARDINO,COLTON,-117.35292053222656,34.084999084472656
9602327,2023,2023-08-11,3610,2023-07-04,2240,51268,NA,2,5,6,3610,0,0,0,NA,0,NA,N TIPPECANOE AV,E 9TH ST,30,N,N,A,-,N,NA,NA,NA,NA,NA,NA,NA,NA,NA,N,3,0,1,2,A,-,10,21950,A,N,G,G,A,A,H,-,D,A,0,NA,Y,NA,NA,Y,Y,L,04,0,1,0,0,0,0,1,0,0,-,-,NA,NA,SAN BERNARDINO,SAN BERNARDINO,-117.260986328125,34.115821838378906
9602570,2023,2023-08-17,3610,2023-07-08,701,51366,NA,6,5,6,3610,0,0,0,NA,0,NA,NORTH SIERRA WY,W 5TH ST,0,NA,Y,A,-,N,NA,NA,NA,NA,NA,NA,NA,NA,NA,Y,2,0,1,2,A,-,12,21453,A,N,E,C,A,A,H,-,A,-,0,NA,NA,NA,NA,Y,NA,A,01,1,0,0,0,0,0,0,0,0,-,-,34.10831832885742,-117.28514099121094,SAN BERNARDINO,SAN BERNARDINO,-117.28514099121094,34.108306884765625
9602743,2023,2023-08-24,3600,2023-07-27,1845,E3918,RC035,4,5,6,3616,0,0,0,NA,0,005,6TH ST,HERMOSA AV,44,E,N,A,-,N,NA,NA,NA,NA,NA,NA,NA,NA,NA,Y,4,0,1,1,A,-,03,22350,NA,N,F,I,A,A,H,-,A,A,0,NA,NA,NA,Y,Y,NA,G,87,0,0,1,0,0,0,0,0,0,-,-,NA,NA,SAN BERNARDINO,RANCHO CUCAMONGA,-117.5844955444336,34.08469009399414
9602828,2023,2023-07-26,3610,2023-06-05,1719,51280,NA,1,5,6,3610,0,0,0,NA,0,NA,EAST HIGHLAND AV,N ORANGE ST,435,E,N,B,-,N,NA,NA,NA,NA,NA,NA,NA,NA,NA,Y,3,0,1,3,A,-,08,22107,NA,N,F,E,A,A,H,-,A,D,0,NA,NA,NA,NA,Y,NA,A,01,0,1,0,0,0,0,0,0,0,-,-,34.13581848144531,-117.2123565673828,SAN BERNARDINO,SAN BERNARDINO,-117.21170043945313,34.135780334472656
9602836,2023,2023-08-10,3610,2023-06-02,1918,51366,NA,5,5,6,3610,0,0,0,NA,0,NA,N G ST,W 6TH ST,0,NA,Y,A,-,N,NA,NA,NA,NA,NA,NA,NA,NA,NA,N,3,0,1,2,A,-,12,21453,A,N,D,C,A,A,H,-,B,A,0,NA,NA,NA,NA,Y,NA,A,07,0,1,0,0,0,0,0,0,0,-,-,34.11017990112305,-117.29859924316406,SAN BERNARDINO,SAN BERNARDINO,-117.29865264892578,34.11017990112305
9602840,2023,2023-08-02,3610,2023-06-01,1134,51456,NA,4,5,6,3610,0,0,0,NA,0,NA,N MERIDIAN AV,FOOTHILL BL,88,E,N,A,-,N,NA,NA,NA,NA,NA,NA,NA,NA,NA,Y,4,0,4,2,A,-,09,21804,A,N,D,C,A,A,H,-,A,D,0,NA,NA,NA,NA,Y,NA,A,01,0,0,4,0,0,0,0,0,0,-,-,NA,NA,SAN BERNARDINO,SAN BERNARDINO,-117.34851837158205,34.106781005859375
9603627,2023,2023-08-14,3600,2023-07-17,1000,J1624,VC053,1,5,5,3612,0,0,0,NA,0,VC5,PALMDALE RD,PARK AV,0,NA,Y,A,-,N,NA,NA,NA,NA,NA,NA,NA,NA,NA,Y,3,0,1,2,A,-,09,21801,NA,N,D,A,A,A,H,-,A,A,0,NA,NA,NA,NA,Y,NA,A,01,0,1,0,0,0,0,0,0,0,-,-,NA,NA,SAN BERNARDINO,VICTORVILLE,-117.32662963867188,34.507080078125
9604611,2023,2023-11-30,3600,2023-10-05,1648,G4526,AP002,4,5,5,3621,0,0,0,NA,0,AP1,RT 18,STODDARD WELLS RD,1302,N,N,A,-,Y,SBD,8,18,-,-,94.97,H,-,N,Y,3,0,2,3,A,-,08,22107,NA,N,B,C,A,A,H,-,A,D,0,NA,NA,NA,NA,Y,NA,A,01,0,1,1,0,0,0,0,0,0,-,-,NA,NA,SAN BERNARDINO,APPLE VALLEY,-117.28125,34.536590576171875
9604766,2023,2024-02-06,3608,2023-12-04,1613,5257,NA,1,5,5,3608,0,0,0,NA,0,901,BROOKSIDE AV,S EUREKA ST,0,NA,Y,A,-,N,NA,NA,NA,NA,NA,NA,NA,NA,NA,Y,3,0,2,2,A,-,09,21801,A,N,A,C,A,A,H,-,A,A,0,NA,NA,NA,NA,Y,NA,A,01,0,2,0,0,0,0,0,0,0,-,-,NA,NA,SAN BERNARDINO,REDLANDS,-117.18547821044922,34.05537796020508
9604778,2023,2024-02-21,3608,2023-12-08,723,5162,NA,5,5,5,3608,0,0,0,NA,0,NA,SAN BERNARDINO AV,TEXAS ST,0,NA,Y,A,-,N,NA,NA,NA,NA,NA,NA,NA,NA,NA,Y,4,0,1,2,A,-,09,21801,NA,N,D,C,A,A,H,-,A,A,0,NA,NA,NA,NA,Y,NA,E,22,0,0,1,0,0,0,0,0,0,-,-,NA,NA,SAN BERNARDINO,REDLANDS,-117.19113159179688,34.07732009887695
9607647,2023,2023-09-21,3610,2023-08-24,2030,51448,NA,4,5,6,3610,0,0,0,NA,0,NA,E RIALTO AV,NORTH WATERMAN AV,0,NA,Y,A,-,N,NA,NA,NA,NA,NA,NA,NA,NA,NA,Y,4,0,2,2,A,-,09,21801,A,N,A,C,A,A,H,-,C,A,0,NA,NA,NA,NA,Y,NA,A,01,0,0,2,0,0,0,0,0,0,-,-,NA,NA,SAN BERNARDINO,SAN BERNARDINO,-117.2787628173828,34.10085678100586
9607650,2023,2023-09-21,3610,2023-08-23,1152,51003,NA,3,5,6,3610,0,0,0,NA,0,NA,N ORCHARD RD,EAST HIGHLAND AV,0,NA,Y,A,-,N,NA,NA,NA,NA,NA,NA,NA,NA,NA,Y,4,0,1,2,A,-,03,22350,NA,N,E,I,A,A,H,-,A,D,0,NA,NA,Y,NA,Y,NA,C,02,0,0,1,0,0,0,0,0,1,-,-,34.13323974609375,-117.1833267211914,SAN BERNARDINO,SAN BERNARDINO,-117.183349609375,34.13323974609375
9609088,2023,2023-09-29,3600,2023-08-05,512,G8565,HI003,6,5,4,3618,0,0,0,NA,0,HI1,STERLING AV,BASELINE ST,160,S,N,A,-,N,NA,NA,NA,NA,NA,NA,NA,NA,NA,Y,3,0,1,4,A,-,07,21658,NA,N,B,E,A,A,-,-,B,D,0,NA,NA,NA,Y,Y,NA,A,01,0,1,0,0,0,0,0,0,0,-,-,NA,NA,SAN BERNARDINO,HIGHLAND,-117.24365997314452,34.120872497558594
9609492,2023,2023-09-21,3600,2023-08-09,1822,H7533,NA,3,5,4,3618,0,0,0,NA,0,HI1,6TH ST,TIPPECANOE,378,E,N,A,-,N,NA,NA,NA,NA,NA,NA,NA,NA,NA,N,3,0,1,2,A,-,06,21750,NA,N,D,C,A,A,H,-,A,D,0,NA,NA,NA,NA,Y,NA,A,01,0,1,0,0,0,0,0,0,0,-,-,34.110198974609375,-117.2597885131836,SAN BERNARDINO,HIGHLAND,-117.25977325439452,34.110191345214844
9609596,2023,2023-10-12,3603,2023-08-17,1307,4435,CPD,4,5,4,3603,0,0,0,NA,0,001,N PEPPER AV,W RANDALL AV,0,NA,Y,A,-,N,NA,NA,NA,NA,NA,NA,NA,NA,NA,Y,4,0,1,3,A,-,12,21453,A,N,-,C,A,A,H,-,A,A,0,NA,NA,NA,NA,Y,NA,D,22,0,0,1,0,0,0,0,0,0,-,-,34.085018157958984,-117.35295867919922,SAN BERNARDINO,COLTON,-117.35292053222656,34.084999084472656
9610054,2023,2023-08-22,3600,2023-05-14,1615,I6077,NA,7,5,6,3616,0,0,0,NA,0,006,ETIWANDA BL,FOOTHILL BL,273,S,N,A,-,N,NA,NA,NA,NA,NA,NA,NA,NA,NA,N,4,0,1,2,A,-,09,21804,A,N,D,D,A,A,H,-,A,D,0,NA,NA,Y,NA,Y,NA,A,01,0,0,1,0,0,0,0,0,1,-,-,NA,NA,SAN BERNARDINO,RANCHO CUCAMONGA,-117.5237274169922,34.10544204711914
9610460,2023,2023-09-07,3604,2023-08-01,729,1135,3604,2,5,6,3604,0,0,0,NA,0,002,FOOTHILL BL,MULBERRY AV,0,NA,Y,A,-,N,NA,NA,NA,NA,NA,NA,NA,NA,NA,Y,4,0,1,2,A,-,12,21453,A,N,D,C,A,A,H,-,A,A,0,NA,NA,NA,NA,Y,NA,A,01,0,0,1,0,0,0,0,0,0,-,-,NA,NA,SAN BERNARDINO,FONTANA,-117.50621795654295,34.106346130371094
9610646,2023,2023-09-08,3600,2023-08-07,2026,68603,RC047,1,5,6,3616,0,0,0,NA,0,RC1,CARNELIAN ST,BASELINE RD,0,NA,Y,A,-,N,NA,NA,NA,NA,NA,NA,NA,NA,NA,N,2,0,1,2,A,-,12,21453,A,N,C,C,A,A,H,-,C,A,0,NA,NA,NA,NA,Y,NA,A,07,1,0,0,0,0,0,0,0,0,-,-,NA,NA,SAN BERNARDINO,RANCHO CUCAMONGA,-117.61611175537108,34.12154769897461
9610850,2023,2023-09-11,3600,2023-05-31,1320,F4772,VC013,3,5,5,3612,0,0,0,NA,0,VC4,AMARGOSA RD,EUCALYPTUS ST,2673,N,N,A,-,N,NA,NA,NA,NA,NA,NA,NA,NA,NA,Y,4,0,1,2,A,-,09,21804,A,N,-,C,A,A,H,-,A,A,0,NA,NA,NA,NA,Y,NA,A,07,0,0,1,0,0,0,0,0,0,-,-,34.46171951293945,-117.35356903076172,SAN BERNARDINO,VICTORVILLE,-117.35330200195313,34.46198654174805
9610851,2023,2023-10-04,3600,2023-05-08,1426,F6893,CH068,1,5,5,3630,0,0,0,NA,0,CG1,PEYTON DR,RT 71,0,NA,N,A,-,Y,SBD,8,71,-,R,4.541,R,4,S,Y,3,0,1,2,A,-,03,22350,NA,N,C,C,A,A,H,-,A,A,0,NA,NA,NA,NA,Y,NA,A,01,0,1,0,0,0,0,0,0,0,-,SF,NA,NA,SAN BERNARDINO,CHINO HILLS,-117.69339752197266,33.97187805175781
9611109,2023,2023-09-18,3604,2023-08-19,1751,1339,NA,6,5,6,3604,0,0,0,NA,0,NA,LOCUST AV,PINE AV,0,NA,Y,A,-,N,NA,NA,NA,NA,NA,NA,NA,NA,NA,Y,2,0,1,2,A,-,09,21802,A,N,D,C,A,A,H,-,B,A,0,NA,NA,NA,NA,Y,NA,A,07,1,0,0,0,0,0,0,0,0,-,-,NA,NA,SAN BERNARDINO,FONTANA,-117.40958404541016,34.0867805480957
9611357,2023,2023-10-05,3600,2023-07-17,2023,H7541,VC026,1,5,5,3612,0,0,0,NA,0,VC3,MARIPOSA RD,RT 15,0,NA,Y,A,-,Y,SBD,8,15,-,-,40.223,R,4,N,Y,3,0,1,2,A,-,03,22350,NA,N,D,C,A,A,H,-,C,A,0,NA,NA,NA,NA,Y,NA,A,01,0,1,0,0,0,0,0,0,0,-,NF,34.50669860839844,-117.32187652587892,SAN BERNARDINO,VICTORVILLE,-117.32398986816406,34.50360107421875
9611477,2023,2023-10-09,3600,2023-08-29,2004,I1592,VC066,2,5,5,3612,0,0,0,NA,0,VC4,EUCALYPTUS ST,TOPAZ RD,605,W,N,A,-,N,NA,NA,NA,NA,NA,NA,NA,NA,NA,Y,4,0,1,2,A,-,09,21804,A,N,D,C,A,A,H,-,C,D,0,NA,NA,NA,NA,Y,NA,A,01,0,0,1,0,0,0,0,0,0,-,-,34.45586013793945,-117.38408660888672,SAN BERNARDINO,VICTORVILLE,-117.38401794433594,34.455841064453125
9611579,2023,2023-08-23,3600,2023-05-12,1125,E3918,RC002,5,5,6,3616,0,0,0,NA,0,006,ARROW RT,ROCHESTER AV,1700,E,N,A,-,N,NA,NA,NA,NA,NA,NA,NA,NA,NA,Y,4,0,2,2,A,-,08,22102,NA,N,D,C,A,A,H,-,A,D,0,NA,NA,NA,NA,Y,NA,D,22,0,0,2,0,0,0,0,0,0,-,-,NA,NA,SAN BERNARDINO,RANCHO CUCAMONGA,-117.54017639160156,34.099098205566406
9611607,2023,2023-08-24,3600,2023-07-30,1308,I4829,HI020,7,5,4,3618,0,0,0,NA,0,HI3,GREENSPOT RD,ORANGE ST,0,NA,Y,A,-,N,NA,NA,NA,NA,NA,NA,NA,NA,NA,N,3,0,1,2,A,-,12,21453,A,N,D,C,A,A,H,-,A,A,0,NA,NA,NA,NA,Y,NA,D,22,0,1,0,0,0,0,0,0,0,-,-,34.108341217041016,-117.18251037597656,SAN BERNARDINO,HIGHLAND,-117.18248748779295,34.108272552490234
9611628,2023,2023-08-24,3604,2023-07-19,731,1408,NA,3,5,6,3604,0,0,0,NA,0,002,BASELINE AV,HERITAGE CIR,0,NA,Y,A,-,N,NA,NA,NA,NA,NA,NA,NA,NA,NA,Y,3,0,2,2,A,-,12,21453,A,N,D,C,A,A,H,-,A,A,0,NA,NA,NA,NA,Y,NA,E,22,0,2,0,0,0,0,0,0,0,-,-,NA,NA,SAN BERNARDINO,FONTANA,-117.50497436523438,34.12135696411133
9612782,2023,2023-08-28,3608,2023-07-16,1221,4153,NA,7,5,5,3608,0,0,0,NA,0,NA,STUART AV,EUREKA ST,0,NA,Y,A,-,N,NA,NA,NA,NA,NA,NA,NA,NA,NA,N,3,0,1,2,A,-,-,NA,NA,N,G,B,B,A,H,-,A,A,0,Y,NA,NA,NA,Y,NA,N,60,0,1,0,0,1,0,0,0,0,-,-,NA,NA,SAN BERNARDINO,REDLANDS,-117.18647003173828,34.059608459472656
9615963,2023,2024-04-19,3605,2023-09-08,2245,481,NA,5,5,4,3605,0,0,0,NA,0,NA,MILLS AV,HOLT BL,0,NA,Y,A,-,N,NA,NA,NA,NA,NA,NA,NA,NA,NA,N,3,0,3,2,A,-,01,23153,A,N,D,C,A,A,H,-,C,A,0,NA,NA,NA,NA,Y,Y,A,07,0,3,0,0,0,0,0,0,0,-,-,34.06315994262695,-117.71769714355467,SAN BERNARDINO,MONTCLAIR,-117.71772003173828,34.06312942504883
9616354,2023,2023-10-19,3604,2023-09-03,1742,1339,NA,7,5,6,3604,0,0,0,NA,0,NA,JUNIPER AV,SAN BERNARDINO AV,50,N,N,A,-,N,NA,NA,NA,NA,NA,NA,NA,NA,NA,N,4,0,1,2,A,-,03,22350,NA,M,C,C,A,A,H,-,B,A,0,NA,NA,NA,NA,Y,Y,A,01,0,0,1,0,0,0,0,0,0,-,-,NA,NA,SAN BERNARDINO,FONTANA,-117.44005584716795,34.07768630981445