CASE_ID,ACCIDENT_YEAR,PROC_DATE,JURIS,COLLISION_DATE,COLLISION_TIME,OFFICER_ID,REPORTING_DISTRICT,DAY_OF_WEEK,CHP_SHIFT,POPULATION,CNTY_CITY_LOC,SPECIAL_COND,BEAT_TYPE,CHP_BEAT_TYPE,CITY_DIVISION_LAPD,CHP_BEAT_CLASS,BEAT_NUMBER,PRIMARY_RD,SECONDARY_RD,DISTANCE,DIRECTION,INTERSECTION,WEATHER_1,WEATHER_2,STATE_HWY_IND,CALTRANS_COUNTY,CALTRANS_DISTRICT,STATE_ROUTE,ROUTE_SUFFIX,POSTMILE_PREFIX,POSTMILE,LOCATION_TYPE,RAMP_INTERSECTION,SIDE_OF_HWY,TOW_AWAY,COLLISION_SEVERITY,NUMBER_KILLED,NUMBER_INJURED,PARTY_COUNT,PRIMARY_COLL_FACTOR,PCF_CODE_OF_VIOL,PCF_VIOL_CATEGORY,PCF_VIOLATION,PCF_VIOL_SUBSECTION,HIT_AND_RUN,TYPE_OF_COLLISION,MVIW,PED_ACTION,ROAD_SURFACE,ROAD_COND_1,ROAD_COND_2,LIGHTING,CONTROL_DEVICE,CHP_ROAD_TYPE,PEDESTRIAN_ACCIDENT,BICYCLE_ACCIDENT,MOTORCYCLE_ACCIDENT,TRUCK_ACCIDENT,NOT_PRIVATE_PROPERTY,ALCOHOL_INVOLVED,STWD_VEHTYPE_AT_FAULT,CHP_VEHTYPE_AT_FAULT,COUNT_SEVERE_INJ,COUNT_VISIBLE_INJ,COUNT_COMPLAINT_PAIN,COUNT_PED_KILLED,COUNT_PED_INJURED,COUNT_BICYCLIST_KILLED,COUNT_BICYCLIST_INJURED,COUNT_MC_KILLED,COUNT_MC_INJURED,PRIMARY_RAMP,SECONDARY_RAMP,LATITUDE,LONGITUDE,COUNTY,CITY,POINT_X,POINT_Y
6459296,2014,2014-07-15,3607,2014-04-29,1742,14789,27,2,5,6,3607,0,0,0,NA,0,021,CAMPUS AV,5TH ST,0,NA,Y,A,-,N,NA,NA,NA,NA,NA,NA,NA,NA,NA,N,3,0,1,2,A,-,10,21950,A,M,G,B,B,A,H,-,A,A,0,Y,NA,NA,NA,Y,NA,-,NA,0,1,0,0,1,0,0,0,0,-,-,NA,NA,SAN BERNARDINO,ONTARIO,-117.64140001,34.08157003
6462182,2014,2015-03-03,3600,2014-04-08,0907,S3852,RC200,2,5,6,3616,0,0,0,NA,0,RCM,S MAINSTREET,KEW AV,0,W,N,A,-,N,NA,NA,NA,NA,NA,NA,NA,NA,NA,N,3,0,2,3,A,-,17,22517,NA,N,-,G,A,A,H,-,A,D,0,NA,Y,NA,NA,Y,NA,A,01,0,2,0,0,0,0,2,0,0,-,-,NA,NA,SAN BERNARDINO,RANCHO CUCAMONGA,-117.53112,34.11083004
6465628,2014,2014-06-13,3604,2014-01-30,1731,907,NA,4,5,6,3604,0,0,0,NA,0,NA,SIERRA AV,RIVERSIDE AV,656,S,N,B,-,N,NA,NA,NA,NA,NA,NA,NA,NA,NA,Y,4,0,2,2,A,-,03,22350,NA,N,C,C,A,A,H,-,D,D,0,NA,NA,NA,NA,Y,NA,A,01,0,0,2,0,0,0,0,0,0,-,-,NA,NA,SAN BERNARDINO,FONTANA,-117.43625814,34.17709259
6519365,2014,2014-07-29,3607,2014-05-17,0701,80350,100,6,5,6,3607,0,0,0,NA,0,012,SAN ANTONIO AV,D ST,0,NA,Y,A,-,N,NA,NA,NA,NA,NA,NA,NA,NA,NA,Y,4,0,1,2,A,-,03,22350,NA,N,C,C,A,A,H,-,A,D,0,NA,NA,NA,NA,Y,NA,-,NA,0,0,1,0,0,0,0,0,0,-,-,NA,NA,SAN BERNARDINO,ONTARIO,-117.66061011,34.06697006
6519390,2014,2014-07-29,3600,2014-05-26,1328,C8720,VC064,1,5,5,3612,0,0,0,NA,0,004,AMARGOSA RD,LA MESA RD,0,NA,Y,A,-,N,NA,NA,NA,NA,NA,NA,NA,NA,NA,Y,4,0,1,2,A,-,09,21453,C,N,D,C,A,A,H,-,A,A,0,NA,NA,NA,NA,Y,NA,A,01,0,0,1,0,0,0,0,0,0,-,-,NA,NA,SAN BERNARDINO,VICTORVILLE,-117.33716002,34.48544003
6519406,2014,2014-08-07,3607,2014-05-28,0244,14897,319,3,5,6,3607,0,0,0,NA,0,042,HAVEN RD,JURUPA ST,0,NA,Y,A,-,N,NA,NA,NA,NA,NA,NA,NA,NA,NA,Y,4,0,2,2,A,-,12,21453,A,N,D,C,A,A,H,-,C,A,0,NA,NA,NA,NA,Y,NA,-,-,0,0,2,0,0,0,0,0,0,-,-,NA,NA,SAN BERNARDINO,ONTARIO,-117.57602008,34.04834001
6465631,2014,2014-06-13,3600,2014-01-12,1729,D8554,AP015,7,5,5,3621,0,0,0,NA,0,AP4,CENTRAL RD,PAH-UTE RD,0,NA,Y,A,-,N,NA,NA,NA,NA,NA,NA,NA,NA,NA,Y,4,0,1,2,A,-,12,22450,A,N,D,C,A,A,H,-,D,A,0,NA,NA,NA,NA,Y,NA,-,NA,0,0,1,0,0,0,0,0,0,-,-,NA,NA,SAN BERNARDINO,APPLE VALLEY,-117.17265004,34.47896005
6466713,2014,2015-03-02,9850,2014-03-24,1623,16227,NA,1,2,9,3600,0,3,5,NA,2,006,SNOWLINE DR,DEER HAVEN RD,150,W,N,A,-,N,NA,NA,NA,NA,NA,NA,NA,NA,NA,Y,3,0,1,1,C,-,18,NA,NA,N,E,I,A,A,H,-,A,D,0,NA,NA,NA,NA,Y,NA,-,-,0,1,0,0,0,0,0,0,0,-,-,34.40449,-117.59006,SAN BERNARDINO,UNINCORPORATED,-117.59511,34.40441
6472044,2014,2016-02-03,9855,2014-02-11,1515,13482,9855,2,2,5,3602,0,1,3,NA,2,603,RT 60,CENTRAL AV,1584,W,N,A,-,Y,SBD,8,60,-,R,2.07,H,-,E,Y,4,0,1,3,A,-,08,22107,NA,N,D,C,A,A,H,-,A,D,1,NA,NA,NA,NA,Y,NA,A,01,0,0,1,0,0,0,0,0,0,-,-,34.03005,-117.69406,SAN BERNARDINO,CHINO,-117.69459208,34.03013061
6475414,2014,2016-02-22,3605,2014-04-06,1120,FISHER32,NA,7,5,4,3605,0,0,0,NA,0,NA,CENTRAL AV,ORCHARD ST,0,W,N,A,-,N,NA,NA,NA,NA,NA,NA,NA,NA,NA,Y,3,0,1,1,C,-,18,NA,NA,N,E,I,A,A,H,-,A,A,0,NA,NA,NA,NA,Y,NA,-,-,0,1,0,0,0,0,0,0,0,-,-,NA,NA,SAN BERNARDINO,MONTCLAIR,-117.68963004,34.07038009
6477467,2014,2015-12-21,3604,2014-04-18,2042,P1117,NA,5,5,6,3604,0,0,0,NA,0,NA,RT 66,MULBERRY AV,760,E,N,A,-,N,NA,NA,NA,NA,NA,NA,NA,NA,NA,Y,4,0,1,2,A,-,07,21658,A,M,F,A,A,A,H,-,C,A,0,NA,NA,NA,NA,Y,NA,A,08,0,0,1,0,0,0,0,0,0,-,-,NA,NA,SAN BERNARDINO,FONTANA,-117.50367433,34.10651833
6526450,2014,2014-07-08,3611,2014-03-07,2337,2769,NA,5,5,5,3611,0,0,0,NA,0,002,FOOTHILL BL,MONTE VISTA AV,0,NA,Y,A,-,N,NA,NA,NA,NA,NA,NA,NA,NA,NA,Y,3,0,3,2,A,-,01,23152,A,N,D,C,A,A,H,-,C,A,0,NA,NA,NA,NA,Y,Y,A,01,0,1,2,0,0,0,0,0,0,-,-,NA,NA,SAN BERNARDINO,UPLAND,-117.69842011,34.10680004
6478012,2014,2015-03-12,3600,2014-04-07,1811,B5458,CH068,1,5,5,3630,0,0,0,NA,0,001,ROCK SPRINGS DR,PEYTON DR,29.9,E,N,A,-,N,NA,NA,NA,NA,NA,NA,NA,NA,NA,N,4,0,1,2,A,-,09,21801,B,N,G,G,A,A,H,-,A,A,0,NA,Y,NA,NA,Y,NA,-,NA,0,0,1,0,0,0,1,0,0,-,-,NA,NA,SAN BERNARDINO,CHINO HILLS,-117.74569515,34.01678811
6478165,2014,2014-07-08,3607,2014-03-31,1459,80131,135,1,5,6,3607,0,0,0,NA,0,032,HOLT BL,GROVE AV,800,E,N,A,-,N,NA,NA,NA,NA,NA,NA,NA,NA,NA,Y,4,0,2,3,A,-,08,22107,NA,N,D,C,A,A,G,-,A,A,0,NA,NA,NA,NA,Y,NA,-,NA,0,0,2,0,0,0,0,0,0,-,-,NA,NA,SAN BERNARDINO,ONTARIO,-117.62586573,34.06343973
6527017,2014,2015-12-21,3600,2014-04-25,1431,B7509,RC055,5,5,6,3616,0,0,0,NA,0,004,FOOTHILL BL,ORCHARD PLZ,50,E,N,A,-,N,NA,NA,NA,NA,NA,NA,NA,NA,NA,N,4,0,1,2,D,-,00,NA,NA,N,D,G,A,A,H,-,A,A,0,NA,Y,NA,NA,Y,NA,-,-,0,0,1,0,0,0,1,0,0,-,-,NA,NA,SAN BERNARDINO,RANCHO CUCAMONGA,-117.60740429,34.10668934
6528169,2014,2014-06-30,3610,2014-03-20,1541,50734,NA,4,5,6,3610,0,0,0,NA,0,NA,W BASELINE,N WESTERN AV,0,NA,Y,B,-,N,NA,NA,NA,NA,NA,NA,NA,NA,NA,Y,3,0,7,2,A,-,08,22107,NA,N,D,C,A,A,H,-,A,A,0,NA,NA,NA,NA,Y,NA,A,01,0,4,3,0,0,0,0,0,0,-,-,NA,NA,SAN BERNARDINO,SAN BERNARDINO,-117.31910007,34.12133002
6478169,2014,2014-07-08,3607,2014-03-27,1721,14621,50,4,5,6,3607,0,0,0,NA,0,021,GROVE AV,6TH ST,600,S,N,A,-,N,NA,NA,NA,NA,NA,NA,NA,NA,NA,Y,2,0,2,2,A,-,09,21801,A,N,D,C,A,A,H,-,A,D,0,NA,NA,NA,NA,Y,NA,-,NA,1,1,0,0,0,0,0,0,0,-,-,NA,NA,SAN BERNARDINO,ONTARIO,-117.62857854,34.08340121
6479153,2014,2016-04-16,3600,2014-04-14,1013,D6902,TW006,1,5,3,3617,0,0,0,NA,0,TW1,RT 62,UTAH TRL,0,NA,Y,A,-,Y,SBD,8,62,-,-,34.223,I,5,E,Y,4,0,1,2,A,-,12,22450,NA,N,D,C,A,A,H,-,A,A,0,NA,NA,NA,NA,Y,NA,A,01,0,0,1,0,0,0,0,0,0,-,-,NA,NA,SAN BERNARDINO,TWENTYNINE PALMS,-116.03672833,34.13586711
6533849,2014,2016-04-16,9850,2014-06-02,0935,13261,NA,1,1,9,3600,0,1,1,NA,2,084,RT 15,DALE EVANS PKWY,7920,S,N,A,-,Y,SBD,8,15,-,-,50.33,H,-,S,Y,3,0,1,1,A,-,08,22107,NA,N,E,I,A,A,H,-,A,D,1,NA,NA,NA,NA,Y,NA,A,01,0,1,0,0,0,0,0,0,0,-,-,34.6259,-117.23189,SAN BERNARDINO,UNINCORPORATED,-117.23214852,34.62594553
6537575,2014,2014-06-30,3610,2014-03-24,1622,50717,NA,1,5,6,3610,0,0,0,NA,0,NA,NORTH PEPPER AV,WEST PAJA DR,2,N,N,A,-,N,NA,NA,NA,NA,NA,NA,NA,NA,NA,N,4,0,1,2,A,-,09,21804,NA,N,D,C,A,A,H,-,A,D,0,NA,NA,NA,NA,Y,NA,A,08,0,0,1,0,0,0,0,0,0,-,-,NA,NA,SAN BERNARDINO,SAN BERNARDINO,-117.35289,34.09858548
6479334,2014,2014-07-09,3602,2014-03-29,0700,1256,NA,6,5,5,3602,0,0,0,NA,0,005,MOUNTAIN AV,SCHAEFER AV,0,NA,Y,A,-,N,NA,NA,NA,NA,NA,NA,NA,NA,NA,Y,4,0,1,2,A,-,12,21453,A,N,D,C,A,A,H,-,A,A,0,NA,NA,NA,NA,Y,NA,D,22,0,0,1,0,0,0,0,0,0,-,-,NA,NA,SAN BERNARDINO,CHINO,-117.66739012,34.00466006
6538522,2014,2014-08-13,3600,2014-06-27,1726,S3887,VC016,5,5,5,3612,0,0,0,NA,0,002,VALLEY CENTER DR,LA PAZ DR,0,NA,Y,A,G,N,NA,NA,NA,NA,NA,NA,NA,NA,NA,N,3,0,1,2,A,-,06,21754,NA,N,B,G,A,A,H,-,A,A,0,NA,Y,NA,NA,Y,NA,L,04,0,1,0,0,0,0,1,0,0,-,-,NA,NA,SAN BERNARDINO,VICTORVILLE,-117.31586004,34.51885011
6538525,2014,2016-04-16,3608,2014-06-29,1828,4335,3608,7,5,5,3608,0,0,0,NA,0,NA,LUGONIA AV,WABASH AV,0,NA,Y,A,-,Y,SBD,8,38,-,-,3.071,I,5,E,Y,3,0,1,1,A,-,08,22107,NA,N,-,I,A,A,H,-,A,A,0,NA,NA,NA,NA,Y,Y,A,01,0,1,0,0,0,0,0,0,0,-,-,NA,NA,SAN BERNARDINO,REDLANDS,-117.13885851,34.07014214
6483533,2014,2014-07-14,3600,2014-04-16,0949,B6735,RC073,3,5,6,3616,0,0,0,NA,0,002,6TH ST,MILLIKEN AV,0,NA,Y,A,-,N,NA,NA,NA,NA,NA,NA,NA,NA,NA,Y,4,0,1,2,A,-,09,21453,C,N,A,D,A,A,H,-,B,A,0,NA,NA,NA,NA,Y,NA,A,01,0,0,1,0,0,0,0,0,0,-,-,NA,NA,SAN BERNARDINO,RANCHO CUCAMONGA,-117.55844001,34.08472002
6539863,2014,2016-04-14,9860,2014-06-12,1135,16590,NA,4,1,4,3603,0,1,1,NA,2,214,RT 215,SAN BERNARDINO/RIVERSIDE CO LINE,50,N,N,A,-,Y,SBD,8,215,-,-,0.01,H,-,N,N,4,0,1,2,A,-,03,22350,NA,N,C,C,A,A,D,-,A,D,1,NA,NA,NA,NA,Y,NA,D,22,0,0,1,0,0,0,0,0,0,-,-,34.02175,-117.33722,SAN BERNARDINO,COLTON,-117.3394381,34.01950679
6540119,2014,2016-04-16,9860,2014-06-03,1705,16821,NA,2,2,9,3600,0,1,1,NA,2,102,RT 10,CEDAR AV,2640,W,N,A,-,Y,SBD,8,10,-,R,17.99,H,-,W,Y,4,0,1,1,A,-,08,22107,NA,N,E,I,A,A,H,-,A,D,1,NA,NA,NA,NA,Y,NA,A,01,0,0,1,0,0,0,0,0,0,-,-,34.06801,-117.40935,SAN BERNARDINO,UNINCORPORATED,-117.40484154,34.06797401
6541304,2014,2014-07-24,3610,2014-01-13,1552,50700,NA,1,5,6,3610,0,0,0,NA,0,NA,DEL ROSA AV,HIGHLAND AV,0,NA,Y,A,-,N,NA,NA,NA,NA,NA,NA,NA,NA,NA,N,4,0,3,2,A,-,03,22350,NA,F,C,C,A,A,H,-,A,A,0,NA,NA,NA,NA,Y,NA,A,01,0,0,3,0,0,0,0,0,0,-,-,NA,NA,SAN BERNARDINO,SAN BERNARDINO,-117.25240012,34.13586007
6484215,2014,2014-07-21,3607,2014-04-07,0936,15194,137,1,5,6,3607,0,0,0,NA,0,032,VINEYARD AV,D ST,150,N,N,A,-,N,NA,NA,NA,NA,NA,NA,NA,NA,NA,Y,4,0,1,2,A,-,09,21804,A,N,C,C,A,-,H,-,A,D,0,NA,NA,NA,NA,Y,NA,-,NA,0,0,1,0,0,0,0,0,0,-,-,NA,NA,SAN BERNARDINO,ONTARIO,-117.61101245,34.06755095
6542555,2014,2014-07-24,3610,2014-04-06,1727,50682,NA,7,5,6,3610,0,0,0,NA,0,NA,W BASELINE,N F ST,0,NA,Y,A,-,N,NA,NA,NA,NA,NA,NA,NA,NA,NA,N,4,0,1,2,A,-,12,21453,A,N,D,G,A,A,H,-,A,A,0,NA,Y,NA,NA,Y,NA,L,04,0,0,1,0,0,0,1,0,0,-,-,NA,NA,SAN BERNARDINO,SAN BERNARDINO,-117.29643014,34.12134003
6542559,2014,2014-07-24,3610,2014-04-02,1727,50747,NA,3,5,6,3610,0,0,0,NA,0,NA,E BASELINE ST,N WALL ST,0,NA,Y,C,-,N,NA,NA,NA,NA,NA,NA,NA,NA,NA,N,4,0,1,2,A,-,08,22107,NA,N,A,C,A,B,H,-,A,D,0,NA,NA,NA,NA,Y,NA,A,01,0,0,1,0,0,0,0,0,0,-,-,NA,NA,SAN BERNARDINO,SAN BERNARDINO,-117.28136007,34.12133008
6543172,2014,2014-08-01,3607,2014-05-21,1635,14621,124,3,5,6,3607,0,0,0,NA,0,012,HOLT BL,VINE AV,0,NA,Y,A,-,N,NA,NA,NA,NA,NA,NA,NA,NA,NA,N,4,0,1,2,A,-,03,22350,NA,N,C,C,A,A,H,-,A,D,0,NA,NA,NA,NA,Y,NA,-,NA,0,0,1,0,0,0,0,0,0,-,-,NA,NA,SAN BERNARDINO,ONTARIO,-117.65589,34.06335002
6544039,2014,2014-08-12,3609,2014-06-09,1556,6367,191,1,5,5,3609,0,0,0,NA,0,004,VALLEY BL,LILAC AV,640,W,N,A,-,N,NA,NA,NA,NA,NA,NA,NA,NA,NA,Y,4,0,1,3,A,-,03,22350,NA,N,C,C,A,A,H,-,A,A,0,NA,NA,NA,NA,Y,NA,A,07,0,0,1,0,0,0,0,0,0,-,-,NA,NA,SAN BERNARDINO,RIALTO,-117.38109711,34.0705
6514230,2014,2014-06-30,3603,2014-01-09,0047,CL4062,COLTO,4,5,4,3603,0,0,0,NA,0,001,SAN BERNARDINO AV,SYCAMORE AV,0,NA,Y,A,-,N,NA,NA,NA,NA,NA,NA,NA,NA,NA,Y,3,0,1,1,A,-,01,23152,A,N,E,I,A,A,-,-,C,A,0,NA,NA,NA,NA,Y,Y,A,01,0,1,0,0,0,0,0,0,0,-,-,NA,NA,SAN BERNARDINO,COLTON,-117.36591014,34.07775004
6515916,2014,2014-08-14,9870,2014-06-21,2100,020460,NA,6,2,9,3600,0,3,5,NA,2,003,SUNSET RD,CREST VIEW CIR,21,S,N,A,-,N,NA,NA,NA,NA,NA,NA,NA,NA,NA,Y,4,0,1,1,A,-,03,22350,NA,N,F,A,A,A,H,-,C,D,0,NA,NA,Y,NA,Y,NA,C,02,0,0,1,0,0,0,0,0,1,-,-,34.12524,-116.31734,SAN BERNARDINO,UNINCORPORATED,-117.16393506,34.12460048
6497389,2014,2015-01-13,3610,2014-01-18,2313,50821,NA,6,5,6,3610,0,0,0,NA,0,NA,W 5TH ST,N MT VERNON AV,0,NA,Y,A,-,N,NA,NA,NA,NA,NA,NA,NA,NA,NA,N,4,0,2,2,A,-,-,NA,NA,M,C,C,A,A,H,-,B,A,0,NA,NA,NA,NA,Y,NA,D,22,0,0,2,0,0,0,0,0,0,-,-,NA,NA,SAN BERNARDINO,SAN BERNARDINO,-117.31383002,34.10833007
6546273,2014,2016-04-16,9855,2014-05-24,1700,20006,NA,6,2,6,3607,0,1,1,NA,2,103,RT 10,4TH ST,800,W,N,A,-,Y,SBD,8,10,-,-,5.082,R,1,E,Y,4,0,1,3,A,-,03,22350,NA,N,C,C,A,A,H,-,A,D,1,NA,NA,NA,NA,Y,NA,D,22,0,0,1,0,0,0,0,0,0,TO,-,34.08043,-117.55651,SAN BERNARDINO,ONTARIO,-117.62578386,34.07888353
6546310,2014,2016-04-16,9855,2014-05-11,1510,17112,NA,7,2,6,3604,0,1,1,NA,2,153,RT 15,DUNCAN CANYON RD,1900,S,N,A,G,Y,SBD,8,15,-,-,10.67,H,-,S,Y,4,0,1,1,A,-,03,22350,NA,N,E,I,A,A,D,-,A,D,1,NA,NA,NA,NA,Y,NA,E,22,0,0,1,0,0,0,0,0,0,-,-,NA,NA,SAN BERNARDINO,FONTANA,-117.46599614,34.16138266
6516298,2014,2014-07-24,3610,2014-03-10,0935,5057,NA,1,5,6,3610,0,0,0,NA,0,NA,WEST HIGHLAND AV,CABRERA AV,12,E,N,A,-,N,NA,NA,NA,NA,NA,NA,NA,NA,NA,N,4,0,2,2,A,-,08,22107,NA,N,D,C,A,A,H,-,A,D,0,NA,NA,NA,NA,Y,NA,-,NA,0,0,2,0,0,0,0,0,0,-,-,NA,NA,SAN BERNARDINO,SAN BERNARDINO,-117.32045046,34.13609976
6549806,2014,2016-04-16,9855,2014-05-03,2205,019370,NA,6,3,6,3604,0,1,1,NA,2,101,RT 10,ETIWANDA AV,150,E,N,A,-,Y,SBD,8,10,-,-,11.16,H,-,E,Y,4,0,1,3,A,-,03,22350,NA,N,C,C,A,A,H,-,D,D,1,NA,NA,NA,NA,Y,NA,A,01,0,0,1,0,0,0,0,0,0,-,-,34.07719,-117.51531,SAN BERNARDINO,FONTANA,-117.52360797,34.06742422
6549814,2014,2016-04-16,9855,2014-05-02,2210,19495,NA,5,3,6,3616,0,1,1,NA,2,201,RT 210,MILLIKEN AV,10,E,N,A,-,Y,SBD,8,210,-,-,7.91,H,-,E,N,3,0,1,3,A,-,03,22350,NA,N,C,C,A,A,H,-,C,D,1,NA,NA,NA,NA,Y,NA,A,07,0,1,0,0,0,0,0,0,0,-,-,34.1363,-117.5582,SAN BERNARDINO,RANCHO CUCAMONGA,-117.55861271,34.1364231
6506459,2014,2016-04-16,3600,2014-04-22,1246,A7108,CH007,2,5,5,3630,0,0,0,NA,0,003,CARBON CANYON RD,AZURITE DR,528,S,N,A,-,Y,SBD,8,142,-,-,2.36,H,-,W,Y,3,0,2,2,A,-,05,21650,NA,N,A,C,A,A,H,-,A,D,0,NA,NA,NA,NA,Y,NA,A,01,0,1,1,0,0,0,0,0,0,-,-,NA,NA,SAN BERNARDINO,CHINO HILLS,-117.75708072,33.96716878
6506509,2014,2014-07-18,3600,2014-04-07,0142,E7447,HE216,1,5,5,3619,0,0,0,NA,0,HE2,MAIN ST,EDISON POLE 377420E,11,E,N,A,-,N,NA,NA,NA,NA,NA,NA,NA,NA,NA,Y,3,0,1,1,A,-,03,22350,NA,N,E,I,A,A,-,-,C,D,0,NA,NA,NA,NA,Y,NA,A,01,0,1,0,0,0,0,0,0,0,-,-,NA,NA,SAN BERNARDINO,HESPERIA,NA,NA
6512463,2014,2014-07-30,3608,2014-05-23,2345,4358,NA,5,5,5,3608,0,0,0,NA,0,NA,LIVE OAK CANYON RD,RT 10,7392,W,N,A,-,N,NA,NA,NA,NA,NA,NA,NA,NA,NA,Y,4,0,1,1,A,-,03,22350,NA,N,E,I,A,A,H,-,D,D,0,NA,NA,NA,NA,Y,NA,A,01,0,0,1,0,0,0,0,0,0,-,-,NA,NA,SAN BERNARDINO,REDLANDS,-117.11555793,34.00674456
6553851,2014,2014-08-06,9860,2014-05-27,0805,17446,NA,2,1,9,3600,0,2,4,NA,2,411,CEDAR AV,MIRAMONT ST,30,S,N,A,-,N,NA,NA,NA,NA,NA,NA,NA,NA,NA,N,4,0,1,2,A,-,03,22350,NA,N,C,C,A,A,H,-,A,D,0,NA,NA,NA,NA,Y,NA,A,01,0,0,1,0,0,0,0,0,0,-,-,34.07884,-117.39658,SAN BERNARDINO,UNINCORPORATED,-117.39647795,34.07890782
6553896,2014,2014-08-05,9860,2014-05-11,1545,15686,NA,7,2,9,3600,0,3,5,NA,2,002,RECHE CANYON RD,NEW RECHE CANYON RD,324,N,N,A,-,N,NA,NA,NA,NA,NA,NA,NA,NA,NA,Y,2,0,1,1,A,-,01,23152,A,N,E,I,A,A,D,-,A,D,0,NA,NA,Y,NA,Y,Y,C,02,1,0,0,0,0,0,0,0,1,-,-,34.02576,-117.27905,SAN BERNARDINO,UNINCORPORATED,-117.28033624,34.02934762
6553904,2014,2016-04-16,9860,2014-05-14,1308,014829,NA,3,1,9,3600,0,1,1,NA,2,151,RT 15,KENWOOD AV,5808,N,N,A,-,Y,RIV,8,15,-,R,16.09,H,-,S,Y,4,0,1,1,A,-,08,22107,NA,N,E,I,A,A,D,-,A,D,1,NA,NA,NA,NA,Y,NA,A,01,0,0,1,0,0,0,0,0,0,-,-,34.24877,-117.44048,SAN BERNARDINO,UNINCORPORATED,-117.27394282,33.62792134
6553946,2014,2016-04-16,9860,2014-05-02,0735,16590,NA,5,1,4,3603,0,1,1,NA,2,103,RT 10,PEPPER AV,285,E,N,A,-,Y,SBD,8,10,-,-,21.02,H,-,W,Y,3,0,1,2,A,-,07,21658,A,N,B,C,A,A,H,-,A,D,1,NA,NA,Y,NA,Y,NA,A,01,0,1,0,0,0,0,0,0,1,-,-,34.06921,-117.35196,SAN BERNARDINO,COLTON,-117.35205008,34.06914092
6519154,2014,2016-02-22,3608,2014-06-09,0750,4335,3608,1,5,5,3608,0,0,0,NA,0,NA,TERRACINA BL,TERRACINA BL 375,0,NA,N,A,-,N,NA,NA,NA,NA,NA,NA,NA,NA,NA,N,3,0,1,1,B,-,22,NA,NA,N,-,I,A,A,H,-,A,D,0,NA,NA,NA,NA,Y,NA,A,01,0,1,0,0,0,0,0,0,0,-,-,NA,NA,SAN BERNARDINO,REDLANDS,-117.20403582,34.036845
6519158,2014,2014-08-20,3608,2014-06-02,1300,4342,NA,1,5,5,3608,0,0,0,NA,0,NA,SAN BERNARDINO AV,OCCIDENTAL DR,0,NA,Y,A,-,N,NA,NA,NA,NA,NA,NA,NA,NA,NA,Y,4,0,1,3,A,-,03,22350,NA,N,C,D,A,A,H,-,A,A,0,NA,NA,NA,NA,Y,NA,A,01,0,0,1,0,0,0,0,0,0,-,-,NA,NA,SAN BERNARDINO,REDLANDS,-117.16934005,34.07730007
6519173,2014,2014-08-13,3608,2014-06-02,1607,4153,NA,1,5,5,3608,0,0,0,NA,0,NA,BARTON RD,ALABAMA ST,0,NA,Y,A,-,N,NA,NA,NA,NA,NA,NA,NA,NA,NA,N,4,0,1,2,A,-,03,22350,NA,N,C,C,A,A,H,-,A,A,0,NA,NA,NA,NA,Y,NA,-,NA,0,0,1,0,0,0,0,0,0,-,-,NA,NA,SAN BERNARDINO,REDLANDS,-117.20886001,34.04728008
6521919,2014,2015-01-13,3610,2014-01-27,1705,50743,NA,1,5,6,3610,0,0,0,NA,0,NA,NORTH WATERMAN AV,E 2ND ST,0,NA,Y,A,-,N,NA,NA,NA,NA,NA,NA,NA,NA,NA,Y,4,0,1,2,A,-,12,21453,A,N,D,D,A,A,H,-,B,A,0,NA,NA,NA,NA,Y,NA,A,08,0,0,1,0,0,0,0,0,0,-,-,NA,NA,SAN BERNARDINO,SAN BERNARDINO,-117.27876001,34.10271001
6522756,2014,2015-03-05,3600,2014-04-12,1348,D4301,HE103,6,5,5,3619,0,0,0,NA,0,001,SEQUOIA ST,LOCUST AV,104,W,N,A,-,N,NA,NA,NA,NA,NA,NA,NA,NA,NA,Y,4,0,1,2,A,-,08,22107,NA,N,D,C,A,A,H,-,A,A,0,NA,NA,NA,NA,Y,NA,A,01,0,0,1,0,0,0,0,0,0,-,-,NA,NA,SAN BERNARDINO,HESPERIA,-117.334644,34.46874689
6557563,2014,2014-07-30,3604,2014-05-22,1721,768,NA,4,5,6,3604,0,0,0,NA,0,NA,VALLEY BL,VINEYARD VALLEY,40,W,N,A,-,N,NA,NA,NA,NA,NA,NA,NA,NA,NA,N,4,0,2,2,A,-,03,22350,NA,F,C,C,A,A,H,-,A,A,0,NA,NA,NA,NA,Y,NA,A,01,0,0,2,0,0,0,0,0,0,-,-,NA,NA,SAN BERNARDINO,FONTANA,-117.4330817,34.07038
6557613,2014,2016-01-07,3609,2014-07-11,2138,8510,68,5,5,5,3609,0,0,0,NA,0,001,RENAISSANCE PKWY,EDISON POLE #4794083E,198,W,N,A,-,N,NA,NA,NA,NA,NA,NA,NA,NA,NA,N,1,1,0,1,A,-,03,22350,NA,N,F,-,A,A,H,-,D,D,0,NA,NA,NA,NA,Y,NA,D,22,0,0,0,0,0,0,0,0,0,-,-,NA,NA,SAN BERNARDINO,RIALTO,NA,NA
6522887,2014,2015-04-14,3600,2014-06-02,1227,E4794,HE217,1,5,5,3619,0,0,0,NA,0,HE2,E AV,WALNUT ST,0,NA,Y,A,-,N,NA,NA,NA,NA,NA,NA,NA,NA,NA,N,4,0,1,2,A,-,09,21802,A,M,D,C,A,A,H,-,A,A,0,NA,NA,NA,NA,Y,NA,A,01,0,0,1,0,0,0,0,0,0,-,-,NA,NA,SAN BERNARDINO,HESPERIA,-117.29283002,34.41883009
6523608,2014,2016-02-22,3600,2014-03-19,1951,A1156,AP002,3,5,5,3621,0,0,0,NA,0,AP1,APPLE VALLEY RD,RT 18,0,NA,Y,A,-,Y,SBD,8,18,-,-,90.96,H,-,S,Y,4,0,1,2,A,-,03,22350,NA,N,C,C,A,A,H,-,B,A,0,NA,NA,NA,NA,Y,NA,A,07,0,0,1,0,0,0,0,0,0,-,-,NA,NA,SAN BERNARDINO,APPLE VALLEY,-117.21738785,34.52411318
6559502,2014,2016-04-16,9860,2014-07-01,0750,12988,NA,2,1,5,3608,0,1,1,NA,2,104,RT 10,MOUNTAIN VIEW AV,1954,E,N,A,-,Y,SBD,8,10,-,-,27.64,H,-,W,Y,4,0,1,3,A,-,03,22350,NA,N,C,C,A,A,H,-,A,D,1,NA,NA,NA,NA,Y,NA,A,08,0,0,1,0,0,0,0,0,0,-,-,34.06684,-117.2369,SAN BERNARDINO,REDLANDS,-117.23794416,34.06673668