CASE_ID,ACCIDENT_YEAR,PROC_DATE,JURIS,COLLISION_DATE,COLLISION_TIME,OFFICER_ID,REPORTING_DISTRICT,DAY_OF_WEEK,CHP_SHIFT,POPULATION,CNTY_CITY_LOC,SPECIAL_COND,BEAT_TYPE,CHP_BEAT_TYPE,CITY_DIVISION_LAPD,CHP_BEAT_CLASS,BEAT_NUMBER,PRIMARY_RD,SECONDARY_RD,DISTANCE,DIRECTION,INTERSECTION,WEATHER_1,WEATHER_2,STATE_HWY_IND,CALTRANS_COUNTY,CALTRANS_DISTRICT,STATE_ROUTE,ROUTE_SUFFIX,POSTMILE_PREFIX,POSTMILE,LOCATION_TYPE,RAMP_INTERSECTION,SIDE_OF_HWY,TOW_AWAY,COLLISION_SEVERITY,NUMBER_KILLED,NUMBER_INJURED,PARTY_COUNT,PRIMARY_COLL_FACTOR,PCF_CODE_OF_VIOL,PCF_VIOL_CATEGORY,PCF_VIOLATION,PCF_VIOL_SUBSECTION,HIT_AND_RUN,TYPE_OF_COLLISION,MVIW,PED_ACTION,ROAD_SURFACE,ROAD_COND_1,ROAD_COND_2,LIGHTING,CONTROL_DEVICE,CHP_ROAD_TYPE,PEDESTRIAN_ACCIDENT,BICYCLE_ACCIDENT,MOTORCYCLE_ACCIDENT,TRUCK_ACCIDENT,NOT_PRIVATE_PROPERTY,ALCOHOL_INVOLVED,STWD_VEHTYPE_AT_FAULT,CHP_VEHTYPE_AT_FAULT,COUNT_SEVERE_INJ,COUNT_VISIBLE_INJ,COUNT_COMPLAINT_PAIN,COUNT_PED_KILLED,COUNT_PED_INJURED,COUNT_BICYCLIST_KILLED,COUNT_BICYCLIST_INJURED,COUNT_MC_KILLED,COUNT_MC_INJURED,PRIMARY_RAMP,SECONDARY_RAMP,LATITUDE,LONGITUDE,COUNTY,CITY,POINT_X,POINT_Y
7114674,2015,2015-11-09,3605,2015-10-16,2053,365,NA,5,5,4,3605,0,0,0,NA,0,NA,KINGSLEY ST,MONTE VISTA AV,312,W,N,A,-,N,NA,NA,NA,NA,NA,NA,NA,NA,NA,Y,3,0,1,4,A,-,01,23152,E,N,C,C,A,A,H,-,C,D,0,NA,NA,NA,NA,Y,NA,A,01,0,1,0,0,0,0,0,0,0,-,-,NA,NA,SAN BERNARDINO,MONTCLAIR,-117.69931727,34.06673995
7114976,2015,2015-11-10,3611,2015-09-30,1619,1175,3611,3,5,5,3611,0,0,0,NA,0,002,8TH ST,BENSON AV,0,NA,Y,A,-,N,NA,NA,NA,NA,NA,NA,NA,NA,NA,N,3,0,2,2,A,-,12,21453,A,N,D,C,A,A,H,-,A,A,0,NA,NA,NA,NA,Y,NA,A,01,0,1,1,0,0,0,0,0,0,-,-,NA,NA,SAN BERNARDINO,UPLAND,-117.6809301,34.09236007
7115134,2015,2015-11-10,3611,2015-09-16,2207,2062,NA,3,5,5,3611,0,0,0,NA,0,003,13TH ST,WINSTON CT,120,W,N,A,-,N,NA,NA,NA,NA,NA,NA,NA,NA,NA,Y,4,0,1,2,A,-,08,22107,NA,N,B,E,A,A,H,-,C,D,0,NA,NA,NA,NA,Y,NA,A,01,0,0,1,0,0,0,0,0,0,-,-,NA,NA,SAN BERNARDINO,UPLAND,-117.64548539,34.11066
7115150,2015,2015-11-10,3611,2015-09-11,2257,3057,NA,5,5,5,3611,0,0,0,NA,0,001,EUCLID AV,E FOOTHILL BL,0,NA,Y,A,-,N,NA,NA,NA,NA,NA,NA,NA,NA,NA,Y,4,0,2,2,A,-,12,21453,A,N,D,C,A,A,H,-,C,A,0,NA,NA,NA,NA,Y,NA,A,01,0,0,2,0,0,0,0,0,0,-,-,NA,NA,SAN BERNARDINO,UPLAND,-117.65136999,34.10706011
7115174,2015,2016-07-25,3611,2015-09-24,1532,3062,NA,4,5,5,3611,0,0,0,NA,0,002,ARROW HWY,PALM AV,0,NA,Y,A,-,N,NA,NA,NA,NA,NA,NA,NA,NA,NA,Y,3,0,2,2,A,-,09,21802,A,N,D,C,A,A,H,-,A,D,0,NA,NA,NA,NA,Y,NA,A,01,0,1,1,0,0,0,0,0,0,-,-,NA,NA,SAN BERNARDINO,UPLAND,-117.65374002,34.09973003
7062164,2015,2015-10-24,3602,2015-02-13,1828,3086,NA,5,5,5,3602,0,0,0,NA,0,003,CHINO AV,MCKINNEY AV,0,NA,Y,A,-,N,NA,NA,NA,NA,NA,NA,NA,NA,NA,Y,4,0,1,2,A,-,03,22350,NA,M,C,D,A,A,H,-,C,D,0,NA,NA,NA,NA,Y,Y,A,01,0,0,1,0,0,0,0,0,0,-,-,NA,NA,SAN BERNARDINO,CHINO,-117.72847013,34.01157009
7116628,2015,2015-11-13,3600,2015-10-21,1940,E3900,VC025,3,5,5,3612,0,0,0,NA,0,003,NISQUALLI RD,CYPRESS AV,0,E,N,A,-,N,NA,NA,NA,NA,NA,NA,NA,NA,NA,N,4,0,1,2,A,-,03,22350,NA,N,C,C,A,A,H,-,C,D,0,NA,NA,NA,NA,Y,NA,A,01,0,0,1,0,0,0,0,0,0,-,-,NA,NA,SAN BERNARDINO,VICTORVILLE,-117.31684009,34.48527006
7062310,2015,2015-11-23,9860,2015-08-22,1220,19429,NA,6,1,9,3600,0,2,4,NA,2,411,CEDAR AV,BLOOMINGTON AV,50,S,N,A,-,N,NA,NA,NA,NA,NA,NA,NA,NA,NA,N,4,0,1,2,A,-,21,22106,NA,N,C,C,A,A,H,-,A,A,0,NA,NA,NA,NA,Y,NA,A,01,0,0,1,0,0,0,0,0,0,-,-,34.07093,-117.39615,SAN BERNARDINO,UNINCORPORATED,-117.39632738,34.0718643
7119231,2015,2015-11-19,3607,2015-10-29,1332,14931,131,4,5,6,3607,0,0,0,NA,0,022,GROVE AV,HOLT BL,280,S,N,A,-,N,NA,NA,NA,NA,NA,NA,NA,NA,NA,N,4,0,1,2,A,-,03,22350,NA,N,C,C,A,A,H,-,A,A,0,NA,NA,NA,NA,Y,NA,-,NA,0,0,1,0,0,0,0,0,0,-,-,NA,NA,SAN BERNARDINO,ONTARIO,-117.6285,34.06342
7119315,2015,2015-11-18,3607,2015-10-29,1027,80445,178,4,5,6,3607,0,0,0,NA,0,051,MOUNTAIN AV,RALSTON ST,70,N,N,A,-,N,NA,NA,NA,NA,NA,NA,NA,NA,NA,Y,4,0,1,2,A,-,09,21804,A,N,D,C,A,A,H,-,A,D,0,NA,NA,NA,NA,Y,NA,-,NA,0,0,1,0,0,0,0,0,0,-,-,NA,NA,SAN BERNARDINO,ONTARIO,-117.66984149,34.05245185
7064877,2015,2016-12-08,9855,2015-04-20,1440,015498,NA,1,2,6,3604,0,1,1,NA,2,101,RT 10,CHERRY AV,1056,W,N,A,-,Y,SBD,8,10,-,-,12.69,H,-,W,N,4,0,1,2,A,-,03,22350,NA,N,C,C,A,A,H,-,A,D,1,NA,NA,NA,NA,Y,NA,A,01,0,0,1,0,0,0,0,0,0,-,-,34.06593,-117.49688,SAN BERNARDINO,FONTANA,-117.49714495,34.06580311
7065808,2014,2015-09-16,9855,2014-12-25,2125,18335,NA,4,2,6,3616,0,1,1,NA,2,201,RT 210,MILLIKEN AV,400,E,N,A,-,Y,NA,NA,NA,NA,NA,NA,NA,NA,NA,Y,4,0,2,3,A,-,03,22350,NA,M,C,C,A,A,H,-,C,D,0,NA,NA,NA,NA,Y,NA,A,07,0,0,2,0,0,0,0,0,0,-,-,34.16735,-117.55734,SAN BERNARDINO,RANCHO CUCAMONGA,-117.55845,34.13666
7066937,2015,2015-09-23,3600,2015-08-31,1849,D3381,VC059,1,5,5,3612,0,0,0,NA,0,VC4,GOLDEN TRL,SANTA FE TRL,0,NA,Y,A,-,N,NA,NA,NA,NA,NA,NA,NA,NA,NA,N,3,0,1,2,A,-,11,21954,A,N,G,B,D,A,H,-,A,A,0,Y,NA,NA,NA,Y,NA,N,60,0,1,0,0,1,0,0,0,0,-,-,NA,NA,SAN BERNARDINO,VICTORVILLE,-117.34638005,34.47851005
7067124,2015,2015-09-25,3604,2015-09-06,1530,680,NA,7,5,6,3604,0,0,0,NA,0,NA,CATAWBA,MERRILL,792,S,N,A,-,N,NA,NA,NA,NA,NA,NA,NA,NA,NA,Y,4,0,1,2,A,-,01,23152,A,N,E,E,A,A,H,-,A,D,0,NA,NA,NA,NA,Y,Y,A,07,0,0,1,0,0,0,0,0,0,-,-,NA,NA,SAN BERNARDINO,FONTANA,-117.45802,34.089899870000004
7123933,2015,2015-12-02,3610,2015-10-22,0725,50519,NA,4,5,6,3610,0,0,0,NA,0,POLICE,5TH ST,H ST,200,W,N,A,-,N,NA,NA,NA,NA,NA,NA,NA,NA,NA,Y,3,0,1,1,A,-,08,22107,NA,N,E,I,A,A,H,-,A,A,0,NA,NA,NA,NA,Y,NA,A,01,0,1,0,0,0,0,0,0,0,-,-,NA,NA,SAN BERNARDINO,SAN BERNARDINO,-117.30154871,34.10834
7123955,2015,2015-12-02,3610,2015-10-20,2026,50584,NA,2,5,6,3610,0,0,0,NA,0,POLICE,W 9TH ST,N PERRIS ST,0,NA,Y,A,-,N,NA,NA,NA,NA,NA,NA,NA,NA,NA,Y,3,0,2,2,A,-,09,21802,A,N,D,C,A,-,H,-,D,A,0,NA,NA,Y,NA,Y,NA,A,01,0,1,1,0,0,0,0,0,1,-,-,NA,NA,SAN BERNARDINO,SAN BERNARDINO,-117.30676001,34.11577
7123956,2015,2017-01-31,3610,2015-10-17,1504,50821,NA,6,5,6,3610,0,0,0,NA,0,POLICE,W 5TH ST,N FLORES ST,30,E,N,A,-,Y,SBD,8,66,-,-,21.66,H,-,E,Y,4,0,1,1,A,-,08,22107,NA,N,E,I,A,A,H,-,-,A,0,NA,NA,NA,NA,Y,NA,A,01,0,0,1,0,0,0,0,0,0,-,-,34.10863,-117.32649,SAN BERNARDINO,SAN BERNARDINO,-117.32693744,34.10829629
7125293,2015,2016-02-20,3600,2015-11-03,1802,F5717,HE321,2,5,5,3619,0,0,0,NA,0,HE3,RANCHERO RD,COTTONWOOD AV,0,NA,Y,A,-,N,NA,NA,NA,NA,NA,NA,NA,NA,NA,Y,4,0,1,2,D,-,00,NA,NA,N,A,C,A,A,H,-,C,A,0,NA,NA,NA,NA,Y,NA,-,-,0,0,1,0,0,0,0,0,0,-,-,NA,NA,SAN BERNARDINO,HESPERIA,-117.33801,34.38327009
7067785,2015,2017-01-21,9835,2015-09-03,1336,17724,NA,4,1,9,3600,0,1,1,NA,2,043,RT 40,LAVA WASH BRIDGE,50,E,N,A,-,Y,SBD,8,40,-,R,14.63,H,-,E,Y,4,0,1,1,A,-,08,22107,NA,N,F,A,A,A,H,-,A,D,1,NA,NA,NA,NA,Y,NA,A,01,0,0,1,0,0,0,0,0,0,-,-,34.83759,-116.75979,SAN BERNARDINO,UNINCORPORATED,-116.76131579,34.83568351
7126953,2015,2016-08-12,3600,2015-11-15,0518,F2746,VC013,7,5,5,3612,0,0,0,NA,0,VC4,AMARGOSA RD,BEAR VALLEY RD,0,NA,Y,A,G,N,NA,NA,NA,NA,NA,NA,NA,NA,NA,Y,4,0,1,1,D,-,00,NA,NA,N,H,I,A,A,-,-,B,D,0,NA,NA,Y,NA,Y,NA,-,-,0,0,1,0,0,0,0,0,1,-,-,NA,NA,SAN BERNARDINO,VICTORVILLE,-117.34843002,34.47041004
7068700,2015,2015-09-25,3600,2015-08-30,1152,4794,HE214,7,5,5,3619,0,0,0,NA,0,HE2,MAIN ST,BUCKTHORN AV,0,NA,Y,A,-,N,NA,NA,NA,NA,NA,NA,NA,NA,NA,Y,3,0,1,2,A,-,09,21801,A,N,D,C,A,A,H,-,A,A,0,NA,NA,NA,NA,Y,NA,A,01,0,1,0,0,0,0,0,0,0,-,-,NA,NA,SAN BERNARDINO,HESPERIA,-117.26966,34.41684011
7103150,2015,2016-06-20,3600,2015-10-04,1648,E2986,AP008,7,5,5,3621,0,0,0,NA,0,NA,KIOWA RD,KIOWA RD 13686,0,NA,-,A,-,N,NA,NA,NA,NA,NA,NA,NA,NA,NA,Y,3,0,1,1,A,-,03,22350,NA,N,E,I,A,A,H,-,A,A,0,NA,NA,NA,NA,Y,NA,-,-,0,1,0,0,0,0,0,0,0,-,-,NA,NA,SAN BERNARDINO,APPLE VALLEY,-117.20689595,34.50015533
7105375,2015,2015-10-28,3600,2015-10-18,0921,E4794,HE104,7,5,5,3619,0,0,0,NA,0,HE1,SEQUOIA ST,5TH AV,0,NA,Y,A,G,N,NA,NA,NA,NA,NA,NA,NA,NA,NA,N,4,0,2,2,A,-,08,22107,NA,N,D,C,A,A,H,-,A,A,0,NA,NA,NA,NA,Y,NA,A,01,0,0,2,0,0,0,0,0,0,-,-,NA,NA,SAN BERNARDINO,HESPERIA,-117.30798,34.46898009
7105817,2015,2015-10-29,3604,2015-09-25,1759,683,NA,5,5,6,3604,0,0,0,NA,0,003,RANDALL,ALDER,513,E,N,A,-,N,NA,NA,NA,NA,NA,NA,NA,NA,NA,N,4,0,2,2,A,-,03,22350,NA,N,C,C,A,A,H,-,A,D,0,NA,NA,NA,NA,Y,NA,A,07,0,0,2,0,0,0,0,0,0,-,-,NA,NA,SAN BERNARDINO,FONTANA,-117.4166007,34.08491971
7135627,2015,2015-12-28,3609,2015-10-12,0826,6367,NA,1,5,5,3609,0,0,0,NA,0,004,WILLOW AV,MERRILL AV,0,NA,Y,A,-,N,NA,NA,NA,NA,NA,NA,NA,NA,NA,N,3,0,1,2,A,-,12,21453,A,N,D,C,A,A,H,-,A,A,0,NA,NA,NA,NA,Y,NA,D,22,0,1,0,0,0,0,0,0,0,-,-,34.09045,-117.37413,SAN BERNARDINO,RIALTO,-117.37469011,34.09228002
7136904,2015,2015-12-17,3600,2015-11-20,1621,E5343,HE108,5,5,5,3619,0,0,0,NA,0,HE1,7TH AV,SYCAMORE ST,825,S,N,A,-,N,NA,NA,NA,NA,NA,NA,NA,NA,NA,Y,4,0,2,2,A,-,03,22350,NA,N,C,C,A,A,H,-,B,D,0,NA,NA,NA,NA,Y,NA,A,01,0,0,2,0,0,0,0,0,0,-,-,NA,NA,SAN BERNARDINO,HESPERIA,-117.3122685,34.46125005
7137381,2015,2015-12-18,3600,2015-12-01,2257,D6899,HE128,2,5,5,3619,0,0,0,NA,0,HE1,MAIN ST,COTTONWOOD AV,186,W,N,A,-,N,NA,NA,NA,NA,NA,NA,NA,NA,NA,Y,3,0,5,2,A,-,01,23153,A,N,D,C,A,A,H,-,C,D,0,NA,NA,NA,NA,Y,Y,A,01,0,1,4,0,0,0,0,0,0,-,-,NA,NA,SAN BERNARDINO,HESPERIA,-117.33906469,34.42692519
7110011,2015,2015-11-14,3611,2015-08-25,1750,1175,3611,2,5,5,3611,0,0,0,NA,0,003,CAMPUS AV,19TH ST,32,N,N,A,-,N,NA,NA,NA,NA,NA,NA,NA,NA,NA,Y,4,0,1,3,A,-,09,21453,B,N,B,C,A,A,H,-,A,A,0,NA,NA,NA,NA,Y,NA,A,07,0,0,1,0,0,0,0,0,0,-,-,NA,NA,SAN BERNARDINO,UPLAND,-117.64191798,34.13045629
7138131,2015,2015-12-22,3611,2015-10-10,1406,2908,3611,6,5,5,3611,0,0,0,NA,0,002,EUCLID AV,11TH ST,0,NA,Y,A,-,N,NA,NA,NA,NA,NA,NA,NA,NA,NA,N,4,0,1,2,A,-,12,21453,A,N,D,C,A,A,H,-,A,A,0,NA,NA,NA,NA,Y,NA,A,01,0,0,1,0,0,0,0,0,0,-,-,NA,NA,SAN BERNARDINO,UPLAND,-117.65134012,34.10337008
7138565,2015,2017-01-28,3610,2015-11-16,2246,50640,NA,1,5,6,3610,0,0,0,NA,0,POLICE,E 30TH ST,N LEROY ST,0,NA,Y,A,-,Y,SBD,8,210,-,-,23.943,R,4,W,Y,4,0,1,2,A,-,12,21453,A,N,A,C,A,A,H,-,C,A,0,NA,NA,NA,NA,Y,NA,A,01,0,0,1,0,0,0,0,0,0,-,-,NA,NA,SAN BERNARDINO,SAN BERNARDINO,-117.28344529,34.14548218
7138569,2015,2015-12-23,3610,2015-11-16,1415,50571,NA,1,5,6,3610,0,0,0,NA,0,POLICE,N KENDALL DR,ARROWHEAD AV,299,N,N,A,-,N,NA,NA,NA,NA,NA,NA,NA,NA,NA,N,2,0,3,2,A,-,08,22107,NA,N,D,C,A,A,H,-,A,D,0,NA,NA,NA,NA,Y,NA,A,01,1,2,0,0,0,0,0,0,0,-,-,34.15649,-117.29405,SAN BERNARDINO,SAN BERNARDINO,-117.29344189,34.1595536
7138610,2015,2015-12-23,3610,2015-11-20,1634,50675,NA,5,5,6,3610,0,0,0,NA,0,POLICE,S ARROWHEAD AV,W MILL ST,0,NA,Y,A,-,N,NA,NA,NA,NA,NA,NA,NA,NA,NA,Y,4,0,2,2,A,-,09,21801,A,N,A,C,A,A,H,-,A,A,0,NA,NA,NA,NA,Y,NA,A,01,0,0,2,0,0,0,0,0,0,-,-,NA,NA,SAN BERNARDINO,SAN BERNARDINO,-117.28966011,34.09215007
7139374,2015,2016-01-14,3600,2015-12-11,1505,F9855,YV003,5,5,3,3631,0,0,0,NA,0,YV1,KICKAPOO TRL,UTILITY POLE #343149S,190,W,N,C,-,N,NA,NA,NA,NA,NA,NA,NA,NA,NA,Y,3,0,2,1,A,-,03,22350,NA,N,F,A,A,B,H,-,A,A,0,NA,NA,NA,NA,Y,NA,-,NA,0,1,1,0,0,0,0,0,0,-,-,NA,NA,SAN BERNARDINO,YUCCA VALLEY,NA,NA
7110265,2015,2015-11-13,3607,2015-09-25,1847,80171,230,5,5,6,3607,0,0,0,NA,0,052,EUCLID AV,PHILADELPHIA AV,528,N,N,A,-,N,NA,NA,NA,NA,NA,NA,NA,NA,NA,Y,3,0,1,2,A,-,07,21658,A,N,B,C,A,-,H,-,B,A,0,NA,NA,NA,NA,Y,NA,-,NA,0,1,0,0,0,0,0,0,0,-,-,NA,NA,SAN BERNARDINO,ONTARIO,-117.65104,34.03533685
7141228,2015,2016-09-26,3609,2015-11-15,1032,2312,161,7,5,5,3609,0,0,0,NA,0,004,RIVERSIDE AV,RANDALL AV,1584,N,N,A,-,N,NA,NA,NA,NA,NA,NA,NA,NA,NA,Y,4,0,1,3,A,-,01,23152,A,N,A,C,A,A,H,-,A,A,0,NA,NA,NA,NA,Y,Y,A,01,0,0,1,0,0,0,0,0,0,-,-,34,-117,SAN BERNARDINO,RIALTO,-117.37034109,34.0893198
7110273,2015,2015-11-13,3607,2015-09-30,2258,80372,134,3,5,6,3607,0,0,0,NA,0,032,D ST,GLENN PL,0,NA,Y,A,-,N,NA,NA,NA,NA,NA,NA,NA,NA,NA,Y,3,0,2,6,A,-,12,22450,A,M,B,A,A,A,H,-,C,A,0,NA,NA,NA,NA,Y,NA,-,NA,0,2,0,0,0,0,0,0,0,-,-,NA,NA,SAN BERNARDINO,ONTARIO,-117.62475012,34.0670601
7145255,2015,2016-01-06,3609,2015-11-24,1136,8510,0156,2,5,5,3609,0,0,0,NA,0,003,MERRILL AV,CEDAR AV,0,NA,Y,A,-,N,NA,NA,NA,NA,NA,NA,NA,NA,NA,Y,4,0,1,2,A,-,08,22107,NA,N,A,C,A,A,H,-,A,A,0,NA,NA,NA,NA,Y,NA,-,-,0,0,1,0,0,0,0,0,0,-,-,34.09232,-117.39,SAN BERNARDINO,RIALTO,-117.39652006,34.09224001
7146623,2015,2016-09-16,3604,2015-11-24,1637,680,NA,2,5,6,3604,0,0,0,NA,0,NA,RT 66,MAPLE,400,W,N,B,-,N,NA,NA,NA,NA,NA,NA,NA,NA,NA,Y,4,0,2,2,A,-,03,22350,NA,N,C,C,A,A,H,-,A,A,0,NA,NA,NA,NA,Y,NA,A,01,0,0,2,0,0,0,0,0,0,-,-,NA,NA,SAN BERNARDINO,FONTANA,-117.40660965,34.10670563
7146703,2015,2016-01-04,3604,2015-11-27,1157,601,NA,5,5,6,3604,0,0,0,NA,0,NA,ETIWANDA AV,PHILADELPHIA,528,N,N,B,-,N,NA,NA,NA,NA,NA,NA,NA,NA,NA,Y,4,0,1,2,A,-,08,22107,NA,N,D,C,A,A,H,-,A,D,0,NA,NA,NA,NA,Y,NA,A,01,0,0,1,0,0,0,0,0,0,-,-,NA,NA,SAN BERNARDINO,FONTANA,-117.52432262,34.03488685
7148600,2015,2016-01-29,3609,2015-12-19,1135,456,142,6,5,5,3609,0,0,0,NA,0,004,FOOTHILL BL,PEPPER AV,0,NA,Y,A,-,N,NA,NA,NA,NA,NA,NA,NA,NA,NA,Y,4,0,1,2,A,-,00,23153,E,F,D,C,A,A,H,-,A,A,0,NA,NA,NA,NA,Y,NA,D,22,0,0,1,0,0,0,0,0,0,-,-,NA,NA,SAN BERNARDINO,RIALTO,-117.35291004,34.1067701
7148915,2015,2016-01-12,3604,2015-12-15,0753,678,NA,2,5,6,3604,0,0,0,NA,0,NA,CHERRY AV,MILLER AV,406,N,N,A,-,N,NA,NA,NA,NA,NA,NA,NA,NA,NA,Y,4,0,2,3,A,-,03,22350,NA,N,C,C,A,A,H,-,A,A,0,NA,NA,NA,NA,Y,NA,D,22,0,0,2,0,0,0,0,0,0,-,-,NA,NA,SAN BERNARDINO,FONTANA,-117.48867675,34.1152825
7148931,2015,2016-01-12,3604,2015-12-15,1109,744,NA,2,5,6,3604,0,0,0,NA,0,NA,ALDER AV,ARROW BL,80,N,N,A,G,N,NA,NA,NA,NA,NA,NA,NA,NA,NA,Y,3,0,1,3,A,-,05,21650,NA,N,A,C,A,A,H,-,A,A,0,NA,NA,NA,NA,Y,NA,A,01,0,1,0,0,0,0,0,0,0,-,-,NA,NA,SAN BERNARDINO,FONTANA,-117.41834421,34.09966917
7149023,2015,2016-08-09,3604,2015-12-15,1526,680,NA,2,5,6,3604,0,0,0,NA,0,NA,LAUREL AV,PINE AV,0,NA,Y,A,G,N,NA,NA,NA,NA,NA,NA,NA,NA,NA,Y,3,0,4,2,A,-,09,21802,A,N,D,C,A,A,H,-,A,A,0,NA,NA,NA,NA,Y,NA,A,01,0,1,3,0,0,0,0,0,0,-,-,NA,NA,SAN BERNARDINO,FONTANA,-117.41395008,34.08677002
7149031,2015,2016-08-29,3608,2015-12-29,2130,4536,3608,2,5,5,3608,0,0,0,NA,0,901,MARION RD,5TH AV,422,S,N,A,-,N,NA,NA,NA,NA,NA,NA,NA,NA,NA,Y,3,0,1,1,A,-,01,23152,A,N,E,I,A,A,H,-,C,D,0,NA,NA,NA,NA,Y,Y,A,01,0,1,0,0,0,0,0,0,0,-,-,NA,NA,SAN BERNARDINO,REDLANDS,-117.15126,34.04747427
7150111,2015,2016-09-16,3604,2015-12-04,1201,9118,NA,5,5,6,3604,0,0,0,NA,0,NA,FOOTHILL BL,HEMLOCK AV,0,NA,Y,A,-,N,NA,NA,NA,NA,NA,NA,NA,NA,NA,N,4,0,1,2,A,-,10,21950,A,N,G,B,B,A,H,-,A,A,0,Y,NA,NA,NA,Y,NA,A,01,0,0,1,0,1,0,0,0,0,-,-,NA,NA,SAN BERNARDINO,FONTANA,-117.47570013,34.10651009
7150867,2015,2016-01-27,3603,2015-10-26,1248,4727,CL,1,5,4,3603,0,0,0,NA,0,001,RANCHO AV,C ST,0,NA,Y,A,-,N,NA,NA,NA,NA,NA,NA,NA,NA,NA,Y,4,0,1,2,A,-,09,21804,B,N,D,C,A,A,H,-,A,A,0,NA,NA,NA,NA,Y,NA,A,01,0,0,1,0,0,0,0,0,0,-,-,NA,NA,SAN BERNARDINO,COLTON,-117.33523001,34.07396003
7150883,2015,2016-01-12,3603,2015-11-17,1816,4727,COLTO,2,5,4,3603,0,0,0,NA,0,001,MILL ST,PENNSYLVANIA AV,0,NA,Y,A,-,N,NA,NA,NA,NA,NA,NA,NA,NA,NA,Y,4,0,3,2,A,-,09,21453,C,N,D,D,A,A,H,-,C,A,0,NA,NA,NA,NA,Y,Y,A,01,0,0,3,0,0,0,0,0,0,-,-,NA,NA,SAN BERNARDINO,COLTON,-117.32915011,34.09215006
7079946,2015,2015-09-28,3605,2015-08-09,1831,272,NA,7,5,4,3605,0,0,0,NA,0,NA,HOLT BL,CENTRAL AV,26,E,N,A,-,N,NA,NA,NA,NA,NA,NA,NA,NA,NA,Y,4,0,1,2,A,-,01,23152,A,M,C,C,A,A,H,-,A,A,0,NA,NA,NA,NA,Y,Y,A,01,0,0,1,0,0,0,0,0,0,-,-,NA,NA,SAN BERNARDINO,MONTCLAIR,-117.68965457,34.06329475
7151768,2015,2016-01-23,3609,2015-12-02,1132,5550,112,3,5,5,3609,0,0,0,NA,0,002,RIVERSIDE AV,BASELINE RD,224,S,N,A,-,N,NA,NA,NA,NA,NA,NA,NA,NA,NA,N,4,0,1,2,A,-,03,22350,NA,N,C,C,A,-,H,-,A,A,0,NA,NA,NA,NA,Y,NA,-,NA,0,0,1,0,0,0,0,0,0,-,-,NA,NA,SAN BERNARDINO,RIALTO,-117.37041,34.12073643
7151783,2015,2017-02-04,3600,2015-12-17,0515,E7439,HE301,4,5,5,3619,0,0,0,NA,0,HE3,RT 395,MAIN ST,981,N,N,A,-,Y,SBD,8,395,-,R,5.8,H,-,S,Y,3,0,1,3,A,-,03,22350,NA,N,A,C,A,A,H,-,C,D,0,NA,NA,NA,NA,Y,NA,A,01,0,1,0,0,0,0,0,0,0,-,-,NA,NA,SAN BERNARDINO,HESPERIA,-117.39969344,34.42949634
7151832,2015,2016-01-23,3600,2015-12-16,1130,E7439,HE116,3,5,5,3619,0,0,0,NA,0,HE1,HESPERIA RD,MESA ST,0,NA,Y,A,-,N,NA,NA,NA,NA,NA,NA,NA,NA,NA,N,3,0,1,2,A,-,09,21802,A,N,D,C,A,-,H,-,A,A,0,NA,NA,NA,NA,Y,NA,A,01,0,1,0,0,0,0,0,0,0,-,-,NA,NA,SAN BERNARDINO,HESPERIA,-117.29660003,34.44847003
7087180,2015,2015-10-10,3600,2015-09-17,2052,G1047,YUCAI,4,5,4,3640,0,0,0,NA,0,YC210,CALIFORNIA ST,AVENUE C,0,NA,Y,A,-,N,NA,NA,NA,NA,NA,NA,NA,NA,NA,Y,4,0,1,2,A,-,09,21802,A,N,D,C,A,A,H,-,C,A,0,NA,NA,NA,NA,Y,NA,-,NA,0,0,1,0,0,0,0,0,0,-,-,NA,NA,SAN BERNARDINO,YUCAIPA,-117.03883012,34.0307101
7151886,2015,2016-01-12,3602,2015-11-21,1023,1256,NA,6,5,5,3602,0,0,0,NA,0,005,CENTRAL AV,CHINO HILLS PKWY,684,N,N,A,-,N,NA,NA,NA,NA,NA,NA,NA,NA,NA,Y,3,0,1,2,A,-,08,22107,NA,N,F,C,A,A,H,-,A,D,0,NA,NA,NA,NA,Y,NA,A,01,0,1,0,0,0,0,0,0,0,-,-,NA,NA,SAN BERNARDINO,CHINO,-117.68898941,33.98464469
7087184,2015,2015-10-10,3600,2015-09-29,1412,S2984,YC301,2,5,4,3640,0,0,0,NA,0,YC1,WILDWOOD CANYON RD,5TH ST,260.9,W,N,A,-,N,NA,NA,NA,NA,NA,NA,NA,NA,NA,Y,3,0,2,2,A,-,09,21801,A,N,B,C,A,A,H,-,A,A,0,NA,NA,NA,NA,Y,NA,A,01,0,1,1,0,0,0,0,0,0,-,-,NA,NA,SAN BERNARDINO,YUCAIPA,-117.05709792,34.01575
7152839,2015,2016-01-14,3600,2015-12-17,1535,F5117,NA,4,5,5,3612,0,0,0,NA,0,NA,MOHAVE DR,ZENDA ST,0,NA,Y,A,-,N,NA,NA,NA,NA,NA,NA,NA,NA,NA,N,4,0,2,2,A,-,09,21800,A,N,D,C,A,A,H,-,A,D,0,NA,NA,NA,NA,Y,NA,-,-,0,0,2,0,0,0,0,0,0,-,-,NA,NA,SAN BERNARDINO,VICTORVILLE,-117.299718,34.523622
7087192,2015,2015-10-15,3600,2015-09-17,1756,E0792,YC103,4,5,4,3640,0,0,0,NA,0,NA,YUCAIPA BL,12TH ST,0,NA,Y,A,-,N,NA,NA,NA,NA,NA,NA,NA,NA,NA,Y,3,0,1,3,A,-,12,21453,A,N,-,F,A,A,H,-,A,A,0,NA,NA,NA,NA,Y,NA,A,01,0,1,0,0,0,0,0,0,0,-,-,NA,NA,SAN BERNARDINO,YUCAIPA,-117.08672002,34.03395008
7154827,2015,2016-01-09,3602,2015-12-06,1349,1256,NA,7,5,5,3602,0,0,0,NA,0,005,KIMBALL AV,MAIN ST,541,W,N,A,-,N,NA,NA,NA,NA,NA,NA,NA,NA,NA,Y,3,0,1,2,A,-,01,23152,E,N,C,C,A,A,H,-,A,D,0,NA,NA,NA,NA,Y,NA,A,01,0,1,0,0,0,0,0,0,0,-,-,NA,NA,SAN BERNARDINO,CHINO,-117.62529952,33.96870589
7091741,2015,2017-01-14,3607,2015-08-12,0053,80269,246,3,5,6,3607,0,0,0,NA,0,052,EUCLID AV,RT 60,0,NA,Y,A,-,Y,SBD,8,60,-,R,4.806,R,4,W,Y,4,0,1,2,A,-,03,22350,NA,N,C,C,A,A,H,-,C,A,0,NA,NA,NA,NA,Y,NA,-,NA,0,0,1,0,0,0,0,0,0,-,-,NA,NA,SAN BERNARDINO,ONTARIO,-117.64693992,34.03052676