CASE_ID,ACCIDENT_YEAR,PROC_DATE,JURIS,COLLISION_DATE,COLLISION_TIME,OFFICER_ID,REPORTING_DISTRICT,DAY_OF_WEEK,CHP_SHIFT,POPULATION,CNTY_CITY_LOC,SPECIAL_COND,BEAT_TYPE,CHP_BEAT_TYPE,CITY_DIVISION_LAPD,CHP_BEAT_CLASS,BEAT_NUMBER,PRIMARY_RD,SECONDARY_RD,DISTANCE,DIRECTION,INTERSECTION,WEATHER_1,WEATHER_2,STATE_HWY_IND,CALTRANS_COUNTY,CALTRANS_DISTRICT,STATE_ROUTE,ROUTE_SUFFIX,POSTMILE_PREFIX,POSTMILE,LOCATION_TYPE,RAMP_INTERSECTION,SIDE_OF_HWY,TOW_AWAY,COLLISION_SEVERITY,NUMBER_KILLED,NUMBER_INJURED,PARTY_COUNT,PRIMARY_COLL_FACTOR,PCF_CODE_OF_VIOL,PCF_VIOL_CATEGORY,PCF_VIOLATION,PCF_VIOL_SUBSECTION,HIT_AND_RUN,TYPE_OF_COLLISION,MVIW,PED_ACTION,ROAD_SURFACE,ROAD_COND_1,ROAD_COND_2,LIGHTING,CONTROL_DEVICE,CHP_ROAD_TYPE,PEDESTRIAN_ACCIDENT,BICYCLE_ACCIDENT,MOTORCYCLE_ACCIDENT,TRUCK_ACCIDENT,NOT_PRIVATE_PROPERTY,ALCOHOL_INVOLVED,STWD_VEHTYPE_AT_FAULT,CHP_VEHTYPE_AT_FAULT,COUNT_SEVERE_INJ,COUNT_VISIBLE_INJ,COUNT_COMPLAINT_PAIN,COUNT_PED_KILLED,COUNT_PED_INJURED,COUNT_BICYCLIST_KILLED,COUNT_BICYCLIST_INJURED,COUNT_MC_KILLED,COUNT_MC_INJURED,PRIMARY_RAMP,SECONDARY_RAMP,LATITUDE,LONGITUDE,COUNTY,CITY,POINT_X,POINT_Y
7126845,2015,2017-02-04,3600,2015-11-15,2028,F6011,HE301,7,5,5,3619,0,0,0,NA,0,HE3,RT 395,MAIN ST,2118,S,N,A,-,Y,SBD,8,395,-,-,5.21,H,-,N,Y,2,0,2,1,A,-,01,23152,A,N,F,-,A,A,H,-,C,A,0,NA,NA,NA,NA,Y,Y,A,81,1,1,0,0,0,0,0,0,0,-,-,NA,NA,SAN BERNARDINO,HESPERIA,-117.39978078,34.42084649
7208262,2015,2017-01-31,3607,2015-12-04,1808,80349,126,5,5,6,3607,0,0,0,NA,0,022,EUCLID AV,HOLT BL,0,NA,Y,A,-,Y,SBD,8,83,-,-,9.458,I,5,N,N,4,0,1,2,A,-,11,21461,5,N,G,B,B,A,H,-,C,A,0,Y,NA,NA,NA,Y,NA,N,60,0,0,1,0,1,0,0,0,0,-,-,NA,NA,SAN BERNARDINO,ONTARIO,-117.65083752,34.06337165
7210073,2016,2016-03-23,3610,2016-02-15,1158,50356,NA,1,5,6,3610,0,0,0,NA,0,BAKER,NORTH SIERRA WY,BASELINE ST,125,N,N,A,-,N,NA,NA,NA,NA,NA,NA,NA,NA,NA,Y,4,0,3,3,A,-,03,22350,NA,F,C,C,A,A,H,-,A,A,0,NA,NA,NA,NA,Y,NA,A,01,0,0,3,0,0,0,0,0,0,-,-,NA,NA,SAN BERNARDINO,SAN BERNARDINO,-117.28515171,34.12168244
7210483,2016,2016-04-06,3600,2016-03-07,1243,E7439,HE126,1,5,5,3619,0,0,0,NA,0,HE1,MAIN ST,PYRITE AV,580,W,N,C,-,N,NA,NA,NA,NA,NA,NA,NA,NA,NA,Y,4,0,2,2,A,-,03,22350,NA,N,D,C,A,B,F,-,A,D,0,NA,NA,NA,NA,Y,NA,A,08,0,0,2,0,0,0,0,0,0,-,-,NA,NA,SAN BERNARDINO,HESPERIA,-117.36415761,34.4266922
7210512,2016,2016-04-05,3600,2016-03-09,2036,C9392,RC020,3,5,6,3616,0,0,0,NA,0,NA,CHURCH ST,MILLIKEN AV,54,E,N,A,-,N,NA,NA,NA,NA,NA,NA,NA,NA,NA,Y,4,0,2,2,A,-,09,21801,A,N,A,C,A,A,H,-,C,A,0,NA,NA,NA,NA,Y,NA,A,01,0,0,2,0,0,0,0,0,0,-,-,NA,NA,SAN BERNARDINO,RANCHO CUCAMONGA,-117.55736392,34.10928107
7129504,2015,2015-12-08,3604,2015-11-05,1210,925,NA,4,5,6,3604,0,0,0,NA,0,NA,RESEDA,OWEN,0,NA,Y,A,-,N,NA,NA,NA,NA,NA,NA,NA,NA,NA,Y,3,0,1,1,C,-,18,NA,NA,N,E,I,A,A,H,-,A,A,0,NA,NA,Y,NA,Y,NA,-,-,0,1,0,0,0,0,0,0,1,-,-,NA,NA,SAN BERNARDINO,FONTANA,-117.48669007,34.10242004
7211295,2016,2016-03-28,3610,2016-02-25,0907,50808,NA,4,5,6,3610,0,0,0,NA,0,NA,W RIALTO AV,MACY ST,0,NA,Y,A,-,N,NA,NA,NA,NA,NA,NA,NA,NA,NA,N,3,0,1,1,B,-,22,NA,NA,N,B,E,A,A,H,-,A,D,0,NA,NA,NA,NA,Y,NA,D,22,0,1,0,0,0,0,0,0,0,-,-,NA,NA,SAN BERNARDINO,SAN BERNARDINO,-117.33991001,34.09956005
8002515,2016,2016-08-26,3600,2016-03-08,1546,E5343,HE131,2,5,5,3619,0,0,0,NA,0,0HE,MAIN ST,3RD AV,123,E,N,A,-,N,NA,NA,NA,NA,NA,NA,NA,NA,NA,NA,4,0,1,2,A,-,03,22350,NA,N,C,C,A,A,H,-,A,A,0,NA,NA,NA,NA,Y,NA,A,08,0,0,1,0,0,0,0,0,0,-,-,NA,NA,SAN BERNARDINO,HESPERIA,-117.30629012,34.42223891
7130447,2015,2015-12-08,3600,2015-10-23,0801,D6901,AP005,5,5,5,3621,0,0,0,NA,0,AP1,TUSCOLA RD,MANA RD,0,NA,Y,A,-,N,NA,NA,NA,NA,NA,NA,NA,NA,NA,Y,4,0,1,2,A,-,09,21802,A,N,D,D,A,A,H,-,A,A,0,NA,NA,NA,NA,Y,NA,A,01,0,0,1,0,0,0,0,0,0,-,-,NA,NA,SAN BERNARDINO,APPLE VALLEY,-117.26907013,34.53291003
8005485,2016,2016-04-06,3607,2016-02-04,1620,14931,10,4,5,6,3607,0,0,0,NA,0,021,SIXTH ST,SULTANA AV,170,E,N,A,-,N,NA,NA,NA,NA,NA,NA,NA,NA,NA,N,3,0,1,2,A,-,11,21954,A,N,G,-,D,A,H,-,A,D,0,Y,NA,NA,NA,Y,NA,N,60,0,1,0,0,1,0,0,0,0,-,-,NA,NA,SAN BERNARDINO,ONTARIO,-117.64557006,34.08520514
8006077,2016,2016-03-23,3611,2016-01-04,0719,2963,NA,1,5,5,3611,0,0,0,NA,0,NA,CAMPUS AV,14TH ST,0,NA,Y,B,-,N,NA,NA,NA,NA,NA,NA,NA,NA,NA,Y,4,0,1,2,A,-,09,21800,A,N,D,C,A,A,H,-,A,A,0,NA,NA,NA,NA,Y,NA,A,01,0,0,1,0,0,0,0,0,0,-,-,NA,NA,SAN BERNARDINO,UPLAND,-117.64155004,34.11430002
8007082,2014,2016-03-30,9855,2014-09-13,0310,18892,NA,6,3,6,3607,0,1,3,NA,2,601,RT 60,GROVE AV,528,E,N,A,-,Y,NA,NA,60,NA,NA,NA,NA,NA,NA,Y,3,0,3,3,A,-,01,23152,A,N,C,C,A,A,H,-,D,D,0,NA,NA,NA,NA,Y,Y,A,01,0,3,0,0,0,0,0,0,0,-,-,34.03074,-117.6241,SAN BERNARDINO,ONTARIO,-117.62409967,34.03059029
8007254,2016,2017-02-15,3607,2016-02-17,1743,30479,125,3,5,6,3607,0,0,0,NA,0,012,EUCLID AV,C ST,0,NA,Y,C,-,Y,SBD,8,83,-,-,9.62,H,-,S,N,3,0,1,2,A,-,10,21950,A,F,G,B,B,B,H,-,C,A,0,Y,NA,NA,NA,Y,NA,-,NA,0,1,0,0,1,0,0,0,0,-,-,NA,NA,SAN BERNARDINO,ONTARIO,-117.65121767,34.06570275
8007292,2016,2016-04-05,3607,2016-02-28,2157,80481,65,7,5,6,3607,0,0,0,NA,0,032,GROVE AV,PRINCETON ST,20,S,N,A,-,N,NA,NA,NA,NA,NA,NA,NA,NA,NA,N,3,0,1,2,A,-,11,21955,NA,F,G,B,D,A,H,-,C,D,0,Y,NA,NA,NA,Y,NA,N,60,0,1,0,0,1,0,0,0,0,-,-,NA,NA,SAN BERNARDINO,ONTARIO,-117.62857,34.07971519
8007344,2016,2016-04-05,3607,2016-02-18,1525,80248,238,4,5,6,3607,0,0,0,NA,0,062,GROVE AV,RT 60,250,N,N,A,-,N,NA,NA,NA,NA,NA,NA,NA,NA,NA,Y,4,0,1,2,A,-,12,21453,A,N,D,C,A,A,H,-,A,A,0,NA,NA,NA,NA,Y,NA,A,01,0,0,1,0,0,0,0,0,0,-,-,NA,NA,SAN BERNARDINO,ONTARIO,-117.62846,34.03128516
8008559,2020,2020-11-17,3600,2020-09-19,1508,F8247,HE306,6,5,5,3619,0,0,0,NA,0,HE3,MAIN ST,TAMARISK AV,0,NA,Y,A,-,N,NA,NA,NA,NA,NA,NA,NA,NA,NA,N,4,0,1,2,A,-,03,22350,NA,N,C,C,A,A,H,-,A,D,0,NA,NA,NA,NA,Y,NA,D,22,0,0,1,0,0,0,0,0,0,-,-,NA,NA,SAN BERNARDINO,HESPERIA,-117.35096740722656,34.426761627197266
8009110,2016,2017-02-11,3600,2016-02-24,1524,D2004,YV11,3,5,3,3631,0,0,0,NA,0,023,RT 62,BARBERRY AV,0,NA,Y,A,-,Y,SBD,8,62,-,-,12.08,H,-,W,Y,4,0,1,2,A,-,09,21801,A,N,D,C,A,A,H,-,A,A,0,NA,NA,NA,NA,Y,NA,-,NA,0,0,1,0,0,0,0,0,0,-,-,NA,NA,SAN BERNARDINO,YUCCA VALLEY,-116.41938717,34.12180922
8010550,2016,2016-08-26,3604,2016-03-10,1437,1043,NA,4,5,6,3604,0,0,0,NA,0,NA,RT 66,MANGO AV,0,NA,Y,A,-,N,NA,NA,NA,NA,NA,NA,NA,NA,NA,N,4,0,1,2,A,-,12,21453,A,N,D,C,A,A,H,-,A,A,0,NA,NA,NA,NA,Y,NA,A,08,0,0,1,0,0,0,0,0,0,-,-,NA,NA,SAN BERNARDINO,FONTANA,-117.431451,34.106643
8011182,2016,2016-04-18,3608,2016-03-15,1911,4560,3608,2,5,5,3608,0,0,0,NA,0,NA,EAST SUNSET DR,ELDER RD,18,W,N,A,-,N,NA,NA,NA,NA,NA,NA,NA,NA,NA,Y,2,0,1,1,A,-,08,22107,NA,N,F,A,A,A,H,-,D,D,0,NA,NA,NA,NA,Y,NA,-,-,1,0,0,0,0,0,0,0,0,-,-,NA,NA,SAN BERNARDINO,REDLANDS,-117.14402538,34.01660744
8011189,2016,2016-04-12,3604,2016-03-16,0758,744,NA,3,5,6,3604,0,0,0,NA,0,NA,JUNIPER AV,RANDALL AV,0,NA,Y,A,-,N,NA,NA,NA,NA,NA,NA,NA,NA,NA,N,4,0,1,2,A,-,12,22450,A,N,D,C,A,A,H,-,A,A,0,NA,NA,NA,NA,Y,NA,A,01,0,0,1,0,0,0,0,0,0,-,-,NA,NA,SAN BERNARDINO,FONTANA,-117.44008,34.0848401
8011222,2016,2016-04-12,3602,2016-02-09,2037,3251,NA,2,5,5,3602,0,0,0,NA,0,005,EUCLID AV,KIMBALL AV,866,S,N,A,-,N,NA,NA,NA,NA,NA,NA,NA,NA,NA,N,3,0,3,5,A,-,03,22350,NA,N,C,G,A,A,H,-,C,D,0,NA,Y,NA,NA,Y,NA,-,-,0,2,1,0,0,0,3,0,0,-,-,NA,NA,SAN BERNARDINO,CHINO,-117.65070846,33.96613771
8011254,2016,2016-04-08,3602,2016-02-21,1821,3054,NA,7,5,5,3602,0,0,0,NA,0,002,MOUNTAIN AV,FILLMORE AV,75,N,N,A,-,N,NA,NA,NA,NA,NA,NA,NA,NA,NA,N,4,0,1,2,A,-,03,22350,NA,N,C,C,A,A,H,-,A,A,0,NA,NA,NA,NA,Y,NA,A,01,0,0,1,0,0,0,0,0,0,-,-,NA,NA,SAN BERNARDINO,CHINO,-117.66763307,34.02845554
8012732,2016,2016-04-15,3607,2016-01-30,1146,14889,400,6,5,6,3607,0,0,0,NA,0,062,RIVERSIDE DR,CAMPUS AV,1000,W,N,B,-,N,NA,NA,NA,NA,NA,NA,NA,NA,NA,Y,3,0,1,2,A,-,09,21804,A,M,D,C,A,A,H,-,A,D,0,NA,NA,NA,NA,Y,NA,-,NA,0,1,0,0,0,0,0,0,0,-,-,NA,NA,SAN BERNARDINO,ONTARIO,-117.64470135,34.01937572
8013797,2016,2016-04-15,3604,2016-03-23,2500,1154,NA,3,5,6,3604,0,0,0,NA,0,NA,BASELINE AV,HEMLOCK AV,192,E,N,A,-,N,NA,NA,NA,NA,NA,NA,NA,NA,NA,N,3,0,1,1,A,-,03,22350,NA,N,E,I,A,A,H,-,A,D,0,NA,Y,NA,NA,Y,NA,L,04,0,1,0,0,0,0,1,0,0,-,-,NA,NA,SAN BERNARDINO,FONTANA,-117.47479743,34.12133617
8016838,2016,2016-04-15,3608,2016-03-12,1427,4554,NA,6,5,5,3608,0,0,0,NA,0,NA,E PEARL AV,NORTH ENTRANCE,0,NA,Y,A,-,N,NA,NA,NA,NA,NA,NA,NA,NA,NA,Y,4,0,1,2,A,-,08,22102,NA,N,D,C,A,A,H,-,A,D,0,NA,NA,NA,NA,Y,NA,A,01,0,0,1,0,0,0,0,0,0,-,-,NA,NA,SAN BERNARDINO,REDLANDS,NA,NA
7170601,2015,2016-02-22,3610,2015-12-12,1400,50963,NA,6,5,6,3610,0,0,0,NA,0,NA,W MILL ST,STODDARD ST,55,W,N,A,-,N,NA,NA,NA,NA,NA,NA,NA,NA,NA,N,4,0,1,2,A,-,09,21804,NA,N,D,C,A,A,H,-,A,D,0,NA,NA,NA,NA,Y,NA,A,01,0,0,1,0,0,0,0,0,0,-,-,34.09223,-117.2921,SAN BERNARDINO,SAN BERNARDINO,-117.29322111,34.09215
7170727,2015,2016-02-01,3607,2015-10-15,1530,80454,50,4,5,6,3607,0,0,0,NA,0,031,4TH ST,EL DORADO AV,20,E,N,A,-,N,NA,NA,NA,NA,NA,NA,NA,NA,NA,N,4,0,1,3,A,-,03,22350,NA,M,C,C,A,A,H,-,A,A,0,NA,NA,NA,NA,Y,NA,-,NA,0,0,1,0,0,0,0,0,0,-,-,NA,NA,SAN BERNARDINO,ONTARIO,-117.62502413,34.07765
8021215,2016,2016-08-26,3610,2016-03-12,1250,50963,NA,6,5,6,3610,0,0,0,NA,0,NA,EAST DATE PL,NORTH DEL ROSA AV,0,NA,Y,A,-,N,NA,NA,NA,NA,NA,NA,NA,NA,NA,Y,4,0,3,2,A,-,12,21453,A,N,D,C,A,-,H,-,A,A,0,NA,NA,NA,NA,Y,NA,A,01,0,0,3,0,0,0,0,0,0,-,-,34.14129,-117.25237,SAN BERNARDINO,SAN BERNARDINO,-117.25243008,34.14365004
8021232,2016,2016-04-19,3610,2016-03-25,2044,50911,NA,5,5,6,3610,0,0,0,NA,0,BAKER,WEST HIGHLAND AV,NORTH SIERRA WY,0,NA,Y,A,-,N,NA,NA,NA,NA,NA,NA,NA,NA,NA,Y,3,0,1,2,A,-,09,21801,A,N,A,C,A,A,H,-,C,A,0,NA,NA,NA,NA,Y,NA,A,01,0,1,0,0,0,0,0,0,0,-,-,34.13594,-117.28515,SAN BERNARDINO,SAN BERNARDINO,-117.28514005,34.13596003
8021437,2016,2016-04-19,3611,2016-02-16,1230,626,NA,2,5,5,3611,0,0,0,NA,0,002,9TH ST,INDUSTRY WY,227,W,N,A,-,N,NA,NA,NA,NA,NA,NA,NA,NA,NA,N,4,0,1,2,A,-,09,21802,A,N,D,C,A,A,H,-,A,A,0,NA,NA,NA,NA,Y,NA,A,01,0,0,1,0,0,0,0,0,0,-,-,NA,NA,SAN BERNARDINO,UPLAND,-117.66566782,34.09603567
8021497,2016,2016-05-03,3605,2016-03-24,1329,318,NA,4,5,4,3605,0,0,0,NA,0,NA,MONTE VISTA AV,MORENO ST,274,N,N,A,-,N,NA,NA,NA,NA,NA,NA,NA,NA,NA,Y,3,0,6,3,A,-,01,23152,A,N,C,C,A,A,H,-,A,D,0,NA,NA,NA,NA,Y,NA,A,01,0,1,5,0,0,0,0,0,0,-,-,NA,NA,SAN BERNARDINO,MONTCLAIR,-117.69823803,34.08943098
8022038,2016,2016-08-26,3600,2016-03-17,1137,D4321,AP002,4,5,5,3621,0,0,0,NA,0,AP1,APPLE VALLEY RD,RT 18,281,N,N,A,-,N,NA,NA,NA,NA,NA,NA,NA,NA,NA,Y,4,0,1,2,A,-,09,21801,A,N,D,C,A,A,H,-,A,A,0,NA,NA,NA,NA,Y,NA,A,01,0,0,1,0,0,0,0,0,0,-,-,NA,NA,SAN BERNARDINO,APPLE VALLEY,-117.27282554,34.5411061
8024374,2016,2016-05-04,3608,2016-04-17,1046,4554,NA,7,5,5,3608,0,0,0,NA,0,NA,LUGONIA AV,DEARBORN AV,8,W,N,A,-,N,NA,NA,NA,NA,NA,NA,NA,NA,NA,N,3,0,1,2,A,-,12,21453,A,N,-,G,A,A,H,-,A,A,0,NA,Y,NA,NA,Y,NA,D,22,0,1,0,0,0,0,1,0,0,-,-,NA,NA,SAN BERNARDINO,REDLANDS,-117.14766633,34.07007
8024685,2016,2016-05-17,3610,2016-04-15,0558,50249,NA,5,5,6,3610,0,0,0,NA,0,POLICE,W KENDALL DR,UTILITY POLE #4004414E,79,E,N,A,-,N,NA,NA,NA,NA,NA,NA,NA,NA,NA,N,3,0,1,2,A,-,11,21955,NA,N,G,B,D,A,H,-,C,D,0,Y,NA,NA,NA,Y,NA,N,60,0,1,0,0,1,0,0,0,0,-,-,34.1649,-117.30718,SAN BERNARDINO,SAN BERNARDINO,NA,NA
8025303,2016,2016-08-26,3605,2016-03-24,1728,378,3605,4,5,4,3605,0,0,0,NA,0,NA,ARROW HWY,MONTE VISTA AV,115,E,N,A,-,N,NA,NA,NA,NA,NA,NA,NA,NA,NA,Y,4,0,1,2,A,-,08,22100,A,N,B,C,A,A,H,-,A,A,0,NA,NA,NA,NA,Y,NA,A,01,0,0,1,0,0,0,0,0,0,-,-,NA,NA,SAN BERNARDINO,MONTCLAIR,-117.69789125,34.09240743
8025395,2016,2016-04-19,3609,2016-03-10,1143,6367,215,4,5,5,3609,0,0,0,NA,0,004,RIVERSIDE AV,BRYANT ST,134,S,N,A,-,N,NA,NA,NA,NA,NA,NA,NA,NA,NA,Y,4,0,1,2,A,-,09,21804,A,N,D,C,A,A,H,-,A,D,0,NA,NA,NA,NA,Y,NA,A,01,0,0,1,0,0,0,0,0,0,-,-,NA,NA,SAN BERNARDINO,RIALTO,-117.37024,34.05325287
8025403,2016,2016-04-21,3604,2016-03-24,1758,1043,NA,4,5,6,3604,0,0,0,NA,0,NA,BASELINE AV,BEECH AV,250,E,N,A,-,N,NA,NA,NA,NA,NA,NA,NA,NA,NA,N,4,0,1,2,A,-,03,22350,NA,N,C,C,A,A,H,-,A,D,0,NA,NA,NA,NA,Y,NA,A,01,0,0,1,0,0,0,0,0,0,-,-,NA,NA,SAN BERNARDINO,FONTANA,-117.47027633,34.12148
8026649,2016,2016-04-27,3607,2016-03-18,0350,80457,255,5,5,6,3607,0,0,0,NA,0,062,CAMPUS AVE,WALNUT ST,0,NA,Y,A,-,N,NA,NA,NA,NA,NA,NA,NA,NA,NA,Y,3,0,2,2,A,-,12,21453,A,N,-,C,A,A,H,-,C,-,0,NA,NA,NA,NA,Y,NA,-,NA,0,1,1,0,0,0,0,0,0,-,-,NA,NA,SAN BERNARDINO,ONTARIO,-117.64145008,34.02659005
8026661,2016,2016-04-27,3607,2016-03-16,1506,14903,194,3,5,6,3607,0,0,0,NA,0,052,PALMETTO AV,MAPLE CT,0,NA,Y,A,-,N,NA,NA,NA,NA,NA,NA,NA,NA,NA,N,3,0,1,2,A,-,05,21650,NA,F,D,B,-,A,H,-,A,A,0,Y,NA,NA,NA,Y,NA,N,60,0,1,0,0,1,0,0,0,0,-,-,NA,NA,SAN BERNARDINO,ONTARIO,-117.66773009,34.04327008
7172139,2016,2017-02-11,3600,2016-01-21,1044,T1686,AP013,4,5,5,3621,0,0,0,NA,0,NA,CENTRAL RD,RT 18,0,NA,Y,-,-,Y,SBD,8,18,-,-,87.871,I,6,N,Y,4,0,2,2,A,-,09,21801,A,N,-,-,A,-,-,-,-,-,0,NA,NA,NA,NA,Y,NA,A,01,0,0,2,0,0,0,0,0,0,-,-,NA,NA,SAN BERNARDINO,APPLE VALLEY,-117.17272737,34.50065426
8026901,2016,2016-05-03,3600,2016-03-07,0002,G5400,AP018,1,5,5,3621,0,0,0,NA,0,AP4,KIOWA RD,POWHATAN RD,0,NA,N,A,-,N,NA,NA,NA,NA,NA,NA,NA,NA,NA,Y,3,0,1,1,A,-,17,21658,B,N,A,I,A,A,H,-,D,D,0,NA,NA,NA,NA,Y,NA,D,72,0,1,0,0,0,0,0,0,0,-,-,NA,NA,SAN BERNARDINO,APPLE VALLEY,-117.20664001,34.4960801
7175330,2015,2016-02-04,3610,2015-12-08,0726,50829,NA,2,5,6,3610,0,0,0,NA,0,NA,N DEL ROSA AV,E DATE ST,0,NA,Y,A,-,N,NA,NA,NA,NA,NA,NA,NA,NA,NA,Y,4,0,2,3,A,-,09,21801,A,N,A,C,A,A,H,-,A,A,0,NA,NA,NA,NA,Y,NA,A,01,0,0,2,0,0,0,0,0,0,-,-,NA,NA,SAN BERNARDINO,SAN BERNARDINO,-117.25243008,34.14365004
7179745,2016,2016-02-17,3600,2016-01-22,0259,F5114,HE111,5,5,5,3619,0,0,0,NA,0,HE1,MARIPOSA RD,EUCALYPTUS AV,0,NA,N,A,-,N,NA,NA,NA,NA,NA,NA,NA,NA,NA,Y,4,0,1,1,A,-,08,22107,NA,N,A,I,A,A,H,-,D,A,0,NA,NA,NA,NA,Y,NA,A,01,0,0,1,0,0,0,0,0,0,-,-,NA,NA,SAN BERNARDINO,HESPERIA,-117.35417,34.45590007
8031641,2016,2017-02-24,3600,2016-04-17,0907,D6174,RC204,7,5,6,3616,0,0,0,NA,0,RC6,FOOTHILL BL,RT 15,0,NA,Y,A,-,Y,SBD,8,15,-,-,5.517,R,4,S,Y,4,0,1,2,A,-,12,21453,A,N,D,C,A,A,H,-,A,A,0,NA,NA,NA,NA,Y,NA,-,-,0,0,1,0,0,0,0,0,0,-,SF,NA,NA,SAN BERNARDINO,RANCHO CUCAMONGA,-117.52967176,34.10861377
8031649,2016,2017-02-24,3608,2016-04-07,1241,3675,NA,4,5,5,3608,0,0,0,NA,0,NA,ALABAMA ST,RT 10,0,NA,Y,A,-,Y,SBD,8,10,-,-,29.172,R,4,W,Y,3,0,2,3,A,-,12,21453,A,N,D,C,A,A,H,-,A,A,0,NA,NA,NA,NA,Y,NA,A,01,0,2,0,0,0,0,0,0,0,-,-,NA,NA,SAN BERNARDINO,REDLANDS,-117.21140932,34.06675274
8032935,2016,2016-05-04,3600,2016-04-11,1540,D2561,VC057,1,5,5,3612,0,0,0,NA,0,VC5,EL EVADO RD,PALMDALE RD,0,NA,Y,B,C,N,NA,NA,NA,NA,NA,NA,NA,NA,NA,N,4,0,1,2,A,-,09,21804,A,N,D,C,A,B,H,-,A,A,0,NA,NA,NA,NA,Y,NA,-,NA,0,0,1,0,0,0,0,0,0,-,-,NA,NA,SAN BERNARDINO,VICTORVILLE,-117.34675012,34.50672008
7190400,2016,2018-09-27,3601,2016-07-15,1321,C49,3601,5,5,3,3601,0,0,0,NA,0,PATROL,E MAIN ST,MURIEL DR,0,NA,Y,A,-,N,NA,NA,NA,NA,NA,NA,NA,NA,NA,N,1,1,0,2,A,-,10,21950,A,N,G,B,B,A,H,-,A,A,0,Y,NA,NA,NA,Y,NA,D,22,0,0,0,1,0,0,0,0,0,-,-,NA,NA,SAN BERNARDINO,BARSTOW,-117.01388002,34.89866012
8035349,2016,2016-06-06,3609,2016-04-23,1025,9017,164,6,5,5,3609,0,0,0,NA,0,004,EUCALYPTUS AV,MERRILL AV,0,NA,Y,A,-,N,NA,NA,NA,NA,NA,NA,NA,NA,NA,Y,3,0,1,3,D,-,00,NA,NA,N,D,C,A,A,H,-,A,A,0,NA,NA,NA,NA,Y,NA,-,-,0,1,0,0,0,0,0,0,0,-,-,34.0921,-117.3576,SAN BERNARDINO,RIALTO,-117.35724011,34.0923101
8035540,2016,2016-05-31,3607,2016-04-07,2202,15043,142,4,5,6,3607,0,0,0,NA,0,041,HAVEN AV,GUASTI RD,0,NA,Y,B,-,N,NA,NA,NA,NA,NA,NA,NA,NA,NA,Y,4,0,2,2,A,-,03,22350,NA,N,C,C,A,B,H,-,C,A,0,NA,NA,NA,Y,Y,NA,-,NA,0,0,2,0,0,0,0,0,0,-,-,NA,NA,SAN BERNARDINO,ONTARIO,-117.5759001,34.06494005
7190483,2016,2016-10-17,3600,2016-02-11,1928,D6902,YV023,4,5,3,3631,0,0,0,NA,0,TV01,YUCCA TRL,LA CONTENTA RD,900,W,N,A,-,N,NA,NA,NA,NA,NA,NA,NA,NA,NA,Y,1,1,1,1,A,-,08,22107,NA,N,F,A,A,A,H,-,D,D,0,NA,NA,NA,NA,Y,NA,A,01,1,0,0,0,0,0,0,0,0,-,-,NA,NA,SAN BERNARDINO,YUCCA VALLEY,-116.37296065,34.12053468
8036157,2016,2016-05-16,3600,2016-04-11,2039,A8038,CH024,1,5,5,3630,0,0,0,NA,0,001,PEYTON DR,GRAND AV,147,N,N,A,-,N,NA,NA,NA,NA,NA,NA,NA,NA,NA,Y,4,0,3,2,A,-,01,23152,F,N,C,C,A,A,H,-,C,A,0,NA,NA,NA,NA,Y,Y,A,07,0,0,3,0,0,0,0,0,0,-,-,NA,NA,SAN BERNARDINO,CHINO HILLS,-117.73315258,34.00277887
8037141,2016,2016-05-17,3610,2016-04-10,2500,50866,NA,7,5,6,3610,0,0,0,NA,0,POLICE,S TIPPECANOE AV,E DAVIDSON ST,0,NA,Y,A,-,N,NA,NA,NA,NA,NA,NA,NA,NA,NA,N,3,0,1,2,A,-,03,22350,NA,F,G,B,D,A,H,-,C,A,0,Y,NA,NA,NA,Y,Y,-,NA,0,1,0,0,1,0,0,0,0,-,-,34.06899,-117.2612,SAN BERNARDINO,SAN BERNARDINO,-117.26116011,34.07000001
8037806,2016,2016-05-11,3604,2016-04-19,1915,958,NA,2,5,6,3604,0,0,0,NA,0,NA,CHERRY AV,FRONTAGE RD,0,NA,Y,A,-,N,NA,NA,NA,NA,NA,NA,NA,NA,NA,N,3,0,2,2,A,-,09,21801,A,F,D,C,A,A,H,-,D,D,0,NA,NA,NA,NA,Y,NA,A,01,0,1,1,0,0,0,0,0,0,-,-,NA,NA,SAN BERNARDINO,FONTANA,-117.48840013,34.13877003
7190827,2016,2016-03-01,3604,2016-02-14,1352,1150,NA,7,5,6,3604,0,0,0,NA,0,NA,MILLER AV,TAMARIND AV,0,NA,Y,A,-,N,NA,NA,NA,NA,NA,NA,NA,NA,NA,Y,4,0,1,4,A,-,12,22450,NA,N,D,C,A,A,H,-,A,A,0,NA,NA,NA,NA,Y,Y,D,22,0,0,1,0,0,0,0,0,0,-,-,NA,NA,SAN BERNARDINO,FONTANA,-117.42277013,34.11396009
8038804,2016,2016-05-18,3610,2016-04-06,1334,50732,NA,3,5,6,3610,0,0,0,NA,0,NA,N GOLDEN AV,PUMALO ST,6,N,N,A,-,N,NA,NA,NA,NA,NA,NA,NA,NA,NA,N,4,0,1,2,A,-,05,21202,A,N,A,G,A,A,H,-,A,A,0,NA,Y,NA,NA,Y,NA,L,04,0,0,1,0,0,0,1,0,0,-,-,NA,NA,SAN BERNARDINO,SAN BERNARDINO,-117.26112,34.13856644
7153314,2016,2016-01-15,3604,2016-01-01,1736,1043,NA,5,5,6,3604,0,0,0,NA,0,NA,ALDER AV,FAIRFAX ST,61,S,N,A,-,N,NA,NA,NA,NA,NA,NA,NA,NA,NA,N,4,0,2,2,A,-,01,23152,A,F,A,C,A,A,H,-,C,D,0,NA,NA,NA,NA,Y,Y,A,01,0,0,2,0,0,0,0,0,0,-,-,NA,NA,SAN BERNARDINO,FONTANA,-117.41839321,34.11292289
8039186,2016,2016-05-19,3600,2016-04-22,1515,S3887,VC050,5,5,5,3612,0,0,0,NA,0,006,AMARGOSA RD,TOPANGO RD,464,S,N,A,-,N,NA,NA,NA,NA,NA,NA,NA,NA,NA,N,2,0,1,3,A,-,11,21954,A,N,G,B,E,A,H,-,A,A,0,Y,NA,NA,NA,Y,NA,N,60,1,0,0,0,1,0,0,0,0,-,-,NA,NA,SAN BERNARDINO,VICTORVILLE,-117.33022753,34.53814892
8039303,2016,2016-05-26,3607,2016-04-15,1747,80131,310,5,5,6,3607,0,0,0,NA,0,MILL,4TH ST,ONTARIO MILLS DR,0,NA,Y,A,-,N,NA,NA,NA,NA,NA,NA,NA,NA,NA,N,4,0,1,2,A,-,21,22106,NA,N,C,C,A,A,H,-,B,A,0,NA,NA,NA,NA,Y,NA,-,NA,0,0,1,0,0,0,0,0,0,-,-,NA,NA,SAN BERNARDINO,ONTARIO,-117.54636013,34.07714001