CASE_ID,ACCIDENT_YEAR,PROC_DATE,JURIS,COLLISION_DATE,COLLISION_TIME,OFFICER_ID,REPORTING_DISTRICT,DAY_OF_WEEK,CHP_SHIFT,POPULATION,CNTY_CITY_LOC,SPECIAL_COND,BEAT_TYPE,CHP_BEAT_TYPE,CITY_DIVISION_LAPD,CHP_BEAT_CLASS,BEAT_NUMBER,PRIMARY_RD,SECONDARY_RD,DISTANCE,DIRECTION,INTERSECTION,WEATHER_1,WEATHER_2,STATE_HWY_IND,CALTRANS_COUNTY,CALTRANS_DISTRICT,STATE_ROUTE,ROUTE_SUFFIX,POSTMILE_PREFIX,POSTMILE,LOCATION_TYPE,RAMP_INTERSECTION,SIDE_OF_HWY,TOW_AWAY,COLLISION_SEVERITY,NUMBER_KILLED,NUMBER_INJURED,PARTY_COUNT,PRIMARY_COLL_FACTOR,PCF_CODE_OF_VIOL,PCF_VIOL_CATEGORY,PCF_VIOLATION,PCF_VIOL_SUBSECTION,HIT_AND_RUN,TYPE_OF_COLLISION,MVIW,PED_ACTION,ROAD_SURFACE,ROAD_COND_1,ROAD_COND_2,LIGHTING,CONTROL_DEVICE,CHP_ROAD_TYPE,PEDESTRIAN_ACCIDENT,BICYCLE_ACCIDENT,MOTORCYCLE_ACCIDENT,TRUCK_ACCIDENT,NOT_PRIVATE_PROPERTY,ALCOHOL_INVOLVED,STWD_VEHTYPE_AT_FAULT,CHP_VEHTYPE_AT_FAULT,COUNT_SEVERE_INJ,COUNT_VISIBLE_INJ,COUNT_COMPLAINT_PAIN,COUNT_PED_KILLED,COUNT_PED_INJURED,COUNT_BICYCLIST_KILLED,COUNT_BICYCLIST_INJURED,COUNT_MC_KILLED,COUNT_MC_INJURED,PRIMARY_RAMP,SECONDARY_RAMP,LATITUDE,LONGITUDE,COUNTY,CITY,POINT_X,POINT_Y
8070400,2016,2016-07-08,3603,2016-06-09,0822,CL4147,COLTO,4,5,4,3603,0,0,0,NA,0,004,MT VERNON AV,SANTO ANTONIO DR,0,NA,Y,A,-,N,NA,NA,NA,NA,NA,NA,NA,NA,NA,N,4,0,1,2,A,-,12,21453,A,N,D,C,A,A,H,-,A,A,0,NA,NA,NA,NA,Y,NA,D,22,0,0,1,0,0,0,0,0,0,-,-,NA,NA,SAN BERNARDINO,COLTON,-117.30925004,34.05214007
8075528,2016,2016-07-11,3600,2016-06-07,1106,E4008,YC401,2,5,4,3640,0,0,0,NA,0,YC3,YUCAIPA BL,18TH ST,693,W,N,A,-,N,NA,NA,NA,NA,NA,NA,NA,NA,NA,Y,4,0,2,2,A,-,09,21804,A,N,F,C,A,A,H,-,A,A,0,NA,NA,NA,NA,Y,NA,A,08,0,0,2,0,0,0,0,0,0,-,-,NA,NA,SAN BERNARDINO,YUCAIPA,-117.11396995,34.02938452
8125282,2016,2016-09-26,3610,2016-08-08,1555,50936,NA,1,5,6,3610,0,0,0,NA,0,POLICE,N WALL AV,HIGHLAND AV,3,S,N,A,-,N,NA,NA,NA,NA,NA,NA,NA,NA,NA,N,3,0,1,2,A,-,05,21650,NA,N,D,G,A,A,H,-,A,A,0,NA,Y,NA,NA,Y,NA,L,04,0,1,0,0,0,0,1,0,0,-,-,34.13592,-117.28135,SAN BERNARDINO,SAN BERNARDINO,-117.28133009,34.13593178
8125329,2016,2016-09-26,3610,2016-08-16,1041,50675,NA,2,5,6,3610,0,0,0,NA,0,POLICE,W 5TH ST,N D ST,0,NA,Y,A,-,N,NA,NA,NA,NA,NA,NA,NA,NA,NA,Y,4,0,2,2,A,-,09,21801,A,N,D,C,A,A,H,-,A,A,0,NA,NA,NA,NA,Y,NA,A,01,0,0,2,0,0,0,0,0,0,-,-,NA,NA,SAN BERNARDINO,SAN BERNARDINO,-117.29189005,34.10831009
8077133,2016,2016-07-15,3603,2016-04-07,1742,CL4709,COLTO,4,5,4,3603,0,0,0,NA,0,003,MT VERNON AV,MISSION ST,438,S,N,B,-,N,NA,NA,NA,NA,NA,NA,NA,NA,NA,Y,4,0,2,3,A,-,05,21650,NA,N,A,C,A,B,H,-,A,D,0,NA,NA,NA,NA,Y,NA,A,07,0,0,2,0,0,0,0,0,0,-,-,NA,NA,SAN BERNARDINO,COLTON,-117.30999269,34.06308172
8077150,2016,2016-07-12,3603,2016-03-23,1434,CL4709,COLTO,3,5,4,3603,0,0,0,NA,0,002,VALLEY BL,7TH ST,0,NA,Y,A,-,N,NA,NA,NA,NA,NA,NA,NA,NA,NA,NA,4,0,2,2,A,-,09,21802,A,N,B,C,A,A,H,-,A,A,0,NA,NA,NA,NA,Y,NA,A,07,0,0,2,0,0,0,0,0,0,-,-,NA,NA,SAN BERNARDINO,COLTON,-117.32590004,34.06710009
8077198,2016,2016-07-12,3600,2016-04-15,1907,F7812,AD106,5,5,3,3613,0,0,0,NA,0,AD1,AIR EXPRESS WY,JONATHON ST,0,NA,Y,B,-,N,NA,NA,NA,NA,NA,NA,NA,NA,NA,N,4,0,2,2,A,-,03,22350,NA,N,C,C,A,A,H,-,B,A,0,NA,NA,NA,NA,Y,NA,-,NA,0,0,2,0,0,0,0,0,0,-,-,NA,NA,SAN BERNARDINO,ADELANTO,-117.40905,34.57199
8080916,2016,2016-08-03,3609,2016-06-25,2100,9222,089,6,5,5,3609,0,0,0,NA,0,001,BASELINE RD,EDISON POST #1126148E,135,W,N,A,-,N,NA,NA,NA,NA,NA,NA,NA,NA,NA,N,4,0,1,2,A,-,09,21804,A,N,D,C,A,A,H,-,C,D,0,NA,NA,NA,NA,Y,NA,E,22,0,0,1,0,0,0,0,0,0,-,-,34.12133,-117.42447,SAN BERNARDINO,RIALTO,NA,NA
8080920,2016,2016-08-03,3609,2016-06-28,2152,5491,191,2,5,5,3609,0,0,0,NA,0,004,SLOVER AV,WILLOW AV,0,NA,Y,A,-,N,NA,NA,NA,NA,NA,NA,NA,NA,NA,Y,4,0,1,2,A,-,09,21802,A,N,D,C,A,A,H,-,C,D,0,NA,NA,NA,NA,Y,NA,A,01,0,0,1,0,0,0,0,0,0,-,-,34.03475,-117.22286,SAN BERNARDINO,RIALTO,-117.37462007,34.06322001
8103915,2016,2016-11-21,3608,2016-09-14,1746,3675,NA,3,5,5,3608,0,0,0,NA,0,NA,FORD ST,RESERVOIR RD,400,N,N,A,-,N,NA,NA,NA,NA,NA,NA,NA,NA,NA,Y,3,0,1,1,A,-,03,22350,NA,N,E,I,A,A,H,-,A,D,0,NA,NA,NA,NA,Y,NA,A,01,0,1,0,0,0,0,0,0,0,-,-,NA,NA,SAN BERNARDINO,REDLANDS,-117.15493747,34.0429127
8133418,2016,2016-10-03,3607,2016-09-12,1443,80483,42,1,5,6,3607,0,0,0,NA,0,011,MOUNTAIN AV,W BERKELEY CT,0,NA,Y,A,-,N,NA,NA,NA,NA,NA,NA,NA,NA,NA,Y,4,0,2,2,A,-,09,21801,A,N,D,C,A,A,H,-,A,A,0,NA,NA,NA,NA,Y,NA,A,01,0,0,2,0,0,0,0,0,0,-,-,NA,NA,SAN BERNARDINO,ONTARIO,-117.67010012,34.07512001
8082330,2016,2017-02-16,3610,2016-06-11,1701,50732,NA,6,5,6,3610,0,0,0,NA,0,NA,N MT VERNON AV,RT 215,0,NA,Y,A,-,Y,SBD,8,215,-,-,9.812,R,4,N,N,4,0,1,2,A,-,08,22107,NA,M,D,C,A,A,H,-,A,A,0,NA,NA,NA,NA,Y,NA,A,07,0,0,1,0,0,0,0,0,0,-,NO,NA,NA,SAN BERNARDINO,SAN BERNARDINO,-117.31732058,34.14149803
8084487,2016,2016-07-26,3611,2016-04-20,1300,2297,3611,3,5,5,3611,0,0,0,NA,0,001,FOOTHILL BL,MULBERRY AV,380,W,N,A,-,N,NA,NA,NA,NA,NA,NA,NA,NA,NA,Y,4,0,1,3,A,-,03,22350,NA,N,C,C,A,A,H,-,A,D,0,NA,NA,NA,NA,Y,NA,A,01,0,0,1,0,0,0,0,0,0,-,-,NA,NA,SAN BERNARDINO,UPLAND,-117.66544,34.10714
81401302,2021,2021-02-03,3607,2021-01-30,1758,80326,174,6,5,6,3607,0,0,0,NA,0,042,ETIWANDA AV,AIRPORT DR,0,NA,Y,B,-,N,NA,NA,NA,NA,NA,NA,NA,NA,NA,Y,4,0,1,2,A,-,12,21453,A,N,D,C,A,A,H,-,C,A,0,NA,NA,NA,NA,Y,NA,A,01,0,0,1,0,0,0,0,0,0,-,-,NA,NA,SAN BERNARDINO,ONTARIO,-117.52411651611328,34.062191009521484
8084631,2016,2016-07-22,3611,2016-04-01,1433,2804,NA,5,5,5,3611,0,0,0,NA,0,002,BENSON,FOOTHILL BL,555,S,N,A,-,N,NA,NA,NA,NA,NA,NA,NA,NA,NA,Y,4,0,1,2,A,-,09,21804,A,N,D,C,A,A,H,-,A,A,0,NA,NA,NA,NA,Y,NA,A,08,0,0,1,0,0,0,0,0,0,-,-,NA,NA,SAN BERNARDINO,UPLAND,-117.68086681,34.10536894
8086384,2016,2016-07-18,3610,2016-06-16,2045,50928,NA,4,5,6,3610,0,0,0,NA,0,POLICE,NORTH SIERRA WY,BASELINE ST,254,N,N,A,-,N,NA,NA,NA,NA,NA,NA,NA,NA,NA,N,3,0,1,2,A,-,11,21954,A,F,G,B,D,A,H,-,C,A,0,Y,NA,NA,NA,Y,Y,N,60,0,1,0,0,1,0,0,0,0,-,-,34.12135,-117.28512,SAN BERNARDINO,SAN BERNARDINO,-117.28515348,34.12203583
8140659,2016,2016-12-22,3611,2016-08-15,1932,2822,36911,1,5,5,3611,0,0,0,NA,0,004,FOOTHILL BL,CAMPUS AVE,0,NA,Y,A,-,N,NA,NA,NA,NA,NA,NA,NA,NA,NA,Y,3,0,4,2,A,-,12,21453,A,N,D,C,A,A,H,-,B,A,0,NA,NA,NA,NA,Y,NA,A,01,0,1,3,0,0,0,0,0,0,-,-,NA,NA,SAN BERNARDINO,UPLAND,-117.64152001,34.10704006
8086455,2016,2016-07-18,3610,2016-06-15,1447,50481,NA,3,5,6,3610,0,0,0,NA,0,POLICE,E 5TH ST,N STERLING AV,0,NA,Y,A,-,N,NA,NA,NA,NA,NA,NA,NA,NA,NA,Y,4,0,1,2,A,-,12,21453,A,N,D,C,A,A,H,-,-,A,0,NA,NA,NA,NA,Y,NA,A,01,0,0,1,0,0,0,0,0,0,-,-,34.10831,-117.24368,SAN BERNARDINO,SAN BERNARDINO,-117.24369009,34.10831003
8090220,2016,2016-08-29,3602,2016-08-01,1600,3678,NA,1,5,5,3602,0,0,0,NA,0,005,CENTRAL AV,EUCALYPTUS AV,0,NA,Y,A,-,N,NA,NA,NA,NA,NA,NA,NA,NA,NA,N,4,0,1,2,A,-,03,22350,NA,N,C,C,A,A,H,-,A,D,0,NA,NA,NA,NA,Y,NA,A,01,0,0,1,0,0,0,0,0,0,-,-,NA,NA,SAN BERNARDINO,CHINO,-117.68904008,33.99001004
8117714,2016,2016-09-09,3608,2016-08-30,1600,4477,NA,2,5,5,3608,0,0,0,NA,0,NA,SMILEY HEIGHTS DR,SUNNYSIDE AV,0,NA,Y,A,-,N,NA,NA,NA,NA,NA,NA,NA,NA,NA,N,4,0,1,2,A,-,09,21802,A,N,D,C,A,A,H,-,A,D,0,NA,NA,NA,NA,Y,NA,A,01,0,0,1,0,0,0,0,0,0,-,-,NA,NA,SAN BERNARDINO,REDLANDS,-117.1950301,34.03113002
81417345,2021,2021-03-01,3607,2021-02-18,1721,20388,248,4,5,6,3607,0,0,0,NA,0,062,GROVE AV,PHILADELPHIA ST,638,S,N,A,-,Y,NA,NA,NA,NA,NA,NA,NA,NA,NA,Y,4,0,1,3,A,-,03,22350,NA,N,C,C,A,A,H,-,C,A,0,NA,NA,NA,NA,Y,NA,A,07,0,0,1,0,0,0,0,0,0,-,-,NA,NA,SAN BERNARDINO,ONTARIO,-117.62847137451172,34.032230377197266
81419474,2021,2021-03-03,3607,2021-02-26,1423,20288,118,5,5,6,3607,0,0,0,NA,0,032,HOLT BL,GUASTI RD,0,NA,Y,A,-,N,NA,NA,NA,NA,NA,NA,NA,NA,NA,Y,3,0,1,2,D,-,00,NA,NA,N,D,C,A,A,H,-,A,A,0,NA,NA,NA,NA,Y,NA,-,-,0,1,0,0,0,0,0,0,0,-,-,NA,NA,SAN BERNARDINO,ONTARIO,-117.60459136962892,34.06454086303711
81424819,2021,2021-03-11,3607,2021-02-26,1644,20470,87,5,5,6,3607,0,0,0,NA,0,011,SAN ANTONIO AV,GRANADA CT,0,NA,Y,A,-,N,NA,NA,NA,NA,NA,NA,NA,NA,NA,Y,4,0,2,2,A,-,09,21802,A,N,D,C,A,A,H,-,A,D,0,NA,NA,NA,NA,Y,NA,D,22,0,0,2,0,0,0,0,0,0,-,-,NA,NA,SAN BERNARDINO,ONTARIO,-117.66065216064452,34.07331466674805
81430646,2021,2021-03-19,3607,2021-03-10,1900,80537,1,3,5,6,3607,0,0,0,NA,0,021,SIXTH ST,VIRGINIA AV (E),0,NA,Y,B,-,N,NA,NA,NA,NA,NA,NA,NA,NA,NA,N,3,0,1,2,A,-,10,21950,A,F,G,B,B,B,H,-,C,A,0,Y,NA,NA,NA,Y,NA,-,99,0,1,0,0,1,0,0,0,0,-,-,NA,NA,SAN BERNARDINO,ONTARIO,-117.63031768798828,34.08523941040039
81437546,2021,2021-03-29,3607,2021-03-20,1320,19964,124,6,5,6,3607,0,0,0,NA,0,012,HOLT BL,FERN AV,100,W,N,A,-,N,NA,NA,NA,NA,NA,NA,NA,NA,NA,Y,4,0,1,2,A,-,03,22350,NA,N,C,C,A,A,H,-,A,D,0,NA,NA,NA,NA,Y,NA,A,01,0,0,1,0,0,0,0,0,0,-,-,NA,NA,SAN BERNARDINO,ONTARIO,-117.65503692626952,34.063350677490234
8118901,2016,2016-10-18,3607,2016-08-24,1638,15014,215,3,5,6,3607,0,0,0,NA,0,042,JURUPA ST,COMMERCE PKWY,0,NA,Y,A,-,N,NA,NA,NA,NA,NA,NA,NA,NA,NA,Y,3,0,1,2,A,-,08,22100,A,N,D,C,A,A,H,-,A,A,0,NA,NA,NA,NA,Y,NA,-,NA,0,1,0,0,0,0,0,0,0,-,-,NA,NA,SAN BERNARDINO,ONTARIO,-117.56772009,34.04827012
8144380,2016,2016-12-03,3610,2016-11-10,0936,50360,NA,4,5,6,3610,0,0,0,NA,0,NA,N G ST,11TH ST,27,S,N,A,-,N,NA,NA,NA,NA,NA,NA,NA,NA,NA,Y,4,0,1,3,C,-,18,NA,NA,N,C,E,A,A,H,-,-,A,0,NA,NA,NA,NA,Y,NA,-,-,0,0,1,0,0,0,0,0,0,-,-,34.11908,-117.29827,SAN BERNARDINO,SAN BERNARDINO,-117.29866,34.11942603
8144384,2016,2016-12-03,3610,2016-11-17,0908,50582,NA,4,5,6,3610,0,0,0,NA,0,NA,NORTH SIERRA WY,40TH ST,0,NA,Y,A,-,N,NA,NA,NA,NA,NA,NA,NA,NA,NA,N,3,0,1,2,D,-,00,NA,NA,N,H,G,A,A,H,-,A,A,0,NA,Y,NA,NA,Y,NA,-,-,0,1,0,0,0,0,1,0,0,-,-,34.1654,-117.28442,SAN BERNARDINO,SAN BERNARDINO,-117.28503006,34.16490005
8122293,2016,2016-09-14,3611,2016-07-06,1145,3077,3611,3,5,5,3611,0,0,0,NA,0,002,FOOTHILL BL,BENSON AV,180,E,N,A,-,N,NA,NA,NA,NA,NA,NA,NA,NA,NA,Y,4,0,2,2,A,-,03,22350,NA,N,C,C,A,A,H,-,A,A,0,NA,NA,NA,NA,Y,NA,A,01,0,0,2,0,0,0,0,0,0,-,-,NA,NA,SAN BERNARDINO,UPLAND,-117.68025703,34.10689972
81455642,2021,2021-04-22,3607,2021-03-23,1041,80507,171,2,5,6,3607,0,0,0,NA,0,042,CARNEGIE AV,AIRPORT DR,26,S,N,A,-,N,NA,NA,NA,NA,NA,NA,NA,NA,NA,N,4,0,3,2,A,-,12,21453,A,N,D,C,A,A,H,-,A,A,0,NA,NA,NA,NA,Y,NA,A,01,0,0,3,0,0,0,0,0,0,-,-,NA,NA,SAN BERNARDINO,ONTARIO,-117.56912994384766,34.060237884521484
81455654,2021,2021-04-22,3607,2021-04-05,1817,80522,193,1,5,6,3607,0,0,0,NA,0,052,MOUNTAIN AV,FRANCIS ST,0,NA,Y,A,-,N,NA,NA,NA,NA,NA,NA,NA,NA,NA,N,4,0,1,2,A,-,12,21453,A,N,D,C,A,A,H,-,A,A,0,NA,NA,NA,NA,Y,NA,A,01,0,0,1,0,0,0,0,0,0,-,-,NA,NA,SAN BERNARDINO,ONTARIO,-117.669921875,34.04096221923828
81455674,2021,2021-04-22,3607,2021-04-14,0755,19968,165,3,5,6,3607,0,0,0,NA,0,061,MISSION BL,GROVE AV,220,W,N,B,-,N,NA,NA,NA,NA,NA,NA,NA,NA,NA,N,4,0,1,3,A,-,03,22350,NA,N,C,C,A,A,H,-,A,A,0,NA,NA,NA,NA,Y,NA,A,01,0,0,1,0,0,0,0,0,0,-,-,NA,NA,SAN BERNARDINO,ONTARIO,-117.62943267822266,34.05500411987305
81455685,2021,2021-04-22,3607,2021-04-18,1652,20122,56,7,5,6,3607,0,0,0,NA,0,011,MOUNTAIN AV,I ST,0,NA,Y,A,-,N,NA,NA,NA,NA,NA,NA,NA,NA,NA,Y,4,0,1,2,A,-,12,21453,A,N,B,C,A,A,H,-,A,A,0,NA,NA,NA,NA,Y,NA,D,22,0,0,1,0,0,0,0,0,0,-,-,NA,NA,SAN BERNARDINO,ONTARIO,-117.67008972167967,34.07419967651367
81468441,2021,2021-05-10,3607,2021-04-10,2326,20393,232,6,5,6,3607,0,0,0,NA,0,062,SULTANA AV,BOXWOOD CT,100,S,N,A,-,N,NA,NA,NA,NA,NA,NA,NA,NA,NA,N,4,0,1,2,A,-,06,21750,A,N,D,C,A,A,H,-,C,D,0,NA,NA,NA,NA,Y,NA,A,01,0,0,1,0,0,0,0,0,0,-,-,NA,NA,SAN BERNARDINO,ONTARIO,-117.64588165283205,34.03555679321289
8125573,2016,2016-10-03,3607,2016-09-15,1231,80313,41,4,5,6,3607,0,0,0,NA,0,011,MOUNTAIN AV,4TH ST,0,NA,Y,A,-,N,NA,NA,NA,NA,NA,NA,NA,NA,NA,Y,3,0,3,2,A,-,09,21801,A,N,D,C,A,A,H,-,A,A,0,NA,NA,NA,NA,Y,NA,-,NA,0,1,2,0,0,0,0,0,0,-,-,NA,NA,SAN BERNARDINO,ONTARIO,-117.67011012,34.07787005
8129418,2016,2016-09-23,3600,2016-06-03,2011,D3384,YC403,5,5,4,3640,0,0,0,NA,0,NA,CALIMESA BL,OAK GLEN RD,0,NA,Y,A,-,N,NA,NA,NA,NA,NA,NA,NA,NA,NA,Y,3,0,1,2,A,-,01,23152,A,N,D,C,A,A,H,-,C,A,0,NA,NA,NA,NA,Y,Y,-,NA,0,1,0,0,0,0,0,0,0,-,-,NA,NA,SAN BERNARDINO,YUCAIPA,-117.09393005,34.01800004
8148025,2016,2016-10-19,3610,2016-09-12,1730,50872,NA,1,5,6,3610,0,0,0,NA,0,POLICE,WEST HIGHLAND AV,N MUSCUPIABE DR,0,NA,Y,A,-,N,NA,NA,NA,NA,NA,NA,NA,NA,NA,Y,3,0,4,3,A,-,09,21801,B,N,A,C,A,A,H,-,A,A,0,NA,NA,NA,NA,Y,NA,-,NA,0,1,3,0,0,0,0,0,0,-,-,34.13606,-117.30788,SAN BERNARDINO,SAN BERNARDINO,-117.30769006,34.1360301
8129538,2016,2016-09-27,3600,2016-08-19,0715,B5098,YC204,5,5,4,3640,0,0,0,NA,0,YC1,OAK GLEN RD,2ND ST,0,NA,Y,A,-,N,NA,NA,NA,NA,NA,NA,NA,NA,NA,N,4,0,1,2,A,-,03,22350,NA,N,D,G,A,A,H,-,A,A,0,NA,Y,NA,NA,Y,NA,L,04,0,0,1,0,0,0,1,0,0,-,-,NA,NA,SAN BERNARDINO,YUCAIPA,-117.04317013,34.04842011
81480627,2021,2021-05-25,3607,2021-05-05,2224,20469,290,3,5,6,3607,0,0,0,NA,0,071,RIVERSIDE DR,ARCHIBALD AV,606,W,N,A,-,N,NA,NA,NA,NA,NA,NA,NA,NA,NA,Y,3,0,2,2,A,-,08,22107,NA,N,A,C,A,A,H,-,C,D,0,NA,NA,NA,NA,Y,NA,-,31,0,1,1,0,0,0,0,0,0,-,-,NA,NA,SAN BERNARDINO,ONTARIO,-117.59518432617188,34.01914978027344
8106272,2016,2016-08-29,3600,2016-07-03,1850,C8956,NE009,7,5,2,3606,0,0,0,NA,0,NA,BAILEY AV,LILLYHILL DR,345,N,N,A,-,N,NA,NA,NA,NA,NA,NA,NA,NA,NA,Y,3,0,1,1,A,-,08,22107,NA,N,H,A,A,A,H,-,A,D,0,NA,NA,NA,NA,Y,NA,-,NA,0,1,0,0,0,0,0,0,0,-,-,NA,NA,SAN BERNARDINO,NEEDLES,-114.61833,34.82998142
81481592,2021,2021-05-26,3607,2021-05-11,1920,80549,157,2,5,6,3607,0,0,0,NA,0,051,VINE AV,NEVADA ST,0,NA,Y,A,-,N,NA,NA,NA,NA,NA,NA,NA,NA,NA,N,3,0,1,2,A,-,09,21802,A,N,D,C,A,A,H,-,A,A,0,NA,NA,Y,NA,Y,NA,A,01,0,1,0,0,0,0,0,0,1,-,-,NA,NA,SAN BERNARDINO,ONTARIO,-117.65586853027344,34.0567741394043
8148162,2016,2016-10-18,3604,2016-10-01,1651,1147,3604,6,5,6,3604,0,0,0,NA,0,NA,MERRILL,ALDER,0,NA,Y,A,-,N,NA,NA,NA,NA,NA,NA,NA,NA,NA,N,4,0,1,2,A,-,05,21650,NA,N,D,G,A,A,H,-,A,A,0,NA,Y,NA,NA,Y,NA,L,04,0,0,1,0,0,0,1,0,0,-,-,NA,NA,SAN BERNARDINO,FONTANA,-117.41832005,34.09219003
81482558,2021,2021-05-27,3611,2021-03-27,0142,3194,3611,6,5,5,3611,0,0,0,NA,0,001,16TH ST,MOUNTAIN AVE,0,NA,Y,A,-,N,NA,NA,NA,NA,NA,NA,NA,NA,NA,Y,3,0,3,2,D,-,00,NA,NA,N,D,C,A,A,H,-,C,A,0,NA,NA,NA,NA,Y,NA,-,-,0,1,2,0,0,0,0,0,0,-,-,NA,NA,SAN BERNARDINO,UPLAND,-117.67024230957033,34.12152099609375
81485483,2021,2021-05-31,3607,2021-05-15,1120,19945,288,6,5,6,3607,0,0,0,NA,0,022,HOLT BL,SULTANA AV,0,NA,Y,A,-,N,NA,NA,NA,NA,NA,NA,NA,NA,NA,N,4,0,1,2,A,-,09,21800,D,N,D,C,A,A,H,-,A,B,0,NA,NA,NA,NA,Y,NA,A,01,0,0,1,0,0,0,0,0,0,-,-,NA,NA,SAN BERNARDINO,ONTARIO,-117.64603424072266,34.06338119506836
8149756,2016,2016-10-24,3600,2016-09-23,1323,E2055,HE413,5,5,5,3619,0,0,0,NA,0,HE4,DANBURY AV,OXFORD AV,93,W,N,A,-,N,NA,NA,NA,NA,NA,NA,NA,NA,NA,N,4,0,1,2,A,-,05,21650,NA,N,B,C,A,A,H,-,A,A,0,NA,NA,NA,NA,Y,NA,A,01,0,0,1,0,0,0,0,0,0,-,-,NA,NA,SAN BERNARDINO,HESPERIA,-117.28277614,34.39881386
8107446,2016,2016-08-22,3607,2016-08-08,0740,80121,283,1,5,6,3607,0,0,0,NA,0,072,MILL CREEK RD,RIVERSIDE DR,100,N,N,B,-,N,NA,NA,NA,NA,NA,NA,NA,NA,NA,N,3,0,1,2,A,-,06,21755,NA,N,B,C,A,A,H,-,A,A,0,NA,NA,NA,NA,Y,NA,-,NA,0,1,0,0,0,0,0,0,0,-,-,NA,NA,SAN BERNARDINO,ONTARIO,-117.56714497,34.01925401
8115366,2016,2016-09-01,3609,2016-08-02,1307,6367,191,2,5,5,3609,0,0,0,NA,0,004,VALLEY BL,WILLOW AV,0,NA,Y,A,-,N,NA,NA,NA,NA,NA,NA,NA,NA,NA,Y,3,0,3,2,A,-,08,22107,NA,N,D,C,A,A,H,-,A,D,0,NA,NA,NA,NA,Y,NA,A,08,0,2,1,0,0,0,0,0,0,-,-,34.0414,-117.22287,SAN BERNARDINO,RIALTO,-117.37463005,34.07051006
8115800,2016,2016-09-07,3608,2016-08-08,1853,3675,NA,1,5,5,3608,0,0,0,NA,0,NA,WABASH AV,BROCKTON AV,0,NA,Y,A,-,N,NA,NA,NA,NA,NA,NA,NA,NA,NA,Y,3,0,2,2,A,-,12,22450,A,N,D,C,A,A,H,-,A,A,0,NA,NA,NA,NA,Y,NA,D,22,0,1,1,0,0,0,0,0,0,-,-,NA,NA,SAN BERNARDINO,REDLANDS,-117.13889011,34.06648002
8150323,2016,2016-10-26,3610,2016-09-05,1951,NA,NA,1,5,6,3610,0,0,0,NA,0,POLICE,E 9TH ST,BOBBETT DR,228,E,N,A,-,N,NA,NA,NA,NA,NA,NA,NA,NA,NA,N,2,0,1,2,A,-,05,21650,1,N,H,G,A,A,H,-,D,D,0,NA,Y,NA,NA,Y,NA,L,04,1,0,0,0,0,0,1,0,0,-,-,34.11576,-117.26655,SAN BERNARDINO,SAN BERNARDINO,-117.26737906,34.11575556
8150394,2016,2016-10-24,3610,2016-09-05,0702,50799,NA,1,5,6,3610,0,0,0,NA,0,POLICE,E DATE PL,N DEL ROSA AV,318,E,N,A,-,N,NA,NA,NA,NA,NA,NA,NA,NA,NA,Y,3,0,1,1,A,-,08,22107,NA,M,E,I,A,A,H,-,A,D,0,NA,NA,NA,NA,Y,NA,A,01,0,1,0,0,0,0,0,0,0,-,-,34.14365,-117.2524,SAN BERNARDINO,SAN BERNARDINO,-117.25157485,34.14321382
8117432,2016,2016-09-08,3609,2016-07-21,0642,8510,230,4,5,5,3609,0,0,0,NA,0,004,RIVERSIDE AV,AGUA MANSA RD,466,S,N,A,-,N,NA,NA,NA,NA,NA,NA,NA,NA,NA,Y,2,0,1,1,A,-,03,22350,NA,N,H,A,A,A,H,-,A,D,0,NA,NA,Y,NA,Y,Y,C,02,1,0,0,0,0,0,0,0,1,-,-,NA,NA,SAN BERNARDINO,RIALTO,-117.36679838,34.03705932
8151077,2016,2016-10-25,3607,2016-10-03,0820,80248,131,1,5,6,3607,0,0,0,NA,0,022,GROVE AV,HOLT BL,100,S,N,A,-,N,NA,NA,NA,NA,NA,NA,NA,NA,NA,N,4,0,1,2,A,-,21,22106,NA,N,C,C,A,A,H,-,A,A,0,NA,NA,NA,NA,Y,NA,-,NA,0,0,1,0,0,0,0,0,0,-,-,NA,NA,SAN BERNARDINO,ONTARIO,-117.6285,34.06342
8143759,2016,2016-11-14,3610,2016-10-22,2005,50790,NA,6,5,6,3610,0,0,0,NA,0,NA,N L ST,W 9TH ST,0,NA,Y,A,-,N,NA,NA,NA,NA,NA,NA,NA,NA,NA,Y,3,0,5,2,A,-,09,21801,B,N,D,C,A,A,H,-,C,A,0,NA,NA,NA,NA,Y,NA,A,01,0,2,3,0,0,0,0,0,0,-,-,34.11578,-117.30904,SAN BERNARDINO,SAN BERNARDINO,-117.30907,34.11578007
81511645,2021,2021-07-02,3607,2021-06-17,1440,20341,123,4,5,6,3607,0,0,0,NA,0,012,D ST,SAN ANTONIO AV,10,E,N,A,-,N,NA,NA,NA,NA,NA,NA,NA,NA,NA,N,3,0,1,2,A,-,03,22350,NA,F,G,B,B,A,H,-,E,A,0,Y,NA,NA,NA,Y,NA,D,22,0,1,0,0,1,0,0,0,0,-,-,NA,NA,SAN BERNARDINO,ONTARIO,-117.66057586669922,34.06697082519531
81514211,2021,2021-07-07,3607,2021-07-03,0318,20304,410,6,5,6,3607,0,0,0,NA,0,062,GROVE AV,RIVERSIDE DR,200,S,N,A,-,N,NA,NA,NA,NA,NA,NA,NA,NA,NA,Y,2,0,1,1,A,-,01,23152,A,N,E,J,A,A,H,-,D,D,0,NA,NA,NA,NA,Y,Y,A,01,1,0,0,0,0,0,0,0,0,-,-,NA,NA,SAN BERNARDINO,ONTARIO,-117.62834167480467,34.0189208984375
8119328,2016,2016-09-16,3611,2016-07-04,1310,1175,3611,1,5,5,3611,0,0,0,NA,0,001,FOOTHILL BL,SAN ANTONIO AV,650,W,N,A,-,N,NA,NA,NA,NA,NA,NA,NA,NA,NA,Y,4,0,1,2,A,-,09,21804,A,N,D,C,A,A,H,-,A,D,0,NA,NA,NA,NA,Y,NA,D,22,0,0,1,0,0,0,0,0,0,-,-,NA,NA,SAN BERNARDINO,UPLAND,-117.66293165,34.10697
8121630,2016,2016-09-21,3602,2016-08-08,0649,1256,NA,1,5,5,3602,0,0,0,NA,0,001,CENTRAL AV,PHILADELPHIA ST,331,S,N,A,-,N,NA,NA,NA,NA,NA,NA,NA,NA,NA,N,4,0,1,2,A,-,03,22350,NA,N,C,C,A,A,H,-,A,D,0,NA,NA,NA,NA,Y,NA,D,22,0,0,1,0,0,0,0,0,0,-,-,NA,NA,SAN BERNARDINO,CHINO,-117.68954679,34.03265301