CASE_ID,ACCIDENT_YEAR,PROC_DATE,JURIS,COLLISION_DATE,COLLISION_TIME,OFFICER_ID,REPORTING_DISTRICT,DAY_OF_WEEK,CHP_SHIFT,POPULATION,CNTY_CITY_LOC,SPECIAL_COND,BEAT_TYPE,CHP_BEAT_TYPE,CITY_DIVISION_LAPD,CHP_BEAT_CLASS,BEAT_NUMBER,PRIMARY_RD,SECONDARY_RD,DISTANCE,DIRECTION,INTERSECTION,WEATHER_1,WEATHER_2,STATE_HWY_IND,CALTRANS_COUNTY,CALTRANS_DISTRICT,STATE_ROUTE,ROUTE_SUFFIX,POSTMILE_PREFIX,POSTMILE,LOCATION_TYPE,RAMP_INTERSECTION,SIDE_OF_HWY,TOW_AWAY,COLLISION_SEVERITY,NUMBER_KILLED,NUMBER_INJURED,PARTY_COUNT,PRIMARY_COLL_FACTOR,PCF_CODE_OF_VIOL,PCF_VIOL_CATEGORY,PCF_VIOLATION,PCF_VIOL_SUBSECTION,HIT_AND_RUN,TYPE_OF_COLLISION,MVIW,PED_ACTION,ROAD_SURFACE,ROAD_COND_1,ROAD_COND_2,LIGHTING,CONTROL_DEVICE,CHP_ROAD_TYPE,PEDESTRIAN_ACCIDENT,BICYCLE_ACCIDENT,MOTORCYCLE_ACCIDENT,TRUCK_ACCIDENT,NOT_PRIVATE_PROPERTY,ALCOHOL_INVOLVED,STWD_VEHTYPE_AT_FAULT,CHP_VEHTYPE_AT_FAULT,COUNT_SEVERE_INJ,COUNT_VISIBLE_INJ,COUNT_COMPLAINT_PAIN,COUNT_PED_KILLED,COUNT_PED_INJURED,COUNT_BICYCLIST_KILLED,COUNT_BICYCLIST_INJURED,COUNT_MC_KILLED,COUNT_MC_INJURED,PRIMARY_RAMP,SECONDARY_RAMP,LATITUDE,LONGITUDE,COUNTY,CITY,POINT_X,POINT_Y
85071518,2025,2026-02-25,3607,2025-09-05,1800,21885,NA,5,5,6,3607,0,0,0,NA,0,022,BERLYN AV,G ST,0,NA,Y,A,-,N,NA,NA,NA,NA,NA,NA,NA,NA,NA,N,3,0,1,3,A,-,12,22450,A,N,D,C,A,A,H,-,A,D,0,NA,NA,NA,NA,Y,NA,A,01,0,1,0,0,0,0,0,0,0,-,-,NA,NA,SAN BERNARDINO,ONTARIO,-117.6389389038086,34.07067108154297
85071570,2025,2026-02-25,3607,2025-09-19,1840,20641,NA,5,5,6,3607,0,0,0,NA,0,NA,D ST,GROVE AV,500,E,N,A,-,N,NA,NA,NA,NA,NA,NA,NA,NA,NA,N,3,0,3,3,A,-,03,22350,NA,N,C,C,A,A,H,-,A,D,0,NA,NA,Y,NA,Y,NA,A,01,0,3,0,0,0,0,0,0,1,-,-,NA,NA,SAN BERNARDINO,ONTARIO,-117.62688446044922,34.067054748535156
85071610,2025,2026-02-25,3607,2025-10-04,342,22031,NA,6,5,6,3607,0,0,0,NA,0,041,TURNER AV,FOURTH ST,0,NA,Y,A,-,N,NA,NA,NA,NA,NA,NA,NA,NA,NA,Y,2,0,2,2,A,-,01,23153,A,N,C,C,A,A,H,-,C,A,0,NA,NA,NA,NA,Y,Y,A,01,1,1,0,0,0,0,0,0,0,-,-,NA,NA,SAN BERNARDINO,ONTARIO,-117.58460235595705,34.07744598388672
85071630,2025,2026-02-25,3607,2025-10-06,1945,20839,NA,1,5,6,3607,0,0,0,NA,0,051,EUCLID AV,MISSION BL,0,NA,Y,A,-,N,NA,NA,NA,NA,NA,NA,NA,NA,NA,Y,2,0,1,2,A,-,12,21453,A,F,D,G,A,A,H,-,C,A,0,NA,Y,NA,NA,Y,NA,L,04,1,0,0,0,0,0,1,0,0,-,-,NA,NA,SAN BERNARDINO,ONTARIO,-117.65113067626952,34.05488586425781
85071631,2025,2026-02-25,3607,2025-10-07,820,20392,NA,2,5,6,3607,0,0,0,NA,0,022,G ST,CUCAMONGA AV (W),0,NA,Y,A,-,N,NA,NA,NA,NA,NA,NA,NA,NA,NA,Y,3,0,2,2,A,-,09,21801,A,N,D,C,A,A,H,-,A,D,0,NA,NA,NA,NA,Y,NA,A,01,0,1,1,0,0,0,0,0,0,-,-,NA,NA,SAN BERNARDINO,ONTARIO,-117.63265228271484,34.0706787109375
85071704,2025,2026-02-25,3607,2025-10-11,1203,80334,NA,6,5,6,3607,0,0,0,NA,0,MILL,MILLIKEN AV,CONCOURS DR,100,S,N,A,-,N,NA,NA,NA,NA,NA,NA,NA,NA,NA,N,4,0,2,2,A,-,03,22350,NA,M,C,C,A,A,H,-,A,A,0,NA,NA,NA,NA,Y,NA,A,01,0,0,2,0,0,0,0,0,0,-,-,NA,NA,SAN BERNARDINO,ONTARIO,-117.55777740478516,34.07432556152344
85071774,2025,2026-02-25,3607,2025-10-18,2210,20628,NA,6,5,6,3607,0,0,0,NA,0,052,EUCLID AV,CEDAR ST,0,NA,Y,A,-,Y,NA,NA,NA,NA,NA,NA,NA,NA,NA,Y,2,0,1,2,A,-,09,21804,A,F,D,G,A,A,H,-,C,D,0,NA,Y,NA,NA,Y,Y,L,04,1,0,0,0,0,0,1,0,0,-,-,NA,NA,SAN BERNARDINO,ONTARIO,-117.65073394775392,34.03743362426758
85071858,2025,2026-02-25,3607,2025-11-07,637,20856,NA,5,5,6,3607,0,0,0,NA,0,031,VINEYARD AV,JAY ST,200,N,N,A,-,N,NA,NA,NA,NA,NA,NA,NA,NA,NA,Y,3,0,1,5,A,-,08,22107,NA,N,B,E,A,A,H,-,B,A,0,NA,NA,NA,NA,Y,NA,A,01,0,1,0,0,0,0,0,0,0,-,-,NA,NA,SAN BERNARDINO,ONTARIO,-117.61102294921876,34.07575988769531
85071879,2025,2026-02-25,3607,2025-11-13,1722,20628,NA,4,5,6,3607,0,0,0,NA,0,032,HOLT BL,IMPERIAL AV,100,W,N,C,-,N,NA,NA,NA,NA,NA,NA,NA,NA,NA,N,4,0,1,2,A,-,21,22106,NA,N,B,C,A,B,H,-,C,D,0,NA,NA,NA,NA,Y,NA,I,11,0,0,1,0,0,0,0,0,0,-,-,NA,NA,SAN BERNARDINO,ONTARIO,-117.62317657470705,34.06344985961914
85071914,2025,2026-02-25,3607,2025-11-22,1927,21843,NA,6,5,6,3607,0,0,0,NA,0,011,MOUNTAIN AV,FOURTH ST,0,NA,Y,A,-,N,NA,NA,NA,NA,NA,NA,NA,NA,NA,Y,2,0,1,2,A,-,03,22350,NA,N,A,C,A,A,H,-,C,A,0,NA,NA,NA,NA,Y,NA,A,01,1,0,0,0,0,0,0,0,0,-,-,NA,NA,SAN BERNARDINO,ONTARIO,-117.67010498046876,34.0778694152832
85071970,2025,2026-02-25,3607,2025-12-07,955,20847,NA,7,5,6,3607,0,0,0,NA,0,012,W HOLT BLVD,N VINE AVE,0,NA,Y,A,-,N,NA,NA,NA,NA,NA,NA,NA,NA,NA,N,3,0,1,2,A,-,05,21650,1,N,A,G,A,A,H,-,A,A,0,NA,Y,NA,NA,Y,NA,L,04,0,1,0,0,0,0,1,0,0,-,-,NA,NA,SAN BERNARDINO,ONTARIO,-117.65589141845705,34.0633544921875
8507415,2017,2017-12-13,3602,2017-11-05,1243,2798,NA,7,5,5,3602,0,0,0,NA,0,003,MONTE VISTA AV,EUCALYPTUS AV,0,NA,Y,A,-,N,NA,NA,NA,NA,NA,NA,NA,NA,NA,N,3,0,2,2,A,-,12,21453,A,N,D,C,A,A,H,-,A,A,0,NA,NA,NA,NA,Y,NA,A,01,0,1,1,0,0,0,0,0,0,-,-,NA,NA,SAN BERNARDINO,CHINO,-117.6977301,33.98996011
8508435,2017,2017-12-18,3604,2017-10-27,1537,1283,NA,5,5,6,3604,0,0,0,NA,0,NA,CITRUS AV,DIANTHUS AV,155,N,N,A,-,N,NA,NA,NA,NA,NA,NA,NA,NA,NA,N,4,0,1,2,A,-,03,22350,NA,N,C,C,A,A,H,-,A,D,0,NA,NA,NA,NA,Y,NA,A,07,0,0,1,0,0,0,0,0,0,-,-,NA,NA,SAN BERNARDINO,FONTANA,-117.45371767,34.08610962
8508569,2017,2017-12-19,3600,2017-10-19,1057,E6896,HI005,4,5,4,3618,0,0,0,NA,0,HI2,BASELINE ST,ROGERS LN,0,NA,-,A,-,N,NA,NA,NA,NA,NA,NA,NA,NA,NA,Y,4,0,1,2,A,-,12,22450,NA,N,D,C,A,A,H,-,A,A,0,NA,NA,NA,Y,Y,NA,A,01,0,0,1,0,0,0,0,0,0,-,-,NA,NA,SAN BERNARDINO,HIGHLAND,-117.24161007,34.12131007
8509508,2017,2017-12-14,3600,2017-11-20,1159,G8587,AP006,1,5,5,3621,0,0,0,NA,0,AP1,RANCHERIAS RD,FLATHEAD RD,0,NA,Y,A,-,N,NA,NA,NA,NA,NA,NA,NA,NA,NA,Y,4,0,1,2,A,-,09,21802,A,N,D,C,A,A,H,-,A,A,0,NA,NA,NA,NA,Y,NA,A,01,0,0,1,0,0,0,0,0,0,-,-,NA,NA,SAN BERNARDINO,APPLE VALLEY,-117.20868001,34.51285002
8509945,2017,2017-12-18,3610,2017-11-01,1345,51106,NA,3,5,6,3610,0,0,0,NA,0,POLICE,N D ST,W 10TH ST,0,NA,Y,A,-,N,NA,NA,NA,NA,NA,NA,NA,NA,NA,Y,4,0,1,2,A,-,09,21801,A,N,B,C,A,A,H,-,A,D,0,NA,NA,NA,NA,Y,NA,A,01,0,0,1,0,0,0,0,0,0,-,-,34.11765,-117.2919,SAN BERNARDINO,SAN BERNARDINO,-117.29190008,34.11765002
8510122,2017,2017-12-21,3608,2017-12-01,1347,4628,3608,5,5,5,3608,0,0,0,NA,0,401,SAN BERNARDINO AV,CALIFORNIA ST,370,W,N,A,-,N,NA,NA,NA,NA,NA,NA,NA,NA,NA,Y,4,0,2,2,A,-,09,21804,A,N,D,C,A,A,H,-,A,D,0,NA,NA,NA,NA,Y,NA,A,01,0,0,2,0,0,0,0,0,0,-,-,NA,NA,SAN BERNARDINO,REDLANDS,-117.22740702,34.0776
8510664,2017,2017-12-18,3610,2017-10-21,1225,50994,NA,6,5,6,3610,0,0,0,NA,0,POLICE,NORTH SIERRA WY,HIGHLAND AV,85,S,N,A,-,N,NA,NA,NA,NA,NA,NA,NA,NA,NA,Y,3,0,1,2,A,-,10,21952,NA,F,G,G,A,A,H,-,A,D,0,NA,Y,NA,NA,Y,NA,A,01,0,1,0,0,0,0,1,0,0,-,-,34.13594,-117.28515,SAN BERNARDINO,SAN BERNARDINO,-117.28514597,34.13572719
8510976,2017,2017-12-26,3610,2017-11-15,0550,50965,NA,3,5,6,3610,0,0,0,NA,0,CHARLI,E EUREKA ST,N DEL ROSA,0,NA,Y,A,-,N,NA,NA,NA,NA,NA,NA,NA,NA,NA,N,4,0,1,2,A,-,11,21106,B,N,G,B,B,A,H,-,B,D,0,Y,NA,NA,NA,Y,NA,A,01,0,0,1,0,1,0,0,0,0,-,-,34.1522,-117.25244000000001,SAN BERNARDINO,SAN BERNARDINO,-117.25245008,34.15216007
8510996,2017,2017-12-26,3610,2017-11-18,0335,51018,NA,6,5,6,3610,0,0,0,NA,0,BAKER,N MOUNTAIN VIEW AV,W 30TH ST,87,N,N,A,-,N,NA,NA,NA,NA,NA,NA,NA,NA,NA,Y,3,0,1,3,A,-,01,23152,A,N,B,E,A,A,H,-,C,D,0,NA,NA,NA,NA,Y,Y,A,01,0,1,0,0,0,0,0,0,0,-,-,34.14665,-117.2876,SAN BERNARDINO,SAN BERNARDINO,-117.28739276,34.14622833
8511516,2017,2017-12-28,3611,2017-09-28,1746,3062,3611,4,5,5,3611,0,0,0,NA,0,003,EUCLID AV,21ST ST,0,NA,Y,A,-,N,NA,NA,NA,NA,NA,NA,NA,NA,NA,Y,4,0,1,2,A,-,08,22107,NA,N,D,C,A,A,H,-,A,D,0,NA,NA,NA,NA,Y,NA,D,22,0,0,1,0,0,0,0,0,0,-,-,NA,NA,SAN BERNARDINO,UPLAND,-117.65172004,34.13972
8512072,2017,2017-12-28,3600,2017-11-13,1656,A4209,AP018,1,5,5,3621,0,0,0,NA,0,AP2,RT 18,DEL MAR RD,8,E,N,A,-,N,NA,NA,NA,NA,NA,NA,NA,NA,NA,N,3,0,1,2,A,-,09,21801,A,N,A,C,A,A,H,-,D,A,0,NA,NA,Y,NA,Y,NA,A,01,0,1,0,0,0,0,0,0,1,-,-,NA,NA,SAN BERNARDINO,APPLE VALLEY,-117.18419373,34.5003447
8513293,2017,2018-07-05,3600,2017-12-08,1615,D2866,NE008,5,5,2,3606,0,0,0,NA,0,NE1,RT 95,FIVE MILE RD,1056,S,N,A,-,Y,SBD,8,95,-,-,52.5,H,-,N,Y,2,0,1,1,A,-,03,22350,NA,N,F,J,A,A,H,-,A,D,0,NA,NA,NA,NA,Y,NA,A,01,1,0,0,0,0,0,0,0,0,-,-,NA,NA,SAN BERNARDINO,NEEDLES,-114.5968202,34.75995031
8517057,2017,2017-12-27,3600,2017-12-04,1917,D4301,HE402,1,5,5,3619,0,0,0,NA,0,HE2,MAIN ST,E AVENUE,592,W,N,A,-,N,NA,NA,NA,NA,NA,NA,NA,NA,NA,Y,3,0,1,2,A,-,08,22107,NA,N,A,C,A,A,H,-,C,D,0,NA,NA,NA,NA,Y,NA,A,01,0,1,0,0,0,0,0,0,0,-,-,NA,NA,SAN BERNARDINO,HESPERIA,-117.29446711,34.42050211
8517840,2017,2018-01-19,3609,2017-12-17,0745,5403,204,7,5,5,3609,0,0,0,NA,0,004,RIVERSIDE AV,SLOVER AV,0,NA,Y,A,G,N,NA,NA,NA,NA,NA,NA,NA,NA,NA,N,4,0,1,2,A,-,12,21453,A,M,D,C,A,A,H,-,A,A,0,NA,NA,NA,NA,Y,NA,I,11,0,0,1,0,0,0,0,0,0,-,-,34.0632,-117.3704,SAN BERNARDINO,RIALTO,-117.37024013,34.06318009
8517891,2017,2017-12-22,3600,2017-11-13,1757,D3381,VC057,1,5,5,3612,0,0,0,NA,0,VC5,SENECA RD,GATESIDE WY,0,NA,Y,A,-,N,NA,NA,NA,NA,NA,NA,NA,NA,NA,Y,4,0,1,2,A,-,08,22107,NA,N,D,C,A,A,H,-,C,A,0,NA,NA,NA,NA,Y,NA,A,07,0,0,1,0,0,0,0,0,0,-,-,NA,NA,SAN BERNARDINO,VICTORVILLE,-117.35117009,34.51403001
8520760,2017,2018-06-15,3610,2017-11-20,0346,51028,NA,1,5,6,3610,0,0,0,NA,0,POLICE,N UNIVERSITY AV,RT 215,0,NA,Y,A,-,Y,SBD,8,215,-,-,11.458,R,4,S,Y,3,0,1,2,A,-,12,21453,A,N,B,C,A,A,H,-,C,A,0,NA,NA,NA,NA,Y,NA,D,22,0,1,0,0,0,0,0,0,0,-,SO,NA,NA,SAN BERNARDINO,SAN BERNARDINO,-117.33149202,34.16218379
8520955,2018,2018-02-21,3605,2018-01-22,1754,364,NA,1,5,4,3605,0,0,0,NA,0,NA,MONTE VISTA AV,STATE ST,0,NA,Y,A,-,N,NA,NA,NA,NA,NA,NA,NA,NA,NA,Y,4,0,3,3,A,-,12,22450,A,F,D,C,A,A,H,-,C,A,0,NA,NA,NA,Y,Y,NA,F,26,0,0,3,0,0,0,0,0,0,-,-,NA,NA,SAN BERNARDINO,MONTCLAIR,-117.69822692871094,34.05971908569336
8521191,2017,2018-01-03,3610,2017-11-05,1505,50994,NA,7,5,6,3610,0,0,0,NA,0,BAKER,N F ST,W 48TH ST,0,NA,Y,A,-,N,NA,NA,NA,NA,NA,NA,NA,NA,NA,Y,4,0,2,2,A,-,09,21802,A,N,D,C,A,A,H,-,A,A,0,NA,NA,NA,NA,Y,NA,A,01,0,0,2,0,0,0,0,0,0,-,-,34.17194,-117.29621,SAN BERNARDINO,SAN BERNARDINO,-117.29617009,34.17185007
8522154,2017,2018-01-04,3608,2017-12-15,1353,3372,NA,5,5,5,3608,0,0,0,NA,0,NA,RESERVOIR RD,DEVONSHIRE DR,30,E,N,A,-,N,NA,NA,NA,NA,NA,NA,NA,NA,NA,Y,4,0,1,2,A,-,03,22350,NA,F,C,C,A,A,H,-,A,A,0,NA,NA,NA,NA,Y,NA,-,99,0,0,1,0,0,0,0,0,0,-,-,NA,NA,SAN BERNARDINO,REDLANDS,-117.14970939,34.03739258
8522552,2017,2018-01-03,3608,2017-11-14,1903,4554,NA,2,5,5,3608,0,0,0,NA,0,NA,BROOKSIDE AV,EUREKA ST,0,NA,Y,A,-,N,NA,NA,NA,NA,NA,NA,NA,NA,NA,N,3,0,1,2,A,-,10,21950,A,F,G,B,B,A,H,-,C,A,0,Y,NA,NA,NA,Y,NA,-,NA,0,1,0,0,1,0,0,0,0,-,-,NA,NA,SAN BERNARDINO,REDLANDS,-117.18557011,34.05549009
8523009,2017,2018-01-11,3600,2017-11-27,1610,F6888,HI025,1,5,4,3618,0,0,0,NA,0,NA,GREENSPOT RD,CHURCH ST,22,E,N,A,-,N,NA,NA,NA,NA,NA,NA,NA,NA,NA,Y,4,0,1,2,A,-,12,21453,A,N,D,C,A,A,H,-,A,A,0,NA,NA,NA,NA,Y,NA,-,NA,0,0,1,0,0,0,0,0,0,-,-,NA,NA,SAN BERNARDINO,HIGHLAND,-117.17325079,34.1099078
8524322,2017,2018-01-11,3608,2017-12-13,1210,4629,NA,3,5,5,3608,0,0,0,NA,0,NA,CHURCH ST,LUGONIA AV,510,S,N,A,-,N,NA,NA,NA,NA,NA,NA,NA,NA,NA,N,4,0,1,2,A,-,08,22107,NA,N,D,C,A,A,H,-,A,D,0,NA,NA,NA,NA,Y,NA,A,01,0,0,1,0,0,0,0,0,0,-,-,NA,NA,SAN BERNARDINO,REDLANDS,-117.17375566,34.06863305
8524397,2017,2018-01-11,3608,2017-12-17,2210,4345,NA,7,5,5,3608,0,0,0,NA,0,NA,ALLESANDRO RD,CREEKSIDE DR,57,S,N,A,-,N,NA,NA,NA,NA,NA,NA,NA,NA,NA,NA,3,0,2,2,A,-,03,22350,NA,N,E,I,A,A,H,-,D,A,0,NA,NA,NA,NA,Y,NA,A,01,0,2,0,0,0,0,0,0,0,-,-,NA,NA,SAN BERNARDINO,REDLANDS,-117.17904402,34.01470398
8526661,2017,2018-01-11,3600,2017-12-14,1627,S3887,VC004,4,5,5,3612,0,0,0,NA,0,003,7TH AV,NISQUALLI RD,196,S,N,A,-,N,NA,NA,NA,NA,NA,NA,NA,NA,NA,N,4,0,3,2,A,-,21,22106,NA,N,C,C,A,A,H,-,C,A,0,NA,NA,NA,NA,Y,NA,A,07,0,0,3,0,0,0,0,0,0,-,-,NA,NA,SAN BERNARDINO,VICTORVILLE,-117.31242,34.48476305
8527207,2017,2018-06-15,3604,2017-11-13,0859,509,NA,1,5,6,3604,0,0,0,NA,0,NA,RT 66,CITRUS AV,60,W,N,A,-,N,NA,NA,NA,NA,NA,NA,NA,NA,NA,Y,3,0,3,4,C,-,18,NA,NA,N,C,C,A,A,H,-,A,A,0,NA,NA,NA,NA,Y,NA,-,-,0,1,2,0,0,0,0,0,0,-,-,NA,NA,SAN BERNARDINO,FONTANA,-117.45384336,34.10654054
8528820,2017,2018-01-11,3609,2017-12-12,1720,9222,95,2,5,5,3609,0,0,0,NA,0,001,BASELINE RD,FITZGERALD AV,0,NA,Y,A,-,N,NA,NA,NA,NA,NA,NA,NA,NA,NA,Y,2,0,1,2,A,-,09,21802,B,N,D,C,A,A,H,-,C,A,0,NA,NA,Y,NA,Y,NA,C,02,1,0,0,0,0,0,0,0,1,-,-,34.12135,-117.39334,SAN BERNARDINO,RIALTO,-117.39335012,34.12132011
8529747,2017,2018-01-23,3609,2017-12-29,0610,8510,203,5,5,5,3609,0,0,0,NA,0,004,RIVERSIDE AV,MINDANAO ST,499,S,N,A,-,N,NA,NA,NA,NA,NA,NA,NA,NA,NA,Y,3,0,1,2,A,-,09,21804,A,N,D,C,A,A,H,-,C,D,0,NA,NA,NA,Y,Y,NA,G,27,0,1,0,0,0,0,0,0,0,-,-,34.05871,-117.37017,SAN BERNARDINO,RIALTO,-117.37024,34.05874284
8534066,2018,2018-01-26,3609,2018-01-02,0939,2493,159,2,5,5,3609,0,0,0,NA,0,003,LILAC AV,GRANT ST,0,NA,Y,A,-,N,NA,NA,NA,NA,NA,NA,NA,NA,NA,Y,4,0,1,2,A,-,09,21802,A,N,D,C,A,A,H,-,A,A,0,NA,NA,NA,NA,Y,NA,A,01,0,0,1,0,0,0,0,0,0,-,-,34.114051818847656,-117.38786315917967,SAN BERNARDINO,RIALTO,-117.37905883789063,34.08720016479492
8535549,2017,2018-01-26,3604,2017-11-29,1732,643,NA,3,5,6,3604,0,0,0,NA,0,003,PALMETTO,ARROW,178,S,N,A,-,N,NA,NA,NA,NA,NA,NA,NA,NA,NA,N,3,0,1,3,A,-,03,22350,NA,N,C,C,A,A,H,-,C,D,0,NA,NA,NA,NA,Y,NA,A,07,0,1,0,0,0,0,0,0,0,-,-,NA,NA,SAN BERNARDINO,FONTANA,-117.42704277,34.09888229
8535710,2018,2018-01-29,3609,2018-01-12,0723,0216,3609,5,5,5,3609,0,0,0,NA,0,001,N PALMETTO AV,WEST BASELINE RD,0,NA,Y,A,-,N,NA,NA,NA,NA,NA,NA,NA,NA,NA,Y,2,0,5,2,A,-,09,21802,A,N,D,C,A,A,H,-,A,A,0,NA,NA,NA,NA,Y,NA,A,01,1,2,2,0,0,0,0,0,0,-,-,34.12131118774414,-117.42729949951172,SAN BERNARDINO,RIALTO,-117.42727661132813,34.121341705322266
8535927,2017,2018-07-06,3600,2017-12-06,1830,E4540,BL209,3,5,2,3680,0,0,0,NA,0,BL2,RT 18,BVE POLE 10786BV,55,W,N,A,-,Y,SBD,8,18,-,-,52.66,H,-,N,N,4,0,2,2,A,-,03,22350,NA,N,C,C,A,A,H,-,C,A,0,NA,NA,NA,NA,Y,Y,A,07,0,0,2,0,0,0,0,0,0,-,-,NA,NA,SAN BERNARDINO,BIG BEAR LAKE,-116.86628886,34.26050275
8536054,2017,2018-01-17,3609,2017-12-27,2045,0456,059,3,5,5,3609,0,0,0,NA,0,002,RIVERSIDE AV,EASTON AV,0,NA,Y,A,-,N,NA,NA,NA,NA,NA,NA,NA,NA,NA,Y,4,0,1,3,A,-,12,21453,A,N,D,C,A,A,H,-,C,A,0,NA,NA,NA,NA,Y,NA,A,01,0,0,1,0,0,0,0,0,0,-,-,34.1339,-117.3703,SAN BERNARDINO,RIALTO,-117.37044009,34.13403002
8536917,2017,2018-02-12,3600,2017-12-26,1444,C2440,GT004,2,5,3,3690,0,0,0,NA,0,121,PALM AV,HONEYHILL,120,W,N,A,-,N,NA,NA,NA,NA,NA,NA,NA,NA,NA,N,4,0,1,1,D,-,00,NA,NA,N,-,-,A,-,-,-,-,-,0,NA,NA,Y,NA,Y,NA,-,-,0,0,1,0,0,0,0,0,1,-,-,NA,NA,SAN BERNARDINO,GRAND TERRACE,-117.30084484,34.03395565
8538506,2017,2018-01-29,3600,2017-12-13,1010,A8310,RC032,3,5,6,3616,0,0,0,NA,0,0RC,ARCHIBALD AV,PLACER ST,0,NA,Y,A,-,N,NA,NA,NA,NA,NA,NA,NA,NA,NA,Y,3,0,1,2,A,-,09,21802,A,N,B,C,A,A,H,-,A,A,0,NA,NA,NA,NA,Y,NA,A,08,0,1,0,0,0,0,0,0,0,-,-,NA,NA,SAN BERNARDINO,RANCHO CUCAMONGA,-117.59349009,34.10150001
8538530,2017,2018-01-29,3604,2017-12-28,0216,958,NA,4,5,6,3604,0,0,0,NA,0,NA,JURUPA AV,PACIFIC AV,265,E,N,A,-,N,NA,NA,NA,NA,NA,NA,NA,NA,NA,N,4,0,1,1,A,-,03,22350,NA,N,E,I,A,A,H,-,D,D,0,NA,NA,Y,NA,Y,NA,C,02,0,0,1,0,0,0,0,0,1,-,-,NA,NA,SAN BERNARDINO,FONTANA,-117.51816378,34.0475718
8538545,2017,2018-01-30,3600,2017-12-22,1828,C8643,RC020,5,5,6,3616,0,0,0,NA,0,002,MILLIKEN AV,TERRA VISTA PKWY,0,NA,Y,A,-,N,NA,NA,NA,NA,NA,NA,NA,NA,NA,Y,4,0,1,4,A,-,03,22350,NA,N,B,C,A,A,H,-,-,A,0,NA,NA,NA,NA,Y,NA,A,01,0,0,1,0,0,0,0,0,0,-,-,NA,NA,SAN BERNARDINO,RANCHO CUCAMONGA,-117.55861003,34.1191201
8541095,2017,2018-02-01,3604,2017-12-23,2038,1154,NA,6,5,6,3604,0,0,0,NA,0,NA,SLOVER AV,TAMARIND AV,230,W,N,A,-,N,NA,NA,NA,NA,NA,NA,NA,NA,NA,N,4,0,1,2,A,-,03,22350,NA,N,C,C,A,A,H,-,C,D,0,NA,NA,NA,NA,Y,NA,A,01,0,0,1,0,0,0,0,0,0,-,-,NA,NA,SAN BERNARDINO,FONTANA,-117.4233364,34.0630745
8542101,2017,2018-01-30,3602,2017-12-22,1143,1256,NA,5,5,5,3602,0,0,0,NA,0,005,KIMBALL AV,HELLMAN,874,W,N,A,-,N,NA,NA,NA,NA,NA,NA,NA,NA,NA,Y,4,0,1,2,A,-,08,22102,NA,N,D,C,A,A,D,E,A,D,0,NA,NA,NA,NA,Y,NA,A,01,0,0,1,0,0,0,0,0,0,-,-,NA,NA,SAN BERNARDINO,CHINO,-117.61394425,33.968715
8544763,2017,2018-02-06,3600,2017-11-16,1753,F5142,RC047,4,5,6,3616,0,0,0,NA,0,001,BASE LINE RD,CARNELIAN ST,195,W,N,A,-,N,NA,NA,NA,NA,NA,NA,NA,NA,NA,N,4,0,1,2,A,-,09,21804,A,N,D,C,A,A,H,-,C,D,0,NA,NA,NA,NA,Y,NA,A,01,0,0,1,0,0,0,0,0,0,-,-,NA,NA,SAN BERNARDINO,RANCHO CUCAMONGA,-117.61675243,34.12156
8545132,2018,2018-02-08,3605,2018-01-15,1722,356,NA,1,5,4,3605,0,0,0,NA,0,NA,RAMONA AV,MISSION BL,262,N,N,A,-,N,NA,NA,NA,NA,NA,NA,NA,NA,NA,Y,3,0,1,1,A,-,08,22107,NA,N,-,I,A,A,H,-,C,D,0,NA,NA,NA,NA,Y,NA,A,07,0,1,0,0,0,0,0,0,0,-,-,NA,NA,SAN BERNARDINO,MONTCLAIR,-117.70691680908205,34.056758880615234
8545985,2018,2018-03-06,3600,2018-01-03,2317,F6917,BL101,3,5,2,3680,0,0,0,NA,0,NA,HIGHLAND RD,HIGHLAND RD 537,0,NA,N,A,-,N,NA,NA,NA,NA,NA,NA,NA,NA,NA,Y,4,0,1,1,A,-,07,21658,A,N,E,I,A,A,H,-,C,D,0,NA,NA,NA,NA,Y,NA,A,07,0,0,1,0,0,0,0,0,0,-,-,NA,NA,SAN BERNARDINO,BIG BEAR LAKE,-116.930053,34.242957
8547327,2018,2018-02-12,3605,2018-01-13,2029,382,NA,6,5,4,3605,0,0,0,NA,0,NA,MONTE VISTA AV,PALO VERDE ST,0,NA,Y,A,-,N,NA,NA,NA,NA,NA,NA,NA,NA,NA,Y,4,0,3,2,A,-,17,21451,A,N,D,C,A,A,H,-,C,A,0,NA,NA,NA,NA,Y,NA,A,01,0,0,3,0,0,0,0,0,0,-,-,NA,NA,SAN BERNARDINO,MONTCLAIR,-117.69825744628906,34.08135986328125
8548170,2018,2018-02-08,3608,2018-01-23,1301,3372,NA,2,5,5,3608,0,0,0,NA,0,NA,BARTON RD,IOWA ST,0,NA,Y,A,-,N,NA,NA,NA,NA,NA,NA,NA,NA,NA,Y,3,0,1,2,A,-,09,21801,A,N,D,C,A,A,H,-,A,A,0,NA,NA,Y,NA,Y,NA,A,01,0,1,0,0,0,0,0,0,1,-,-,NA,NA,SAN BERNARDINO,REDLANDS,-117.21304321289063,34.04833984375
8548231,2018,2018-02-09,3608,2018-01-23,2158,3675,NA,2,5,5,3608,0,0,0,NA,0,NA,ORANGE ST,PENNSYLVANIA AV,0,NA,Y,A,-,N,NA,NA,NA,NA,NA,NA,NA,NA,NA,Y,3,0,2,2,A,-,01,23153,A,N,C,C,A,A,H,-,C,A,0,NA,NA,NA,NA,Y,Y,A,08,0,2,0,0,0,0,0,0,0,-,-,NA,NA,SAN BERNARDINO,REDLANDS,-117.18244171142578,34.073631286621094
8549653,2018,2018-02-15,3600,2018-01-31,2009,F6907,VC035,3,5,5,3612,0,0,0,NA,0,VC1,B ST,8TH ST,0,NA,Y,A,-,N,NA,NA,NA,NA,NA,NA,NA,NA,NA,N,4,0,1,2,A,-,12,22450,A,N,D,C,A,A,H,-,C,A,0,NA,NA,NA,NA,Y,NA,A,01,0,0,1,0,0,0,0,0,0,-,-,NA,NA,SAN BERNARDINO,VICTORVILLE,-117.29387664794922,34.53398132324219
8551375,2017,2018-03-09,3611,2017-11-29,0932,2325,3611,3,5,5,3611,0,0,0,NA,0,002,EUCLID AV,FOOTHILL BL,327,S,N,B,-,N,NA,NA,NA,NA,NA,NA,NA,NA,NA,Y,3,0,1,2,A,-,09,21804,A,N,D,C,A,A,H,-,A,A,0,NA,NA,NA,NA,Y,NA,A,01,0,1,0,0,0,0,0,0,0,-,-,NA,NA,SAN BERNARDINO,UPLAND,-117.65138226,34.1061