CASE_ID,ACCIDENT_YEAR,PROC_DATE,JURIS,COLLISION_DATE,COLLISION_TIME,OFFICER_ID,REPORTING_DISTRICT,DAY_OF_WEEK,CHP_SHIFT,POPULATION,CNTY_CITY_LOC,SPECIAL_COND,BEAT_TYPE,CHP_BEAT_TYPE,CITY_DIVISION_LAPD,CHP_BEAT_CLASS,BEAT_NUMBER,PRIMARY_RD,SECONDARY_RD,DISTANCE,DIRECTION,INTERSECTION,WEATHER_1,WEATHER_2,STATE_HWY_IND,CALTRANS_COUNTY,CALTRANS_DISTRICT,STATE_ROUTE,ROUTE_SUFFIX,POSTMILE_PREFIX,POSTMILE,LOCATION_TYPE,RAMP_INTERSECTION,SIDE_OF_HWY,TOW_AWAY,COLLISION_SEVERITY,NUMBER_KILLED,NUMBER_INJURED,PARTY_COUNT,PRIMARY_COLL_FACTOR,PCF_CODE_OF_VIOL,PCF_VIOL_CATEGORY,PCF_VIOLATION,PCF_VIOL_SUBSECTION,HIT_AND_RUN,TYPE_OF_COLLISION,MVIW,PED_ACTION,ROAD_SURFACE,ROAD_COND_1,ROAD_COND_2,LIGHTING,CONTROL_DEVICE,CHP_ROAD_TYPE,PEDESTRIAN_ACCIDENT,BICYCLE_ACCIDENT,MOTORCYCLE_ACCIDENT,TRUCK_ACCIDENT,NOT_PRIVATE_PROPERTY,ALCOHOL_INVOLVED,STWD_VEHTYPE_AT_FAULT,CHP_VEHTYPE_AT_FAULT,COUNT_SEVERE_INJ,COUNT_VISIBLE_INJ,COUNT_COMPLAINT_PAIN,COUNT_PED_KILLED,COUNT_PED_INJURED,COUNT_BICYCLIST_KILLED,COUNT_BICYCLIST_INJURED,COUNT_MC_KILLED,COUNT_MC_INJURED,PRIMARY_RAMP,SECONDARY_RAMP,LATITUDE,LONGITUDE,COUNTY,CITY,POINT_X,POINT_Y
8679657,2018,2018-08-29,3604,2018-07-27,0633,509,NA,5,5,6,3604,0,0,0,NA,0,NA,OWEN ST,PALMETTO AV,0,NA,Y,A,-,N,NA,NA,NA,NA,NA,NA,NA,NA,NA,N,2,0,1,2,A,-,10,21950,A,N,G,B,B,A,H,-,A,A,0,Y,NA,NA,NA,Y,NA,D,22,1,0,0,0,1,0,0,0,0,-,-,NA,NA,SAN BERNARDINO,FONTANA,-117.42706298828124,34.10251998901367
8680231,2018,2018-08-29,3609,2018-07-08,1727,7770,RI036,7,5,5,3609,0,0,0,NA,0,004,SYCAMORE AV,2ND ST,0,NA,Y,A,-,N,NA,NA,NA,NA,NA,NA,NA,NA,NA,Y,4,0,2,2,A,-,09,21802,A,N,D,C,A,A,H,-,A,A,0,NA,NA,NA,NA,Y,NA,A,01,0,0,2,0,0,0,0,0,0,-,-,34.102481842041016,-117.36595153808594,SAN BERNARDINO,RIALTO,-117.36598205566406,34.10272979736328
8681111,2018,2018-09-07,3608,2018-07-17,0538,4345,SAN B,2,5,5,3608,0,0,0,NA,0,NA,SAN TIMOTEO CANYON RD,ALESSANDRO,5808,E,N,A,-,N,NA,NA,NA,NA,NA,NA,NA,NA,NA,Y,4,0,1,1,C,-,18,NA,NA,N,E,H,A,A,H,-,B,A,0,NA,NA,NA,NA,Y,NA,-,-,0,0,1,0,0,0,0,0,0,-,-,NA,NA,SAN BERNARDINO,REDLANDS,-117.16703033447266,34.00326919555664
8681115,2018,2018-09-07,3608,2018-07-15,0515,4707,3608,7,5,5,3608,0,0,0,NA,0,NA,E LUGONIA AV,6TH ST,3,E,N,A,-,N,NA,NA,NA,NA,NA,NA,NA,NA,NA,N,2,0,1,1,A,-,03,22350,NA,N,E,I,A,A,H,-,C,D,0,NA,NA,NA,NA,Y,Y,A,01,1,0,0,0,0,0,0,0,0,-,-,NA,NA,SAN BERNARDINO,REDLANDS,-117.18029022216795,34.07004165649414
8681722,2018,2018-09-05,3608,2018-07-17,0948,3433,3608,2,5,5,3608,0,0,0,NA,0,NA,CYPRESS AV,REDLANDS BL,492,E,N,A,-,N,NA,NA,NA,NA,NA,NA,NA,NA,NA,Y,3,0,1,2,A,-,09,21804,A,N,D,C,A,A,H,-,A,D,0,NA,NA,NA,NA,Y,NA,A,01,0,1,0,0,0,0,0,0,0,-,-,NA,NA,SAN BERNARDINO,REDLANDS,-117.16995239257813,34.05097961425781
8682028,2018,2018-09-27,3600,2018-08-13,1519,G6641,VC048,1,5,5,3612,0,0,0,NA,0,VC5,VILLAGE DR,TAWNEY RIDGE LN,0,NA,Y,A,-,N,NA,NA,NA,NA,NA,NA,NA,NA,NA,Y,2,0,3,2,A,-,12,22450,NA,N,-,C,A,A,H,-,-,A,0,NA,NA,NA,NA,Y,Y,A,01,1,2,0,0,0,0,0,0,0,-,-,NA,NA,SAN BERNARDINO,VICTORVILLE,-117.3176498413086,34.5363883972168
8682145,2018,2018-09-18,3600,2018-08-04,2224,D3381,VC063,6,5,5,3612,0,0,0,NA,0,VC3,SILICA DR,7TH AV,0,NA,Y,A,-,N,NA,NA,NA,NA,NA,NA,NA,NA,NA,N,3,0,1,2,A,-,11,21954,A,N,G,G,A,A,H,-,C,A,0,NA,Y,NA,NA,Y,NA,L,04,0,1,0,0,0,0,1,0,0,-,-,NA,NA,SAN BERNARDINO,VICTORVILLE,-117.31233215332033,34.47800827026367
8684586,2018,2018-09-20,3603,2018-08-02,0759,4901,CPD,4,5,4,3603,0,0,0,NA,0,004,RECHE CANYON RD,CRYSTAL RIDGE LN,50,S,N,A,-,N,NA,NA,NA,NA,NA,NA,NA,NA,NA,Y,4,0,1,2,A,-,03,22350,NA,N,C,C,A,A,H,-,A,D,0,NA,NA,NA,NA,Y,NA,A,01,0,0,1,0,0,0,0,0,0,-,-,NA,NA,SAN BERNARDINO,COLTON,-117.27977752685548,34.028438568115234
8684594,2018,2018-09-20,3603,2018-08-03,1457,CL4251,COLTO,5,5,4,3603,0,0,0,NA,0,004,WASHINGTON ST,R V CENTER DR,192,W,N,A,-,N,NA,NA,NA,NA,NA,NA,NA,NA,NA,Y,2,0,2,1,A,-,05,21650,NA,N,E,I,A,A,H,-,A,D,0,NA,NA,NA,NA,Y,NA,A,01,2,0,0,0,0,0,0,0,0,-,-,NA,NA,SAN BERNARDINO,COLTON,-117.31797790527344,34.04637908935547
8687343,2018,2018-08-31,3602,2018-07-27,1143,3906,NA,5,5,5,3602,0,0,0,NA,0,002,BENSON AV,HARRISON ST,0,NA,Y,A,-,N,NA,NA,NA,NA,NA,NA,NA,NA,NA,Y,3,0,1,2,A,-,01,23153,A,N,A,C,A,A,H,-,A,D,0,NA,NA,NA,NA,Y,Y,D,22,0,1,0,0,0,0,0,0,0,-,-,NA,NA,SAN BERNARDINO,CHINO,-117.6806869506836,34.02947998046875
8687936,2018,2018-08-30,3600,2018-07-03,1318,G9443,AD312,2,5,3,3613,0,0,0,NA,0,AD2,JONATHAN ST,STAR AV,0,NA,Y,A,-,N,NA,NA,NA,NA,NA,NA,NA,NA,NA,Y,3,0,2,2,A,-,09,21801,A,N,D,C,A,A,H,-,A,A,0,NA,NA,NA,NA,Y,NA,A,01,0,1,1,0,0,0,0,0,0,-,-,NA,NA,SAN BERNARDINO,ADELANTO,-117.4081802368164,34.5248908996582
8688478,2018,2018-09-11,3610,2018-08-16,2230,51136,NA,4,5,6,3610,0,0,0,NA,0,NA,W RIALTO AV,N PEPPER AV,0,NA,Y,A,-,N,NA,NA,NA,NA,NA,NA,NA,NA,NA,Y,3,0,1,2,D,-,00,NA,NA,N,A,C,A,A,H,-,C,A,0,NA,NA,NA,NA,Y,NA,-,-,0,1,0,0,0,0,0,0,0,-,-,34.09954071044922,-117.35292053222656,SAN BERNARDINO,SAN BERNARDINO,-117.35289001464844,34.09952926635742
8689737,2018,2018-09-13,3610,2018-08-16,0817,50266,NA,4,5,6,3610,0,0,0,NA,0,ADAM,E MILL ST,I ST,0,NA,Y,A,-,N,NA,NA,NA,NA,NA,NA,NA,NA,NA,N,3,0,1,2,A,-,03,22350,NA,F,G,B,D,A,H,-,A,A,0,Y,NA,NA,NA,Y,Y,-,99,0,1,0,0,1,0,0,0,0,-,-,NA,NA,SAN BERNARDINO,SAN BERNARDINO,-117.30314636230467,34.092159271240234
8689964,2018,2018-10-02,3610,2018-08-05,1935,51035,NA,7,5,6,3610,0,0,0,NA,0,CHARLI,E LYNWOOD DR,E LYNWOOD DR 1303,12,W,N,A,-,N,NA,NA,NA,NA,NA,NA,NA,NA,NA,N,3,0,1,2,C,-,18,NA,NA,N,G,B,D,A,H,-,A,D,0,Y,NA,NA,NA,Y,NA,-,-,0,1,0,0,1,0,0,0,0,-,-,34.14601135253906,-117.25913238525392,SAN BERNARDINO,SAN BERNARDINO,NA,NA
8690386,2018,2018-09-04,3602,2018-07-23,1642,3511,NA,1,5,5,3602,0,0,0,NA,0,NA,CYPRESS AV,RIVERSIDE DR,0,NA,Y,A,-,N,NA,NA,NA,NA,NA,NA,NA,NA,NA,Y,4,0,1,3,A,-,12,21453,A,N,D,C,A,A,H,-,A,A,0,NA,NA,NA,NA,Y,NA,A,01,0,0,1,0,0,0,0,0,0,-,-,NA,NA,SAN BERNARDINO,CHINO,-117.66316986083984,34.01924133300781
8690401,2018,2018-09-05,3602,2018-07-28,1918,3805,NA,6,5,5,3602,0,0,0,NA,0,005,EUCLID AV,EDISON AV,0,NA,Y,A,-,N,NA,NA,NA,NA,NA,NA,NA,NA,NA,Y,3,0,2,2,D,-,00,NA,NA,N,D,C,A,A,H,-,A,A,0,NA,NA,NA,NA,Y,Y,-,-,0,1,1,0,0,0,0,0,0,-,-,NA,NA,SAN BERNARDINO,CHINO,-117.65088653564452,33.99755096435547
8690769,2018,2018-09-25,3604,2018-08-31,1351,509,NA,5,5,6,3604,0,0,0,NA,0,NA,MANGO AV,BARBEE ST,0,NA,Y,A,-,N,NA,NA,NA,NA,NA,NA,NA,NA,NA,N,3,0,2,2,A,-,03,22350,NA,N,C,C,A,A,H,-,A,D,0,NA,NA,NA,NA,Y,NA,A,01,0,1,1,0,0,0,0,0,0,-,-,NA,NA,SAN BERNARDINO,FONTANA,-117.43145751953124,34.10892105102539
8690981,2018,2018-10-05,3604,2018-08-29,1220,473,NA,3,5,6,3604,0,0,0,NA,0,NA,JUNIPER AV,MILLER AV,456,S,N,A,-,N,NA,NA,NA,NA,NA,NA,NA,NA,NA,Y,4,0,1,2,A,-,03,22350,NA,N,C,C,A,A,H,-,A,A,0,NA,NA,NA,NA,Y,NA,D,22,0,0,1,0,0,0,0,0,0,-,-,NA,NA,SAN BERNARDINO,FONTANA,-117.44020080566406,34.11262893676758
8691127,2018,2018-09-19,3605,2018-08-17,1851,400,3605,5,5,4,3605,0,0,0,NA,0,NA,EXETER AV,SAN BERNARDINO ST,0,NA,Y,A,-,N,NA,NA,NA,NA,NA,NA,NA,NA,NA,N,4,0,1,2,A,-,08,22107,NA,N,C,C,A,A,H,-,A,A,0,NA,NA,NA,NA,Y,NA,A,01,0,0,1,0,0,0,0,0,0,-,-,NA,NA,SAN BERNARDINO,MONTCLAIR,-117.68726348876952,34.07767868041992
8691371,2018,2018-09-26,3608,2018-08-29,1244,4202,3608,3,5,5,3608,0,0,0,NA,0,NA,TEXAS ST,STUART AV,129,S,N,A,-,N,NA,NA,NA,NA,NA,NA,NA,NA,NA,N,4,0,1,2,A,-,08,22107,NA,N,D,C,A,A,H,-,A,D,0,NA,NA,NA,NA,Y,NA,A,01,0,0,1,0,0,0,0,0,0,-,-,NA,NA,SAN BERNARDINO,REDLANDS,-117.1913604736328,34.059288024902344
8691387,2018,2018-09-26,3608,2018-08-20,2142,4759,3608,1,5,5,3608,0,0,0,NA,0,901,LUGONIA AV,UNIVERSITY ST,0,NA,Y,A,-,N,NA,NA,NA,NA,NA,NA,NA,NA,NA,Y,3,0,2,2,A,-,09,21801,A,N,D,C,A,A,H,-,C,A,0,NA,NA,NA,NA,Y,NA,A,08,0,2,0,0,0,0,0,0,0,-,-,NA,NA,SAN BERNARDINO,REDLANDS,-117.16719818115234,34.07004928588867
8691391,2018,2018-09-26,3608,2018-08-11,1254,3433,3608,6,5,5,3608,0,0,0,NA,0,NA,E BROCKTON AV,JUDSON ST,0,NA,Y,A,-,N,NA,NA,NA,NA,NA,NA,NA,NA,NA,Y,3,0,1,2,A,-,09,21804,A,N,D,C,A,A,H,-,A,A,0,NA,NA,NA,NA,Y,NA,-,NA,0,1,0,0,0,0,0,0,0,-,-,NA,NA,SAN BERNARDINO,REDLANDS,-117.15634918212892,34.06637954711914
8693462,2018,2018-10-09,3605,2018-08-15,1342,R84,NA,3,5,4,3605,0,0,0,NA,0,NA,DEL MAR AV,OLIVE ST,75,S,N,A,-,N,NA,NA,NA,NA,NA,NA,NA,NA,NA,Y,4,0,1,2,A,-,03,22350,NA,N,D,E,A,A,H,-,A,D,0,NA,NA,NA,NA,Y,NA,A,01,0,0,1,0,0,0,0,0,0,-,-,NA,NA,SAN BERNARDINO,MONTCLAIR,-117.6833267211914,34.09056854248047
8693713,2018,2018-10-08,3604,2018-08-18,1234,1299,NA,6,5,6,3604,0,0,0,NA,0,NA,ALDER AV,SAN BERNARDINO AV,91,N,N,A,-,N,NA,NA,NA,NA,NA,NA,NA,NA,NA,N,4,0,1,2,A,-,08,22107,A,N,C,A,A,A,D,H,A,B,0,NA,NA,NA,NA,Y,NA,A,01,0,0,1,0,0,0,0,0,0,-,-,NA,NA,SAN BERNARDINO,FONTANA,-117.41825103759766,34.0778694152832
8694034,2018,2018-09-07,3603,2018-07-10,0807,4689,CPD,2,5,4,3603,0,0,0,NA,0,001,VALLEY BL,MERIDIAN AV,0,NA,Y,B,-,N,NA,NA,NA,NA,NA,NA,NA,NA,NA,N,4,0,2,3,A,-,08,22107,NA,N,D,C,A,A,H,-,A,D,0,NA,NA,NA,NA,Y,NA,A,01,0,0,2,0,0,0,0,0,0,-,-,34.06932067871094,-117.34854888916016,SAN BERNARDINO,COLTON,-117.34853363037108,34.06930923461914
8694997,2018,2018-09-19,3604,2018-08-24,1143,509,NA,5,5,6,3604,0,0,0,NA,0,NA,SIERRA AV,VALLEY BL,0,NA,Y,A,-,N,NA,NA,NA,NA,NA,NA,NA,NA,NA,N,4,0,1,2,A,-,10,21950,A,F,G,B,B,A,H,-,A,A,0,Y,NA,NA,NA,Y,NA,A,01,0,0,1,0,1,0,0,0,0,-,-,NA,NA,SAN BERNARDINO,FONTANA,-117.43567657470705,34.070369720458984
8695170,2018,2019-01-04,3600,2018-09-03,1021,D4321,AP023,1,5,5,3621,0,0,0,NA,0,AP1,RT 18,DALE EVANS PKWY,0,NA,Y,A,-,Y,SBD,8,18,-,-,90.936,I,5,N,Y,3,0,6,2,A,-,09,21453,C,N,D,C,A,A,H,-,A,A,0,NA,NA,NA,NA,Y,NA,D,22,0,2,4,0,0,0,0,0,0,-,-,NA,NA,SAN BERNARDINO,APPLE VALLEY,-117.21705627441406,34.52390670776367
8695370,2018,2018-09-21,3608,2018-08-25,1940,4388,NA,6,5,5,3608,0,0,0,NA,0,NA,BROCKTON AV,GROVE ST,200,NA,N,A,-,N,NA,NA,NA,NA,NA,NA,NA,NA,NA,N,4,0,1,2,A,-,08,22107,NA,F,A,C,A,A,H,-,B,D,0,NA,NA,NA,NA,Y,NA,D,22,0,0,1,0,0,0,0,0,0,-,-,NA,NA,SAN BERNARDINO,REDLANDS,-117.16040802001952,34.06637954711914
8695523,2018,2018-09-24,3610,2018-08-28,1315,50562,NA,2,5,6,3610,0,0,0,NA,0,CHARLI,NORTH SIERRA WY,E 21ST ST,0,NA,Y,A,-,N,NA,NA,NA,NA,NA,NA,NA,NA,NA,Y,4,0,1,2,A,-,09,21801,A,F,D,C,A,A,H,-,A,D,0,NA,NA,NA,NA,Y,NA,A,01,0,0,1,0,0,0,0,0,0,-,-,34.1308708190918,-117.28517150878906,SAN BERNARDINO,SAN BERNARDINO,-117.28514862060548,34.13405990600586
8695581,2018,2018-09-25,3608,2018-08-27,2133,4823,3608,1,5,5,3608,0,0,0,NA,0,NA,W OLIVE AV,SAN MATEO,253,W,N,A,-,N,NA,NA,NA,NA,NA,NA,NA,NA,NA,Y,3,0,1,4,A,-,22,23123,A,N,F,E,A,A,H,-,C,A,0,NA,NA,NA,NA,Y,Y,A,01,0,1,0,0,0,0,0,0,0,-,-,NA,NA,SAN BERNARDINO,REDLANDS,-117.19649505615234,34.04499816894531
8696176,2018,2018-10-18,3601,2018-05-30,2035,80K9,3601,3,5,3,3601,0,0,0,NA,0,PATROL,E MAIN ST,E MOUNTAIN VIEW ST,50,W,N,A,-,N,NA,NA,NA,NA,NA,NA,NA,NA,NA,N,3,0,1,2,A,-,03,22350,NA,N,D,C,A,A,H,-,C,A,0,NA,NA,Y,NA,Y,NA,C,02,0,1,0,0,0,0,0,0,1,-,-,NA,NA,SAN BERNARDINO,BARSTOW,-117.00489807128906,34.89464569091797
8697264,2018,2018-09-26,3600,2018-07-27,1624,D6899,HE326,5,5,5,3619,0,0,0,NA,0,NA,MARIPOSA RD,RANCHERO RD,0,NA,Y,A,-,N,NA,NA,NA,NA,NA,NA,NA,NA,NA,Y,3,0,1,2,A,-,09,21803,A,N,A,C,A,A,H,-,A,A,0,NA,NA,NA,NA,Y,NA,A,07,0,1,0,0,0,0,0,0,0,-,-,NA,NA,SAN BERNARDINO,HESPERIA,-117.41136932373048,34.383018493652344
8697667,2018,2018-09-25,3604,2018-08-26,2303,1163,NA,7,5,6,3604,0,0,0,NA,0,NA,SIERRA AV,SANTA ANA AV,700,S,N,A,-,N,NA,NA,NA,NA,NA,NA,NA,NA,NA,N,3,0,2,1,A,-,03,22350,NA,N,E,I,A,A,H,-,C,D,0,NA,NA,NA,NA,Y,NA,A,07,0,2,0,0,0,0,0,0,0,-,-,NA,NA,SAN BERNARDINO,FONTANA,-117.43563079833984,34.053871154785156
8698568,2018,2018-09-21,3600,2018-08-16,1028,D6180,HE406,4,5,5,3619,0,0,0,NA,0,HE4,I AV,SULTANA ST,149,N,N,A,-,N,NA,NA,NA,NA,NA,NA,NA,NA,NA,N,4,0,1,2,A,-,03,22350,NA,N,C,C,A,A,H,-,A,A,0,NA,NA,NA,NA,Y,NA,A,01,0,0,1,0,0,0,0,0,0,-,-,NA,NA,SAN BERNARDINO,HESPERIA,-117.28457641601563,34.41179275512695
8698635,2018,2018-09-26,3600,2018-07-24,1138,F8939,HE125,2,5,5,3619,0,0,0,NA,0,HE1,HESPERIA RD,LEMON ST,0,NA,Y,A,-,N,NA,NA,NA,NA,NA,NA,NA,NA,NA,N,4,0,1,2,A,-,08,22107,NA,N,D,C,A,A,H,-,A,A,0,NA,NA,NA,NA,Y,NA,A,07,0,0,1,0,0,0,0,0,0,-,-,NA,NA,SAN BERNARDINO,HESPERIA,-117.297607421875,34.444488525390625
8700503,2018,2019-01-04,3608,2018-09-01,1308,4759,3608,6,5,5,3608,0,0,0,NA,0,901,UNIVERSITY ST,CENTRAL AV,0,NA,Y,A,-,Y,SBD,8,10,-,-,31.756,R,4,W,Y,3,0,1,2,A,-,09,21801,A,N,D,C,A,A,H,-,A,D,0,NA,NA,NA,NA,Y,NA,A,01,0,1,0,0,0,0,0,0,0,-,-,NA,NA,SAN BERNARDINO,REDLANDS,-117.1691436767578,34.05781936645508
8700616,2018,2018-10-18,3600,2018-06-29,1101,H5148,YV011,5,5,3,3631,0,0,0,NA,0,0YV,29 PALMS HWY,DUMOSA AV,0,NA,Y,A,-,Y,SBD,8,62,-,-,12.186,I,5,E,Y,4,0,1,2,A,-,12,21453,A,N,D,C,A,A,H,-,A,A,0,NA,NA,NA,NA,Y,NA,A,01,0,0,1,0,0,0,0,0,0,-,-,NA,NA,SAN BERNARDINO,YUCCA VALLEY,-116.41764831542967,34.12235641479492
8700829,2018,2018-12-11,3600,2018-07-12,0937,H5152,YV014,4,5,3,3631,0,0,0,NA,0,YV1,OLD WOMAN SPRINGS RD,LAS PIEDRAS LN,0,S,N,A,-,Y,SBD,8,247,-,-,2.07,H,-,N,Y,3,0,3,2,A,-,05,21460,A,F,D,C,A,A,H,-,A,A,0,NA,NA,NA,NA,Y,NA,A,01,0,2,1,0,0,0,0,0,0,-,-,NA,NA,SAN BERNARDINO,YUCCA VALLEY,-116.41893005371094,34.148738861083984
8701948,2018,2018-09-28,3600,2018-06-08,1426,G3230,YV011,5,5,3,3631,0,0,0,NA,0,YV1,YUCCA TRL,JOSHUA LN,0,NA,Y,A,-,N,NA,NA,NA,NA,NA,NA,NA,NA,NA,Y,4,0,1,2,A,-,12,21453,A,N,D,C,A,A,H,-,A,A,0,NA,NA,NA,Y,Y,NA,A,01,0,0,1,0,0,0,0,0,0,-,-,34.12059020996094,-116.41496276855467,SAN BERNARDINO,YUCCA VALLEY,-116.41504669189452,34.12059020996094
8703813,2018,2018-09-28,3604,2018-09-18,0717,509,NA,2,5,6,3604,0,0,0,NA,0,NA,CITRUS AV,SLOVER AV,200,N,N,A,-,N,NA,NA,NA,NA,NA,NA,NA,NA,NA,N,3,0,1,2,A,-,09,21804,A,N,D,C,A,A,H,-,A,D,0,NA,NA,Y,NA,Y,NA,A,01,0,1,0,0,0,0,0,0,1,-,-,NA,NA,SAN BERNARDINO,FONTANA,-117.45381927490234,34.06354522705078
8704304,2018,2018-10-10,3610,2018-09-08,2030,51065,NA,6,5,6,3610,0,0,0,NA,0,POLICA,WEST HIGHLAND AV,N MUSCUPIABE DR,0,NA,Y,A,-,N,NA,NA,NA,NA,NA,NA,NA,NA,NA,Y,3,0,2,3,A,-,01,23152,A,N,D,C,A,A,H,-,C,A,0,NA,NA,NA,Y,Y,Y,A,01,0,1,1,0,0,0,0,0,0,-,-,34.136390686035156,-117.30825805664063,SAN BERNARDINO,SAN BERNARDINO,-117.30769348144533,34.13602828979492
8704312,2018,2018-10-09,3610,2018-09-15,0821,50985,NA,6,5,6,3610,0,0,0,NA,0,CHARLI,N DEL ROSA AV,E MARSHALL BL,0,NA,Y,A,-,N,NA,NA,NA,NA,NA,NA,NA,NA,NA,Y,4,0,1,2,A,-,09,21802,A,N,D,C,A,A,H,-,A,D,0,NA,NA,NA,NA,Y,NA,D,22,0,0,1,0,0,0,0,0,0,-,-,34.19472885131836,-117.29239654541016,SAN BERNARDINO,SAN BERNARDINO,-117.25244140625,34.14944839477539
8705172,2018,2018-10-09,3610,2018-09-11,2221,51049,NA,2,5,6,3610,0,0,0,NA,0,POLICE,NORTH SIERRA WY,E PALMYRA ST,0,NA,Y,A,-,N,NA,NA,NA,NA,NA,NA,NA,NA,NA,N,2,0,1,2,A,-,17,21208,B,N,A,G,A,A,H,-,C,D,0,NA,Y,NA,NA,Y,NA,L,04,1,0,0,0,0,0,1,0,0,-,-,34.16120910644531,-117.28465270996094,SAN BERNARDINO,SAN BERNARDINO,-117.28502655029295,34.16135025024414
8705893,2018,2018-10-17,3600,2018-09-13,2019,F6915,HE101,4,5,5,3619,0,0,0,NA,0,HE1,BEAR VALLEY RD,RT 15,8,N,N,A,-,Y,NA,NA,NA,NA,NA,NA,NA,NA,NA,Y,4,0,1,2,A,-,12,21453,A,N,B,C,A,A,H,-,C,A,0,NA,NA,NA,NA,Y,NA,-,NA,0,0,1,0,0,0,0,0,0,-,NF,NA,NA,SAN BERNARDINO,HESPERIA,-117.34635925292967,34.47043991088867
8707299,2018,2018-10-12,3610,2018-09-07,1450,51141,NA,5,5,6,3610,0,0,0,NA,0,POLICE,W 5TH ST,G ST,60,W,N,A,-,N,NA,NA,NA,NA,NA,NA,NA,NA,NA,Y,4,0,1,3,A,-,06,21750,NA,N,B,C,A,A,H,-,-,A,0,NA,NA,NA,NA,Y,NA,A,01,0,0,1,0,0,0,0,0,0,-,-,34.108341217041016,-117.2986297607422,SAN BERNARDINO,SAN BERNARDINO,-117.2988510131836,34.108314514160156
8707841,2018,2018-12-18,3608,2018-09-13,1415,4707,3608,4,5,5,3608,0,0,0,NA,0,NA,FORD ST,REDLANDS BL,0,NA,Y,A,-,Y,SBD,8,10,-,-,33.565,R,1,W,N,4,0,1,1,A,-,08,22107,NA,N,E,I,A,A,H,-,A,D,0,NA,NA,NA,NA,Y,NA,D,22,0,0,1,0,0,0,0,0,0,-,-,NA,NA,SAN BERNARDINO,REDLANDS,-117.15020751953124,34.037254333496094
8710035,2018,2018-10-12,3604,2018-09-13,1841,1287,NA,4,5,6,3604,0,0,0,NA,0,NA,MERRILL AV,JUNIPER AV,60,E,N,A,-,N,NA,NA,NA,NA,NA,NA,NA,NA,NA,Y,4,0,1,2,A,-,03,22350,NA,N,C,C,A,A,H,-,A,A,0,NA,NA,NA,NA,Y,NA,A,01,0,0,1,0,0,0,0,0,0,-,-,NA,NA,SAN BERNARDINO,FONTANA,-117.43992614746094,34.09212112426758
8711217,2018,2018-10-25,3610,2018-10-04,2500,51073,NA,4,5,6,3610,0,0,0,NA,0,POLICE,NORTH ARROWHEAD AV,W 16TH ST,200,S,N,B,-,N,NA,NA,NA,NA,NA,NA,NA,NA,NA,Y,4,0,1,3,A,-,08,22107,NA,N,C,C,A,A,H,-,A,D,0,NA,NA,NA,NA,Y,NA,A,01,0,0,1,0,0,0,0,0,0,-,-,NA,NA,SAN BERNARDINO,SAN BERNARDINO,-117.28966522216795,34.12818145751953
8713419,2018,2018-11-29,3605,2018-10-04,1654,401,NA,4,5,4,3605,0,0,0,NA,0,NA,MISSION BL,FREMONT AV,476,E,N,A,-,N,NA,NA,NA,NA,NA,NA,NA,NA,NA,Y,3,0,2,3,A,-,03,22350,NA,N,C,C,A,A,H,-,A,D,0,NA,NA,NA,NA,Y,NA,A,01,0,2,0,0,0,0,0,0,0,-,-,NA,NA,SAN BERNARDINO,MONTCLAIR,-117.69225311279295,34.05601119995117
8715622,2018,2018-11-15,3602,2018-10-16,1348,1127,NA,2,5,5,3602,0,0,0,NA,0,NA,MONTE VISTA AV,PARK ST,0,NA,Y,A,-,N,NA,NA,NA,NA,NA,NA,NA,NA,NA,N,4,0,2,2,A,-,03,22350,NA,N,C,C,A,A,H,-,A,D,0,NA,NA,NA,NA,Y,NA,A,01,0,0,2,0,0,0,0,0,0,-,-,NA,NA,SAN BERNARDINO,CHINO,-117.69805908203124,34.020790100097656
8715630,2018,2018-11-15,3602,2018-10-06,1407,3813,69,6,5,5,3602,0,0,0,NA,0,004,RIVERSIDE DR,BENSON AV,76,W,N,A,-,N,NA,NA,NA,NA,NA,NA,NA,NA,NA,N,4,0,1,2,A,-,03,22350,NA,N,C,C,A,A,H,-,A,D,0,NA,NA,NA,NA,Y,NA,A,01,0,0,1,0,0,0,0,0,0,-,-,NA,NA,SAN BERNARDINO,CHINO,-117.68084716796876,34.01912307739258
8716690,2018,2018-10-23,3609,2018-09-26,1301,8510,R1073,3,5,5,3609,0,0,0,NA,0,001,RENAISSANCE PKWY,MARKET PLACE WEST,33,E,N,A,-,N,NA,NA,NA,NA,NA,NA,NA,NA,NA,N,4,0,1,2,A,-,21,22106,NA,N,C,C,A,A,H,-,A,A,0,NA,NA,NA,NA,Y,NA,A,01,0,0,1,0,0,0,0,0,0,-,-,34.13370132446289,-117.39540100097656,SAN BERNARDINO,RIALTO,-117.39655303955078,34.13493728637695
8719619,2018,2018-11-29,3610,2018-09-25,0747,50675,NA,2,5,6,3610,0,0,0,NA,0,DAVID,SOUTH WATERMAN AV,E COMMERCIAL DR,0,NA,Y,B,-,N,NA,NA,NA,NA,NA,NA,NA,NA,NA,Y,4,0,1,2,A,-,08,22107,NA,N,D,C,A,A,H,-,A,A,0,NA,NA,NA,NA,Y,NA,D,22,0,0,1,0,0,0,0,0,0,-,-,NA,NA,SAN BERNARDINO,SAN BERNARDINO,-117.27871704101563,34.05583953857422
8720075,2018,2018-10-25,3605,2018-09-17,1218,387,NA,1,5,4,3605,0,0,0,NA,0,NA,HOLT BL,VERNON AV,120,E,N,A,-,N,NA,NA,NA,NA,NA,NA,NA,NA,NA,Y,3,0,1,3,A,-,08,22107,NA,N,C,E,A,A,H,-,A,D,0,NA,NA,NA,NA,Y,NA,D,22,0,1,0,0,0,0,0,0,0,-,-,NA,NA,SAN BERNARDINO,MONTCLAIR,-117.68478393554688,34.06332015991211