CASE_ID,ACCIDENT_YEAR,PROC_DATE,JURIS,COLLISION_DATE,COLLISION_TIME,OFFICER_ID,REPORTING_DISTRICT,DAY_OF_WEEK,CHP_SHIFT,POPULATION,CNTY_CITY_LOC,SPECIAL_COND,BEAT_TYPE,CHP_BEAT_TYPE,CITY_DIVISION_LAPD,CHP_BEAT_CLASS,BEAT_NUMBER,PRIMARY_RD,SECONDARY_RD,DISTANCE,DIRECTION,INTERSECTION,WEATHER_1,WEATHER_2,STATE_HWY_IND,CALTRANS_COUNTY,CALTRANS_DISTRICT,STATE_ROUTE,ROUTE_SUFFIX,POSTMILE_PREFIX,POSTMILE,LOCATION_TYPE,RAMP_INTERSECTION,SIDE_OF_HWY,TOW_AWAY,COLLISION_SEVERITY,NUMBER_KILLED,NUMBER_INJURED,PARTY_COUNT,PRIMARY_COLL_FACTOR,PCF_CODE_OF_VIOL,PCF_VIOL_CATEGORY,PCF_VIOLATION,PCF_VIOL_SUBSECTION,HIT_AND_RUN,TYPE_OF_COLLISION,MVIW,PED_ACTION,ROAD_SURFACE,ROAD_COND_1,ROAD_COND_2,LIGHTING,CONTROL_DEVICE,CHP_ROAD_TYPE,PEDESTRIAN_ACCIDENT,BICYCLE_ACCIDENT,MOTORCYCLE_ACCIDENT,TRUCK_ACCIDENT,NOT_PRIVATE_PROPERTY,ALCOHOL_INVOLVED,STWD_VEHTYPE_AT_FAULT,CHP_VEHTYPE_AT_FAULT,COUNT_SEVERE_INJ,COUNT_VISIBLE_INJ,COUNT_COMPLAINT_PAIN,COUNT_PED_KILLED,COUNT_PED_INJURED,COUNT_BICYCLIST_KILLED,COUNT_BICYCLIST_INJURED,COUNT_MC_KILLED,COUNT_MC_INJURED,PRIMARY_RAMP,SECONDARY_RAMP,LATITUDE,LONGITUDE,COUNTY,CITY,POINT_X,POINT_Y
8720157,2018,2018-10-30,3600,2018-08-16,0825,D3559,RC046,4,5,6,3616,0,0,0,NA,0,001,BERYL ST,19TH ST,0,NA,Y,A,-,N,NA,NA,NA,NA,NA,NA,NA,NA,NA,Y,4,0,1,2,A,-,12,21453,A,N,D,C,A,A,H,-,A,A,0,NA,NA,NA,NA,Y,NA,A,07,0,0,1,0,0,0,0,0,0,-,-,NA,NA,SAN BERNARDINO,RANCHO CUCAMONGA,-117.60726165771484,34.13264846801758
8720453,2018,2018-10-26,3600,2018-10-08,1415,F7804,YC404,1,5,4,3640,0,0,0,NA,0,YC2,OAK GLEN RD,AVENUE E,0,NA,Y,A,-,N,NA,NA,NA,NA,NA,NA,NA,NA,NA,Y,4,0,2,2,A,-,09,21801,A,N,-,C,A,A,H,-,A,A,0,NA,NA,NA,NA,Y,NA,A,07,0,0,2,0,0,0,0,0,0,-,-,NA,NA,SAN BERNARDINO,YUCAIPA,-117.08177947998048,34.02544021606445
8720610,2018,2018-11-01,3604,2018-09-30,2008,1214,NA,7,5,6,3604,0,0,0,NA,0,NA,FOOTHILL BL,MAPLE AV,0,NA,Y,A,-,N,NA,NA,NA,NA,NA,NA,NA,NA,NA,Y,3,0,2,2,A,-,12,21453,A,N,D,C,A,A,H,-,C,A,0,NA,NA,NA,NA,Y,NA,A,01,0,2,0,0,0,0,0,0,0,-,-,NA,NA,SAN BERNARDINO,FONTANA,-117.4052734375,34.10673141479492
8721018,2018,2018-11-02,3600,2018-09-18,0037,F6927,VC004,2,5,5,3612,0,0,0,NA,0,NA,ARROWHEAD DR,NISQUALLI RD,0,NA,Y,A,-,N,NA,NA,NA,NA,NA,NA,NA,NA,NA,Y,4,0,1,2,A,-,12,21453,A,N,D,C,A,A,H,-,C,A,0,NA,NA,NA,NA,Y,NA,A,01,0,0,1,0,0,0,0,0,0,-,-,NA,NA,SAN BERNARDINO,VICTORVILLE,-117.31242370605467,34.48529815673828
8721080,2018,2018-10-29,3605,2018-09-29,2223,406,NA,6,5,4,3605,0,0,0,NA,0,NA,CENTRAL AV,HOLT BL,258,N,N,A,-,N,NA,NA,NA,NA,NA,NA,NA,NA,NA,N,4,0,1,2,A,-,21,22106,NA,N,C,C,A,A,H,-,C,A,0,NA,NA,NA,NA,Y,Y,A,01,0,0,1,0,0,0,0,0,0,-,-,NA,NA,SAN BERNARDINO,MONTCLAIR,-117.6897201538086,34.063995361328125
8722164,2018,2018-10-29,3600,2018-09-28,1157,C8643,RC002,5,5,6,3616,0,0,0,NA,0,006,ARROW RTE,ETIWANDA AV,0,NA,Y,A,-,N,NA,NA,NA,NA,NA,NA,NA,NA,NA,Y,4,0,2,3,A,-,12,21453,A,N,A,C,A,A,H,-,A,A,0,NA,NA,NA,NA,Y,NA,A,01,0,0,2,0,0,0,0,0,0,-,-,NA,NA,SAN BERNARDINO,RANCHO CUCAMONGA,-117.52377319335938,34.0990104675293
8722368,2018,2018-10-30,3600,2018-09-01,1810,D9726,RC036,6,5,6,3616,0,0,0,NA,0,004,6TH ST,HELLMAN AV,0,NA,Y,A,-,N,NA,NA,NA,NA,NA,NA,NA,NA,NA,Y,3,0,1,2,A,-,12,22450,A,N,D,C,A,A,H,-,A,A,0,NA,NA,NA,NA,Y,NA,A,01,0,1,0,0,0,0,0,0,0,-,-,NA,NA,SAN BERNARDINO,RANCHO CUCAMONGA,-117.6022720336914,34.0848503112793
8723045,2018,2018-11-02,3600,2018-09-26,1610,E4008,YC301,3,5,4,3640,0,0,0,NA,0,YC3,YUCAIPA BL,6TH ST,222,E,N,A,-,N,NA,NA,NA,NA,NA,NA,NA,NA,NA,N,4,0,1,2,A,-,03,22350,NA,N,C,C,A,A,H,-,A,A,0,NA,NA,NA,NA,Y,NA,A,01,0,0,1,0,0,0,0,0,0,-,-,NA,NA,SAN BERNARDINO,YUCAIPA,-117.0598602294922,34.033958435058594
8723074,2018,2018-11-02,3600,2018-09-27,1423,D2561,VC014,4,5,5,3612,0,0,0,NA,0,VC2,7TH ST,LA PAZ DR,0,NA,Y,A,-,N,NA,NA,NA,NA,NA,NA,NA,NA,NA,Y,4,0,1,2,A,-,12,21453,A,N,D,C,A,A,H,-,A,A,0,NA,NA,NA,NA,Y,NA,A,07,0,0,1,0,0,0,0,0,0,-,-,NA,NA,SAN BERNARDINO,VICTORVILLE,-117.3127899169922,34.516658782958984
8725056,2018,2018-10-24,3604,2018-10-02,2025,1163,NA,2,5,6,3604,0,0,0,NA,0,NA,FALCON RIDGE,BEECH AV,400,N,N,A,-,N,NA,NA,NA,NA,NA,NA,NA,NA,NA,N,4,0,1,2,A,-,03,22350,NA,N,D,C,A,A,H,-,C,D,0,NA,NA,NA,NA,Y,NA,A,01,0,0,1,0,0,0,0,0,0,-,-,NA,NA,SAN BERNARDINO,FONTANA,-117.4739227294922,34.15095138549805
8725638,2018,2018-11-05,3600,2018-09-13,1644,B3501,RC028,4,5,6,3616,0,0,0,NA,0,0RC,HERMOSA AV,19TH ST,0,NA,Y,A,-,N,NA,NA,NA,NA,NA,NA,NA,NA,NA,Y,3,0,1,2,A,-,09,21801,A,N,A,C,A,A,H,-,A,A,0,NA,NA,NA,NA,Y,NA,A,01,0,1,0,0,0,0,0,0,0,-,-,NA,NA,SAN BERNARDINO,RANCHO CUCAMONGA,-117.58477783203124,34.13243865966797
8725974,2018,2018-11-07,3609,2018-09-15,1150,7379,RI146,6,5,5,3609,0,0,0,NA,0,003,CEDAR AV,MERRILL AV,100,N,N,A,-,N,NA,NA,NA,NA,NA,NA,NA,NA,NA,N,4,0,1,2,A,-,09,21804,NA,N,D,G,A,A,H,-,A,A,0,NA,Y,NA,NA,Y,NA,L,04,0,0,1,0,0,0,1,0,0,-,-,34.09775161743164,-117.39264678955078,SAN BERNARDINO,RIALTO,-117.39652252197266,34.09251403808594
8725976,2018,2018-11-07,3609,2018-09-05,2039,0456,RI169,3,5,5,3609,0,0,0,NA,0,003,CACTUS AV,SEQUOIA AV,112,N,N,A,-,N,NA,NA,NA,NA,NA,NA,NA,NA,NA,N,4,0,1,2,A,-,08,22107,NA,N,D,C,A,A,H,-,C,A,0,NA,NA,NA,NA,Y,NA,A,01,0,0,1,0,0,0,0,0,0,-,-,34.08340072631836,-117.38359832763672,SAN BERNARDINO,RIALTO,-117.3834228515625,34.0828971862793
8725978,2018,2018-11-07,3609,2018-09-30,1135,5403,RI037,7,5,5,3609,0,0,0,NA,0,001,BOHNERT AV,AYALA DR,0,NA,Y,A,-,N,NA,NA,NA,NA,NA,NA,NA,NA,NA,Y,4,0,2,2,A,-,12,21453,A,N,D,C,A,A,-,-,A,A,0,NA,NA,NA,NA,Y,NA,A,01,0,0,2,0,0,0,0,0,0,-,-,34.14305114746094,-117.39144134521484,SAN BERNARDINO,RIALTO,-117.3923110961914,34.14313888549805
8726338,2018,2018-11-13,3604,2018-10-22,0846,509,NA,1,5,6,3604,0,0,0,NA,0,NA,JUNIPER AV,ORANGE WY,0,NA,Y,A,-,N,NA,NA,NA,NA,NA,NA,NA,NA,NA,Y,4,0,2,2,C,-,18,NA,NA,N,D,C,A,A,H,-,A,A,0,NA,NA,NA,NA,Y,NA,-,-,0,0,2,0,0,0,0,0,0,-,-,NA,NA,SAN BERNARDINO,FONTANA,-117.44011688232422,34.09584045410156
8726346,2018,2018-11-13,3604,2018-10-13,1200,1233,NA,6,5,6,3604,0,0,0,NA,0,NA,SIERRA AV,MILLER AV,0,NA,Y,C,-,N,NA,NA,NA,NA,NA,NA,NA,NA,NA,N,4,0,1,2,A,-,12,21453,A,N,D,C,A,B,H,-,A,A,0,NA,NA,NA,NA,Y,NA,-,-,0,0,1,0,0,0,0,0,0,-,-,NA,NA,SAN BERNARDINO,FONTANA,-117.43585205078124,34.11391067504883
8726361,2018,2018-11-05,3610,2018-09-14,1835,51042,NA,5,5,6,3610,0,0,0,NA,0,DAVID,W 5TH ST,D ST,46,N,N,A,-,N,NA,NA,NA,NA,NA,NA,NA,NA,NA,Y,4,0,1,3,A,-,12,21453,A,N,D,C,A,A,H,-,E,A,0,NA,NA,NA,NA,Y,NA,A,01,0,0,1,0,0,0,0,0,0,-,-,34.10831069946289,-117.29190826416016,SAN BERNARDINO,SAN BERNARDINO,-117.29189300537108,34.10831069946289
8726473,2018,2018-11-06,3600,2018-10-13,2500,E3005,NA,6,5,6,3616,0,0,0,NA,0,NA,MILLIKEN AV,AZUSA CT,394,N,N,C,-,N,NA,NA,NA,NA,NA,NA,NA,NA,NA,N,4,0,1,1,A,-,01,23152,A,N,E,I,A,B,H,-,C,A,0,NA,NA,NA,NA,Y,Y,A,01,0,0,1,0,0,0,0,0,0,-,-,NA,NA,SAN BERNARDINO,RANCHO CUCAMONGA,-117.55805206298828,34.09107208251953
8726844,2018,2019-01-07,3602,2018-09-18,1622,3172,NA,2,5,5,3602,0,0,0,NA,0,002,CENTRAL AV,PHILADELPHIA ST,53,S,N,A,-,N,NA,NA,NA,NA,NA,NA,NA,NA,NA,N,4,0,1,2,A,-,03,22350,NA,N,C,C,A,A,H,-,A,A,0,NA,NA,NA,NA,Y,NA,D,22,0,0,1,0,0,0,0,0,0,-,-,NA,NA,SAN BERNARDINO,CHINO,-117.68956756591795,34.03341293334961
8727030,2018,2018-11-06,3610,2018-10-10,1730,50761,NA,3,5,6,3610,0,0,0,NA,0,NA,W MILL ST,S K ST,172,W,N,A,-,N,NA,NA,NA,NA,NA,NA,NA,NA,NA,Y,4,0,1,3,A,-,05,21651,B,F,A,C,A,A,H,-,B,D,0,NA,NA,NA,NA,Y,NA,A,07,0,0,1,0,0,0,0,0,0,-,-,34.09217071533203,-117.3076629638672,SAN BERNARDINO,SAN BERNARDINO,-117.30820465087892,34.0921516418457
8728455,2018,2018-11-26,3600,2018-10-21,1830,F6901,CH004,7,5,5,3630,0,0,0,NA,0,CH1,EUCALYPTUS AV,FOXGLOVE DR,0,NA,Y,A,-,N,NA,NA,NA,NA,NA,NA,NA,NA,NA,Y,3,0,2,3,A,-,09,21801,A,N,A,C,A,A,H,-,B,D,0,NA,NA,NA,NA,Y,NA,A,07,0,1,1,0,0,0,0,0,0,-,-,NA,NA,SAN BERNARDINO,CHINO HILLS,-117.72541046142578,33.98978042602539
8728481,2018,2018-11-14,3608,2018-10-20,0041,4229,CENTR,6,5,5,3608,0,0,0,NA,0,NA,6TH ST,THE TERRACE,0,NA,Y,A,-,N,NA,NA,NA,NA,NA,NA,NA,NA,NA,N,4,0,2,2,A,-,08,22107,NA,N,D,C,A,A,H,-,C,D,0,NA,NA,NA,NA,Y,NA,A,01,0,0,2,0,0,0,0,0,0,-,-,NA,NA,SAN BERNARDINO,REDLANDS,-117.18035888671876,34.06258010864258
8729601,2018,2018-11-14,3610,2018-10-15,1850,51130,NA,1,5,6,3610,0,0,0,NA,0,ADAM,W MILL ST,S K ST,0,NA,Y,A,-,N,NA,NA,NA,NA,NA,NA,NA,NA,NA,Y,4,0,1,2,A,-,09,21800,D,N,B,C,A,A,H,-,E,B,0,NA,NA,NA,NA,Y,NA,A,01,0,0,1,0,0,0,0,0,0,-,-,34.09217071533203,-117.3076629638672,SAN BERNARDINO,SAN BERNARDINO,-117.3076400756836,34.0921516418457
8729764,2018,2018-11-21,3600,2018-11-03,0006,G4523,HI004,6,5,4,3618,0,0,0,NA,0,HI1,BASELINE ST,DEL ROSA,0,NA,Y,A,-,N,NA,NA,NA,NA,NA,NA,NA,NA,NA,Y,3,0,2,1,A,-,01,23152,A,N,A,I,A,A,H,-,C,D,0,NA,NA,NA,NA,Y,Y,-,NA,0,2,0,0,0,0,0,0,0,-,-,NA,NA,SAN BERNARDINO,HIGHLAND,-117.25251770019533,34.12131118774414
8730189,2018,2018-11-29,3600,2018-10-10,2018,G8525,VC048,3,5,5,3612,0,0,0,NA,0,VC6,TAWNEY RIDGE LN,VILLAGE DR,0,NA,Y,A,-,N,NA,NA,NA,NA,NA,NA,NA,NA,NA,Y,3,0,2,2,A,-,09,21802,A,N,D,C,A,A,H,-,C,A,0,NA,NA,NA,NA,Y,NA,A,01,0,1,1,0,0,0,0,0,0,-,-,NA,NA,SAN BERNARDINO,VICTORVILLE,-117.3176498413086,34.5363883972168
8730476,2018,2018-11-15,3602,2018-08-02,0534,3618,27,4,5,5,3602,0,0,0,NA,0,001,RAMONA AV,WILSON AV,169,N,N,A,-,N,NA,NA,NA,NA,NA,NA,NA,NA,NA,N,3,0,1,2,A,-,03,22350,NA,N,C,E,A,A,H,-,C,D,0,NA,NA,NA,Y,Y,NA,A,01,0,1,0,0,0,0,0,0,0,-,-,NA,NA,SAN BERNARDINO,CHINO,-117.706787109375,34.022281646728516
8730848,2018,2018-11-01,3609,2018-10-17,0820,8510,RI190,3,5,5,3609,0,0,0,NA,0,003,CACTUS AV,VALLEY BL,29,N,N,A,-,N,NA,NA,NA,NA,NA,NA,NA,NA,NA,Y,3,0,1,2,A,-,00,23103,NA,F,D,C,A,A,H,-,A,A,0,NA,NA,NA,NA,Y,NA,A,01,0,1,0,0,0,0,0,0,0,-,-,34.07072067260742,-117.38327026367188,SAN BERNARDINO,RIALTO,-117.38336944580078,34.070579528808594
8730860,2018,2018-11-01,3609,2018-10-06,1350,5403,RI159,6,5,5,3609,0,0,0,NA,0,003,CACTUS AV,RANDALL AV,0,NA,Y,A,-,N,NA,NA,NA,NA,NA,NA,NA,NA,NA,Y,4,0,1,2,A,-,09,21801,A,N,D,C,A,A,H,-,A,A,0,NA,NA,NA,NA,Y,NA,A,07,0,0,1,0,0,0,0,0,0,-,-,34.0807991027832,-117.38150024414063,SAN BERNARDINO,RIALTO,-117.38343048095705,34.084991455078125
8732732,2018,2018-11-16,3610,2018-10-25,1838,50343,NA,4,5,6,3610,0,0,0,NA,0,ADAM,WEST HIGHLAND AV,N MASSACHUSETTS AV,0,NA,Y,A,-,N,NA,NA,NA,NA,NA,NA,NA,NA,NA,Y,4,0,2,2,A,-,08,22107,NA,N,D,C,A,A,H,-,C,D,0,NA,NA,NA,NA,Y,NA,A,07,0,0,2,0,0,0,0,0,0,-,-,NA,NA,SAN BERNARDINO,SAN BERNARDINO,-117.30856323242188,34.13603973388672
8733073,2018,2019-01-17,3610,2018-10-07,1822,50993,NA,7,5,6,3610,0,0,0,NA,0,POLICE,RT 215,W 3RD ST,0,NA,Y,A,-,Y,SBD,8,215,-,-,7.09,R,4,N,Y,4,0,2,2,A,-,12,21453,A,N,D,C,A,A,H,-,A,A,0,NA,NA,NA,NA,Y,NA,A,01,0,0,2,0,0,0,0,0,0,-,-,34.112300872802734,-117.29197692871094,SAN BERNARDINO,SAN BERNARDINO,-117.30240631103516,34.10700988769531
8733175,2018,2019-01-23,3610,2018-10-10,1530,50761,NA,3,5,6,3610,0,0,0,NA,0,POLICE,W 3RD ST,RT 215,0,NA,Y,A,-,Y,SBD,8,215,-,-,7.09,R,4,N,Y,2,0,2,2,A,-,12,21453,A,N,D,C,A,A,H,-,A,A,0,NA,NA,Y,NA,Y,NA,A,01,1,1,0,0,0,0,0,0,1,-,NO,NA,NA,SAN BERNARDINO,SAN BERNARDINO,-117.30240631103516,34.10700988769531
8733285,2018,2018-11-07,3600,2018-09-26,0905,F5234,HI014,3,5,4,3618,0,0,0,NA,0,HI2,PALM AV,5TH ST,0,NA,Y,A,-,N,NA,NA,NA,NA,NA,NA,NA,NA,NA,N,4,0,1,2,A,-,12,21453,A,N,D,C,A,A,H,-,A,A,0,NA,NA,NA,NA,Y,NA,-,NA,0,0,1,0,0,0,0,0,0,-,-,NA,NA,SAN BERNARDINO,HIGHLAND,-117.20880126953124,34.107879638671875
8734142,2018,2018-11-21,3600,2018-10-02,0925,C555899,RCCC,2,5,6,3616,0,0,0,NA,0,NA,HAVEN AV,COLLEGE DR,24,W,N,A,-,N,NA,NA,NA,NA,NA,NA,NA,NA,NA,N,3,0,1,2,A,-,11,21954,A,N,B,B,E,A,D,-,A,D,0,Y,NA,NA,NA,Y,NA,-,NA,0,1,0,0,1,0,0,0,0,-,-,34.148319244384766,-117.56905364990234,SAN BERNARDINO,RANCHO CUCAMONGA,-117.5759048461914,34.14569091796875
8735732,2018,2019-01-17,3600,2018-10-24,1122,G4629,CH014,3,5,5,3630,0,0,0,NA,0,CH02,RAMONA AV,RT 71,0,NA,Y,A,-,Y,SBD,8,71,-,R,3.75,R,4,S,Y,4,0,5,2,A,-,12,21453,A,N,D,C,A,A,H,-,A,A,0,NA,NA,NA,NA,Y,NA,A,01,0,0,5,0,0,0,0,0,0,-,-,NA,NA,SAN BERNARDINO,CHINO HILLS,-117.703857421875,33.979270935058594
8736106,2018,2018-11-19,3600,2018-10-16,1614,D2561,VC073,2,5,5,3612,0,0,0,NA,0,VC5,HOOK BL,EL EVADO RD,0,NA,Y,A,-,N,NA,NA,NA,NA,NA,NA,NA,NA,NA,N,4,0,1,2,A,-,03,22350,NA,N,C,C,A,A,H,-,A,A,0,NA,NA,NA,NA,Y,NA,D,22,0,0,1,0,0,0,0,0,0,-,-,NA,NA,SAN BERNARDINO,VICTORVILLE,-117.34677124023438,34.52125930786133
8738627,2018,2019-01-17,3610,2018-10-23,1650,51104,NA,2,5,6,3610,0,0,0,NA,0,POLICE,N MT VERNON AV,RT 215,49,W,N,A,-,Y,SBD,8,215,-,-,2.552,R,4,S,N,4,0,1,2,A,-,03,22350,NA,F,C,C,A,A,H,-,A,D,0,NA,NA,NA,NA,Y,NA,A,01,0,0,1,0,0,0,0,0,0,-,SF,34.196468353271484,-117.33925628662108,SAN BERNARDINO,SAN BERNARDINO,-117.30947875976563,34.046409606933594
8740996,2018,2018-11-19,3608,2018-10-10,1520,4523,3608,3,5,5,3608,0,0,0,NA,0,NA,SAN TIMOTEO CANYON RD,DARLENE WY,31,N,N,A,-,N,NA,NA,NA,NA,NA,NA,NA,NA,NA,Y,3,0,1,1,A,-,03,22350,NA,N,F,A,A,A,H,-,A,D,0,NA,NA,Y,NA,Y,NA,C,02,0,1,0,0,0,0,0,0,1,-,-,NA,NA,SAN BERNARDINO,REDLANDS,-117.21116638183594,34.039024353027344
8741004,2018,2018-11-20,3608,2018-10-18,1410,4707,NA,4,5,5,3608,0,0,0,NA,0,NA,HENRIETTA ST,ELIZABETH ST,318,S,N,A,-,N,NA,NA,NA,NA,NA,NA,NA,NA,NA,N,3,0,1,2,A,-,03,22350,NA,N,C,I,A,A,D,-,A,D,0,NA,NA,NA,NA,Y,NA,A,01,0,1,0,0,0,0,0,0,0,-,-,NA,NA,SAN BERNARDINO,REDLANDS,-117.1641845703125,34.0299186706543
8741016,2018,2018-11-20,3608,2018-10-16,2010,4824,NA,2,5,5,3608,0,0,0,NA,0,NA,E STATE ST,N 6TH ST,0,NA,Y,A,-,N,NA,NA,NA,NA,NA,NA,NA,NA,NA,N,4,0,1,2,A,-,12,22450,A,N,D,C,A,A,H,-,C,A,0,NA,NA,NA,NA,Y,NA,A,07,0,0,1,0,0,0,0,0,0,-,-,34.056400299072266,-117.1802978515625,SAN BERNARDINO,REDLANDS,-117.18035888671876,34.05643081665039
8741608,2018,2018-12-04,3600,2018-10-28,2151,G3824,BL208,7,5,2,3680,0,0,0,NA,0,BL2,SUMMIT BL,CHALET LN,189,S,N,A,-,N,NA,NA,NA,NA,NA,NA,NA,NA,NA,Y,4,0,1,2,A,-,03,22350,NA,N,C,E,A,A,H,-,D,D,0,NA,NA,NA,NA,Y,NA,A,71,0,0,1,0,0,0,0,0,0,-,-,NA,NA,SAN BERNARDINO,BIG BEAR LAKE,-116.88842010498048,34.23991394042969
8741731,2018,2018-12-03,3604,2018-10-15,1637,1163,NA,1,5,6,3604,0,0,0,NA,0,NA,CITRUS AV,FONTANA AV,0,NA,Y,A,-,N,NA,NA,NA,NA,NA,NA,NA,NA,NA,N,4,0,1,2,A,-,03,22350,NA,N,C,C,A,A,H,-,A,A,0,NA,NA,NA,NA,Y,NA,A,01,0,0,1,0,0,0,0,0,0,-,-,NA,NA,SAN BERNARDINO,FONTANA,-117.45574951171876,34.08662033081055
8742076,2018,2018-12-03,3600,2018-10-19,2315,F7805,HI105,5,5,4,3618,0,0,0,NA,0,HI2,BASELINE ST,PALM AVE,34,E,N,A,-,N,NA,NA,NA,NA,NA,NA,NA,NA,NA,Y,4,0,1,2,A,-,07,21658,NA,N,C,C,A,A,H,-,C,A,0,NA,NA,NA,NA,Y,NA,A,01,0,0,1,0,0,0,0,0,0,-,-,NA,NA,SAN BERNARDINO,HIGHLAND,-117.20864105224608,34.12123489379883
8742442,2018,2018-11-27,3600,2018-10-24,0655,F4772,VC057,3,5,5,3612,0,0,0,NA,0,VC5,SENECA RD,EL EVADO RD,273,W,N,A,-,N,NA,NA,NA,NA,NA,NA,NA,NA,NA,Y,4,0,1,2,A,-,09,21804,A,N,D,C,A,A,H,-,A,A,0,NA,NA,NA,NA,Y,NA,A,01,0,0,1,0,0,0,0,0,0,-,-,NA,NA,SAN BERNARDINO,VICTORVILLE,-117.34764099121094,34.51401901245117
8742870,2018,2019-01-24,3605,2018-11-01,0959,257,NA,4,5,4,3605,0,0,0,NA,0,NA,MONTE VISTA AV,RT 10,20,N,N,A,-,Y,SBD,8,10,-,-,0.831,R,4,W,Y,4,0,2,2,A,-,09,21453,C,N,C,C,A,A,H,-,A,A,0,NA,NA,NA,NA,Y,NA,A,01,0,0,2,0,0,0,0,0,0,-,WF,NA,NA,SAN BERNARDINO,MONTCLAIR,-117.69614410400392,34.08283996582031
8742875,2018,2018-11-29,3608,2018-11-12,2102,3372,RDLAN,1,5,5,3608,0,0,0,NA,0,NA,UNIVERSITY PL,E CITRUS AV,152,S,N,A,-,N,NA,NA,NA,NA,NA,NA,NA,NA,NA,Y,4,0,1,3,A,-,08,22107,NA,N,A,E,A,A,H,-,C,D,0,NA,NA,NA,NA,Y,NA,A,07,0,0,1,0,0,0,0,0,0,-,-,NA,NA,SAN BERNARDINO,REDLANDS,-117.16584014892578,34.055233001708984
8744107,2018,2019-01-17,3600,2018-10-20,1525,E2262,AD315,6,5,3,3613,0,0,0,NA,0,AD2,PALMDALE RD,BELLFLOWER ST,95,E,N,A,-,Y,SBD,8,18,-,-,101.94,H,-,S,Y,4,0,1,3,A,-,08,22107,NA,N,D,C,A,A,H,-,A,A,0,NA,NA,NA,NA,Y,NA,A,01,0,0,1,0,0,0,0,0,0,-,-,NA,NA,SAN BERNARDINO,ADELANTO,-117.41681671142578,34.5067138671875
8744145,2018,2018-12-21,3610,2018-10-29,1841,50343,NA,1,5,6,3610,0,0,0,NA,0,POLICE,N RANCHO AV,RIALTO AV,1584,N,N,A,-,N,NA,NA,NA,NA,NA,NA,NA,NA,NA,Y,4,0,2,2,C,-,18,NA,NA,N,D,F,A,A,H,-,C,A,0,NA,NA,NA,NA,Y,NA,-,-,0,0,2,0,0,0,0,0,0,-,-,NA,NA,SAN BERNARDINO,SAN BERNARDINO,-117.33259582519533,34.10400390625
8744683,2018,2019-01-17,3604,2018-11-16,1556,1156,NA,5,5,6,3604,0,0,0,NA,0,NA,BASELINE AV,CHERRY AV,225,E,N,A,-,N,NA,NA,NA,NA,NA,NA,NA,NA,NA,Y,4,0,2,2,A,-,09,21804,A,N,D,C,A,A,H,-,A,A,0,NA,NA,NA,NA,Y,NA,A,01,0,0,2,0,0,0,0,0,0,-,-,NA,NA,SAN BERNARDINO,FONTANA,-117.48786926269533,34.12151336669922
8744691,2018,2019-02-19,3604,2018-11-19,2334,1214,NA,1,5,6,3604,0,0,0,NA,0,NA,SIERRA AV,RT 10,0,NA,Y,A,-,Y,SBD,8,10,-,-,16.198,R,4,E,Y,4,0,1,2,A,-,01,23152,A,N,A,C,A,A,H,-,C,A,0,NA,NA,NA,NA,Y,Y,A,01,0,0,1,0,0,0,0,0,0,-,-,NA,NA,SAN BERNARDINO,FONTANA,-117.43608856201172,34.06729507446289
8744699,2018,2019-01-17,3604,2018-11-17,1836,1214,NA,6,5,6,3604,0,0,0,NA,0,NA,MAPLE AV,MCCULEY ST,88,S,N,A,-,N,NA,NA,NA,NA,NA,NA,NA,NA,NA,Y,4,0,2,2,A,-,03,22350,NA,N,C,E,A,A,H,-,C,D,0,NA,NA,NA,NA,Y,NA,A,01,0,0,2,0,0,0,0,0,0,-,-,NA,NA,SAN BERNARDINO,FONTANA,-117.4052734375,34.103729248046875
8745453,2018,2018-12-06,3604,2018-10-28,0420,1146,NA,7,5,6,3604,0,0,0,NA,0,003,SAN BERNARDINO AV,ENCINA AV,300,W,N,A,-,N,NA,NA,NA,NA,NA,NA,NA,NA,NA,N,4,0,1,2,A,-,03,22350,NA,N,C,E,A,A,H,-,C,A,0,NA,NA,NA,NA,Y,NA,A,01,0,0,1,0,0,0,0,0,0,-,-,NA,NA,SAN BERNARDINO,FONTANA,-117.42522430419922,34.07761001586914
8746096,2018,2018-12-03,3608,2018-10-27,0548,4834,RPD,6,5,5,3608,0,0,0,NA,0,NA,CALIFORNIA ST,RT 10,0,NA,Y,A,-,N,NA,NA,NA,NA,NA,NA,NA,NA,NA,Y,4,0,2,2,A,-,12,21453,A,N,D,C,A,A,H,-,C,A,0,NA,NA,NA,NA,Y,NA,A,01,0,0,2,0,0,0,0,0,0,-,EF,NA,NA,SAN BERNARDINO,REDLANDS,-117.22618865966795,34.06673049926758
8746806,2018,2018-12-12,3610,2018-10-31,1540,50994,NA,3,5,6,3610,0,0,0,NA,0,NA,S VICTORIA AV,E 5TH ST,0,NA,Y,A,-,N,NA,NA,NA,NA,NA,NA,NA,NA,NA,Y,4,0,1,2,A,-,09,21802,A,N,A,C,A,A,A,-,A,A,0,NA,NA,NA,NA,Y,NA,D,22,0,0,1,0,0,0,0,0,0,-,-,34.10845184326172,-117.22617340087892,SAN BERNARDINO,SAN BERNARDINO,-117.22618865966795,34.10844039916992
8749406,2018,2019-01-26,3600,2018-12-06,2035,D8581,YC103,4,5,4,3640,0,0,0,NA,0,NA,YUCAIPA BL,OAK GLEN RD,285,E,N,C,-,N,NA,NA,NA,NA,NA,NA,NA,NA,NA,Y,4,0,2,2,A,-,03,22350,NA,N,E,C,A,B,H,-,C,D,0,NA,NA,NA,NA,Y,NA,D,22,0,0,2,0,0,0,0,0,0,-,-,NA,NA,SAN BERNARDINO,YUCAIPA,-117.07207489013672,34.03387451171875