CASE_ID,ACCIDENT_YEAR,PROC_DATE,JURIS,COLLISION_DATE,COLLISION_TIME,OFFICER_ID,REPORTING_DISTRICT,DAY_OF_WEEK,CHP_SHIFT,POPULATION,CNTY_CITY_LOC,SPECIAL_COND,BEAT_TYPE,CHP_BEAT_TYPE,CITY_DIVISION_LAPD,CHP_BEAT_CLASS,BEAT_NUMBER,PRIMARY_RD,SECONDARY_RD,DISTANCE,DIRECTION,INTERSECTION,WEATHER_1,WEATHER_2,STATE_HWY_IND,CALTRANS_COUNTY,CALTRANS_DISTRICT,STATE_ROUTE,ROUTE_SUFFIX,POSTMILE_PREFIX,POSTMILE,LOCATION_TYPE,RAMP_INTERSECTION,SIDE_OF_HWY,TOW_AWAY,COLLISION_SEVERITY,NUMBER_KILLED,NUMBER_INJURED,PARTY_COUNT,PRIMARY_COLL_FACTOR,PCF_CODE_OF_VIOL,PCF_VIOL_CATEGORY,PCF_VIOLATION,PCF_VIOL_SUBSECTION,HIT_AND_RUN,TYPE_OF_COLLISION,MVIW,PED_ACTION,ROAD_SURFACE,ROAD_COND_1,ROAD_COND_2,LIGHTING,CONTROL_DEVICE,CHP_ROAD_TYPE,PEDESTRIAN_ACCIDENT,BICYCLE_ACCIDENT,MOTORCYCLE_ACCIDENT,TRUCK_ACCIDENT,NOT_PRIVATE_PROPERTY,ALCOHOL_INVOLVED,STWD_VEHTYPE_AT_FAULT,CHP_VEHTYPE_AT_FAULT,COUNT_SEVERE_INJ,COUNT_VISIBLE_INJ,COUNT_COMPLAINT_PAIN,COUNT_PED_KILLED,COUNT_PED_INJURED,COUNT_BICYCLIST_KILLED,COUNT_BICYCLIST_INJURED,COUNT_MC_KILLED,COUNT_MC_INJURED,PRIMARY_RAMP,SECONDARY_RAMP,LATITUDE,LONGITUDE,COUNTY,CITY,POINT_X,POINT_Y
8751365,2018,2018-12-10,3610,2018-10-22,1912,51049,NA,1,5,6,3610,0,0,0,NA,0,POLICE,W NORTHPARK BL,N MOUNTAIN DR,0,NA,Y,A,-,N,NA,NA,NA,NA,NA,NA,NA,NA,NA,NA,3,0,4,2,A,-,08,22107,NA,N,D,C,A,A,H,-,C,A,0,NA,NA,NA,NA,Y,NA,A,01,0,2,2,0,0,0,0,0,0,-,-,34.17869186401367,-117.30712890625,SAN BERNARDINO,SAN BERNARDINO,-117.3071517944336,34.17863845825195
8751484,2018,2019-01-10,3600,2018-10-20,0036,F9716,GT007,6,5,3,3690,0,0,0,NA,0,GT1,DE BERRY ST,STONEWOOD DR,0,NA,Y,A,-,N,NA,NA,NA,NA,NA,NA,NA,NA,NA,Y,4,0,2,2,A,-,03,22350,NA,F,A,I,A,A,H,-,C,D,0,NA,NA,NA,NA,Y,NA,A,01,0,0,2,0,0,0,0,0,0,-,-,NA,NA,SAN BERNARDINO,GRAND TERRACE,-117.32016754150392,34.03025817871094
8751905,2018,2019-01-17,3600,2018-11-13,0800,F3794,VC021,2,5,5,3612,0,0,0,NA,0,0V3,INDUSTRIAL BL,BEAR VALLEY RD,252,N,N,A,-,N,NA,NA,NA,NA,NA,NA,NA,NA,NA,Y,4,0,1,2,A,-,09,21801,A,N,D,C,A,A,H,-,A,D,0,NA,NA,NA,NA,Y,NA,A,01,0,0,1,0,0,0,0,0,0,-,-,NA,NA,SAN BERNARDINO,VICTORVILLE,-117.28289031982422,34.4717903137207
8752317,2018,2019-01-15,3610,2018-11-09,1800,51065,NA,5,5,6,3610,0,0,0,NA,0,POLICE,W BASELINE ST,N MASSACHUSETTS AV,0,NA,Y,A,-,N,NA,NA,NA,NA,NA,NA,NA,NA,NA,Y,4,0,3,2,A,-,12,22450,A,N,D,C,A,A,H,-,C,A,0,NA,NA,NA,NA,Y,NA,A,07,0,0,3,0,0,0,0,0,0,-,-,34.12131118774414,-117.30848693847656,SAN BERNARDINO,SAN BERNARDINO,-117.30848693847656,34.12133026123047
8752926,2018,2018-12-21,3610,2018-11-18,1426,51166,NA,7,5,6,3610,0,0,0,NA,0,POLICE,W 9TH ST,N MEDICAL CENTER DR,0,NA,Y,A,-,N,NA,NA,NA,NA,NA,NA,NA,NA,NA,Y,3,0,1,3,A,-,12,21453,A,N,D,C,A,A,H,-,A,A,0,NA,NA,NA,NA,Y,NA,A,01,0,1,0,0,0,0,0,0,0,-,-,34.115779876708984,-117.32256317138672,SAN BERNARDINO,SAN BERNARDINO,-117.32257080078124,34.11576843261719
8752946,2018,2018-12-21,3610,2018-11-19,1542,51045,NA,1,5,6,3610,0,0,0,NA,0,POLICE,E 27TH ST,NORTH SIERRA WY,0,NA,Y,A,-,N,NA,NA,NA,NA,NA,NA,NA,NA,NA,Y,4,0,1,2,A,-,09,21802,A,F,D,C,A,A,H,-,A,D,0,NA,NA,NA,NA,Y,NA,A,01,0,0,1,0,0,0,0,0,0,-,-,34.14065933227539,-117.28514099121094,SAN BERNARDINO,SAN BERNARDINO,-117.2851333618164,34.14064025878906
8752954,2018,2018-12-21,3610,2018-11-21,0937,50675,NA,3,5,6,3610,0,0,0,NA,0,POLICE,N MOUNTAIN AV,39TH ST,33,N,N,A,-,N,NA,NA,NA,NA,NA,NA,NA,NA,NA,Y,4,0,1,1,A,-,08,22107,NA,N,E,I,A,A,H,-,A,D,0,NA,NA,NA,NA,Y,NA,A,01,0,0,1,0,0,0,0,0,0,-,-,NA,NA,SAN BERNARDINO,SAN BERNARDINO,-117.25682830810548,34.16135025024414
8753430,2018,2018-12-24,3600,2018-11-29,1416,D2561,VC064,4,5,5,3612,0,0,0,NA,0,NA,AMARGOSA RD,LUNA RD,657,N,N,B,C,N,NA,NA,NA,NA,NA,NA,NA,NA,NA,Y,3,0,1,1,A,-,03,22350,NA,N,E,I,A,B,H,-,A,A,0,NA,NA,NA,NA,Y,NA,A,01,0,1,0,0,0,0,0,0,0,-,-,NA,NA,SAN BERNARDINO,VICTORVILLE,-117.33050537109376,34.493797302246094
8753993,2018,2018-12-17,3600,2018-11-28,1308,B3951,HI011,3,5,4,3618,0,0,0,NA,0,HI2,BASELINE ST,HILLVIEW ST,110,W,N,A,-,N,NA,NA,NA,NA,NA,NA,NA,NA,NA,Y,4,0,1,2,A,-,03,22350,NA,N,C,C,A,-,H,-,A,A,0,NA,NA,NA,NA,Y,NA,-,NA,0,0,1,0,0,0,0,0,0,-,-,NA,NA,SAN BERNARDINO,HIGHLAND,-117.22084045410156,34.12126159667969
8754941,2018,2019-01-25,3600,2018-11-02,1329,G2613,YC207,5,5,4,3640,0,0,0,NA,0,NA,DATE AV,CALIFORNIA ST,0,NA,Y,A,-,N,NA,NA,NA,NA,NA,NA,NA,NA,NA,N,4,0,1,2,A,-,09,21801,NA,N,A,G,A,A,H,-,A,A,0,NA,Y,NA,NA,Y,NA,L,04,0,0,1,0,0,0,1,0,0,-,-,NA,NA,SAN BERNARDINO,YUCAIPA,-117.039306640625,34.04113006591797
8755604,2018,2018-12-20,3600,2018-12-11,0752,D4321,AP022,2,5,5,3621,0,0,0,NA,0,AP4,BEAR VALLEY RD,CENTRAL RD,1004,E,N,A,-,N,NA,NA,NA,NA,NA,NA,NA,NA,NA,N,4,0,1,2,A,-,03,22350,NA,N,C,C,A,A,H,-,A,D,0,NA,NA,NA,NA,Y,NA,A,07,0,0,1,0,0,0,0,0,0,-,-,NA,NA,SAN BERNARDINO,APPLE VALLEY,-117.16932678222656,34.471641540527344
8756203,2018,2019-01-30,3600,2018-12-01,1907,D3381,VC075,6,5,5,3612,0,0,0,NA,0,VC6,MOJAVE DR,TOPANGO RD,0,NA,Y,A,-,N,NA,NA,NA,NA,NA,NA,NA,NA,NA,Y,4,0,4,3,A,-,03,22350,NA,N,C,C,A,A,H,-,C,A,0,NA,NA,NA,NA,Y,NA,A,01,0,0,4,0,0,0,0,0,0,-,-,NA,NA,SAN BERNARDINO,VICTORVILLE,-117.32682800292967,34.52873992919922
8756721,2018,2019-02-19,3600,2018-11-13,0902,A7108,CH025,2,5,5,3630,0,0,0,NA,0,CH1,CHINO HILLS PKWY,GRAND AV,0,NA,Y,A,-,N,NA,NA,NA,NA,NA,NA,NA,NA,NA,N,4,0,1,3,A,-,03,22350,NA,N,C,C,A,A,H,-,A,A,0,NA,NA,NA,NA,Y,NA,-,99,0,0,1,0,0,0,0,0,0,-,-,NA,NA,SAN BERNARDINO,CHINO HILLS,-117.75868225097656,33.99562072753906
8758544,2018,2019-02-28,3600,2018-11-18,1450,H5858,AD311,7,5,3,3613,0,0,0,NA,0,AD2,STAR ST,JONATHAN ST,147,E,N,A,-,N,NA,NA,NA,NA,NA,NA,NA,NA,NA,N,3,0,1,2,A,-,08,22107,NA,N,A,E,A,A,H,-,A,A,0,NA,NA,Y,NA,Y,NA,C,02,0,1,0,0,0,0,0,0,1,-,-,NA,NA,SAN BERNARDINO,ADELANTO,-117.4076919555664,34.5248908996582
8758824,2018,2018-12-18,3603,2018-03-10,2050,4689,CPD,6,5,4,3603,0,0,0,NA,0,001,RANCHO AV,MILL ST,0,NA,Y,C,-,N,NA,NA,NA,NA,NA,NA,NA,NA,NA,N,4,0,1,2,A,-,10,21950,A,N,G,B,B,B,H,-,C,A,0,Y,NA,NA,NA,Y,NA,A,01,0,0,1,0,1,0,0,0,0,-,-,34.09230041503906,-117.33365631103516,SAN BERNARDINO,COLTON,-117.33367156982422,34.09230041503906
8758961,2018,2018-12-17,3600,2018-11-11,1418,D3381,VC020,7,5,5,3612,0,0,0,NA,0,VC3,BEAR VALLEY RD,BALSAM AV,30,E,N,A,-,N,NA,NA,NA,NA,NA,NA,NA,NA,NA,Y,4,0,1,3,A,-,03,22350,NA,N,C,C,A,A,H,-,A,A,0,NA,NA,NA,NA,Y,NA,A,01,0,0,1,0,0,0,0,0,0,-,-,NA,NA,SAN BERNARDINO,VICTORVILLE,-117.32984924316406,34.47057342529297
8758969,2018,2018-12-17,3600,2018-11-10,0421,G7673,VC073,6,5,5,3612,0,0,0,NA,0,VC5,RENO LOOP RD,FOAL CT,0,NA,Y,A,-,N,NA,NA,NA,NA,NA,NA,NA,NA,NA,Y,3,0,1,2,A,-,09,21802,A,N,D,C,A,A,H,-,C,A,0,NA,NA,NA,NA,Y,NA,A,01,0,1,0,0,0,0,0,0,0,-,-,NA,NA,SAN BERNARDINO,VICTORVILLE,-117.35459899902344,34.52622985839844
8758997,2018,2018-12-17,3600,2018-11-11,1702,D3381,VC020,7,5,5,3612,0,0,0,NA,0,VC3,BEAR VALLEY RD,MARIPOSA AV,0,NA,Y,A,-,N,NA,NA,NA,NA,NA,NA,NA,NA,NA,N,4,0,1,3,A,-,03,22350,NA,N,C,C,A,A,H,-,C,A,0,NA,NA,NA,NA,Y,NA,A,01,0,0,1,0,0,0,0,0,0,-,-,NA,NA,SAN BERNARDINO,VICTORVILLE,-117.34287261962892,34.47045135498047
8759804,2018,2019-01-15,3609,2018-12-06,2050,8510,RI173,4,5,5,3609,0,0,0,NA,0,004,SAN BERNARDINO AV,EDISON POLE #163491E,48,E,N,B,C,N,NA,NA,NA,NA,NA,NA,NA,NA,NA,Y,4,0,2,3,A,-,05,21651,A,N,A,C,A,B,H,-,C,D,0,NA,NA,NA,NA,Y,NA,D,22,0,0,2,0,0,0,0,0,0,-,-,34.077781677246094,-117.36946868896484,SAN BERNARDINO,RIALTO,NA,NA
8761377,2018,2019-02-01,3602,2018-10-11,1201,3618,NA,4,5,5,3602,0,0,0,NA,0,003,CHINO HILLS PKWY,CENTRAL AV,415,W,N,A,-,N,NA,NA,NA,NA,NA,NA,NA,NA,NA,N,3,0,1,2,A,-,05,21460,C,N,D,C,A,A,H,-,A,D,0,NA,NA,NA,Y,Y,NA,A,01,0,1,0,0,0,0,0,0,0,-,-,NA,NA,SAN BERNARDINO,CHINO,-117.69034576416016,33.98276901245117
8762573,2018,2019-01-28,3610,2018-11-19,1931,50994,NA,1,5,6,3610,0,0,0,NA,0,CHARLI,E 40TH ST,WATERMAN AV,25,E,N,A,-,N,NA,NA,NA,NA,NA,NA,NA,NA,NA,Y,4,0,2,2,A,-,03,22350,NA,N,C,C,A,A,H,-,C,A,0,NA,NA,NA,NA,Y,NA,A,01,0,0,2,0,0,0,0,0,0,-,-,34.164939880371094,-117.2786865234375,SAN BERNARDINO,SAN BERNARDINO,-117.27861785888672,34.16497039794922
8762577,2018,2019-01-04,3610,2018-11-19,1830,51006,NA,1,5,6,3610,0,0,0,NA,0,BAKER,WEST HIGHLAND AV,NORTH ARROWHEAD AV,146,E,N,A,-,N,NA,NA,NA,NA,NA,NA,NA,NA,NA,N,4,0,1,2,A,-,03,22350,NA,M,C,C,A,A,H,-,C,A,0,NA,NA,NA,NA,Y,NA,A,01,0,0,1,0,0,0,0,0,0,-,-,34.13591003417969,-117.28952026367188,SAN BERNARDINO,SAN BERNARDINO,-117.28916931152344,34.13597106933594
8762752,2018,2018-12-28,3600,2018-12-02,1523,G9443,AD314,7,5,3,3613,0,0,0,NA,0,AD2,WAKEFIELD RD,ROSEDALE DR,0,NA,Y,A,-,N,NA,NA,NA,NA,NA,NA,NA,NA,NA,N,3,0,1,2,A,-,09,21804,NA,N,D,C,A,A,H,-,A,-,0,NA,NA,Y,NA,Y,NA,O,05,0,1,0,0,0,0,0,0,1,-,-,NA,NA,SAN BERNARDINO,ADELANTO,-117.4176788330078,34.52006149291992
8763860,2018,2018-12-31,3611,2018-08-30,0933,626,3611,4,5,5,3611,0,0,0,NA,0,004,FOOTHILL BL,GROVE AV,10,W,N,A,-,N,NA,NA,NA,NA,NA,NA,NA,NA,NA,N,4,0,1,2,A,-,03,22350,NA,N,C,C,A,A,H,-,A,A,0,NA,NA,NA,NA,Y,NA,A,01,0,0,1,0,0,0,0,0,0,-,-,NA,NA,SAN BERNARDINO,UPLAND,-117.62855529785156,34.10672378540039
8763884,2018,2019-01-03,3611,2018-08-01,1317,2325,3611,3,5,5,3611,0,0,0,NA,0,003,FOOTHILL BL,5TH AV,56,E,N,A,-,N,NA,NA,NA,NA,NA,NA,NA,NA,NA,N,4,0,1,3,A,-,03,22350,NA,N,C,C,A,A,H,-,A,A,0,NA,NA,NA,NA,Y,NA,A,01,0,0,1,0,0,0,0,0,0,-,-,NA,NA,SAN BERNARDINO,UPLAND,-117.64373779296876,34.10702896118164
8763888,2018,2019-01-03,3611,2018-08-16,1622,3176,NA,4,5,5,3611,0,0,0,NA,0,001,16TH ST,EUCLID AV,288,W,N,A,-,N,NA,NA,NA,NA,NA,NA,NA,NA,NA,N,4,0,1,2,A,-,03,22350,NA,N,C,C,A,A,H,-,A,A,0,NA,NA,NA,NA,Y,NA,A,01,0,0,1,0,0,0,0,0,0,-,-,NA,NA,SAN BERNARDINO,UPLAND,-117.65235137939452,34.121543884277344
8763965,2018,2019-01-18,3608,2018-11-28,1412,4202,3608,3,5,5,3608,0,0,0,NA,0,NA,E LUGONIA AV,DEARBORN ST,208,W,N,A,-,Y,SBD,8,38,-,-,2.51,H,-,E,Y,4,0,1,2,A,-,03,22350,NA,N,C,D,A,A,H,-,A,D,0,NA,NA,NA,NA,Y,NA,A,01,0,0,1,0,0,0,0,0,0,-,-,NA,NA,SAN BERNARDINO,REDLANDS,-117.14864349365234,34.07009506225586
8766479,2018,2019-01-03,3600,2018-12-11,0757,G2613,YC103,2,5,4,3640,0,0,0,NA,0,NA,OAK GLEN RD,ANNANDALE RD,0,NA,Y,A,-,N,NA,NA,NA,NA,NA,NA,NA,NA,NA,Y,4,0,1,2,A,-,09,21802,A,N,D,C,A,A,H,-,A,A,0,NA,NA,NA,NA,Y,NA,-,NA,0,0,1,0,0,0,0,0,0,-,-,NA,NA,SAN BERNARDINO,YUCAIPA,-117.06170654296876,34.03974914550781
8769232,2018,2019-01-30,3602,2018-12-06,1706,2798,NA,4,5,5,3602,0,0,0,NA,0,005,EUCALYPTUS AV,PURDUE AV,0,NA,Y,C,-,N,NA,NA,NA,NA,NA,NA,NA,NA,NA,N,4,0,1,2,A,-,09,21802,A,N,D,C,A,B,H,-,C,D,0,NA,NA,NA,NA,Y,NA,A,08,0,0,1,0,0,0,0,0,0,-,-,NA,NA,SAN BERNARDINO,CHINO,-117.6528091430664,33.99034118652344
8769468,2018,2019-01-30,3610,2018-12-03,1057,51080,NA,1,5,6,3610,0,0,0,NA,0,POLICE,ORANGE SHOW RD,WASHINGTON,21,E,N,A,-,N,NA,NA,NA,NA,NA,NA,NA,NA,NA,Y,4,0,2,3,A,-,08,22100,B,N,D,C,A,A,H,-,A,A,0,NA,NA,NA,NA,Y,NA,A,01,0,0,2,0,0,0,0,0,0,-,-,34.079689025878906,-117.28385162353516,SAN BERNARDINO,SAN BERNARDINO,-117.28376007080078,34.07978057861328
8770793,2018,2019-02-14,3600,2018-12-03,1559,E2055,HE306,1,5,5,3619,0,0,0,NA,0,HE3,MAIN ST,TOPAZ AV,552,W,N,A,-,N,NA,NA,NA,NA,NA,NA,NA,NA,NA,Y,3,0,2,3,A,-,09,21801,A,N,D,C,A,A,H,-,A,A,0,NA,NA,NA,NA,Y,NA,A,01,0,1,1,0,0,0,0,0,0,-,-,NA,NA,SAN BERNARDINO,HESPERIA,-117.35721588134766,34.42672348022461
8771600,2018,2019-01-12,3610,2018-12-01,1727,50953,NA,6,5,6,3610,0,0,0,NA,0,BAKER,N E ST,S E ST,220,E,N,A,-,N,NA,NA,NA,NA,NA,NA,NA,NA,NA,N,4,0,2,2,B,-,22,NA,NA,N,C,C,A,A,H,-,C,A,0,NA,NA,NA,NA,Y,NA,-,NA,0,0,2,0,0,0,0,0,0,-,-,34.135990142822266,-117.29412841796876,SAN BERNARDINO,SAN BERNARDINO,-117.2941436767578,34.10084915161133
8771705,2018,2019-01-09,3610,2018-11-27,1318,50294,NA,2,5,6,3610,0,0,0,NA,0,CHARLI,EAST HIGHLAND AV,WALL AV,0,NA,Y,B,-,N,NA,NA,NA,NA,NA,NA,NA,NA,NA,Y,3,0,1,2,A,-,09,21804,A,N,D,C,A,A,H,-,A,D,0,NA,NA,NA,NA,Y,NA,A,01,0,1,0,0,0,0,0,0,0,-,-,34.13597869873047,-117.28253173828124,SAN BERNARDINO,SAN BERNARDINO,-117.28132629394533,34.13594055175781
8772092,2018,2019-01-29,3608,2018-12-30,2045,4759,3608,7,5,5,3608,0,0,0,NA,0,901,E FERN AVE,SONORA CIR,49,E,N,A,-,N,NA,NA,NA,NA,NA,NA,NA,NA,NA,Y,4,0,1,1,A,-,01,23152,A,N,E,I,A,A,H,-,C,A,0,NA,NA,NA,NA,Y,Y,D,22,0,0,1,0,0,0,0,0,0,-,-,NA,NA,SAN BERNARDINO,REDLANDS,-117.17662811279295,34.051605224609375
8772394,2018,2019-01-12,3608,2018-12-18,1327,4888,REDLA,2,5,5,3608,0,0,0,NA,0,NA,STUART AV,TEXAS ST,0,NA,Y,A,-,N,NA,NA,NA,NA,NA,NA,NA,NA,NA,Y,4,0,1,2,A,-,12,22450,A,N,D,C,A,A,H,-,A,A,0,NA,NA,NA,NA,Y,NA,A,01,0,0,1,0,0,0,0,0,0,-,-,NA,NA,SAN BERNARDINO,REDLANDS,-117.1913604736328,34.05963897705078
8773319,2018,2019-01-08,3609,2018-12-16,1300,9222,RI146,7,5,5,3609,0,0,0,NA,0,003,MERRILL AV,LARCH AV,0,NA,Y,A,-,N,NA,NA,NA,NA,NA,NA,NA,NA,NA,N,4,0,1,2,A,-,09,21802,A,N,D,C,A,A,H,-,A,A,0,NA,NA,NA,NA,Y,NA,A,01,0,0,1,0,0,0,0,0,0,-,-,34.09226989746094,-117.39217376708984,SAN BERNARDINO,RIALTO,-117.39215087890624,34.09225082397461
8773355,2018,2019-01-08,3609,2018-12-24,1410,4247,RI139,1,5,5,3609,0,0,0,NA,0,004,SYCAMORE AV,1ST ST,97,N,N,A,-,N,NA,NA,NA,NA,NA,NA,NA,NA,NA,N,4,0,1,2,A,-,03,22350,NA,N,B,C,E,A,H,-,A,D,0,Y,NA,NA,NA,Y,NA,A,01,0,0,1,0,1,0,0,0,0,-,-,34.1009407043457,-117.3661880493164,SAN BERNARDINO,RIALTO,-117.36599731445313,34.100807189941406
8773692,2018,2019-01-31,3610,2018-12-10,1740,50808,NA,1,5,6,3610,0,0,0,NA,0,POLICE,W 2ND ST,RT 215,0,NA,Y,A,-,Y,SBD,8,215,-,-,6.547,R,4,N,Y,4,0,1,2,A,-,00,22101,A,N,B,C,A,A,H,-,C,A,0,NA,NA,NA,NA,Y,NA,D,22,0,0,1,0,0,0,0,0,0,-,NF,34.102699279785156,-117.29857635498048,SAN BERNARDINO,SAN BERNARDINO,-117.30174255371094,34.09901809692383
8773774,2018,2019-01-22,3602,2018-11-29,1855,3172,NA,4,5,5,3602,0,0,0,NA,0,002,PHILADELPHIA ST,BENSON AV,514,W,N,C,-,N,NA,NA,NA,NA,NA,NA,NA,NA,NA,Y,4,0,1,3,A,-,03,22350,NA,N,C,B,E,B,H,-,C,D,0,Y,NA,NA,NA,Y,NA,A,01,0,0,1,0,1,0,0,0,0,-,-,NA,NA,SAN BERNARDINO,CHINO,-117.6824188232422,34.03356170654297
8773814,2018,2019-01-22,3602,2018-11-21,2136,3276,NA,3,5,5,3602,0,0,0,NA,0,005,CENTRAL AV,EDISON AV,320,S,N,B,-,N,NA,NA,NA,NA,NA,NA,NA,NA,NA,N,4,0,1,2,A,-,03,22350,NA,F,C,C,A,A,H,-,C,D,0,NA,NA,NA,NA,Y,NA,A,01,0,0,1,0,0,0,0,0,0,-,-,NA,NA,SAN BERNARDINO,CHINO,-117.68910980224608,33.99641418457031
8774583,2018,2019-01-16,3610,2018-12-14,1942,51155,NA,5,5,6,3610,0,0,0,NA,0,POLICE,E TEMPLE ST,NORTH WATERMAN AV,0,NA,Y,A,-,N,NA,NA,NA,NA,NA,NA,NA,NA,NA,N,3,0,1,2,A,-,03,22350,NA,N,G,B,D,A,H,-,C,D,0,Y,NA,NA,NA,Y,NA,A,01,0,1,0,0,1,0,0,0,0,-,-,34.11674118041992,-117.27880096435548,SAN BERNARDINO,SAN BERNARDINO,-117.27879333496094,34.1167106628418
8775331,2018,2019-01-30,3600,2018-12-19,1512,F9063,YC403,3,5,4,3640,0,0,0,NA,0,003,14TH ST,KENTUCKY ST,0,NA,Y,A,-,N,NA,NA,NA,NA,NA,NA,NA,NA,NA,Y,3,0,2,2,A,-,12,22450,A,N,D,C,A,A,H,-,A,A,0,NA,NA,NA,NA,Y,NA,-,NA,0,1,1,0,0,0,0,0,0,-,-,NA,NA,SAN BERNARDINO,YUCAIPA,-117.09544372558594,34.02299118041992
8775664,2018,2019-01-10,3610,2018-11-20,1742,50808,NA,2,5,6,3610,0,0,0,NA,0,POLICE,G ST,INLAND CENTER DR,0,NA,Y,A,-,N,NA,NA,NA,NA,NA,NA,NA,NA,NA,Y,4,0,2,2,A,-,09,21801,A,N,A,C,A,A,H,-,C,A,0,NA,NA,NA,NA,Y,NA,A,01,0,0,2,0,0,0,0,0,0,-,-,34.08890151977539,-117.29724884033205,SAN BERNARDINO,SAN BERNARDINO,-117.29734802246094,34.088951110839844
8775868,2018,2019-01-26,3610,2018-12-09,1458,51146,NA,7,5,6,3610,0,0,0,NA,0,ADAM,S RANCHO AV,W CHESTNUT AV,0,NA,Y,A,-,N,NA,NA,NA,NA,NA,NA,NA,NA,NA,N,3,0,1,2,A,-,21,22106,NA,F,G,B,D,A,H,-,A,D,0,Y,NA,NA,NA,Y,NA,A,08,0,1,0,0,1,0,0,0,0,-,-,34.093048095703125,-117.33399963378906,SAN BERNARDINO,SAN BERNARDINO,-117.33357238769533,34.09318923950195
8776998,2018,2019-01-28,3605,2018-12-02,1530,390,NA,7,5,4,3605,0,0,0,NA,0,NA,ORCHARD ST,CENTRAL AV,0,NA,Y,A,-,N,NA,NA,NA,NA,NA,NA,NA,NA,NA,Y,4,0,2,3,A,-,10,21950,A,N,G,B,B,A,H,-,A,A,0,Y,NA,NA,NA,Y,NA,A,01,0,0,2,0,2,0,0,0,0,-,-,NA,NA,SAN BERNARDINO,MONTCLAIR,-117.68962860107422,34.07038116455078
8778993,2018,2019-02-01,3603,2018-11-23,1503,CL4251,COLTO,5,5,4,3603,0,0,0,NA,0,003,N ST,7TH ST,150,W,N,B,-,N,NA,NA,NA,NA,NA,NA,NA,NA,NA,Y,3,0,1,1,A,-,05,21650,NA,N,E,I,A,A,H,-,A,D,0,NA,NA,Y,NA,Y,NA,C,02,0,1,0,0,0,0,0,0,1,-,-,NA,NA,SAN BERNARDINO,COLTON,-117.32757568359376,34.06125259399414
8779897,2018,2019-02-19,3600,2018-12-19,1043,G5399,AD311,3,5,3,3613,0,0,0,NA,0,AD2,RT 395,CACTUS RD,1022,N,N,A,-,Y,SBD,8,395,-,-,13.34,H,-,N,Y,4,0,2,2,A,-,09,21801,A,N,D,C,A,A,H,-,A,-,0,NA,NA,NA,NA,Y,NA,A,07,0,0,2,0,0,0,0,0,0,-,-,NA,NA,SAN BERNARDINO,ADELANTO,-117.3994140625,34.5389518737793
8781076,2018,2019-01-30,3610,2018-12-30,1944,50953,NA,7,5,6,3610,0,0,0,NA,0,POLICE,E BASELINE ST,N CRESTVIEW DR,0,NA,Y,A,-,N,NA,NA,NA,NA,NA,NA,NA,NA,NA,N,4,0,2,2,A,-,01,23152,A,N,C,C,A,A,H,-,C,A,0,NA,NA,NA,NA,Y,Y,A,01,0,0,2,0,0,0,0,0,0,-,-,34.1213493347168,-117.27353668212892,SAN BERNARDINO,SAN BERNARDINO,-117.2735595703125,34.12133026123047
8781579,2018,2019-01-31,3605,2018-12-18,0731,396,NA,2,5,4,3605,0,0,0,NA,0,NA,SAN BERNARDINO ST,FREMONT AV,150,E,N,A,-,N,NA,NA,NA,NA,NA,NA,NA,NA,NA,Y,4,0,2,2,A,-,09,21804,A,F,D,C,A,A,H,-,A,D,0,NA,NA,NA,NA,Y,NA,A,07,0,0,2,0,0,0,0,0,0,-,-,NA,NA,SAN BERNARDINO,MONTCLAIR,-117.6933822631836,34.077659606933594
8783277,2018,2019-01-24,3610,2018-12-20,1540,50928,NA,4,5,6,3610,0,0,0,NA,0,BAKER,N MOUNTAIN VIEW AV,W 13TH ST,0,NA,Y,A,-,N,NA,NA,NA,NA,NA,NA,NA,NA,NA,Y,3,0,1,2,A,-,10,21950,A,N,G,B,B,A,H,-,A,A,0,Y,NA,NA,NA,Y,NA,N,60,0,1,0,0,1,0,0,0,0,-,-,34.12329864501953,-117.28740692138672,SAN BERNARDINO,SAN BERNARDINO,-117.28742218017578,34.12331008911133
8784787,2018,2019-03-01,3600,2018-11-10,2242,H5978,TW006,6,5,3,3617,0,0,0,NA,0,0TW,BASELINE RD,DESERT KNOLL AV,420,W,N,A,-,N,NA,NA,NA,NA,NA,NA,NA,NA,NA,Y,3,0,1,2,A,-,08,22107,NA,M,B,C,A,A,H,-,D,A,0,NA,NA,NA,NA,Y,NA,D,22,0,1,0,0,0,0,0,0,0,-,-,34.12126922607422,-116.04696655273438,SAN BERNARDINO,TWENTYNINE PALMS,-116.04689025878906,34.12126159667969
8785199,2019,2019-02-11,3610,2019-01-03,1635,51045,NA,4,5,6,3610,0,0,0,NA,0,POLICE,WEST HIGHLAND AV,MOUNTAIN VIEW AV,100,W,N,A,-,N,NA,NA,NA,NA,NA,NA,NA,NA,NA,Y,3,0,2,3,A,-,03,22350,NA,F,B,C,A,A,H,-,A,A,0,NA,NA,NA,NA,Y,Y,A,01,0,2,0,0,0,0,0,0,0,-,-,34.13597106933594,-117.28964233398438,SAN BERNARDINO,SAN BERNARDINO,-117.28768157958984,34.13595962524414
8785296,2019,2019-02-05,3610,2019-01-09,1825,51091,NA,3,5,6,3610,0,0,0,NA,0,POLICE,E 9TH ST,WATERMAN AV,177,W,N,A,-,N,NA,NA,NA,NA,NA,NA,NA,NA,NA,N,4,0,1,2,A,-,11,21955,NA,N,G,B,D,A,H,-,C,D,0,Y,NA,NA,NA,Y,NA,N,60,0,0,1,0,1,0,0,0,0,-,-,34.115699768066406,-117.27799987792967,SAN BERNARDINO,SAN BERNARDINO,-117.27937316894533,34.11579513549805