CASE_ID,ACCIDENT_YEAR,PROC_DATE,JURIS,COLLISION_DATE,COLLISION_TIME,OFFICER_ID,REPORTING_DISTRICT,DAY_OF_WEEK,CHP_SHIFT,POPULATION,CNTY_CITY_LOC,SPECIAL_COND,BEAT_TYPE,CHP_BEAT_TYPE,CITY_DIVISION_LAPD,CHP_BEAT_CLASS,BEAT_NUMBER,PRIMARY_RD,SECONDARY_RD,DISTANCE,DIRECTION,INTERSECTION,WEATHER_1,WEATHER_2,STATE_HWY_IND,CALTRANS_COUNTY,CALTRANS_DISTRICT,STATE_ROUTE,ROUTE_SUFFIX,POSTMILE_PREFIX,POSTMILE,LOCATION_TYPE,RAMP_INTERSECTION,SIDE_OF_HWY,TOW_AWAY,COLLISION_SEVERITY,NUMBER_KILLED,NUMBER_INJURED,PARTY_COUNT,PRIMARY_COLL_FACTOR,PCF_CODE_OF_VIOL,PCF_VIOL_CATEGORY,PCF_VIOLATION,PCF_VIOL_SUBSECTION,HIT_AND_RUN,TYPE_OF_COLLISION,MVIW,PED_ACTION,ROAD_SURFACE,ROAD_COND_1,ROAD_COND_2,LIGHTING,CONTROL_DEVICE,CHP_ROAD_TYPE,PEDESTRIAN_ACCIDENT,BICYCLE_ACCIDENT,MOTORCYCLE_ACCIDENT,TRUCK_ACCIDENT,NOT_PRIVATE_PROPERTY,ALCOHOL_INVOLVED,STWD_VEHTYPE_AT_FAULT,CHP_VEHTYPE_AT_FAULT,COUNT_SEVERE_INJ,COUNT_VISIBLE_INJ,COUNT_COMPLAINT_PAIN,COUNT_PED_KILLED,COUNT_PED_INJURED,COUNT_BICYCLIST_KILLED,COUNT_BICYCLIST_INJURED,COUNT_MC_KILLED,COUNT_MC_INJURED,PRIMARY_RAMP,SECONDARY_RAMP,LATITUDE,LONGITUDE,COUNTY,CITY,POINT_X,POINT_Y
90522512,2017,2017-08-14,9870,2017-08-02,1715,018236,NA,3,2,9,3600,0,3,5,NA,2,003,DEMESNE ROAD,ALTA MESA DRIVE,0,NA,Y,A,-,N,NA,NA,NA,NA,NA,NA,NA,NA,NA,N,4,0,2,2,A,-,08,22100,B,N,A,C,A,A,H,-,A,A,0,NA,NA,NA,NA,Y,NA,A,01,0,0,2,0,0,0,0,0,0,-,-,34.12151,-116.35041,SAN BERNARDINO,UNINCORPORATED,-116.35039007,34.12144006
90513370,2017,2017-07-31,9850,2017-07-21,1110,021758,NA,5,1,9,3600,0,3,5,NA,2,003,CENTRAL ROAD,ROUNDUP WAY,819,S,N,A,-,N,NA,NA,NA,NA,NA,NA,NA,NA,NA,Y,2,0,1,1,A,-,08,22107,NA,N,F,A,A,A,H,-,A,D,0,NA,NA,NA,NA,Y,NA,A,01,1,0,0,0,0,0,0,0,0,-,-,34.41871,-117.17259,SAN BERNARDINO,UNINCORPORATED,-117.17255343,34.41870672
9051473,2019,2020-02-28,3607,2019-04-13,1801,80262,68,6,5,6,3607,0,0,0,NA,0,031,VINEYARD AV,INLAND EMPIRE BL,15,S,N,A,-,N,NA,NA,NA,NA,NA,NA,NA,NA,NA,N,4,0,1,2,A,-,03,22350,NA,F,C,C,A,A,H,-,A,A,0,NA,NA,NA,NA,Y,NA,A,01,0,0,1,0,0,0,0,0,0,-,-,NA,NA,SAN BERNARDINO,ONTARIO,-117.61101531982422,34.072479248046875
90490309,2017,2017-06-29,9850,2017-06-06,0425,019176,NA,2,3,5,3619,0,1,1,NA,2,082,I-15 N/B,MAIN ST.,2640,N,N,A,-,Y,NA,NA,15,NA,NA,NA,NA,NA,N,Y,4,0,1,3,A,-,03,22350,NA,N,C,C,A,A,H,-,D,D,0,NA,NA,NA,Y,Y,NA,A,01,0,0,1,0,0,0,0,0,0,-,-,34.44657,-117.36465,SAN BERNARDINO,HESPERIA,-117.36469485,34.44660515
90501020,2017,2017-07-14,9860,2017-07-07,1350,019617,NA,5,1,9,3600,0,3,5,NA,2,002,DUFFY ST,MALLORY ST,0,NA,Y,A,-,N,NA,NA,NA,NA,NA,NA,NA,NA,NA,Y,3,0,4,2,A,-,12,22450,A,N,D,C,A,A,H,-,A,A,0,NA,NA,NA,NA,Y,NA,D,22,0,2,2,0,0,0,0,0,0,-,-,34.1433,-117.3442,SAN BERNARDINO,UNINCORPORATED,-117.34419004,34.14333006
90502396,2017,2017-07-17,9855,2017-07-10,0029,020081,NA,1,3,6,3604,0,1,1,NA,2,101,I-10 E/B (SAN BERNARDINO FWY),ETIWANDA AVE.,3800,E,N,A,-,Y,NA,NA,10,NA,NA,NA,NA,NA,E,Y,4,0,1,2,A,-,07,21658,A,F,C,C,A,A,H,-,C,D,0,NA,NA,NA,NA,Y,NA,-,99,0,0,1,0,0,0,0,0,0,-,-,34.0661,-117.5092,SAN BERNARDINO,FONTANA,-117.50918972,34.06614785
90503353,2017,2017-07-19,9855,2017-07-15,1029,019121,NA,6,1,5,3602,0,1,3,NA,2,603,SR-60 (POMONA FREEWAY) W/B,RAMONA AVENUE,120,W,N,A,-,Y,NA,NA,60,NA,NA,NA,NA,NA,W,Y,4,0,1,2,A,-,07,21658,A,N,B,C,A,A,H,-,A,D,0,NA,NA,NA,NA,Y,NA,A,01,0,0,1,0,0,0,0,0,0,-,-,34.03029,-117.70949,SAN BERNARDINO,CHINO,-117.70948706,34.03019284
90503878,2017,2017-07-19,9855,2017-07-10,1208,020564,NA,1,1,6,3607,0,1,3,NA,2,601,SR-60 W/B (POMONA FWY),VINEYARD AVE.,1300,W,N,A,-,Y,NA,NA,60,NA,NA,NA,NA,NA,W,Y,3,0,2,4,A,-,03,22350,NA,N,C,C,A,A,H,-,A,D,0,NA,NA,NA,NA,Y,NA,D,22,0,1,1,0,0,0,0,0,0,-,-,34.03078,-117.61627,SAN BERNARDINO,ONTARIO,-117.61626941,34.03060831
90504636,2017,2017-07-20,9835,2017-07-09,1353,021256,NA,7,1,9,3600,0,2,4,NA,1,018,FORT IRWIN RD,OLD YERMO CTF,5755,N,N,B,-,N,NA,NA,NA,NA,NA,NA,NA,NA,NA,Y,4,0,2,1,A,-,08,22107,NA,N,E,I,A,A,H,-,A,D,0,NA,NA,NA,NA,Y,NA,A,01,0,0,2,0,0,0,0,0,0,-,-,34.55492,-116.54427,SAN BERNARDINO,UNINCORPORATED,-116.91383511,34.91247494
90507257,2017,2017-07-25,9860,2017-07-19,1255,014829,NA,3,1,9,3600,0,1,1,NA,2,151,I-15 S/B,GLEN HELEN PKY,1056,N,N,A,-,Y,NA,NA,15,NA,NA,NA,NA,NA,S,Y,3,0,2,1,A,-,08,22107,NA,N,E,I,A,A,H,-,A,D,0,NA,NA,NA,NA,Y,NA,A,01,0,2,0,0,0,0,0,0,0,-,-,34.20484,-117.41444,SAN BERNARDINO,UNINCORPORATED,-117.41454458,34.20488633
90509741,2017,2017-07-27,9865,2017-07-22,1025,018392,NA,6,1,9,3600,0,1,3,NA,1,010,SR-18,USFS RD 2N40,2112,N,N,A,-,Y,NA,NA,18,NA,NA,NA,NA,NA,NA,Y,2,0,1,2,A,-,03,22350,NA,N,E,I,A,A,H,-,A,D,0,NA,NA,Y,NA,Y,NA,C,02,1,0,0,0,0,0,0,0,1,-,-,34.22679,-117.30617,SAN BERNARDINO,UNINCORPORATED,-117.30624725,34.22675215
90494562,2017,2017-07-05,9860,2017-06-28,1535,016651,NA,3,2,9,3600,0,3,5,NA,2,004,EL RIVINO RD,AGUA MANSA RD,0,NA,Y,A,-,N,NA,NA,NA,NA,NA,NA,NA,NA,NA,Y,2,0,2,2,A,-,09,21802,A,N,D,C,A,A,H,-,A,A,0,NA,NA,NA,Y,Y,NA,F,26,1,1,0,0,0,0,0,0,0,-,-,34.03372,-117.37196,SAN BERNARDINO,UNINCORPORATED,-117.37199007,34.03365005
90494603,2017,2017-07-06,9860,2017-06-24,2045,020135,NA,6,2,9,3600,0,3,5,NA,2,004,LOCUST AVE.,7TH ST.,60,N,N,A,-,N,NA,NA,NA,NA,NA,NA,NA,NA,NA,N,4,0,1,1,A,-,08,22107,NA,N,F,A,A,A,H,-,D,D,0,NA,NA,Y,NA,Y,NA,C,02,0,0,1,0,0,0,0,0,1,-,-,34.04072,-117.40941,SAN BERNARDINO,UNINCORPORATED,-117.40947406,34.04074432
90511888,2017,2017-07-28,9860,2017-07-21,0750,020654,NA,5,1,5,3608,0,1,1,NA,2,104,I-10 W/B,CALIFORNIA ST.,750,W,N,A,-,Y,NA,NA,10,NA,NA,NA,NA,NA,W,N,4,0,1,3,A,-,03,22350,NA,N,C,C,A,A,H,-,A,D,0,NA,NA,NA,NA,Y,NA,D,22,0,0,1,0,0,0,0,0,0,-,-,34.06653,-117.22856,SAN BERNARDINO,REDLANDS,-117.22856012,34.06673053
90522329,2017,2017-08-14,9860,2017-08-05,0150,020856,NA,6,3,9,3600,0,1,1,NA,2,216,I-215 N/B,PALM AVE,2030,S,N,A,-,Y,NA,NA,NA,NA,NA,NA,NA,NA,NA,Y,4,0,1,1,A,-,01,23152,A,N,E,I,A,A,H,-,D,D,0,NA,NA,NA,NA,Y,Y,D,22,0,0,1,0,0,0,0,0,0,-,-,34.18631,-117.35405,SAN BERNARDINO,UNINCORPORATED,-117.35616983,34.18754837
90512205,2017,2017-07-31,9860,2017-07-22,0753,020654,NA,6,1,9,3600,0,1,3,NA,1,380,SR-38 E/B,BRYANT ST,4224,E,N,A,-,Y,NA,NA,38,NA,NA,NA,NA,NA,E,Y,4,0,1,1,A,-,01,23152,A,N,E,I,A,A,H,-,A,D,0,NA,NA,NA,NA,Y,Y,A,07,0,0,1,0,0,0,0,0,0,-,-,34.08785,-117.04061,SAN BERNARDINO,UNINCORPORATED,-117.04063986,34.08789585
90522351,2017,2017-08-14,9860,2017-08-11,2143,020614,NA,5,2,9,3600,0,3,5,NA,2,003,ALABAMA ST,RIVER BLUFF AVE.,48,N,N,A,-,N,NA,NA,NA,NA,NA,NA,NA,NA,NA,Y,3,0,2,2,A,-,01,23152,A,N,A,C,A,A,H,-,C,D,0,NA,NA,NA,NA,Y,Y,A,07,0,2,0,0,0,0,0,0,0,-,-,34.08705,-117.20875,SAN BERNARDINO,UNINCORPORATED,-117.20874,34.08705149
90512261,2017,2017-07-31,9860,2017-07-23,1440,019429,NA,7,2,9,3600,0,1,1,NA,2,151,I-15 S/B,MATTHEWS RANCH RD,1584,N,N,A,-,Y,NA,NA,15,NA,NA,NA,NA,NA,S,Y,3,0,4,2,A,-,07,21658,A,F,C,C,A,A,H,-,A,D,0,NA,NA,NA,NA,Y,NA,A,01,0,2,2,0,0,0,0,0,0,-,-,34.24868,-117.44083,SAN BERNARDINO,UNINCORPORATED,-117.44083115,34.24867747
90523867,2017,2017-08-15,9855,2017-08-06,0430,020664,NA,7,3,4,3605,0,1,1,NA,2,103,I-10 E/B (SAN BERNARDINO FWY),MONTE VISTA AVE.,950,W,N,A,-,Y,NA,NA,10,NA,NA,NA,NA,NA,E,Y,3,0,2,2,A,-,01,23152,A,N,C,C,A,A,H,-,C,D,0,NA,NA,NA,NA,Y,Y,A,01,0,1,1,0,0,0,0,0,0,-,-,34.0816,-117.7015,SAN BERNARDINO,MONTCLAIR,-117.70150169,34.08164575
9051499,2019,2020-02-28,3607,2019-06-04,1754,20211,22,2,5,6,3607,0,0,0,NA,0,011,MOUNTAIN AV,5TH ST,0,NA,Y,A,-,N,NA,NA,NA,NA,NA,NA,NA,NA,NA,N,4,0,1,2,A,-,12,21453,A,N,D,C,A,A,H,-,A,A,0,NA,NA,NA,NA,Y,NA,A,01,0,0,1,0,0,0,0,0,0,-,-,NA,NA,SAN BERNARDINO,ONTARIO,-117.6701431274414,34.08148193359375
90515102,2017,2017-08-02,9855,2017-07-22,1405,020533,NA,6,2,9,3600,0,3,5,NA,2,004,RIVERSIDE DR.,TOWNE AVE.,0,NA,Y,A,-,N,NA,NA,NA,NA,NA,NA,NA,NA,NA,Y,3,0,3,2,A,-,09,21801,A,N,D,C,A,A,H,-,A,D,0,NA,NA,NA,NA,Y,NA,A,01,0,2,1,0,0,0,0,0,0,-,-,34.01909,-117.74003,SAN BERNARDINO,UNINCORPORATED,-117.7401001,34.01903008
9051536,2020,2020-10-13,3600,2020-02-12,1849,D4301,HE134,3,5,5,3619,0,0,0,NA,0,HE3,RT 395,MAIN ST,100,S,N,A,-,Y,SBD,8,395,-,R,5.59,H,-,N,N,4,0,1,2,A,-,03,22350,NA,N,C,C,A,A,H,-,C,A,0,NA,NA,NA,NA,Y,NA,J,48,0,0,1,0,0,0,0,0,0,-,-,NA,NA,SAN BERNARDINO,HESPERIA,-117.40007781982422,34.4263801574707
90516353,2017,2017-08-03,9860,2017-08-01,1400,014829,NA,2,2,9,3600,0,1,1,NA,2,152,I-15 S/B,SWITCHBACK RD.,5808,S,N,B,-,Y,NA,NA,15,NA,NA,NA,NA,NA,S,N,4,0,1,3,A,-,03,22350,NA,N,C,C,A,A,H,-,A,D,0,NA,NA,NA,NA,Y,NA,A,01,0,0,1,0,0,0,0,0,0,-,-,34.34574,-117.47911,SAN BERNARDINO,UNINCORPORATED,-117.47916314,34.34581521
90527531,2017,2017-08-21,9860,2017-08-15,1233,017098,NA,2,1,9,3600,0,2,4,NA,2,411,CEDAR AVE,BLOOMINGTON AVE,0,NA,Y,A,-,N,NA,NA,NA,NA,NA,NA,NA,NA,NA,Y,4,0,2,2,A,-,12,21453,A,N,D,C,A,A,H,-,A,A,0,NA,NA,NA,NA,Y,NA,D,22,0,0,2,0,0,0,0,0,0,-,-,34.07201,-117.39631,SAN BERNARDINO,UNINCORPORATED,-117.39635004,34.0720001
9051722,2019,2020-03-03,3607,2019-09-09,1353,19890,41,1,5,6,3607,0,0,0,NA,0,011,MOUNTAIN AV,4TH ST,0,NA,Y,A,-,N,NA,NA,NA,NA,NA,NA,NA,NA,NA,N,3,0,1,2,A,-,09,21801,A,N,D,C,A,A,H,-,A,A,0,NA,NA,NA,NA,Y,NA,A,01,0,1,0,0,0,0,0,0,0,-,-,NA,NA,SAN BERNARDINO,ONTARIO,-117.67011260986328,34.0778694152832
90549110,2017,2017-09-15,9855,2017-09-11,0822,013860,NA,1,1,6,3607,0,1,1,NA,2,103,I-10 E/B (SAN BERNARDINO FWY),4TH ST.,100,W,N,B,-,Y,NA,NA,NA,NA,NA,NA,NA,NA,NA,Y,4,0,1,2,A,-,07,21658,A,N,C,C,A,A,H,-,A,D,0,NA,NA,NA,NA,Y,NA,A,07,0,0,1,0,0,0,0,0,0,-,-,33.0778,-117.6238,SAN BERNARDINO,ONTARIO,NA,NA
90549167,2017,2017-09-18,9855,2017-09-11,0930,013860,NA,1,1,6,3616,0,1,1,NA,2,103,I-10 W/B (SAN BERNARDINO FWY),ARCHIBALD AVE.,400,E,N,A,-,Y,NA,NA,NA,NA,NA,NA,NA,NA,NA,N,4,0,1,2,A,-,03,22350,NA,N,C,C,A,A,H,-,A,D,0,NA,NA,NA,NA,Y,NA,A,07,0,0,1,0,0,0,0,0,0,-,-,34.0676,-117.5918,SAN BERNARDINO,RANCHO CUCAMONGA,-117.59217282,34.06770343
90519290,2017,2017-08-08,9865,2017-08-04,2124,019929,NA,5,2,9,3600,0,1,3,NA,2,020,SR-330,OLD CITY CREEK BRIDGE,3168,N,N,A,-,Y,NA,NA,330,NA,NA,NA,NA,NA,NA,Y,3,0,1,1,A,-,03,22350,NA,N,E,J,A,A,H,-,D,D,0,NA,NA,Y,NA,Y,NA,C,02,0,1,0,0,0,0,0,0,1,-,-,34.18057,-117.1706,SAN BERNARDINO,UNINCORPORATED,-117.17057938,34.18056006
90523093,2017,2017-08-14,9855,2017-08-04,1450,020533,NA,5,2,5,3611,0,1,1,NA,2,103,I-10 E/B (SAN BERNARDINO FWY),SAN ANTONIO AVE.,320,E,N,A,-,Y,NA,NA,10,NA,NA,NA,NA,NA,E,Y,3,0,1,4,A,-,03,22350,NA,F,C,C,A,A,H,-,A,D,0,NA,NA,NA,NA,Y,NA,A,01,0,1,0,0,0,0,0,0,0,-,-,34.08716,-117.65957,SAN BERNARDINO,UPLAND,-117.65957017,34.08723938
90549267,2017,2017-09-18,9860,2017-09-10,1116,021620,NA,7,1,4,3618,0,1,1,NA,2,202,SR-210 W/B,PALM AVE,750,E,N,A,-,Y,NA,NA,210,NA,NA,NA,NA,NA,W,Y,4,0,1,2,A,-,03,22350,NA,N,C,C,A,A,H,-,A,D,0,NA,NA,NA,NA,Y,NA,D,22,0,0,1,0,0,0,0,0,0,-,-,34.13113,-117.20718,SAN BERNARDINO,HIGHLAND,-117.20715541,34.13119954
90525166,2017,2017-08-17,9835,2017-08-03,1448,021001,NA,4,2,9,3600,0,1,1,NA,2,072,I-15 N/B,E. YERMO RD,2376,S,N,B,C,Y,NA,NA,15,NA,NA,NA,NA,NA,N,Y,3,0,1,2,A,-,03,22350,NA,N,C,C,A,B,H,-,A,D,0,NA,NA,Y,NA,Y,NA,C,02,0,1,0,0,0,0,0,0,1,-,-,34.91084,-116.81656,SAN BERNARDINO,UNINCORPORATED,-116.81655929,34.9108612
90525642,2017,2017-08-17,9855,2017-08-10,0737,019121,NA,4,1,6,3607,0,1,3,NA,2,601,SR-60 (POMONA FREEWAY) W/B,ARCHIBALD AVENUE,1500,E,N,A,-,Y,NA,NA,60,NA,NA,NA,NA,NA,W,N,4,0,1,4,A,-,03,22350,NA,F,C,C,A,A,H,-,A,D,0,NA,NA,NA,NA,Y,NA,-,99,0,0,1,0,0,0,0,0,0,-,-,34.03072,-117.58587,SAN BERNARDINO,ONTARIO,-117.58586988,34.03073257
90525847,2017,2017-08-17,9860,2017-08-03,0750,016646,NA,4,1,3,3690,0,1,1,NA,2,214,I-215 N/B,IOWA AVENUE,80,N,N,A,-,Y,NA,NA,215,NA,NA,NA,NA,NA,N,Y,3,0,2,2,A,-,03,22350,NA,N,C,C,A,A,H,-,A,D,0,NA,NA,NA,NA,Y,NA,A,07,0,1,1,0,0,0,0,0,0,-,-,34.0239,-117.3352,SAN BERNARDINO,GRAND TERRACE,-117.33532201,34.02401297
90526795,2017,2017-08-21,9865,2017-08-12,2230,018392,NA,6,3,9,3600,0,1,3,NA,1,010,SR-18,MORMON RD,3696,S,N,A,-,Y,NA,NA,18,NA,NA,NA,NA,NA,NA,N,2,0,1,1,A,-,03,22350,NA,N,F,A,A,A,H,-,D,D,0,NA,NA,Y,NA,Y,NA,C,02,1,0,0,0,0,0,0,0,1,-,-,34.22649,-117.30079,SAN BERNARDINO,UNINCORPORATED,-117.30083343,34.22654604
90530598,2017,2017-08-24,9860,2017-08-17,1710,020346,NA,4,2,9,3600,0,3,5,NA,2,003,GARNET AVE (1900 BLOCK),SR-38,700,N,N,A,-,N,NA,NA,NA,NA,NA,NA,NA,NA,NA,Y,4,0,1,2,A,-,03,22350,NA,N,C,C,A,A,H,-,A,D,0,NA,NA,NA,NA,Y,NA,A,01,0,0,1,0,0,0,0,0,0,-,-,34.07331,-117.09941,SAN BERNARDINO,UNINCORPORATED,-117.09941,34.07331
90530648,2017,2017-08-25,9860,2017-08-23,1603,017098,NA,3,2,4,3603,0,1,1,NA,2,102,I-10 W/B,RIVERSIDE AVE,2060,E,N,A,-,Y,NA,NA,10,NA,NA,NA,NA,NA,W,Y,3,0,1,3,A,-,03,22350,NA,N,C,C,A,A,H,-,A,D,0,NA,NA,Y,NA,Y,NA,A,01,0,1,0,0,0,0,0,0,1,-,-,34.06889,-117.36319,SAN BERNARDINO,COLTON,-117.36319145,34.06895237
90516865,2017,2017-08-04,9855,2017-07-26,1551,016051,NA,3,2,5,3602,0,1,3,NA,2,603,SR-60 E/B (POMONA FWY),RESERVOIR STREET,432,E,N,A,-,Y,NA,NA,60,NA,NA,NA,NA,NA,E,N,4,0,1,2,D,-,00,NA,NA,N,C,C,A,A,H,-,A,D,0,NA,NA,NA,NA,Y,NA,-,-,0,0,1,0,0,0,0,0,0,-,-,34.02505,-117.72988,SAN BERNARDINO,CHINO,-117.72987979,34.0250582
9053197,2020,2020-05-15,3600,2020-01-07,1202,F6295,HI020,2,5,4,3618,0,0,0,NA,0,HI3,GREENSPOT RD,LOWES,218,E,N,A,-,N,NA,NA,NA,NA,NA,NA,NA,NA,NA,Y,4,0,1,2,A,-,03,22350,NA,N,C,C,A,A,H,-,A,D,0,NA,NA,NA,NA,Y,NA,A,01,0,0,1,0,0,0,0,0,0,-,-,34.10839080810547,-117.1938705444336,SAN BERNARDINO,HIGHLAND,NA,NA
90533754,2017,2017-08-25,9835,2017-08-23,1350,015842,NA,3,1,9,3600,0,1,1,NA,2,076,I-15 S/B,CIMA ROAD,7022,N,N,B,-,Y,NA,NA,15,NA,NA,NA,NA,NA,S,Y,4,0,2,2,A,-,03,22350,NA,N,C,C,A,A,H,-,A,D,0,NA,NA,NA,NA,Y,NA,A,01,0,0,2,0,0,0,0,0,0,-,-,35.45232,-115.65115,SAN BERNARDINO,UNINCORPORATED,-115.65117126,35.45238043
90538455,2017,2017-08-31,9860,2017-08-30,0750,013945,NA,3,1,6,3610,0,1,1,NA,2,216,I-215 S/B,MASSACHUSETTS AVE,400,S,N,A,-,Y,NA,NA,215,NA,NA,NA,NA,NA,S,Y,3,0,2,2,A,-,07,21658,A,N,C,C,A,A,H,-,A,D,0,NA,NA,NA,NA,Y,NA,A,01,0,2,0,0,0,0,0,0,0,-,-,34.13223,-117.30721,SAN BERNARDINO,SAN BERNARDINO,-117.30729067,34.1321052
90538632,2017,2017-09-01,9870,2017-08-28,1500,013751,NA,1,2,9,3600,0,1,3,NA,1,031,STATE ROUTE 62 (TWENTYNINE PALMS HWY),YUCCA MESA ROAD,792,E,N,A,-,Y,NA,NA,62,NA,NA,NA,NA,NA,NA,N,4,0,2,3,A,-,03,22350,NA,N,C,C,A,A,H,-,A,A,0,NA,NA,NA,NA,Y,NA,D,22,0,0,2,0,0,0,0,0,0,-,-,34.13478,-116.36658,SAN BERNARDINO,UNINCORPORATED,-116.36657958,34.13489895
90539113,2017,2017-09-01,9855,2017-08-30,1448,016051,NA,3,2,5,3602,0,1,3,NA,2,603,SR-60 E/B (POMONA FWY),MOUNTAIN AVE.,794,W,N,A,-,Y,NA,NA,60,NA,NA,NA,NA,NA,E,Y,4,0,1,3,A,-,03,22350,NA,N,C,C,A,A,H,-,A,D,0,NA,NA,NA,NA,Y,NA,A,01,0,0,1,0,0,0,0,0,0,-,-,34.03028,-117.67045,SAN BERNARDINO,CHINO,-117.67044981,34.03024388
90539831,2017,2017-09-04,9835,2017-08-28,2305,019992,NA,1,3,9,3600,0,1,1,NA,2,045,I-40 W/B,HECTOR RD,16421,E,N,A,-,Y,NA,NA,40,NA,NA,NA,NA,NA,W,Y,3,0,7,2,A,-,03,22350,NA,N,C,C,A,A,H,-,D,D,0,NA,NA,NA,Y,Y,NA,A,08,0,3,4,0,0,0,0,0,0,-,-,34.78008,-116.39964,SAN BERNARDINO,UNINCORPORATED,-116.39964918,34.78004112
90550082,2017,2018-02-09,9860,2017-09-16,1531,020346,NA,6,2,4,3603,0,1,1,NA,2,102,I-10 E/B,RIVERSIDE AVE,1500,E,N,A,-,Y,NA,NA,10,NA,NA,NA,NA,NA,E,Y,2,0,3,2,A,-,07,21658,A,N,D,C,A,A,H,-,A,D,0,NA,NA,NA,NA,Y,NA,A,01,2,1,0,0,0,0,0,0,0,-,-,34.06889,-117.36079,SAN BERNARDINO,COLTON,-117.36078649,34.0687807
90540178,2017,2017-09-05,9855,2017-08-21,1330,016889,NA,1,1,6,3604,0,1,1,NA,2,101,I-10 W/B (SAN BERNARDINO FWY),CHERRY AVE.,2000,E,N,A,-,Y,NA,NA,10,NA,NA,NA,NA,NA,W,Y,3,0,2,2,A,-,07,21658,A,N,B,C,A,A,H,-,A,D,0,NA,NA,NA,NA,Y,NA,A,08,0,1,1,0,0,0,0,0,0,-,-,34.06626,-117.48212,SAN BERNARDINO,FONTANA,-117.48211699,34.06615031
90541556,2017,2017-09-06,9855,2017-08-29,0725,015919,NA,2,1,6,3607,0,1,3,NA,2,601,SR-60 W/B (POMONA FWY),VINEYARD AVE.,100,W,N,A,-,Y,NA,NA,60,NA,NA,NA,NA,NA,W,Y,4,0,1,2,A,-,03,22350,NA,N,C,C,A,A,H,-,A,D,0,NA,NA,NA,NA,Y,NA,A,01,0,0,1,0,0,0,0,0,0,-,-,34.03072,-117.61328,SAN BERNARDINO,ONTARIO,-117.61327792,34.03062838
90550340,2017,2017-09-18,9860,2017-09-12,1045,017919,NA,2,1,6,3610,0,1,1,NA,2,202,SR-210 E/B TO H ST.,H ST.,30,W,N,A,-,Y,NA,NA,210,NA,NA,NA,R,NA,E,N,3,0,2,2,A,-,03,22350,NA,N,C,C,A,A,H,-,A,A,0,NA,NA,NA,NA,Y,NA,A,01,0,1,1,0,0,0,0,0,0,-,-,34.14519,-117.30122,SAN BERNARDINO,SAN BERNARDINO,-117.30122,34.14519
90542695,2017,2017-09-07,9865,2017-09-03,0855,019318,NA,7,1,9,3600,0,1,3,NA,1,030,SR-18,GLORY RIDGE RD,4224,S,N,A,-,Y,NA,NA,18,NA,NA,NA,NA,NA,NA,Y,2,0,2,2,A,-,03,22350,NA,N,F,A,A,A,H,-,A,D,0,NA,NA,Y,NA,Y,NA,C,02,1,1,0,0,0,0,0,0,1,-,-,34.24825,-117.01592,SAN BERNARDINO,UNINCORPORATED,-117.01592439,34.24829828
90542740,2017,2017-09-07,9870,2017-09-06,0845,016935,NA,3,1,9,3600,0,1,3,NA,1,011,STATE ROUTE 62 (TWENTYNINE PALMS HWY),PARADISE AVENUE,0,NA,Y,A,-,Y,NA,NA,62,NA,NA,NA,NA,NA,NA,Y,4,0,1,2,A,-,09,21804,A,N,D,C,A,A,H,-,A,D,0,NA,NA,NA,NA,Y,NA,A,07,0,0,1,0,0,0,0,0,0,-,-,34.04556,-116.5823,SAN BERNARDINO,UNINCORPORATED,-116.58224584,34.04550145
90544404,2017,2017-09-11,9855,2017-09-02,1115,017649,NA,6,1,6,3616,0,1,1,NA,2,152,I-15 S/B (ONTARIO FWY),SR-66 (FOOTHILL BLVD),900,S,N,A,-,Y,NA,NA,15,NA,NA,NA,NA,NA,S,Y,4,0,1,1,A,-,08,22107,NA,N,E,I,A,A,H,-,A,D,0,NA,NA,NA,NA,Y,NA,D,22,0,0,1,0,0,0,0,0,0,-,-,34.11727,-117.51928,SAN BERNARDINO,RANCHO CUCAMONGA,-117.51928732,34.11727875
90566084,2017,2017-10-09,9860,2017-10-02,1510,015495,NA,1,2,4,3603,0,1,1,NA,2,103,I-10 W/B TO I-215,HUNTS LANE,96,W,N,A,-,Y,NA,NA,10,NA,NA,NA,R,NA,W,Y,3,0,1,2,A,-,07,21658,A,N,D,C,A,A,H,-,A,D,0,NA,NA,Y,NA,Y,NA,-,99,0,1,0,0,0,0,0,0,1,-,-,34.06385,-117.28788,SAN BERNARDINO,COLTON,-117.28788,34.06385
90551381,2017,2017-09-19,9865,2017-09-18,1215,014696,NA,1,1,9,3600,0,3,5,NA,2,001,STRAWBERRY PEAK RD,BEAR SPRINGS ROAD,528,S,N,A,-,N,NA,NA,NA,NA,NA,NA,NA,NA,NA,Y,4,0,1,1,B,-,22,NA,NA,N,F,A,A,A,H,-,A,D,0,NA,NA,Y,NA,Y,NA,C,02,0,0,1,0,0,0,0,0,1,-,-,34.23464,-117.2325,SAN BERNARDINO,UNINCORPORATED,-117.23252535,34.23415017
9055240,2020,2020-03-04,3602,2020-01-11,1641,3990,NA,6,5,5,3602,0,0,0,NA,0,003,YORBA AV,SCHAEFER AV,0,NA,Y,A,-,N,NA,NA,NA,NA,NA,NA,NA,NA,NA,Y,3,0,2,2,A,-,12,21453,A,N,D,C,A,A,H,-,B,A,0,NA,NA,NA,NA,Y,NA,A,01,0,2,0,0,0,0,0,0,0,-,-,34.001609802246094,-117.42079925537108,SAN BERNARDINO,CHINO,-117.70220947265624,34.00442123413086
9055263,2020,2020-03-04,3602,2020-01-19,1300,3800,NA,7,5,5,3602,0,0,0,NA,0,005,SAN ANTONIO AV,GREENBRIAR CT,0,NA,Y,A,-,N,NA,NA,NA,NA,NA,NA,NA,NA,NA,Y,3,0,1,2,A,-,09,21801,A,N,D,C,A,A,H,-,A,A,0,NA,NA,NA,NA,Y,NA,A,01,0,1,0,0,0,0,0,0,0,-,-,NA,NA,SAN BERNARDINO,CHINO,-117.65862274169922,34.00252914428711