CASE_ID,ACCIDENT_YEAR,PROC_DATE,JURIS,COLLISION_DATE,COLLISION_TIME,OFFICER_ID,REPORTING_DISTRICT,DAY_OF_WEEK,CHP_SHIFT,POPULATION,CNTY_CITY_LOC,SPECIAL_COND,BEAT_TYPE,CHP_BEAT_TYPE,CITY_DIVISION_LAPD,CHP_BEAT_CLASS,BEAT_NUMBER,PRIMARY_RD,SECONDARY_RD,DISTANCE,DIRECTION,INTERSECTION,WEATHER_1,WEATHER_2,STATE_HWY_IND,CALTRANS_COUNTY,CALTRANS_DISTRICT,STATE_ROUTE,ROUTE_SUFFIX,POSTMILE_PREFIX,POSTMILE,LOCATION_TYPE,RAMP_INTERSECTION,SIDE_OF_HWY,TOW_AWAY,COLLISION_SEVERITY,NUMBER_KILLED,NUMBER_INJURED,PARTY_COUNT,PRIMARY_COLL_FACTOR,PCF_CODE_OF_VIOL,PCF_VIOL_CATEGORY,PCF_VIOLATION,PCF_VIOL_SUBSECTION,HIT_AND_RUN,TYPE_OF_COLLISION,MVIW,PED_ACTION,ROAD_SURFACE,ROAD_COND_1,ROAD_COND_2,LIGHTING,CONTROL_DEVICE,CHP_ROAD_TYPE,PEDESTRIAN_ACCIDENT,BICYCLE_ACCIDENT,MOTORCYCLE_ACCIDENT,TRUCK_ACCIDENT,NOT_PRIVATE_PROPERTY,ALCOHOL_INVOLVED,STWD_VEHTYPE_AT_FAULT,CHP_VEHTYPE_AT_FAULT,COUNT_SEVERE_INJ,COUNT_VISIBLE_INJ,COUNT_COMPLAINT_PAIN,COUNT_PED_KILLED,COUNT_PED_INJURED,COUNT_BICYCLIST_KILLED,COUNT_BICYCLIST_INJURED,COUNT_MC_KILLED,COUNT_MC_INJURED,PRIMARY_RAMP,SECONDARY_RAMP,LATITUDE,LONGITUDE,COUNTY,CITY,POINT_X,POINT_Y
90569880,2017,2017-10-13,9860,2017-10-10,1850,020595,NA,2,2,6,3610,0,1,1,NA,2,103,I-10 W/B,HUNTS LANE,50,W,N,A,-,Y,NA,NA,10,NA,NA,NA,NA,NA,W,Y,4,0,1,2,A,-,03,22350,NA,N,C,C,A,A,H,-,B,D,0,NA,NA,NA,NA,Y,NA,A,01,0,0,1,0,0,0,0,0,0,-,-,34.06397,-117.28816,SAN BERNARDINO,SAN BERNARDINO,-117.28814315,34.06371701
90545875,2017,2017-09-20,9855,2017-09-05,0650,012480,NA,2,1,6,3616,0,1,1,NA,2,202,SR-210 W/B (FOOTHILL FWY),ETIWANDA AVE.,600,E,N,A,-,Y,NA,NA,210,NA,NA,NA,NA,NA,W,N,4,0,1,2,A,-,07,21658,A,N,B,C,A,A,H,-,A,D,0,NA,NA,Y,NA,Y,NA,A,01,0,0,1,0,0,0,0,0,1,-,-,34.1364,-117.5214,SAN BERNARDINO,RANCHO CUCAMONGA,-117.52139936,34.13650216
90546930,2017,2017-09-13,9855,2017-09-05,0525,015299,NA,2,3,6,3607,0,1,1,NA,2,101,I-10 W/B FROM ETIWANDA AVE SOUTHBOUND,ETIWANDA AVE.,400,W,N,A,-,Y,NA,NA,10,NA,NA,NA,R,NA,W,Y,4,0,1,2,A,-,03,22350,NA,N,B,C,A,A,H,-,A,D,0,NA,NA,NA,NA,Y,NA,A,01,0,0,1,0,0,0,0,0,0,-,-,34.06794,-117.52543,SAN BERNARDINO,ONTARIO,-117.52543,34.06794
90553717,2017,2017-09-22,9855,2017-09-18,1730,017808,NA,1,2,5,3611,0,1,1,NA,2,203,SR-210 W/B (FOOTHILL FWY),CARNELIAN ST.,1200,E,N,A,-,Y,NA,NA,NA,NA,NA,NA,NA,NA,NA,N,4,0,2,3,A,-,03,22350,NA,M,C,C,A,A,H,-,A,D,0,NA,NA,NA,NA,Y,NA,-,99,0,0,2,0,0,0,0,0,0,-,-,34.13505,-117.61212,SAN BERNARDINO,UPLAND,-117.61229516,34.1351
90554477,2017,2017-09-25,9860,2017-09-17,1000,021675,NA,7,1,9,3600,0,1,1,NA,2,151,I-15 S/B,MATHEWS RANCH RD,1584,S,N,A,-,Y,NA,NA,15,NA,NA,NA,NA,NA,S,N,4,0,1,2,A,-,03,22350,NA,N,C,C,A,A,H,-,A,D,0,NA,NA,NA,NA,Y,NA,A,01,0,0,1,0,0,0,0,0,0,-,-,34.24256,-117.43309000000001,SAN BERNARDINO,UNINCORPORATED,-117.43307492,34.24257556
9055468,2019,2020-03-18,3611,2019-12-04,1705,2297,3611,3,5,5,3611,0,0,0,NA,0,002,MOUNTAIN AV,9TH ST,0,NA,Y,B,-,N,NA,NA,NA,NA,NA,NA,NA,NA,NA,Y,3,0,2,2,A,-,12,21453,A,N,D,C,A,B,H,-,C,A,0,NA,NA,NA,NA,Y,NA,A,01,0,1,1,0,0,0,0,0,0,-,-,NA,NA,SAN BERNARDINO,UPLAND,-117.67024993896484,34.09600830078125
9054923,2020,2020-03-10,3602,2020-01-29,0944,3299,NA,3,5,5,3602,0,0,0,NA,0,003,PIPELINE AV,EDISON AV,26,N,N,A,-,N,NA,NA,NA,NA,NA,NA,NA,NA,NA,Y,3,0,1,1,A,-,03,22350,NA,N,F,I,A,A,H,-,A,A,0,NA,NA,NA,NA,Y,NA,-,NA,0,1,0,0,0,0,0,0,0,-,-,NA,NA,SAN BERNARDINO,CHINO,-117.71524810791016,33.997291564941406
90575136,2017,2017-10-20,9855,2017-10-16,0720,012923,NA,1,1,5,3602,0,1,3,NA,2,603,SR-60 W/B (POMONA FWY),RAMONA AVE.,645,E,N,A,-,Y,NA,NA,60,NA,NA,NA,NA,NA,W,N,4,0,1,2,A,-,03,22350,NA,N,C,C,A,A,H,-,A,D,0,NA,NA,NA,NA,Y,NA,A,01,0,0,1,0,0,0,0,0,0,-,-,34.03,-117.7011,SAN BERNARDINO,CHINO,-117.70110358,34.03027987
90549260,2017,2017-09-18,9860,2017-08-20,0015,019725,NA,7,3,4,3640,0,1,1,NA,2,106,I-10 W/B,COUNTY LINE RD,4224,W,N,A,-,Y,NA,NA,10,NA,NA,NA,NA,NA,W,N,4,0,2,2,A,-,08,22107,NA,M,B,C,A,A,H,-,D,D,0,NA,NA,NA,NA,Y,NA,A,01,0,0,2,0,0,0,0,0,0,-,-,34.01194,-117.07175,SAN BERNARDINO,YUCAIPA,-117.07173597,34.01197443
90534613,2017,2017-08-28,9860,2017-08-20,1130,017018,NA,7,1,4,3618,0,1,1,NA,2,203,SR-210 WESTBOUND,5TH ST,528,W,N,A,-,Y,NA,NA,210,NA,NA,NA,NA,NA,W,Y,4,0,1,3,A,-,06,21755,A,N,B,C,A,A,H,-,A,D,0,NA,NA,Y,NA,Y,NA,C,02,0,0,1,0,0,0,0,0,1,-,-,34.11636,-117.20029,SAN BERNARDINO,HIGHLAND,-117.20032835,34.11635076
9053496,2020,2020-05-20,3603,2020-02-09,1242,4546,CPD,7,5,4,3603,0,0,0,NA,0,004,RECHE CANYON RD,WASHINGTON ST,1435,S,N,A,-,N,NA,NA,NA,NA,NA,NA,NA,NA,NA,Y,4,0,1,1,A,-,03,22350,NA,N,E,I,A,A,H,-,A,B,0,NA,NA,NA,NA,Y,NA,A,01,0,0,1,0,0,0,0,0,0,-,-,NA,NA,SAN BERNARDINO,COLTON,-117.2868423461914,34.046634674072266
90581448,2017,2017-10-27,9850,2017-10-20,0838,017730,NA,5,1,9,3600,0,3,5,NA,2,005,EABY RD,DAISY LN,0,NA,Y,A,-,N,NA,NA,NA,NA,NA,NA,NA,NA,NA,N,4,0,2,2,A,-,09,21800,B,N,D,C,A,A,H,-,A,D,0,NA,NA,NA,NA,Y,NA,A,01,0,0,2,0,0,0,0,0,0,-,-,34.44669,-117.53869,SAN BERNARDINO,UNINCORPORATED,-117.53870007,34.4467001
90581917,2017,2017-10-30,9860,2017-10-27,0745,016646,NA,5,1,6,3610,0,1,1,NA,2,214,I-215 S/B,INLAND CENTER DRIVE,100,S,N,A,-,Y,NA,NA,215,NA,NA,NA,NA,NA,S,Y,4,0,1,2,A,-,03,22350,NA,N,C,C,A,A,H,-,A,D,0,NA,NA,NA,NA,Y,NA,A,01,0,0,1,0,0,0,0,0,0,-,-,34.08485,-117.30101,SAN BERNARDINO,SAN BERNARDINO,-117.30095432,34.08488549
90581971,2017,2017-10-30,9860,2017-10-27,1555,020346,NA,5,2,6,3610,0,1,1,NA,2,214,I-215 S/B TO I-10 E/B,I-10,1500,N,N,A,-,Y,NA,NA,215,NA,NA,NA,R,NA,S,N,3,0,1,2,A,-,03,22350,NA,N,C,C,A,A,H,-,A,D,0,NA,NA,NA,NA,Y,NA,A,01,0,1,0,0,0,0,0,0,0,-,-,34.06656,-117.29663,SAN BERNARDINO,SAN BERNARDINO,-117.29663,34.06656
90582228,2017,2017-10-30,9835,2017-10-21,2010,21186,NA,6,2,9,3600,0,1,1,NA,2,074,I-15 S/B,BASIN RD,9504,N,N,A,-,Y,NA,NA,15,NA,NA,NA,NA,NA,S,N,4,0,1,2,A,-,03,22350,NA,N,C,C,A,A,H,-,D,D,0,NA,NA,NA,Y,Y,NA,F,26,0,0,1,0,0,0,0,0,0,-,-,35.11322,-116.24453,SAN BERNARDINO,UNINCORPORATED,-116.24450896,35.1131818
90582958,2017,2017-10-30,9860,2017-10-23,0858,013945,NA,1,1,4,3618,0,1,1,NA,2,203,SR-210 W/B TO BASELINE STREET,BASELINE ST,117,E,N,A,-,Y,NA,NA,210,NA,NA,NA,R,NA,W,Y,3,0,4,4,A,-,03,22350,NA,M,C,C,A,A,H,-,A,A,0,NA,NA,NA,NA,Y,NA,A,01,0,1,3,0,0,0,0,0,0,-,-,34.12079,-117.20009,SAN BERNARDINO,HIGHLAND,-117.20009,34.12079
90558271,2017,2017-09-28,9850,2017-09-08,1320,017730,NA,5,1,9,3600,0,1,3,NA,2,052,SR-18,OASIS RD,850,W,N,A,-,Y,NA,NA,18,NA,NA,NA,NA,NA,NA,Y,4,0,3,2,A,-,06,21750,NA,N,B,C,A,A,H,-,A,D,0,NA,NA,NA,NA,Y,NA,A,07,0,0,3,0,0,0,0,0,0,-,-,34.49885,-117.64626,SAN BERNARDINO,UNINCORPORATED,-117.64626055,34.49890429
90561132,2017,2017-10-02,9860,2017-09-25,0715,013945,NA,1,1,5,3609,0,1,1,NA,2,102,I-10 W/B,CEDAR AVE,3168,E,N,A,-,Y,NA,NA,10,NA,NA,NA,NA,NA,W,Y,4,0,1,2,A,-,03,22350,NA,N,C,C,A,A,H,-,A,D,0,NA,NA,NA,NA,Y,NA,A,07,0,0,1,0,0,0,0,0,0,-,-,34.06838,-117.38573,SAN BERNARDINO,RIALTO,-117.38573123,34.06842771
90561233,2017,2017-10-02,9850,2017-09-23,1840,021758,NA,6,2,9,3600,0,3,5,NA,2,005,BEAR VALLEY RD,OASIS RD,0,NA,Y,A,-,N,NA,NA,NA,NA,NA,NA,NA,NA,NA,Y,3,0,1,1,A,-,03,22350,NA,N,E,J,A,A,H,-,B,A,0,NA,NA,NA,NA,Y,NA,A,01,0,1,0,0,0,0,0,0,0,-,-,34.46987,-117.64329,SAN BERNARDINO,UNINCORPORATED,-117.64321003,34.46959011
90561287,2017,2017-10-02,9855,2017-09-23,1600,020533,NA,6,2,6,3607,0,1,1,NA,2,101,I-10 E/B (SAN BERNARDINO FWY),MILLIKEN AVE.,2100,W,N,A,-,Y,NA,NA,10,NA,NA,NA,NA,NA,E,N,3,0,2,4,A,-,03,22350,NA,F,C,C,A,A,H,-,A,D,0,NA,NA,NA,NA,Y,NA,-,99,0,1,1,0,0,0,0,0,0,-,-,34.0673,-117.56547,SAN BERNARDINO,ONTARIO,-117.56546952,34.06740153
90561414,2017,2017-10-02,9860,2017-09-27,1640,014829,NA,3,2,9,3600,0,1,1,NA,2,151,I-15 S/B,CLEGHORN RD,7392,S,N,A,-,Y,NA,NA,15,NA,NA,NA,NA,NA,S,Y,4,0,1,2,A,-,07,21658,A,N,B,C,A,A,H,-,A,D,0,NA,NA,NA,NA,Y,NA,A,07,0,0,1,0,0,0,0,0,0,-,-,34.2799,-117.45235,SAN BERNARDINO,UNINCORPORATED,-117.45232609,34.2799025
90563755,2017,2017-10-05,9855,2017-09-29,1045,018313,NA,5,1,6,3607,0,1,1,NA,2,101,I-10 E/B (SAN BERNARDINO FWY),MILLIKEN AVE.,800,W,N,A,-,Y,NA,NA,10,NA,NA,NA,NA,NA,E,Y,4,0,1,2,A,-,03,22350,NA,N,C,C,A,A,H,-,A,D,0,NA,NA,NA,NA,Y,NA,A,01,0,0,1,0,0,0,0,0,0,-,-,34.06723,-117.56207,SAN BERNARDINO,ONTARIO,-117.56206955,34.06738883
90563977,2017,2017-10-05,9850,2017-09-27,2225,019487,NA,3,3,9,3600,0,1,3,NA,2,042,STATE ROUTE 18,MARBLE CANYON ROAD,4382,S,N,A,-,Y,NA,NA,18,NA,NA,NA,NA,NA,NA,Y,3,0,1,1,A,-,01,23152,A,N,E,I,A,A,H,-,D,D,0,NA,NA,NA,NA,Y,Y,A,01,0,1,0,0,0,0,0,0,0,-,-,34.35077,-116.84624,SAN BERNARDINO,UNINCORPORATED,-116.84629678,34.35074472
90564420,2017,2017-10-06,9835,2017-10-04,0459,015807,NA,3,3,9,3600,0,1,1,NA,2,075,INTERSTATE 15 NORTHBOUND,E. BAKER BLVD.,17160,N,N,A,-,Y,NA,NA,15,NA,NA,NA,NA,NA,N,N,3,0,1,2,A,-,01,23152,NA,M,C,C,A,A,H,-,D,D,0,NA,NA,NA,Y,Y,Y,D,22,0,1,0,0,0,0,0,0,0,-,-,35.3123,-116.0011,SAN BERNARDINO,UNINCORPORATED,-116.00097706,35.31210511
90564452,2017,2017-10-06,9855,2017-09-28,1700,020769,NA,4,2,6,3607,0,1,1,NA,2,103,I-10 E/B (SAN BERNARDINO FWY),ARCHIBALD AVE.,2000,W,N,A,-,Y,NA,NA,10,NA,NA,NA,NA,NA,E,N,4,0,1,2,A,-,03,22350,NA,N,C,C,A,A,H,-,A,D,0,NA,NA,NA,NA,Y,NA,A,01,0,0,1,0,0,0,0,0,0,-,-,34.06761,-117.60056,SAN BERNARDINO,ONTARIO,-117.60055781,34.06766249
90565936,2017,2017-10-09,9835,2017-10-01,1800,21186,NA,7,2,9,3600,0,1,1,NA,2,074,I-15 NORTHBOUND TO RASOR ROAD,RASOR RD,18,N,N,A,-,N,NA,NA,15,NA,NA,NA,R,NA,N,Y,4,0,2,1,A,-,03,22350,NA,N,E,I,A,A,H,-,A,D,0,NA,NA,NA,NA,Y,NA,A,01,0,0,2,0,0,0,0,0,0,-,-,35.13323,-116.20899,SAN BERNARDINO,UNINCORPORATED,-116.20899,35.13323
90568156,2017,2017-10-11,9855,2017-10-10,0630,016375,NA,2,1,5,3602,0,1,3,NA,2,603,SR-210 W/B (FOOTHILL FWY),RAMONA AVE.,1056,E,N,A,-,Y,NA,NA,NA,NA,NA,NA,NA,NA,NA,N,4,0,1,2,A,-,03,22350,NA,N,C,C,A,A,H,-,B,D,0,NA,NA,NA,NA,Y,NA,A,07,0,0,1,0,0,0,0,0,0,-,-,34.03087,-117.70622,SAN BERNARDINO,CHINO,NA,NA
90568383,2017,2017-10-11,9860,2017-10-09,0820,017919,NA,1,1,6,3610,0,1,1,NA,2,216,I-215 S/B,DEVORE RD,1155,S,N,A,G,Y,NA,NA,215,NA,NA,NA,NA,NA,S,Y,4,0,1,2,A,-,07,21658,A,N,E,I,A,A,H,-,A,D,0,NA,NA,NA,NA,Y,NA,A,01,0,0,1,0,0,0,0,0,0,-,-,34.22025,-117.39941,SAN BERNARDINO,SAN BERNARDINO,-117.39937221,34.22029854
9060068,2020,2020-03-18,3602,2020-01-23,1812,3800,NA,4,5,5,3602,0,0,0,NA,0,003,RAMONA AV,CHINO AV,150,S,N,A,-,N,NA,NA,NA,NA,NA,NA,NA,NA,NA,N,4,0,1,2,A,-,09,21802,A,N,D,C,A,A,H,-,A,A,0,NA,NA,Y,NA,Y,NA,A,01,0,0,1,0,0,0,0,0,1,-,-,NA,NA,SAN BERNARDINO,CHINO,-117.70667266845705,34.011287689208984
90601299,2017,2017-11-23,9860,2017-11-14,1855,019484,NA,2,2,6,3610,0,1,1,NA,2,214,I-215 N/B,ORANGE SHOW RD,1056,S,N,A,-,Y,NA,NA,215,NA,NA,NA,NA,NA,N,Y,2,0,1,2,A,-,08,22107,NA,N,B,C,A,A,H,-,D,D,0,NA,NA,NA,NA,Y,NA,A,01,1,0,0,0,0,0,0,0,0,-,-,34.07505,-117.29535,SAN BERNARDINO,SAN BERNARDINO,-117.29541917,34.07504801
90601977,2017,2017-11-27,9860,2017-11-17,0854,016646,NA,5,1,9,3600,0,3,5,NA,2,002,SECOND AVENUE,JUNE STREET,60,E,N,A,-,N,NA,NA,NA,NA,NA,NA,NA,NA,NA,N,3,0,2,2,A,-,09,21801,A,N,D,C,A,A,H,-,A,D,0,NA,NA,NA,NA,Y,NA,A,08,0,1,1,0,0,0,0,0,0,-,-,34.16316,-117.34778,SAN BERNARDINO,UNINCORPORATED,-117.34840225,34.16315923
90602342,2017,2017-11-27,9855,2017-11-14,1745,016051,NA,2,2,5,3630,0,1,3,NA,2,071,SR-71 S/B (CHINO FWY),CHINO HILLS PKWY.,1668,N,N,A,-,Y,NA,NA,71,NA,NA,NA,NA,NA,S,N,4,0,1,2,A,-,03,22350,NA,N,C,C,A,A,H,-,C,D,0,NA,NA,NA,NA,Y,NA,A,01,0,0,1,0,0,0,0,0,0,-,-,33.98632,-117.71273,SAN BERNARDINO,CHINO HILLS,-117.71265055,33.98639815
90569057,2017,2017-10-12,9860,2017-10-11,0700,017919,NA,3,1,3,3690,0,1,1,NA,2,214,I-215 S/B,IOWA AVE,760,S,N,A,-,Y,NA,NA,215,NA,NA,NA,NA,NA,S,Y,4,0,2,3,A,-,03,22350,NA,N,C,C,A,A,H,-,A,D,0,NA,NA,NA,NA,Y,NA,A,01,0,0,2,0,0,0,0,0,0,-,-,34.02239,-117.33697,SAN BERNARDINO,GRAND TERRACE,-117.3370217,34.02243722
90570476,2017,2017-10-16,9865,2017-09-28,1030,016806,NA,4,1,9,3600,0,1,3,NA,2,014,STATE ROUTE 138,OLD MILL RD,792,W,N,A,-,Y,NA,NA,138,NA,NA,NA,NA,NA,NA,Y,2,0,1,2,A,-,05,21460,A,N,A,C,A,A,H,-,A,D,0,NA,NA,Y,Y,Y,NA,-,-,1,0,0,0,0,0,0,0,1,-,-,34.26389,-117.29022,SAN BERNARDINO,UNINCORPORATED,-117.29019477,34.2639855
90613538,2017,2017-12-11,9850,2017-11-09,0839,017730,NA,4,1,5,3619,0,1,1,NA,2,082,I-15 N/B,BEAR VALLEY RD,5280,S,N,A,-,Y,NA,NA,15,NA,NA,NA,NA,NA,N,Y,2,0,1,1,A,-,08,22107,NA,N,F,A,A,A,H,-,A,D,0,NA,NA,Y,NA,Y,NA,C,02,1,0,0,0,0,0,0,0,1,-,-,34.45795,-117.35556,SAN BERNARDINO,HESPERIA,-117.3557165,34.45807212
90613574,2017,2017-12-11,9850,2017-11-30,1500,017730,NA,4,2,5,3612,0,1,1,NA,2,083,I-15 S/B TO LA MESA ROAD,LA MESA RD,715,N,N,A,-,Y,NA,NA,15,NA,NA,NA,R,NA,S,N,4,0,1,2,A,-,03,22350,NA,N,C,C,A,A,H,-,A,A,0,NA,NA,NA,NA,Y,NA,A,01,0,0,1,0,0,0,0,0,0,-,-,34.48721,-117.33605,SAN BERNARDINO,VICTORVILLE,-117.33605,34.48721
90613724,2017,2017-12-11,9860,2017-12-01,2205,021149,NA,5,3,3,3690,0,1,1,NA,2,214,I-215 N/B,BARTON RD.,1575,S,N,A,-,Y,NA,NA,215,NA,NA,NA,NA,NA,N,Y,4,0,2,2,A,-,03,22350,NA,N,C,C,A,A,H,-,C,D,0,NA,NA,NA,NA,Y,NA,A,01,0,0,2,0,0,0,0,0,0,-,-,34.03036,-117.32862,SAN BERNARDINO,GRAND TERRACE,-117.3287065,34.03045952
90613799,2017,2017-12-11,9860,2017-12-08,1227,016646,NA,5,1,3,3690,0,1,1,NA,2,214,I-215 S/B,UNION PACIFIC RR O/C,400,N,N,A,-,Y,NA,NA,215,NA,NA,NA,NA,NA,S,Y,3,0,4,4,A,-,04,21703,NA,N,C,C,A,A,H,-,A,D,0,NA,NA,NA,NA,Y,NA,D,22,0,1,3,0,0,0,0,0,0,-,-,34.02887,-117.33057,SAN BERNARDINO,GRAND TERRACE,-117.33065343,34.02896409
90571803,2017,2017-10-18,9855,2017-10-04,2150,018335,NA,3,2,9,3600,0,3,5,NA,2,001,ARROW RTE.,ALMOND AVE.,0,NA,Y,A,-,N,NA,NA,NA,NA,NA,NA,NA,NA,NA,Y,3,0,2,2,A,-,09,21801,A,N,D,C,A,A,H,-,C,D,0,NA,NA,NA,NA,Y,NA,A,01,0,2,0,0,0,0,0,0,0,-,-,34.09918,-117.4933,SAN BERNARDINO,UNINCORPORATED,-117.49317011,34.09928001
90573858,2017,2017-10-19,9850,2017-10-07,2025,014858,NA,6,2,9,3600,0,3,5,NA,2,005,LAKEVIEW DRIVE,AUTUMN LN,218,N,N,A,-,N,NA,NA,NA,NA,NA,NA,NA,NA,NA,Y,3,0,1,2,A,-,05,21460,A,N,B,E,A,A,H,-,D,D,0,NA,NA,NA,NA,Y,NA,A,01,0,1,0,0,0,0,0,0,0,-,-,34.74747,-117.34071,SAN BERNARDINO,UNINCORPORATED,-117.34073291,34.74722536
90573951,2017,2017-10-19,9855,2017-10-11,0530,15763,NA,3,3,6,3607,0,1,3,NA,2,601,SR-60 W/B (POMONA FWY),VINEYARD AVENUE,2517,E,N,A,-,Y,NA,NA,60,NA,NA,NA,NA,NA,W,Y,2,0,1,2,A,-,03,22350,NA,N,C,C,A,A,H,-,C,D,0,NA,NA,Y,NA,Y,NA,C,02,1,0,0,0,0,0,0,0,1,-,-,34.03069,-117.60096,SAN BERNARDINO,ONTARIO,-117.60096001,34.03069249
90574249,2017,2017-10-19,9860,2017-10-10,1155,013945,NA,2,1,6,3610,0,1,1,NA,2,216,I-215 N/B TO UNIVERSITY PARKWAY,UNIVERSITY PARKWAY,520,S,N,A,-,Y,NA,NA,215,NA,NA,NA,R,NA,N,N,4,0,3,3,A,-,03,22350,NA,N,C,C,A,A,H,-,A,A,0,NA,NA,NA,NA,Y,NA,A,07,0,0,3,0,0,0,0,0,0,-,-,34.16367,-117.33195,SAN BERNARDINO,SAN BERNARDINO,-117.33195,34.16367
9057463,2020,2020-09-16,3611,2020-01-09,0259,3303,3611,4,5,5,3611,0,0,0,NA,0,002,11TH ST,BENSON AVE,447,E,N,A,-,N,NA,NA,NA,NA,NA,NA,NA,NA,NA,NA,3,0,1,1,A,-,08,22107,NA,N,E,I,A,A,H,-,C,D,0,NA,NA,NA,NA,Y,NA,A,01,0,1,0,0,0,0,0,0,0,-,-,NA,NA,SAN BERNARDINO,UPLAND,-117.6794204711914,34.1032600402832
90576240,2017,2017-10-23,9855,2017-10-17,1835,019121,NA,2,2,6,3607,0,1,1,NA,2,152,I-15 N/B (ONTARIO FWY),I-10,300,S,N,A,-,Y,NA,NA,15,NA,NA,NA,NA,NA,N,N,4,0,1,2,A,-,07,21658,A,N,F,A,A,A,H,-,D,D,0,NA,NA,Y,NA,Y,NA,A,07,0,0,1,0,0,0,0,0,1,-,-,34.06639,-117.54484,SAN BERNARDINO,ONTARIO,-117.54472829,34.06638901
90555244,2017,2017-09-25,9835,2017-09-20,1215,17180,NA,3,1,9,3600,0,1,1,NA,2,072,I-15 S/B,CALICO RD,6072,S,N,A,-,Y,NA,NA,NA,NA,NA,NA,NA,NA,NA,Y,4,0,2,1,A,-,08,22107,NA,N,E,I,A,A,H,-,A,D,0,NA,NA,NA,NA,Y,NA,A,07,0,0,2,0,0,0,0,0,0,-,-,34.5065,-116.85946,SAN BERNARDINO,UNINCORPORATED,NA,NA
9057737,2020,2020-08-10,3609,2020-04-03,1557,4384,RI091,5,5,5,3609,0,0,0,NA,0,001,LINDEN AV,CASMALIA ST,0,NA,Y,A,-,N,NA,NA,NA,NA,NA,NA,NA,NA,NA,Y,3,0,1,2,A,-,12,21453,A,N,D,C,A,B,H,-,A,A,0,NA,NA,NA,NA,Y,NA,-,NA,0,1,0,0,0,0,0,0,0,-,-,34.13758087158203,-117.40000152587892,SAN BERNARDINO,RIALTO,-117.4010009765625,34.13759994506836
90558162,2017,2017-09-28,9855,2017-09-26,1725,016889,NA,2,2,6,3607,0,1,1,NA,2,103,I-10 E/B (SAN BERNARDINO FWY),4TH ST.,1584,W,N,A,-,Y,NA,NA,10,NA,NA,NA,NA,NA,E,Y,4,0,2,3,A,-,03,22350,NA,N,C,C,A,A,H,-,A,D,0,NA,NA,NA,NA,Y,NA,D,22,0,0,2,0,0,0,0,0,0,-,-,34.08011,-117.62783,SAN BERNARDINO,ONTARIO,-117.62785071,34.08007405
90626366,2017,2017-12-26,9850,2017-12-16,1525,013554,NA,6,2,9,3600,0,3,5,NA,2,002,RANCHERO RD,OUTPOST RD,0,NA,Y,A,-,N,NA,NA,NA,NA,NA,NA,NA,NA,NA,Y,2,0,1,2,A,-,09,21801,A,N,D,C,A,A,H,-,A,D,0,NA,NA,Y,NA,Y,NA,A,01,1,0,0,0,0,0,0,0,1,-,-,34.38311,-117.39867,SAN BERNARDINO,UNINCORPORATED,-117.39864004,34.38310011
90626506,2017,2017-12-26,9865,2017-08-19,0310,019929,NA,6,3,9,3600,0,1,3,NA,1,039,STATE ROUTE 38,UNITED STATES FORESTRY SERVICE ROAD 1N04,40,W,N,A,-,Y,NA,NA,38,NA,NA,NA,NA,NA,NA,Y,1,1,0,1,A,-,01,23152,A,N,E,I,A,A,H,-,D,D,0,NA,NA,NA,NA,Y,Y,A,01,0,0,0,0,0,0,0,0,0,-,-,34.17069,-116.82658,SAN BERNARDINO,UNINCORPORATED,-116.82658,34.1706901
90626604,2017,2017-12-26,9860,2017-12-18,0915,017098,NA,1,1,5,3609,0,1,1,NA,2,201,SR-210 E/B,EAST HIGHLAND AVENUE,675,E,N,A,-,Y,NA,NA,210,NA,NA,NA,NA,NA,E,Y,4,0,1,2,A,-,07,21658,A,F,F,A,A,A,H,-,A,D,0,NA,NA,NA,NA,Y,NA,A,01,0,0,1,0,0,0,0,0,0,-,-,34.13615,-117.36531,SAN BERNARDINO,RIALTO,-117.3653021,34.13603933
90628525,2017,2017-12-28,9855,2017-12-11,1539,018727,NA,1,2,6,3604,0,1,1,NA,2,101,I-10 E/B FROM CITRUS AVE.,CITRUS AVE.,14,E,N,A,-,Y,NA,NA,NA,NA,NA,NA,NA,NA,NA,N,3,0,1,2,A,-,17,21451,A,N,D,G,A,A,H,-,A,A,0,NA,Y,NA,NA,Y,NA,A,01,0,1,0,0,0,0,1,0,0,-,-,34.03985,-117.27205,SAN BERNARDINO,FONTANA,-117.4536939,34.06685
90628560,2017,2017-12-28,9860,2017-12-18,1829,019419,NA,1,2,9,3600,0,1,1,NA,2,151,I-15 N/B,MATHEWS RANCH RD,207,S,N,A,-,Y,NA,NA,15,NA,NA,NA,NA,NA,N,N,4,0,2,2,A,-,07,21658,A,N,B,C,A,A,H,-,D,D,0,NA,NA,NA,NA,Y,NA,A,01,0,0,2,0,0,0,0,0,0,-,-,34.24559,-117.43553,SAN BERNARDINO,UNINCORPORATED,-117.43562501,34.245488
90628691,2017,2017-12-28,9860,2017-12-14,1530,016821,NA,4,2,5,3608,0,1,1,NA,2,104,I-10 W/B,ALABAMA STREET,350,E,N,A,-,Y,NA,NA,10,NA,NA,NA,NA,NA,W,Y,4,0,1,2,A,-,08,22107,NA,N,C,C,A,A,H,-,A,D,0,NA,NA,NA,NA,Y,NA,A,01,0,0,1,0,0,0,0,0,0,-,-,34.06643,-117.20749,SAN BERNARDINO,REDLANDS,-117.20749,34.06674492